participant_code,session_id,trial_id,condition_code,run_code,condition_name,study,environment,feedback_timing,modality,practice,trial_started_at_epoch,host_time_epoch,host_time_iso_utc,trial_elapsed_s,host_monotonic,eet_sample_index,eet_timestamp_hl2ss,calibration_valid,combined_valid,combined_origin_x,combined_origin_y,combined_origin_z,combined_direction_x,combined_direction_y,combined_direction_z,left_valid,left_origin_x,left_origin_y,left_origin_z,left_direction_x,left_direction_y,left_direction_z,right_valid,right_origin_x,right_origin_y,right_origin_z,right_direction_x,right_direction_y,right_direction_z
P001,P001_S01,P001_S01_ST1TR_TR04_R01,TR04,R01,Gridworld_Requested_Gaze,Study 1,Gridworld,Requested Feedback,Eye Gaze,1,1787856676.1879992,1787856676.2219973,2026-08-27T18:51:16.221997+00:00,0.03399801254272461,548402.984,1,839063340581,1,1,0.04984324425458908,-0.043917082250118256,-0.038020435720682144,-0.08723428845405579,-0.19898715615272522,0.9761119484901428,1,0.04973690211772919,-0.014721103943884373,-0.03719327598810196,-0.08716180175542831,-0.2562558054924011,0.9626712203025818,1,0.049983911216259,-0.08347298204898834,-0.039131488651037216,-0.08689066022634506,-0.1205311119556427,0.9888995885848999
P001,P001_S01,P001_S01_ST1TR_TR04_R01,TR04,R01,Gridworld_Requested_Gaze,Study 1,Gridworld,Requested Feedback,Eye Gaze,1,1787856676.1879992,1787856676.2229977,2026-08-27T18:51:16.222998+00:00,0.034998416900634766,548403.0,2,839063451694,1,1,0.049842700362205505,-0.044105615466833115,-0.038020748645067215,-0.0869639664888382,-0.19790445268154144,0.9763559699058533,1,0.049729567021131516,-0.014701451174914837,-0.03719818592071533,-0.08645720779895782,-0.25543245673179626,0.9629533886909485,1,0.04998528212308884,-0.08343525230884552,-0.039086826145648956,-0.08601366728544235,-0.11763505637645721,0.9893248677253723
P001,P001_S01,P001_S01_ST1TR_TR04_R01,TR04,R01,Gridworld_Requested_Gaze,Study 1,Gridworld,Requested Feedback,Eye Gaze,1,1787856676.1879992,1787856676.249098,2026-08-27T18:51:16.249098+00:00,0.06109881401062012,548403.015,3,839063562806,1,1,0.04984315112233162,-0.044428661465644836,-0.03802408277988434,-0.08695942163467407,-0.19620156288146973,0.9767001867294312,1,0.049730703234672546,-0.014695549383759499,-0.037185586988925934,-0.0869273915886879,-0.25511491298675537,0.9629952907562256,1,0.04998384788632393,-0.08342339098453522,-0.03907259553670883,-0.08658352494239807,-0.1166224256157875,0.9893950819969177
P001,P001_S01,P001_S01_ST1TR_TR04_R01,TR04,R01,Gridworld_Requested_Gaze,Study 1,Gridworld,Requested Feedback,Eye Gaze,1,1787856676.1879992,1787856676.254098,2026-08-27T18:51:16.254098+00:00,0.06609869003295898,548403.031,4,839063673919,1,1,0.04984474554657936,-0.045025914907455444,-0.03803547844290733,-0.08706142008304596,-0.19337734580039978,0.9772540926933289,1,0.04972921311855316,-0.014693264849483967,-0.03717503696680069,-0.08721601217985153,-0.25515231490135193,0.962959349155426,1,0.0499839186668396,-0.08341837674379349,-0.03906736150383949,-0.08690642565488815,-0.1163301095366478,0.9894011616706848
P001,P001_S01,P001_S01_ST1TR_TR04_R01,TR04,R01,Gridworld_Requested_Gaze,Study 1,Gridworld,Requested Feedback,Eye Gaze,1,1787856676.1879992,1787856676.2683573,2026-08-27T18:51:16.268357+00:00,0.08035802841186523,548403.031,5,839063785031,1,1,0.04984460026025772,-0.04514721408486366,-0.038034677505493164,-0.0870666652917862,-0.19227240979671478,0.977471649646759,1,0.04972747713327408,-0.014674961566925049,-0.037178315222263336,-0.08705068379640579,-0.25344663858413696,0.963424563407898,1,0.04998354986310005,-0.0833955928683281,-0.03905397281050682,-0.086680568754673,-0.11411506682634354,0.9896789193153381
P001,P001_S01,P001_S01_ST1TR_TR04_R01,TR04,R01,Gridworld_Requested_Gaze,Study 1,Gridworld,Requested Feedback,Eye Gaze,1,1787856676.1879992,1787856676.2683573,2026-08-27T18:51:16.268357+00:00,0.08035802841186523,548403.031,6,839063896144,1,1,0.049845315515995026,-0.045450303703546524,-0.03803902491927147,-0.08703392744064331,-0.1902238130569458,0.9778753519058228,1,0.04972792789340019,-0.014670156873762608,-0.03717070817947388,-0.08689460903406143,-0.25305527448654175,0.9635416269302368,1,0.04998356103897095,-0.08339433372020721,-0.039047908037900925,-0.08664862811565399,-0.11398318409919739,0.9896969199180603
P001,P001_S01,P001_S01_ST1TR_TR04_R01,TR04,R01,Gridworld_Requested_Gaze,Study 1,Gridworld,Requested Feedback,Eye Gaze,1,1787856676.1879992,1787856676.2891147,2026-08-27T18:51:16.289115+00:00,0.10111546516418457,548403.062,7,839064007256,1,1,0.04984613135457039,-0.045728906989097595,-0.03804311528801918,-0.08670344948768616,-0.18793031573295593,0.9783480763435364,1,0.049724332988262177,-0.014653988182544708,-0.03717374429106712,-0.08611839264631271,-0.2512211799621582,0.9640910625457764,1,0.049989182502031326,-0.08337961882352829,-0.039035309106111526,-0.08566340059041977,-0.11229170858860016,0.9899759888648987
P001,P001_S01,P001_S01_ST1TR_TR04_R01,TR04,R01,Gridworld_Requested_Gaze,Study 1,Gridworld,Requested Feedback,Eye Gaze,1,1787856676.1879992,1787856676.2891147,2026-08-27T18:51:16.289115+00:00,0.10111546516418457,548403.062,8,839064118370,1,1,0.0498463474214077,-0.0459432452917099,-0.03804626315832138,-0.08655720949172974,-0.18505893647670746,0.9789081811904907,1,0.04971708357334137,-0.014622078277170658,-0.037177350372076035,-0.08642221242189407,-0.24627172946929932,0.9653400182723999,1,0.04998838156461716,-0.08336756378412247,-0.03903251886367798,-0.08581728488206863,-0.10957404971122742,0.9902670383453369
P001,P001_S01,P001_S01_ST1TR_TR04_R01,TR04,R01,Gridworld_Requested_Gaze,Study 1,Gridworld,Requested Feedback,Eye Gaze,1,1787856676.1879992,1787856676.3045638,2026-08-27T18:51:16.304564+00:00,0.11656451225280762,548403.078,9,839064229482,1,1,0.049846939742565155,-0.04648274555802345,-0.03805422782897949,-0.08662380278110504,-0.1821279525756836,0.9794517755508423,1,0.04971342533826828,-0.014631088823080063,-0.03716861084103584,-0.08685579150915146,-0.2482394576072693,0.9647969603538513,1,0.04998239129781723,-0.08335461467504501,-0.03902103751897812,-0.08634212613105774,-0.1091410368680954,0.9902693033218384
P001,P001_S01,P001_S01_ST1TR_TR04_R01,TR04,R01,Gridworld_Requested_Gaze,Study 1,Gridworld,Requested Feedback,Eye Gaze,1,1787856676.1879992,1787856676.321803,2026-08-27T18:51:16.321803+00:00,0.1338038444519043,548403.093,10,839064340595,1,1,0.0498465821146965,-0.04687583073973656,-0.03805882856249809,-0.08631637692451477,-0.18115746974945068,0.9796589612960815,1,0.04971149563789368,-0.01461420301347971,-0.03717895597219467,-0.08585259318351746,-0.24660581350326538,0.9653056263923645,1,0.04997942969202995,-0.08334911614656448,-0.03901643678545952,-0.08530842512845993,-0.10872680693864822,0.9904043674468994
P001,P001_S01,P001_S01_ST1TR_TR04_R01,TR04,R01,Gridworld_Requested_Gaze,Study 1,Gridworld,Requested Feedback,Eye Gaze,1,1787856676.1879992,1787856676.3227932,2026-08-27T18:51:16.322793+00:00,0.13479399681091309,548403.093,11,839064452599,1,1,0.04984509199857712,-0.047124218195676804,-0.03806009888648987,-0.08641175925731659,-0.18134820461273193,0.9796152114868164,1,0.04970613121986389,-0.014604725874960423,-0.03718296065926552,-0.08667396008968353,-0.24606919288635254,0.9653691053390503,1,0.049967244267463684,-0.08333733677864075,-0.03901121765375137,-0.08620376139879227,-0.10791667550802231,0.990415632724762
P001,P001_S01,P001_S01_ST1TR_TR04_R01,TR04,R01,Gridworld_Requested_Gaze,Study 1,Gridworld,Requested Feedback,Eye Gaze,1,1787856676.1879992,1787856676.3402936,2026-08-27T18:51:16.340294+00:00,0.15229439735412598,548403.109,12,839064606556,1,1,0.04984276741743088,-0.047201383858919144,-0.0380588062107563,-0.08643877506256104,-0.18177597224712372,0.9795335531234741,1,0.049701839685440063,-0.014590823091566563,-0.03718861937522888,-0.08659826219081879,-0.24477466940879822,0.9657049775123596,1,0.04996031895279884,-0.08333635330200195,-0.039016030728816986,-0.08604555577039719,-0.10797280073165894,0.9904231429100037
P001,P001_S01,P001_S01_ST1TR_TR04_R01,TR04,R01,Gridworld_Requested_Gaze,Study 1,Gridworld,Requested Feedback,Eye Gaze,1,1787856676.1879992,1787856676.35281,2026-08-27T18:51:16.352810+00:00,0.1648106575012207,548403.125,13,839064713588,1,1,0.049840305000543594,-0.04741174355149269,-0.03806234523653984,-0.08691713958978653,-0.18023666739463806,0.9797756671905518,1,0.04969948157668114,-0.01458783820271492,-0.03718414530158043,-0.08780665695667267,-0.24430830776691437,0.9657138586044312,1,0.0499495305120945,-0.08333159238100052,-0.03902226313948631,-0.08749357610940933,-0.10735440999269485,0.990363597869873
P001,P001_S01,P001_S01_ST1TR_TR04_R01,TR04,R01,Gridworld_Requested_Gaze,Study 1,Gridworld,Requested Feedback,Eye Gaze,1,1787856676.1879992,1787856676.3686047,2026-08-27T18:51:16.368605+00:00,0.18060541152954102,548403.14,14,839064824117,1,1,0.04983668774366379,-0.04718538746237755,-0.0380549319088459,-0.08692397177219391,-0.17962290346622467,0.9798877239227295,1,0.04969850555062294,-0.014561017043888569,-0.03719903156161308,-0.0869813784956932,-0.24132218956947327,0.9665391445159912,1,0.049958642572164536,-0.0833074077963829,-0.03900495171546936,-0.08645793795585632,-0.10457824170589447,0.9907515048980713
P001,P001_S01,P001_S01_ST1TR_TR04_R01,TR04,R01,Gridworld_Requested_Gaze,Study 1,Gridworld,Requested Feedback,Eye Gaze,1,1787856676.1879992,1787856676.3686047,2026-08-27T18:51:16.368605+00:00,0.18060541152954102,548403.14,15,839064935230,1,1,0.04983384907245636,-0.04720687493681908,-0.03805379942059517,-0.08710558712482452,-0.17872732877731323,0.9800353050231934,1,0.04969875141978264,-0.014562309719622135,-0.03719484061002731,-0.08738135546445847,-0.24179933965206146,0.9663837552070618,1,0.04995296150445938,-0.08328526467084885,-0.03899038955569267,-0.08707119524478912,-0.10240237414836884,0.9909250140190125
P001,P001_S01,P001_S01_ST1TR_TR04_R01,TR04,R01,Gridworld_Requested_Gaze,Study 1,Gridworld,Requested Feedback,Eye Gaze,1,1787856676.1879992,1787856676.3884091,2026-08-27T18:51:16.388409+00:00,0.2004098892211914,548403.156,16,839065046343,1,1,0.04983013868331909,-0.047035690397024155,-0.038047898560762405,-0.08760145306587219,-0.17814594507217407,0.9800969958305359,1,0.04969562590122223,-0.01455066166818142,-0.03719783574342728,-0.08839087188243866,-0.2408452332019806,0.9665302038192749,1,0.049953680485486984,-0.0832841694355011,-0.03898168355226517,-0.08819659054279327,-0.10262010246515274,0.9908030033111572
P001,P001_S01,P001_S01_ST1TR_TR04_R01,TR04,R01,Gridworld_Requested_Gaze,Study 1,Gridworld,Requested Feedback,Eye Gaze,1,1787856676.1879992,1787856676.4042811,2026-08-27T18:51:16.404281+00:00,0.21628189086914062,548403.171,17,839065157455,1,1,0.04982616379857063,-0.04680894687771797,-0.03804018720984459,-0.0881500095129013,-0.17773452401161194,0.9801225662231445,1,0.04969262331724167,-0.014548815786838531,-0.03719044849276543,-0.08897089958190918,-0.24071772396564484,0.9665088057518005,1,0.049958135932683945,-0.08327589929103851,-0.03897429257631302,-0.08881328999996185,-0.10180341452360153,0.9908321499824524
P001,P001_S01,P001_S01_ST1TR_TR04_R01,TR04,R01,Gridworld_Requested_Gaze,Study 1,Gridworld,Requested Feedback,Eye Gaze,1,1787856676.1879992,1787856676.4042811,2026-08-27T18:51:16.404281+00:00,0.21628189086914062,548403.171,18,839065268566,1,1,0.04982275143265724,-0.046662118285894394,-0.03803398460149765,-0.08849066495895386,-0.17680957913398743,0.980259120464325,1,0.04969174414873123,-0.014545748010277748,-0.03718632832169533,-0.0888570100069046,-0.24056881666183472,0.9665562510490417,1,0.04995589703321457,-0.08326733857393265,-0.03896871954202652,-0.08874083310365677,-0.10100633651018143,0.9909201264381409
P001,P001_S01,P001_S01_ST1TR_TR04_R01,TR04,R01,Gridworld_Requested_Gaze,Study 1,Gridworld,Requested Feedback,Eye Gaze,1,1787856676.1879992,1787856676.421068,2026-08-27T18:51:16.421068+00:00,0.23306870460510254,548403.187,19,839065379677,1,1,0.04981955140829086,-0.04647614434361458,-0.03802861273288727,-0.08835268020629883,-0.17551623284816742,0.9805039167404175,1,0.049694664776325226,-0.014537681825459003,-0.0371907539665699,-0.08784040063619614,-0.24035033583641052,0.9667035341262817,1,0.04995063692331314,-0.08328036218881607,-0.038985271006822586,-0.08767112344503403,-0.10311447083950043,0.9907982349395752
P001,P001_S01,P001_S01_ST1TR_TR04_R01,TR04,R01,Gridworld_Requested_Gaze,Study 1,Gridworld,Requested Feedback,Eye Gaze,1,1787856676.1879992,1787856676.4359336,2026-08-27T18:51:16.435934+00:00,0.24793434143066406,548403.203,20,839065490790,1,1,0.04981684312224388,-0.04632415249943733,-0.03802298381924629,-0.08818010985851288,-0.1751861721277237,0.9805785417556763,1,0.04969365894794464,-0.014527332969009876,-0.03719164803624153,-0.0877266675233841,-0.23962996900081635,0.966892659664154,1,0.0499536357820034,-0.08325137943029404,-0.03896229714155197,-0.08731304109096527,-0.10029152780771255,0.9911196231842041
P001,P001_S01,P001_S01_ST1TR_TR04_R01,TR04,R01,Gridworld_Requested_Gaze,Study 1,Gridworld,Requested Feedback,Eye Gaze,1,1787856676.1879992,1787856676.4359336,2026-08-27T18:51:16.435934+00:00,0.24793434143066406,548403.203,21,839065601900,1,1,0.049816012382507324,-0.046399377286434174,-0.03802337124943733,-0.08787854015827179,-0.17440460622310638,0.9807448983192444,1,0.049695439636707306,-0.014519638381898403,-0.03719020262360573,-0.0871867835521698,-0.23887713253498077,0.9671278595924377,1,0.0499548465013504,-0.08325596898794174,-0.03896419703960419,-0.08683560788631439,-0.10088976472616196,0.9911009073257446
P001,P001_S01,P001_S01_ST1TR_TR04_R01,TR04,R01,Gridworld_Requested_Gaze,Study 1,Gridworld,Requested Feedback,Eye Gaze,1,1787856676.1879992,1787856676.4524934,2026-08-27T18:51:16.452493+00:00,0.2644941806793213,548403.218,22,839065713011,1,1,0.049815837293863297,-0.046563826501369476,-0.03802526742219925,-0.08775494992733002,-0.17376220226287842,0.9808698892593384,1,0.04969583824276924,-0.01451954897493124,-0.03718169406056404,-0.08736995607614517,-0.238854318857193,0.9671168327331543,1,0.04994959384202957,-0.08325425535440445,-0.03896715119481087,-0.08713658154010773,-0.1007542535662651,0.9910882115364075
P001,P001_S01,P001_S01_ST1TR_TR04_R01,TR04,R01,Gridworld_Requested_Gaze,Study 1,Gridworld,Requested Feedback,Eye Gaze,1,1787856676.1879992,1787856676.468363,2026-08-27T18:51:16.468363+00:00,0.2803637981414795,548403.234,23,839065824123,1,1,0.049815643578767776,-0.0464615635573864,-0.03801945596933365,-0.08747512102127075,-0.17337767779827118,0.9809629917144775,1,0.0496988520026207,-0.01452136505395174,-0.03716963902115822,-0.08683156967163086,-0.2385702133178711,0.9672354459762573,1,0.04995349794626236,-0.08325167000293732,-0.03896893560886383,-0.08655939996242523,-0.10004173964262009,0.9912109375
P001,P001_S01,P001_S01_ST1TR_TR04_R01,TR04,R01,Gridworld_Requested_Gaze,Study 1,Gridworld,Requested Feedback,Eye Gaze,1,1787856676.1879992,1787856676.468363,2026-08-27T18:51:16.468363+00:00,0.2803637981414795,548403.234,24,839065935234,1,1,0.049817681312561035,-0.04705464094877243,-0.038031239062547684,-0.08720190823078156,-0.16917602717876434,0.9817207455635071,1,0.04969952255487442,-0.014508330263197422,-0.03717932850122452,-0.08661819994449615,-0.2380291223526001,0.9673879146575928,1,0.04995349049568176,-0.08322449028491974,-0.03894812986254692,-0.08633308112621307,-0.09785395115613937,0.9914490580558777
P001,P001_S01,P001_S01_ST1TR_TR04_R01,TR04,R01,Gridworld_Requested_Gaze,Study 1,Gridworld,Requested Feedback,Eye Gaze,1,1787856676.1879992,1787856676.484364,2026-08-27T18:51:16.484364+00:00,0.29636478424072266,548403.25,25,839066046345,1,1,0.04981972277164459,-0.04729628935456276,-0.03803255409002304,-0.08626118302345276,-0.16685649752616882,0.9822006225585938,1,0.049704138189554214,-0.01448613777756691,-0.03718915581703186,-0.08461964875459671,-0.23607078194618225,0.9680443406105042,1,0.049969859421253204,-0.08314952254295349,-0.03888975828886032,-0.08397066593170166,-0.08994441479444504,0.992400586605072
P001,P001_S01,P001_S01_ST1TR_TR04_R01,TR04,R01,Gridworld_Requested_Gaze,Study 1,Gridworld,Requested Feedback,Eye Gaze,1,1787856676.1879992,1787856676.5000346,2026-08-27T18:51:16.500035+00:00,0.31203532218933105,548403.265,26,839066157457,1,1,0.04982181265950203,-0.04753211513161659,-0.03803475201129913,-0.08558589965105057,-0.16595813632011414,0.982411801815033,1,0.04970734193921089,-0.01448381319642067,-0.03718551993370056,-0.08442044258117676,-0.23578357696533203,0.9681318402290344,1,0.04996541142463684,-0.08317531645298004,-0.03891002759337425,-0.08399864286184311,-0.09280043095350266,0.992135226726532
P001,P001_S01,P001_S01_ST1TR_TR04_R01,TR04,R01,Gridworld_Requested_Gaze,Study 1,Gridworld,Requested Feedback,Eye Gaze,1,1787856676.1879992,1787856676.5182981,2026-08-27T18:51:16.518298+00:00,0.33029890060424805,548403.281,27,839066268567,1,1,0.04982348904013634,-0.04779443517327309,-0.03803958371281624,-0.08559449017047882,-0.16527318954467773,0.9825266003608704,1,0.04970758408308029,-0.014473503455519676,-0.03718492016196251,-0.08565551787614822,-0.2340582311153412,0.9684420228004456,1,0.049955565482378006,-0.08319401741027832,-0.038935586810112,-0.08545472472906113,-0.09441716969013214,0.9918583631515503
P001,P001_S01,P001_S01_ST1TR_TR04_R01,TR04,R01,Gridworld_Requested_Gaze,Study 1,Gridworld,Requested Feedback,Eye Gaze,1,1787856676.1879992,1787856676.519299,2026-08-27T18:51:16.519299+00:00,0.3312997817993164,548403.281,28,839066379679,1,1,0.049825433641672134,-0.0479932464659214,-0.03804228827357292,-0.08556998521089554,-0.16491831839084625,0.9825884103775024,1,0.049710534512996674,-0.014484497718513012,-0.03717241436243057,-0.0855972021818161,-0.23587815463542938,0.9680054187774658,1,0.0499599352478981,-0.08317869901657104,-0.038929376751184464,-0.08530483394861221,-0.0933234691619873,0.9919746518135071
P001,P001_S01,P001_S01_ST1TR_TR04_R01,TR04,R01,Gridworld_Requested_Gaze,Study 1,Gridworld,Requested Feedback,Eye Gaze,1,1787856676.1879992,1787856676.5319226,2026-08-27T18:51:16.531923+00:00,0.34392333030700684,548403.296,29,839066490790,1,1,0.04982767254114151,-0.04802778735756874,-0.03804003819823265,-0.08475862443447113,-0.16452468931674957,0.9827247262001038,1,0.049718018621206284,-0.014466709457337856,-0.037174079567193985,-0.08334529399871826,-0.2340199202299118,0.9686528444290161,1,0.04996873810887337,-0.08317689597606659,-0.038933709263801575,-0.08302100002765656,-0.09324880689382553,0.9921755194664001
P001,P001_S01,P001_S01_ST1TR_TR04_R01,TR04,R01,Gridworld_Requested_Gaze,Study 1,Gridworld,Requested Feedback,Eye Gaze,1,1787856676.1879992,1787856676.5514443,2026-08-27T18:51:16.551444+00:00,0.3634450435638428,548403.328,30,839066601903,1,1,0.049830880016088486,-0.04833971709012985,-0.03804656118154526,-0.08434641361236572,-0.16308896243572235,0.9829994440078735,1,0.04971875622868538,-0.014449997805058956,-0.03717337176203728,-0.08376313745975494,-0.23193027079105377,0.969119131565094,1,0.0499686636030674,-0.08317846804857254,-0.03894636780023575,-0.08341976255178452,-0.0932857096195221,0.9921386241912842
P001,P001_S01,P001_S01_ST1TR_TR04_R01,TR04,R01,Gridworld_Requested_Gaze,Study 1,Gridworld,Requested Feedback,Eye Gaze,1,1787856676.1879992,1787856676.5524426,2026-08-27T18:51:16.552443+00:00,0.364443302154541,548403.328,31,839066713013,1,1,0.04983415827155113,-0.0487283356487751,-0.038054950535297394,-0.08391182124614716,-0.16079838573932648,0.983413815498352,1,0.049721065908670425,-0.014442146755754948,-0.0371798537671566,-0.0832214504480362,-0.23172608017921448,0.9692146182060242,1,0.049965716898441315,-0.08316295593976974,-0.0389382503926754,-0.0830656886100769,-0.09208409488201141,0.9922806024551392
P001,P001_S01,P001_S01_ST1TR_TR04_R01,TR04,R01,Gridworld_Requested_Gaze,Study 1,Gridworld,Requested Feedback,Eye Gaze,1,1787856676.1879992,1787856676.5683608,2026-08-27T18:51:16.568361+00:00,0.38036155700683594,548403.343,32,839066824124,1,1,0.04983704537153244,-0.048969123512506485,-0.03805936500430107,-0.08371230959892273,-0.15981188416481018,0.9835917353630066,1,0.0497225783765316,-0.014435255900025368,-0.03717181459069252,-0.08345317095518112,-0.23100557923316956,0.9693667888641357,1,0.049962352961301804,-0.08314886689186096,-0.038935672491788864,-0.0833519846200943,-0.09057128429412842,0.9923956990242004
P001,P001_S01,P001_S01_ST1TR_TR04_R01,TR04,R01,Gridworld_Requested_Gaze,Study 1,Gridworld,Requested Feedback,Eye Gaze,1,1787856676.1879992,1787856676.5693607,2026-08-27T18:51:16.569361+00:00,0.3813614845275879,548403.343,33,839066935236,1,1,0.049840547144412994,-0.049280740320682526,-0.03806662932038307,-0.08326677978038788,-0.15860985219478607,0.9838240146636963,1,0.04972555860877037,-0.01441354863345623,-0.03717799484729767,-0.08261830359697342,-0.2293517291545868,0.9698309302330017,1,0.049973201006650925,-0.08314264565706253,-0.03893833979964256,-0.08241269737482071,-0.0907788947224617,0.9924551844596863
P001,P001_S01,P001_S01_ST1TR_TR04_R01,TR04,R01,Gridworld_Requested_Gaze,Study 1,Gridworld,Requested Feedback,Eye Gaze,1,1787856676.1879992,1787856676.5948632,2026-08-27T18:51:16.594863+00:00,0.4068639278411865,548403.359,34,839067046348,1,1,0.04984242096543312,-0.04895293340086937,-0.03805779293179512,-0.08240950852632523,-0.15861719846725464,0.9838950037956238,1,0.04973409324884415,-0.014399170875549316,-0.03718649223446846,-0.0810197964310646,-0.22869406640529633,0.9701209664344788,1,0.049979764968156815,-0.08312731981277466,-0.038927506655454636,-0.08081971853971481,-0.08991628140211105,0.9926648139953613
P001,P001_S01,P001_S01_ST1TR_TR04_R01,TR04,R01,Gridworld_Requested_Gaze,Study 1,Gridworld,Requested Feedback,Eye Gaze,1,1787856676.1879992,1787856676.5948632,2026-08-27T18:51:16.594863+00:00,0.4068639278411865,548403.359,35,839067157458,1,1,0.04984476789832115,-0.04895497113466263,-0.038059115409851074,-0.08148588985204697,-0.1583547443151474,0.9840143322944641,1,0.049738023430109024,-0.014397135004401207,-0.037187039852142334,-0.08009275048971176,-0.22931966185569763,0.9700503349304199,1,0.049982089549303055,-0.08310330659151077,-0.03891407325863838,-0.07977292686700821,-0.08810091763734818,0.9929121732711792
P001,P001_S01,P001_S01_ST1TR_TR04_R01,TR04,R01,Gridworld_Requested_Gaze,Study 1,Gridworld,Requested Feedback,Eye Gaze,1,1787856676.1879992,1787856676.6108792,2026-08-27T18:51:16.610879+00:00,0.4228799343109131,548403.375,36,839067268571,1,0,0.0,0.0,0.0,0.0,0.0,0.0,1,0.049733348190784454,-0.014512281864881516,-0.03728823736310005,-0.0788862556219101,-0.24284660816192627,0.9668517708778381,1,0.05000372231006622,-0.08309770375490189,-0.03879313915967941,-0.07825880497694016,-0.08762297034263611,0.9930749535560608
P001,P001_S01,P001_S01_ST1TR_TR04_R01,TR04,R01,Gridworld_Requested_Gaze,Study 1,Gridworld,Requested Feedback,Eye Gaze,1,1787856676.1879992,1787856676.6289985,2026-08-27T18:51:16.628999+00:00,0.44099926948547363,548403.406,37,839067379681,1,0,0.0,0.0,0.0,0.0,0.0,0.0,1,0.04972134903073311,-0.015097069554030895,-0.037212077528238297,-0.08820217847824097,-0.2950570285320282,0.9513999223709106,1,0.049949292093515396,-0.08372565358877182,-0.039206285029649734,-0.08778896927833557,-0.14573004841804504,0.9854217767715454
P001,P001_S01,P001_S01_ST1TR_TR04_R01,TR04,R01,Gridworld_Requested_Gaze,Study 1,Gridworld,Requested Feedback,Eye Gaze,1,1787856676.1879992,1787856676.6299984,2026-08-27T18:51:16.629998+00:00,0.4419991970062256,548403.406,38,839067490792,1,0,0.0,0.0,0.0,0.0,0.0,0.0,1,0.04967493936419487,-0.015354134142398834,-0.03717241808772087,-0.09775735437870026,-0.30707043409347534,0.9466527104377747,1,0.04993871971964836,-0.0840904489159584,-0.03954717516899109,-0.09862282872200012,-0.17081408202648163,0.9803551435470581
P001,P001_S01,P001_S01_ST1TR_TR04_R01,TR04,R01,Gridworld_Requested_Gaze,Study 1,Gridworld,Requested Feedback,Eye Gaze,1,1787856676.1879992,1787856676.6485074,2026-08-27T18:51:16.648507+00:00,0.4605081081390381,548403.421,39,839067601903,1,0,0.0,0.0,0.0,0.0,0.0,0.0,1,0.049662038683891296,-0.01531935017555952,-0.037199053913354874,-0.09893432259559631,-0.3013959228992462,0.9483525156974792,1,0.04991957172751427,-0.08414509892463684,-0.03957393765449524,-0.09996359050273895,-0.17500655353069305,0.9794795513153076
P001,P001_S01,P001_S01_ST1TR_TR04_R01,TR04,R01,Gridworld_Requested_Gaze,Study 1,Gridworld,Requested Feedback,Eye Gaze,1,1787856676.1879992,1787856676.6515105,2026-08-27T18:51:16.651510+00:00,0.46351122856140137,548403.421,40,839067713015,1,1,0.0498444102704525,-0.049549467861652374,-0.03810711205005646,-0.08667327463626862,-0.18424828350543976,0.9790508151054382,1,0.049690503627061844,-0.015284113585948944,-0.03720802813768387,-0.09582436829805374,-0.3042992949485779,0.9477444887161255,1,0.049938369542360306,-0.08411616832017899,-0.03951730579137802,-0.09678161144256592,-0.17829184234142303,0.9792065024375916
P001,P001_S01,P001_S01_ST1TR_TR04_R01,TR04,R01,Gridworld_Requested_Gaze,Study 1,Gridworld,Requested Feedback,Eye Gaze,1,1787856676.1879992,1787856676.6693904,2026-08-27T18:51:16.669390+00:00,0.48139119148254395,548403.437,41,839067824126,1,1,0.04982504993677139,-0.05136347562074661,-0.038395654410123825,-0.09553493559360504,-0.23809906840324402,0.966530978679657,1,0.04969790205359459,-0.015268108807504177,-0.03721155226230621,-0.0948302373290062,-0.3049342930316925,0.9476403594017029,1,0.04994029924273491,-0.08408024907112122,-0.039468929171562195,-0.09577548503875732,-0.17652744054794312,0.9796251058578491
P001,P001_S01,P001_S01_ST1TR_TR04_R01,TR04,R01,Gridworld_Requested_Gaze,Study 1,Gridworld,Requested Feedback,Eye Gaze,1,1787856676.1879992,1787856676.6693904,2026-08-27T18:51:16.669390+00:00,0.48139119148254395,548403.437,42,839067935238,1,1,0.04982070252299309,-0.050195012241601944,-0.03834965452551842,-0.09543929994106293,-0.23868395388126373,0.9663960933685303,1,0.04969228059053421,-0.01523043867200613,-0.03723930940032005,-0.09457948058843613,-0.30392986536026,0.9479880928993225,1,0.04994481801986694,-0.08401522040367126,-0.03940555825829506,-0.09552145004272461,-0.17222288250923157,0.9804157018661499
P001,P001_S01,P001_S01_ST1TR_TR04_R01,TR04,R01,Gridworld_Requested_Gaze,Study 1,Gridworld,Requested Feedback,Eye Gaze,1,1787856676.1879992,1787856676.688348,2026-08-27T18:51:16.688348+00:00,0.5003488063812256,548403.453,43,839068046348,1,1,0.04982352256774902,-0.05037699267268181,-0.03835063427686691,-0.09436546266078949,-0.23742461204528809,0.9668115973472595,1,0.04969678074121475,-0.015192070975899696,-0.0372735820710659,-0.09178563952445984,-0.30279338359832764,0.9486262202262878,1,0.04995293170213699,-0.08397531509399414,-0.03936136141419411,-0.09252065420150757,-0.17062538862228394,0.9809826612472534
P001,P001_S01,P001_S01_ST1TR_TR04_R01,TR04,R01,Gridworld_Requested_Gaze,Study 1,Gridworld,Requested Feedback,Eye Gaze,1,1787856676.1879992,1787856676.704254,2026-08-27T18:51:16.704254+00:00,0.5162546634674072,548403.468,44,839068157460,1,1,0.049824316054582596,-0.05038793012499809,-0.03834807500243187,-0.0936199277639389,-0.2369573563337326,0.9669987559318542,1,0.049696870148181915,-0.015185677446424961,-0.03726673498749733,-0.0917331799864769,-0.30291423201560974,0.9485926032066345,1,0.04995032772421837,-0.08397623896598816,-0.039362870156764984,-0.09251167625188828,-0.17152173817157745,0.9808271527290344
P001,P001_S01,P001_S01_ST1TR_TR04_R01,TR04,R01,Gridworld_Requested_Gaze,Study 1,Gridworld,Requested Feedback,Eye Gaze,1,1787856676.1879992,1787856676.704254,2026-08-27T18:51:16.704254+00:00,0.5162546634674072,548403.468,45,839068268571,1,1,0.04982517659664154,-0.050770875066518784,-0.03835543245077133,-0.09296868741512299,-0.23487217724323273,0.9675701856613159,1,0.04969671741127968,-0.015179337002336979,-0.03726156800985336,-0.09128108620643616,-0.3026869297027588,0.9487087726593018,1,0.04994107037782669,-0.08395036309957504,-0.03934250771999359,-0.09208262711763382,-0.16906914114952087,0.981293261051178
P001,P001_S01,P001_S01_ST1TR_TR04_R01,TR04,R01,Gridworld_Requested_Gaze,Study 1,Gridworld,Requested Feedback,Eye Gaze,1,1787856676.1879992,1787856676.719865,2026-08-27T18:51:16.719865+00:00,0.5318658351898193,548403.484,46,839068379684,1,1,0.04982486739754677,-0.05070881545543671,-0.0383484810590744,-0.09267503023147583,-0.2342222034931183,0.9677558541297913,1,0.04969396814703941,-0.015167614445090294,-0.03725803643465042,-0.09173692762851715,-0.30173924565315247,0.9489666819572449,1,0.04994644969701767,-0.08392946422100067,-0.039318423718214035,-0.0925074964761734,-0.16708745062351227,0.9815926551818848
P001,P001_S01,P001_S01_ST1TR_TR04_R01,TR04,R01,Gridworld_Requested_Gaze,Study 1,Gridworld,Requested Feedback,Eye Gaze,1,1787856676.1879992,1787856676.7351887,2026-08-27T18:51:16.735189+00:00,0.547189474105835,548403.5,47,839068490796,1,1,0.04982540383934975,-0.05110926926136017,-0.038356345146894455,-0.0930541604757309,-0.23090437054634094,0.9685165286064148,1,0.04969178885221481,-0.015153487212955952,-0.03724532574415207,-0.09321951866149902,-0.29925864934921265,0.9496073722839355,1,0.04993712157011032,-0.08392144739627838,-0.03932175040245056,-0.09421613812446594,-0.16532094776630402,0.9817292094230652
P001,P001_S01,P001_S01_ST1TR_TR04_R01,TR04,R01,Gridworld_Requested_Gaze,Study 1,Gridworld,Requested Feedback,Eye Gaze,1,1787856676.1879992,1787856676.736199,2026-08-27T18:51:16.736199+00:00,0.5481996536254883,548403.5,48,839068601907,1,1,0.049825504422187805,-0.05105297267436981,-0.038349900394678116,-0.09270741790533066,-0.23014403879642487,0.9687307476997375,1,0.04969636723399162,-0.015144056640565395,-0.03723924234509468,-0.09154041856527328,-0.29875823855400085,0.949928343296051,1,0.04994771257042885,-0.0838991329073906,-0.03930206596851349,-0.09249353408813477,-0.16333667933940887,0.9822251200675964
P001,P001_S01,P001_S01_ST1TR_TR04_R01,TR04,R01,Gridworld_Requested_Gaze,Study 1,Gridworld,Requested Feedback,Eye Gaze,1,1787856676.1879992,1787856676.7526963,2026-08-27T18:51:16.752696+00:00,0.5646970272064209,548403.515,49,839068713018,1,1,0.049826353788375854,-0.051267363131046295,-0.03835215047001839,-0.09279172122478485,-0.22762605547904968,0.9693174362182617,1,0.049698781222105026,-0.015133017674088478,-0.03723512217402458,-0.09238174557685852,-0.2974419593811035,0.9502598643302917,1,0.04994293302297592,-0.08389125019311905,-0.03929711505770683,-0.09339624643325806,-0.16236038506031036,0.9823015332221985
P001,P001_S01,P001_S01_ST1TR_TR04_R01,TR04,R01,Gridworld_Requested_Gaze,Study 1,Gridworld,Requested Feedback,Eye Gaze,1,1787856676.1879992,1787856676.767957,2026-08-27T18:51:16.767957+00:00,0.5799577236175537,548403.531,50,839068824128,1,1,0.04982702061533928,-0.051324885338544846,-0.03834955766797066,-0.09267008304595947,-0.2257150113582611,0.9697757363319397,1,0.04970483481884003,-0.015111159533262253,-0.03723742440342903,-0.09186988323926926,-0.2955021560192108,0.9509144425392151,1,0.0499446876347065,-0.08385596424341202,-0.03927517309784889,-0.0928872749209404,-0.1588534116744995,0.9829230308532715
P001,P001_S01,P001_S01_ST1TR_TR04_R01,TR04,R01,Gridworld_Requested_Gaze,Study 1,Gridworld,Requested Feedback,Eye Gaze,1,1787856676.1879992,1787856676.767957,2026-08-27T18:51:16.767957+00:00,0.5799577236175537,548403.531,51,839068935240,1,1,0.04982820153236389,-0.05125559866428375,-0.03833814710378647,-0.09229637682437897,-0.2242869883775711,0.9701427221298218,1,0.04971166327595711,-0.015096873044967651,-0.03721903637051582,-0.09105946868658066,-0.29301613569259644,0.9517614245414734,1,0.049953643232584,-0.08383725583553314,-0.03927209600806236,-0.09205323457717896,-0.1559612900018692,0.9834644198417664
P001,P001_S01,P001_S01_ST1TR_TR04_R01,TR04,R01,Gridworld_Requested_Gaze,Study 1,Gridworld,Requested Feedback,Eye Gaze,1,1787856676.1879992,1787856676.7839572,2026-08-27T18:51:16.783957+00:00,0.5959579944610596,548403.546,52,839069046352,1,1,0.04983095824718475,-0.05141696706414223,-0.03833245113492012,-0.09175290167331696,-0.22212116420269012,0.9706923961639404,1,0.04971691593527794,-0.01508165430277586,-0.037205085158348083,-0.09035231918096542,-0.2914399206638336,0.9523125290870667,1,0.04996228963136673,-0.08378936350345612,-0.03921778127551079,-0.09108151495456696,-0.15072409808635712,0.9843711256980896
P001,P001_S01,P001_S01_ST1TR_TR04_R01,TR04,R01,Gridworld_Requested_Gaze,Study 1,Gridworld,Requested Feedback,Eye Gaze,1,1787856676.1879992,1787856676.799665,2026-08-27T18:51:16.799665+00:00,0.6116657257080078,548403.562,53,839069157463,1,1,0.04983346536755562,-0.051618076860904694,-0.03832719847559929,-0.09124836325645447,-0.21834009885787964,0.97159743309021,1,0.049722883850336075,-0.01507079042494297,-0.037191931158304214,-0.08989403396844864,-0.2894231677055359,0.9529708623886108,1,0.049962375313043594,-0.08377453684806824,-0.03921237960457802,-0.09070151299238205,-0.148251011967659,0.9847816824913025
P001,P001_S01,P001_S01_ST1TR_TR04_R01,TR04,R01,Gridworld_Requested_Gaze,Study 1,Gridworld,Requested Feedback,Eye Gaze,1,1787856676.1879992,1787856676.8215034,2026-08-27T18:51:16.821503+00:00,0.6335041522979736,548403.593,54,839069268575,1,1,0.0498369075357914,-0.05192149057984352,-0.03832423686981201,-0.09077899158000946,-0.21475383639335632,0.9724403619766235,1,0.04972801357507706,-0.015066095627844334,-0.03717712312936783,-0.08956805616617203,-0.2886309325695038,0.953241765499115,1,0.04996621608734131,-0.08375836908817291,-0.0392056368291378,-0.09027964621782303,-0.14625564217567444,0.9851187467575073
P001,P001_S01,P001_S01_ST1TR_TR04_R01,TR04,R01,Gridworld_Requested_Gaze,Study 1,Gridworld,Requested Feedback,Eye Gaze,1,1787856676.1879992,1787856676.8215034,2026-08-27T18:51:16.821503+00:00,0.6335041522979736,548403.593,55,839069379687,1,1,0.04984094947576523,-0.05200610309839249,-0.03831614553928375,-0.09005405008792877,-0.2119183987379074,0.9731295108795166,1,0.04973732680082321,-0.015036036260426044,-0.037182167172431946,-0.08836428821086884,-0.28562524914741516,0.954258918762207,1,0.04997475817799568,-0.08374866098165512,-0.03920459747314453,-0.08916191011667252,-0.1455022245645523,0.9853320717811584
P001,P001_S01,P001_S01_ST1TR_TR04_R01,TR04,R01,Gridworld_Requested_Gaze,Study 1,Gridworld,Requested Feedback,Eye Gaze,1,1787856676.1879992,1787856676.834347,2026-08-27T18:51:16.834347+00:00,0.6463477611541748,548403.609,56,839069491608,1,1,0.04984573647379875,-0.05217776447534561,-0.03831150010228157,-0.0893491804599762,-0.2098858505487442,0.9736348390579224,1,0.049743328243494034,-0.015019363723695278,-0.037183813750743866,-0.0878261998295784,-0.2837163209915161,0.9548777341842651,1,0.04998014122247696,-0.08372357487678528,-0.039190445095300674,-0.08849729597568512,-0.14261318743228912,0.9858142733573914
P001,P001_S01,P001_S01_ST1TR_TR04_R01,TR04,R01,Gridworld_Requested_Gaze,Study 1,Gridworld,Requested Feedback,Eye Gaze,1,1787856676.1879992,1787856676.8502712,2026-08-27T18:51:16.850271+00:00,0.6622719764709473,548403.625,57,839069645654,1,1,0.04984952509403229,-0.05148664116859436,-0.03827783092856407,-0.08717526495456696,-0.21091420948505402,0.9736096262931824,1,0.049761198461055756,-0.014973794110119343,-0.03720789775252342,-0.08333385735750198,-0.2815268933773041,0.9559279084205627,1,0.049989841878414154,-0.0836341455578804,-0.03907269611954689,-0.08332420140504837,-0.13552580773830414,0.9872638583183289
P001,P001_S01,P001_S01_ST1TR_TR04_R01,TR04,R01,Gridworld_Requested_Gaze,Study 1,Gridworld,Requested Feedback,Eye Gaze,1,1787856676.1879992,1787856676.8522713,2026-08-27T18:51:16.852271+00:00,0.6642720699310303,548403.625,58,839069752657,1,1,0.0498540922999382,-0.05129823461174965,-0.038260627537965775,-0.08676157891750336,-0.20914599299430847,0.9740279912948608,1,0.04976673051714897,-0.014962839893996716,-0.03717021271586418,-0.08612151443958282,-0.2762669026851654,0.9572144746780396,1,0.049980416893959045,-0.08367493003606796,-0.03912622109055519,-0.08663786202669144,-0.13586875796318054,0.9869314432144165
P001,P001_S01,P001_S01_ST1TR_TR04_R01,TR04,R01,Gridworld_Requested_Gaze,Study 1,Gridworld,Requested Feedback,Eye Gaze,1,1787856676.1879992,1787856676.8683984,2026-08-27T18:51:16.868398+00:00,0.6803991794586182,548403.64,59,839069863264,1,1,0.04985715076327324,-0.05047321692109108,-0.038225118070840836,-0.08503361791372299,-0.20992812514305115,0.9740121364593506,1,0.049769822508096695,-0.014921742491424084,-0.037209462374448776,-0.08224055916070938,-0.2749782204627991,0.9579265117645264,1,0.04998623952269554,-0.08360610157251358,-0.03906559944152832,-0.08219277113676071,-0.1315797120332718,0.9878923296928406
P001,P001_S01,P001_S01_ST1TR_TR04_R01,TR04,R01,Gridworld_Requested_Gaze,Study 1,Gridworld,Requested Feedback,Eye Gaze,1,1787856676.1879992,1787856676.8883998,2026-08-27T18:51:16.888400+00:00,0.7004005908966064,548403.656,60,839069974376,1,1,0.049862444400787354,-0.05011375993490219,-0.03820212557911873,-0.08354222774505615,-0.20755910873413086,0.974648654460907,1,0.049780312925577164,-0.014933539554476738,-0.03718317300081253,-0.08125685155391693,-0.2754489481449127,0.9578752517700195,1,0.049998000264167786,-0.08359129726886749,-0.039065081626176834,-0.0813191831111908,-0.12889982759952545,0.9883177876472473
P001,P001_S01,P001_S01_ST1TR_TR04_R01,TR04,R01,Gridworld_Requested_Gaze,Study 1,Gridworld,Requested Feedback,Eye Gaze,1,1787856676.1879992,1787856676.892399,2026-08-27T18:51:16.892399+00:00,0.704399824142456,548403.656,61,839070085487,1,1,0.04986611008644104,-0.049347762018442154,-0.03816899284720421,-0.08201854676008224,-0.20946522057056427,0.9743703007698059,1,0.04978419840335846,-0.014913354068994522,-0.037192460149526596,-0.07995960861444473,-0.27450641989707947,0.9582549929618835,1,0.05000249668955803,-0.0835646539926529,-0.03904381021857262,-0.07960263639688492,-0.12740753591060638,0.9886509776115417
P001,P001_S01,P001_S01_ST1TR_TR04_R01,TR04,R01,Gridworld_Requested_Gaze,Study 1,Gridworld,Requested Feedback,Eye Gaze,1,1787856676.1879992,1787856676.905246,2026-08-27T18:51:16.905246+00:00,0.7172467708587646,548403.671,62,839070196598,1,0,0.0,0.0,0.0,0.0,0.0,0.0,1,0.049797434359788895,-0.014905625022947788,-0.03715582564473152,-0.08102811127901077,-0.27000483870506287,0.9594434499740601,1,0.04999904707074165,-0.08358921855688095,-0.039095476269721985,-0.08109953254461288,-0.1263427734375,0.9886659979820251
P001,P001_S01,P001_S01_ST1TR_TR04_R01,TR04,R01,Gridworld_Requested_Gaze,Study 1,Gridworld,Requested Feedback,Eye Gaze,1,1787856676.1879992,1787856676.920248,2026-08-27T18:51:16.920248+00:00,0.7322487831115723,548403.687,63,839070307709,1,1,0.049870118498802185,-0.04841913282871246,-0.03813619539141655,-0.08022204041481018,-0.21179765462875366,0.974015474319458,1,0.049807097762823105,-0.01488287653774023,-0.037187617272138596,-0.0777987688779831,-0.27160608768463135,0.9592588543891907,1,0.05000663921236992,-0.08358684927225113,-0.03908529877662659,-0.07737544178962708,-0.13040804862976074,0.9884365200996399
P001,P001_S01,P001_S01_ST1TR_TR04_R01,TR04,R01,Gridworld_Requested_Gaze,Study 1,Gridworld,Requested Feedback,Eye Gaze,1,1787856676.1879992,1787856676.920248,2026-08-27T18:51:16.920248+00:00,0.7322487831115723,548403.687,64,839070418820,1,1,0.04987539350986481,-0.047521043568849564,-0.038105033338069916,-0.07776691764593124,-0.2113221287727356,0.9743178486824036,1,0.04982440918684006,-0.014867575839161873,-0.037203703075647354,-0.07429033517837524,-0.2711130380630493,0.9596762657165527,1,0.0500207357108593,-0.08356187492609024,-0.03906872868537903,-0.073788121342659,-0.12874622642993927,0.9889286756515503
P001,P001_S01,P001_S01_ST1TR_TR04_R01,TR04,R01,Gridworld_Requested_Gaze,Study 1,Gridworld,Requested Feedback,Eye Gaze,1,1787856676.1879992,1787856676.9342859,2026-08-27T18:51:16.934286+00:00,0.7462866306304932,548403.703,65,839070529931,1,1,0.04988272115588188,-0.04680297151207924,-0.03808024153113365,-0.07476653158664703,-0.20860619843006134,0.9751377701759338,1,0.04984501004219055,-0.014841661788523197,-0.03722378611564636,-0.07051663845777512,-0.26914283633232117,0.9605152010917664,1,0.05004037916660309,-0.08354261517524719,-0.03905770927667618,-0.0699300616979599,-0.1274692714214325,0.9893742203712463
P001,P001_S01,P001_S01_ST1TR_TR04_R01,TR04,R01,Gridworld_Requested_Gaze,Study 1,Gridworld,Requested Feedback,Eye Gaze,1,1787856676.1879992,1787856676.951658,2026-08-27T18:51:16.951658+00:00,0.7636587619781494,548403.718,66,839070641042,1,1,0.0498897023499012,-0.04599209502339363,-0.03805411234498024,-0.07146608829498291,-0.20693908631801605,0.9757402539253235,1,0.04984818771481514,-0.014804571866989136,-0.03725695610046387,-0.06697779148817062,-0.2669588327407837,0.9613776206970215,1,0.05005413293838501,-0.08351083844900131,-0.03904236853122711,-0.06616532057523727,-0.1257123053073883,0.9898578524589539
P001,P001_S01,P001_S01_ST1TR_TR04_R01,TR04,R01,Gridworld_Requested_Gaze,Study 1,Gridworld,Requested Feedback,Eye Gaze,1,1787856676.1879992,1787856676.951658,2026-08-27T18:51:16.951658+00:00,0.7636587619781494,548403.718,67,839070752155,1,0,0.0,0.0,0.0,0.0,0.0,0.0,1,0.04945256933569908,-0.014657145366072655,-0.03734489157795906,-0.11851116269826889,-0.2460230141878128,0.9619916081428528,1,0.04965459182858467,-0.08350304514169693,-0.03923598676919937,-0.11899260431528091,-0.11973639577627182,0.9856489896774292
P001,P001_S01,P001_S01_ST1TR_TR04_R01,TR04,R01,Gridworld_Requested_Gaze,Study 1,Gridworld,Requested Feedback,Eye Gaze,1,1787856676.1879992,1787856676.9680784,2026-08-27T18:51:16.968078+00:00,0.7800791263580322,548403.734,68,839070863266,1,0,0.0,0.0,0.0,0.0,0.0,0.0,1,0.048804543912410736,-0.014249085448682308,-0.03774331882596016,-0.19325155019760132,-0.1973511427640915,0.961096465587616,1,0.048989154398441315,-0.08343347162008286,-0.03966759517788887,-0.1946001499891281,-0.10744213312864304,0.9749805331230164
P001,P001_S01,P001_S01_ST1TR_TR04_R01,TR04,R01,Gridworld_Requested_Gaze,Study 1,Gridworld,Requested Feedback,Eye Gaze,1,1787856676.1879992,1787856676.9880788,2026-08-27T18:51:16.988079+00:00,0.8000795841217041,548403.75,69,839070974377,1,0,0.0,0.0,0.0,0.0,0.0,0.0,1,0.04813791811466217,-0.0141758369281888,-0.03780888020992279,-0.2611299455165863,-0.17994777858257294,0.9483827948570251,1,0.048271726816892624,-0.08319582790136337,-0.04000654071569443,-0.26305732131004333,-0.0716477632522583,0.9621162414550781
P001,P001_S01,P001_S01_ST1TR_TR04_R01,TR04,R01,Gridworld_Requested_Gaze,Study 1,Gridworld,Requested Feedback,Eye Gaze,1,1787856676.1879992,1787856676.9880788,2026-08-27T18:51:16.988079+00:00,0.8000795841217041,548403.75,70,839071085489,1,0,0.0,0.0,0.0,0.0,0.0,0.0,1,0.04761281609535217,-0.014409435912966728,-0.037617091089487076,-0.3140341341495514,-0.1721688061952591,0.9336704015731812,1,0.04763767123222351,-0.08360601961612701,-0.04106177017092705,-0.316275954246521,-0.0877789780497551,0.9445974826812744
P001,P001_S01,P001_S01_ST1TR_TR04_R01,TR04,R01,Gridworld_Requested_Gaze,Study 1,Gridworld,Requested Feedback,Eye Gaze,1,1787856676.1879992,1787856677.0102317,2026-08-27T18:51:17.010232+00:00,0.8222324848175049,548403.781,71,839071196600,1,0,0.0,0.0,0.0,0.0,0.0,0.0,1,0.04685427248477936,-0.012261315248906612,-0.04099293798208237,-0.3855525851249695,-0.26830559968948364,0.8828144669532776,1,0.04739190265536308,-0.08132568746805191,-0.03808516263961792,-0.3973359763622284,-0.16798929870128632,0.9021661877632141
P001,P001_S01,P001_S01_ST1TR_TR04_R01,TR04,R01,Gridworld_Requested_Gaze,Study 1,Gridworld,Requested Feedback,Eye Gaze,1,1787856676.1879992,1787856677.0282297,2026-08-27T18:51:17.028230+00:00,0.8402304649353027,548403.796,72,839071307711,1,0,0.0,0.0,0.0,0.0,0.0,0.0,0,0.0,0.0,0.0,0.0,0.0,0.0,0,0.0,0.0,0.0,0.0,0.0,0.0
P001,P001_S01,P001_S01_ST1TR_TR04_R01,TR04,R01,Gridworld_Requested_Gaze,Study 1,Gridworld,Requested Feedback,Eye Gaze,1,1787856676.1879992,1787856677.0292342,2026-08-27T18:51:17.029234+00:00,0.8412349224090576,548403.796,73,839071418822,1,1,0.04677050933241844,-0.0142422616481781,-0.0375722274184227,-0.4818101227283478,-0.10449808835983276,0.8700225949287415,1,0.04677051305770874,-0.014242260716855526,-0.0375722274184227,-0.4818100929260254,-0.10449808835983276,0.8700224161148071,0,0.0,0.0,0.0,0.0,0.0,0.0
P001,P001_S01,P001_S01_ST1TR_TR04_R01,TR04,R01,Gridworld_Requested_Gaze,Study 1,Gridworld,Requested Feedback,Eye Gaze,1,1787856676.1879992,1787856677.0479505,2026-08-27T18:51:17.047951+00:00,0.8599512577056885,548403.812,74,839071529934,1,0,0.0,0.0,0.0,0.0,0.0,0.0,1,0.04685221239924431,-0.014009728096425533,-0.03766632080078125,-0.48088470101356506,-0.10570257157087326,0.8703888654708862,1,0.04666370525956154,-0.08305952697992325,-0.04147429019212723,-0.48031049966812134,-0.004699009470641613,0.8770859241485596
P001,P001_S01,P001_S01_ST1TR_TR04_R01,TR04,R01,Gridworld_Requested_Gaze,Study 1,Gridworld,Requested Feedback,Eye Gaze,1,1787856676.1879992,1787856677.0514567,2026-08-27T18:51:17.051457+00:00,0.863457441329956,548403.828,75,839071641045,1,0,0.0,0.0,0.0,0.0,0.0,0.0,1,0.04711328446865082,-0.013703112490475178,-0.03775113448500633,-0.39527955651283264,-0.10739635676145554,0.9122609496116638,1,0.046940967440605164,-0.08259470760822296,-0.04062841832637787,-0.3936556577682495,0.012864034622907639,0.9191679954528809
P001,P001_S01,P001_S01_ST1TR_TR04_R01,TR04,R01,Gridworld_Requested_Gaze,Study 1,Gridworld,Requested Feedback,Eye Gaze,1,1787856676.1879992,1787856677.0686893,2026-08-27T18:51:17.068689+00:00,0.8806900978088379,548403.843,76,839071752156,1,0,0.0,0.0,0.0,0.0,0.0,0.0,1,0.04730232432484627,-0.013545508496463299,-0.037898868322372437,-0.39044490456581116,-0.11948017030954361,0.9128402471542358,1,0.04728781804442406,-0.08237706124782562,-0.04015564173460007,-0.38990384340286255,0.009008091874420643,0.9208114743232727
P001,P001_S01,P001_S01_ST1TR_TR04_R01,TR04,R01,Gridworld_Requested_Gaze,Study 1,Gridworld,Requested Feedback,Eye Gaze,1,1787856676.1879992,1787856677.0858324,2026-08-27T18:51:17.085832+00:00,0.8978331089019775,548403.859,77,839071863268,1,0,0.0,0.0,0.0,0.0,0.0,0.0,1,0.04760697856545448,-0.013452108949422836,-0.03785049915313721,-0.3626925051212311,-0.13451172411441803,0.9221500754356384,1,0.04765690490603447,-0.08221316337585449,-0.03975718840956688,-0.36337006092071533,0.0029227822087705135,0.9316403865814209
P001,P001_S01,P001_S01_ST1TR_TR04_R01,TR04,R01,Gridworld_Requested_Gaze,Study 1,Gridworld,Requested Feedback,Eye Gaze,1,1787856676.1879992,1787856677.0858324,2026-08-27T18:51:17.085832+00:00,0.8978331089019775,548403.859,78,839071974380,1,1,0.04794245958328247,-0.04128502681851387,-0.0383567214012146,-0.34878289699554443,-0.07686552405357361,0.93404620885849,1,0.047944992780685425,-0.013576412573456764,-0.037499941885471344,-0.3479611873626709,-0.1359609067440033,0.9275977611541748,1,0.04793872311711311,-0.08224249631166458,-0.03962317854166031,-0.3477381467819214,0.010984271764755249,0.9375272393226624
P001,P001_S01,P001_S01_ST1TR_TR04_R01,TR04,R01,Gridworld_Requested_Gaze,Study 1,Gridworld,Requested Feedback,Eye Gaze,1,1787856676.1879992,1787856677.1106808,2026-08-27T18:51:17.110681+00:00,0.9226815700531006,548403.875,79,839072085491,1,0,0.0,0.0,0.0,0.0,0.0,0.0,1,0.04818974807858467,-0.01355421170592308,-0.037381090223789215,-0.32545486092567444,-0.14209918677806854,0.934819221496582,1,0.048190537840127945,-0.08216022700071335,-0.03934824466705322,-0.3254950940608978,0.011921746656298637,0.9454686045646667
P001,P001_S01,P001_S01_ST1TR_TR04_R01,TR04,R01,Gridworld_Requested_Gaze,Study 1,Gridworld,Requested Feedback,Eye Gaze,1,1787856676.1879992,1787856677.1106808,2026-08-27T18:51:17.110681+00:00,0.9226815700531006,548403.875,80,839072196602,1,0,0.0,0.0,0.0,0.0,0.0,0.0,1,0.04844358190894127,-0.013609396293759346,-0.037152066826820374,-0.30933091044425964,-0.1418522745370865,0.9403150081634521,1,0.0484405942261219,-0.08223317563533783,-0.039291854947805405,-0.30901965498924255,0.010083946399390697,0.9510022401809692
P001,P001_S01,P001_S01_ST1TR_TR04_R01,TR04,R01,Gridworld_Requested_Gaze,Study 1,Gridworld,Requested Feedback,Eye Gaze,1,1787856676.1879992,1787856677.1256802,2026-08-27T18:51:17.125680+00:00,0.9376809597015381,548403.89,81,839072307713,1,0,0.0,0.0,0.0,0.0,0.0,0.0,1,0.04860738292336464,-0.013516096398234367,-0.03718280419707298,-0.2894327938556671,-0.14953060448169708,0.9454465508460999,1,0.04866253584623337,-0.08208123594522476,-0.03896990418434143,-0.2895466387271881,0.008527880534529686,0.9571259617805481
P001,P001_S01,P001_S01_ST1TR_TR04_R01,TR04,R01,Gridworld_Requested_Gaze,Study 1,Gridworld,Requested Feedback,Eye Gaze,1,1787856676.1879992,1787856677.1475327,2026-08-27T18:51:17.147533+00:00,0.9595334529876709,548403.921,82,839072418825,1,0,0.0,0.0,0.0,0.0,0.0,0.0,1,0.04877981171011925,-0.013523701578378677,-0.03709854185581207,-0.28398481011390686,-0.13921982049942017,0.9486677646636963,1,0.04879174381494522,-0.08221283555030823,-0.039090342819690704,-0.2833362817764282,0.005020603537559509,0.9590075612068176
P001,P001_S01,P001_S01_ST1TR_TR04_R01,TR04,R01,Gridworld_Requested_Gaze,Study 1,Gridworld,Requested Feedback,Eye Gaze,1,1787856676.1879992,1787856677.1475327,2026-08-27T18:51:17.147533+00:00,0.9595334529876709,548403.921,83,839072529936,1,0,0.0,0.0,0.0,0.0,0.0,0.0,1,0.048932503908872604,-0.01353413239121437,-0.03701170161366463,-0.26049739122390747,-0.14130011200904846,0.9550787210464478,1,0.048982683569192886,-0.08225394040346146,-0.03901185840368271,-0.2597210109233856,-0.00037973799044266343,0.96568363904953
P001,P001_S01,P001_S01_ST1TR_TR04_R01,TR04,R01,Gridworld_Requested_Gaze,Study 1,Gridworld,Requested Feedback,Eye Gaze,1,1787856676.1879992,1787856677.150042,2026-08-27T18:51:17.150042+00:00,0.9620428085327148,548403.921,84,839072641048,1,0,0.0,0.0,0.0,0.0,0.0,0.0,1,0.049027979373931885,-0.013355580158531666,-0.03724122419953346,-0.2562740445137024,-0.14666210114955902,0.9554128646850586,1,0.04913671314716339,-0.0821240097284317,-0.03876136243343353,-0.25585636496543884,-0.010464555583894253,0.9666582345962524
P001,P001_S01,P001_S01_ST1TR_TR04_R01,TR04,R01,Gridworld_Requested_Gaze,Study 1,Gridworld,Requested Feedback,Eye Gaze,1,1787856676.1879992,1787856677.1689181,2026-08-27T18:51:17.168918+00:00,0.9809188842773438,548403.937,85,839072752159,1,1,0.04855677857995033,-0.04041705280542374,-0.038085099309682846,-0.3130194842815399,-0.08448052406311035,0.945982038974762,1,0.049119722098112106,-0.013287931680679321,-0.03729385510087013,-0.24487851560115814,-0.1483279913663864,0.95814049243927,1,0.04925435036420822,-0.0821000188589096,-0.03865542635321617,-0.24484626948833466,-0.016684679314494133,0.9694184064865112
P001,P001_S01,P001_S01_ST1TR_TR04_R01,TR04,R01,Gridworld_Requested_Gaze,Study 1,Gridworld,Requested Feedback,Eye Gaze,1,1787856676.1879992,1787856677.1689181,2026-08-27T18:51:17.168918+00:00,0.9809188842773438,548403.937,86,839072863271,1,0,0.0,0.0,0.0,0.0,0.0,0.0,1,0.049184400588274,-0.013230457901954651,-0.037351179867982864,-0.2368966042995453,-0.14907513558864594,0.9600294828414917,1,0.04934344440698624,-0.08206313103437424,-0.03854738175868988,-0.2372397929430008,-0.01989077404141426,0.9712473750114441
P001,P001_S01,P001_S01_ST1TR_TR04_R01,TR04,R01,Gridworld_Requested_Gaze,Study 1,Gridworld,Requested Feedback,Eye Gaze,1,1787856676.1879992,1787856677.191375,2026-08-27T18:51:17.191375+00:00,1.003375768661499,548403.968,87,839072974382,1,0,0.0,0.0,0.0,0.0,0.0,0.0,1,0.04922793060541153,-0.013263623230159283,-0.03730633854866028,-0.22600801289081573,-0.15281668305397034,0.9620641469955444,1,0.049394648522138596,-0.08206936717033386,-0.03850221261382103,-0.22607789933681488,-0.02078101597726345,0.9738876223564148
P001,P001_S01,P001_S01_ST1TR_TR04_R01,TR04,R01,Gridworld_Requested_Gaze,Study 1,Gridworld,Requested Feedback,Eye Gaze,1,1787856676.1879992,1787856677.1923785,2026-08-27T18:51:17.192379+00:00,1.0043792724609375,548403.968,88,839073085493,1,1,0.04934398829936981,-0.04451722279191017,-0.03783951327204704,-0.2179676741361618,-0.09483664482831955,0.9713373184204102,1,0.04926324635744095,-0.013275111094117165,-0.037286512553691864,-0.21745197474956512,-0.15393023192882538,0.9638569355010986,1,0.049441102892160416,-0.0820910632610321,-0.03850459307432175,-0.21756324172019958,-0.023321043699979782,0.9757676720619202
P001,P001_S01,P001_S01_ST1TR_TR04_R01,TR04,R01,Gridworld_Requested_Gaze,Study 1,Gridworld,Requested Feedback,Eye Gaze,1,1787856676.1879992,1787856677.2187498,2026-08-27T18:51:17.218750+00:00,1.0307505130767822,548403.984,89,839073196604,1,1,0.04937131330370903,-0.043617166578769684,-0.03781583532691002,-0.21571099758148193,-0.09504643827676773,0.9718204736709595,1,0.049321286380290985,-0.013314057141542435,-0.037222497165203094,-0.21103321015834808,-0.1505977064371109,0.965808093547821,1,0.049502335488796234,-0.08213547617197037,-0.03855585679411888,-0.21113941073417664,-0.021018920466303825,0.97722989320755
P001,P001_S01,P001_S01_ST1TR_TR04_R01,TR04,R01,Gridworld_Requested_Gaze,Study 1,Gridworld,Requested Feedback,Eye Gaze,1,1787856676.1879992,1787856677.2207508,2026-08-27T18:51:17.220751+00:00,1.0327515602111816,548403.984,90,839073307716,1,0,0.0,0.0,0.0,0.0,0.0,0.0,1,0.04937330260872841,-0.01329184602946043,-0.03724773973226547,-0.20228931307792664,-0.1518602818250656,0.967479944229126,1,0.04957406222820282,-0.08212274312973022,-0.038505516946315765,-0.20266039669513702,-0.023397771641612053,0.9789695739746094
P001,P001_S01,P001_S01_ST1TR_TR04_R01,TR04,R01,Gridworld_Requested_Gaze,Study 1,Gridworld,Requested Feedback,Eye Gaze,1,1787856676.1879992,1787856677.2207508,2026-08-27T18:51:17.220751+00:00,1.0327515602111816,548403.984,91,839073418826,1,1,0.049424201250076294,-0.043753642588853836,-0.03780842572450638,-0.20792172849178314,-0.09502618759870529,0.9735187292098999,1,0.049433667212724686,-0.0132780522108078,-0.03726756572723389,-0.19306643307209015,-0.15267586708068848,0.9692344069480896,1,0.049649231135845184,-0.08209766447544098,-0.03844491019845009,-0.1934228539466858,-0.023039601743221283,0.9808449149131775
P001,P001_S01,P001_S01_ST1TR_TR04_R01,TR04,R01,Gridworld_Requested_Gaze,Study 1,Gridworld,Requested Feedback,Eye Gaze,1,1787856676.1879992,1787856677.2347763,2026-08-27T18:51:17.234776+00:00,1.0467770099639893,548404.0,92,839073529939,1,1,0.04957650601863861,-0.04520351067185402,-0.037779927253723145,-0.19273844361305237,-0.0905575156211853,0.9770626425743103,1,0.049483802169561386,-0.013314716517925262,-0.0372006818652153,-0.19214299321174622,-0.15180061757564545,0.9695553183555603,1,0.04968380182981491,-0.08211025595664978,-0.03845032677054405,-0.19251126050949097,-0.019246868789196014,0.9811060428619385
P001,P001_S01,P001_S01_ST1TR_TR04_R01,TR04,R01,Gridworld_Requested_Gaze,Study 1,Gridworld,Requested Feedback,Eye Gaze,1,1787856676.1879992,1787856677.2578292,2026-08-27T18:51:17.257829+00:00,1.0698299407958984,548404.031,93,839073641050,1,0,0.0,0.0,0.0,0.0,0.0,0.0,1,0.04952430725097656,-0.01325282547622919,-0.037262577563524246,-0.1833636462688446,-0.15100330114364624,0.9713782072067261,1,0.049747250974178314,-0.082088403403759,-0.03839799761772156,-0.18352952599525452,-0.022889994084835052,0.9827476739883423
P001,P001_S01,P001_S01_ST1TR_TR04_R01,TR04,R01,Gridworld_Requested_Gaze,Study 1,Gridworld,Requested Feedback,Eye Gaze,1,1787856676.1879992,1787856677.258829,2026-08-27T18:51:17.258829+00:00,1.0708298683166504,548404.031,94,839073752162,1,1,0.04962440952658653,-0.04725566878914833,-0.03780250996351242,-0.188620463013649,-0.08691736310720444,0.9781962633132935,1,0.049559324979782104,-0.013321510516107082,-0.03715058043599129,-0.1805412769317627,-0.14917081594467163,0.9721896648406982,1,0.049775343388319016,-0.08211971819400787,-0.03844010457396507,-0.1805744767189026,-0.01687989942729473,0.9834165573120117
P001,P001_S01,P001_S01_ST1TR_TR04_R01,TR04,R01,Gridworld_Requested_Gaze,Study 1,Gridworld,Requested Feedback,Eye Gaze,1,1787856676.1879992,1787856677.279728,2026-08-27T18:51:17.279728+00:00,1.091728687286377,548404.046,95,839073863273,1,0,0.0,0.0,0.0,0.0,0.0,0.0,1,0.049651723355054855,-0.013493231497704983,-0.03698916360735893,-0.1642000824213028,-0.1571085900068283,0.973835289478302,1,0.04988687112927437,-0.08217422664165497,-0.03847181051969528,-0.16397583484649658,-0.011889585293829441,0.9863927364349365
P001,P001_S01,P001_S01_ST1TR_TR04_R01,TR04,R01,Gridworld_Requested_Gaze,Study 1,Gridworld,Requested Feedback,Eye Gaze,1,1787856676.1879992,1787856677.2837303,2026-08-27T18:51:17.283730+00:00,1.0957310199737549,548404.046,96,839073974385,1,1,0.049917418509721756,-0.05043024942278862,-0.03783167526125908,-0.14299067854881287,-0.09326311200857162,0.9853201508522034,1,0.04980175197124481,-0.013693468645215034,-0.03689733147621155,-0.14306782186031342,-0.16790950298309326,0.9753655791282654,1,0.05001811310648918,-0.08241208642721176,-0.03864508122205734,-0.14226332306861877,-0.02784785069525242,0.9894370436668396
P001,P001_S01,P001_S01_ST1TR_TR04_R01,TR04,R01,Gridworld_Requested_Gaze,Study 1,Gridworld,Requested Feedback,Eye Gaze,1,1787856676.1879992,1787856677.2987142,2026-08-27T18:51:17.298714+00:00,1.1107149124145508,548404.062,97,839074085494,1,0,0.0,0.0,0.0,0.0,0.0,0.0,1,0.04980871081352234,-0.013584532774984837,-0.03697652369737625,-0.1438622772693634,-0.162056565284729,0.9762383699417114,1,0.05004676803946495,-0.08227857947349548,-0.03849569708108902,-0.14289303123950958,-0.019002189859747887,0.9895557165145874
P001,P001_S01,P001_S01_ST1TR_TR04_R01,TR04,R01,Gridworld_Requested_Gaze,Study 1,Gridworld,Requested Feedback,Eye Gaze,1,1787856676.1879992,1787856677.2987142,2026-08-27T18:51:17.298714+00:00,1.1107149124145508,548404.062,98,839074196607,1,0,0.0,0.0,0.0,0.0,0.0,0.0,1,0.049846991896629333,-0.013608919456601143,-0.036890625953674316,-0.14614489674568176,-0.1602732241153717,0.9761936068534851,1,0.05005905404686928,-0.08232419192790985,-0.038538798689842224,-0.14535260200500488,-0.019554389640688896,0.9891866445541382
P001,P001_S01,P001_S01_ST1TR_TR04_R01,TR04,R01,Gridworld_Requested_Gaze,Study 1,Gridworld,Requested Feedback,Eye Gaze,1,1787856676.1879992,1787856677.3173065,2026-08-27T18:51:17.317307+00:00,1.1293072700500488,548404.093,99,839074307718,1,1,0.04995287209749222,-0.05225830525159836,-0.03783949837088585,-0.14327417314052582,-0.08779248595237732,0.9857815504074097,1,0.04986418038606644,-0.013622074387967587,-0.03687119856476784,-0.14400984346866608,-0.16155607998371124,0.9762995839118958,1,0.05007495731115341,-0.08231964707374573,-0.03852839022874832,-0.1430264711380005,-0.01873605139553547,0.9895414710044861
P001,P001_S01,P001_S01_ST1TR_TR04_R01,TR04,R01,Gridworld_Requested_Gaze,Study 1,Gridworld,Requested Feedback,Eye Gaze,1,1787856676.1879992,1787856677.3193018,2026-08-27T18:51:17.319302+00:00,1.1313025951385498,548404.093,100,839074418829,1,1,0.049968406558036804,-0.05243350937962532,-0.037831176072359085,-0.14275094866752625,-0.08510114252567291,0.9860934019088745,1,0.04987799748778343,-0.013619045726954937,-0.0368664413690567,-0.14210934937000275,-0.1612812876701355,0.9766234159469604,1,0.05009111762046814,-0.08232536166906357,-0.0385296568274498,-0.14086076617240906,-0.01940797083079815,0.9898391366004944
P001,P001_S01,P001_S01_ST1TR_TR04_R01,TR04,R01,Gridworld_Requested_Gaze,Study 1,Gridworld,Requested Feedback,Eye Gaze,1,1787856676.1879992,1787856677.349291,2026-08-27T18:51:17.349291+00:00,1.1612918376922607,548404.125,101,839074530755,1,1,0.04997972398996353,-0.05244524031877518,-0.03782345727086067,-0.14142052829265594,-0.08269873261451721,0.9864894151687622,1,0.04989493265748024,-0.013596758246421814,-0.03687388822436333,-0.13933180272579193,-0.15863658487796783,0.9774564504623413,1,0.05010474845767021,-0.08231014013290405,-0.038511019200086594,-0.13808856904506683,-0.01750640943646431,0.9902651309967041
P001,P001_S01,P001_S01_ST1TR_TR04_R01,TR04,R01,Gridworld_Requested_Gaze,Study 1,Gridworld,Requested Feedback,Eye Gaze,1,1787856676.1879992,1787856677.349291,2026-08-27T18:51:17.349291+00:00,1.1612918376922607,548404.125,102,839074684609,1,1,0.04998955875635147,-0.052618276327848434,-0.03782064840197563,-0.13941983878612518,-0.08041657507419586,0.9869627356529236,1,0.049910083413124084,-0.013596996665000916,-0.036874741315841675,-0.13610851764678955,-0.1592082530260086,0.9778175354003906,1,0.05011563375592232,-0.08229944109916687,-0.038491684943437576,-0.13507185876369476,-0.01682508923113346,0.9906929731369019
P001,P001_S01,P001_S01_ST1TR_TR04_R01,TR04,R01,Gridworld_Requested_Gaze,Study 1,Gridworld,Requested Feedback,Eye Gaze,1,1787856676.1879992,1787856677.3692822,2026-08-27T18:51:17.369282+00:00,1.1812829971313477,548404.14,103,839074791605,1,1,0.049997489899396896,-0.0529034361243248,-0.03782228007912636,-0.13811640441417694,-0.07871431112289429,0.9872831106185913,1,0.04990866035223007,-0.013591168448328972,-0.0368850938975811,-0.1363292783498764,-0.16086329519748688,0.9775158166885376,1,0.05012533813714981,-0.08229274302721024,-0.03847935050725937,-0.13524159789085388,-0.018504854291677475,0.9906398057937622
P001,P001_S01,P001_S01_ST1TR_TR04_R01,TR04,R01,Gridworld_Requested_Gaze,Study 1,Gridworld,Requested Feedback,Eye Gaze,1,1787856676.1879992,1787856677.3692822,2026-08-27T18:51:17.369282+00:00,1.1812829971313477,548404.14,104,839074902192,1,1,0.05000365525484085,-0.05299263447523117,-0.037816621363162994,-0.13708949089050293,-0.07759414613246918,0.9875149130821228,1,0.04991338029503822,-0.01359124481678009,-0.03688403591513634,-0.13588470220565796,-0.1617017239332199,0.9774394631385803,1,0.05013221874833107,-0.08225668221712112,-0.03842916339635849,-0.1348022222518921,-0.015210912562906742,0.9907557964324951
P001,P001_S01,P001_S01_ST1TR_TR04_R01,TR04,R01,Gridworld_Requested_Gaze,Study 1,Gridworld,Requested Feedback,Eye Gaze,1,1787856676.1879992,1787856677.3882782,2026-08-27T18:51:17.388278+00:00,1.2002789974212646,548404.156,105,839075013305,1,1,0.05000917613506317,-0.053225353360176086,-0.03781595081090927,-0.13582302629947662,-0.07606364786624908,0.9878090023994446,1,0.04991584271192551,-0.013586453162133694,-0.0368938073515892,-0.13432571291923523,-0.1619727611541748,0.9776099324226379,1,0.05013547092676163,-0.08225724846124649,-0.0384204275906086,-0.13316726684570312,-0.016021795570850372,0.9909640550613403
P001,P001_S01,P001_S01_ST1TR_TR04_R01,TR04,R01,Gridworld_Requested_Gaze,Study 1,Gridworld,Requested Feedback,Eye Gaze,1,1787856676.1879992,1787856677.3897088,2026-08-27T18:51:17.389709+00:00,1.201709508895874,548404.156,106,839075124415,1,1,0.050012435764074326,-0.05321024730801582,-0.037810225039720535,-0.1349746584892273,-0.07624656707048416,0.9879111647605896,1,0.049913424998521805,-0.013597327284514904,-0.036881107836961746,-0.13437390327453613,-0.1616871953010559,0.9776507019996643,1,0.05013091489672661,-0.08226889371871948,-0.038417115807533264,-0.13310381770133972,-0.015637261793017387,0.9909787178039551
P001,P001_S01,P001_S01_ST1TR_TR04_R01,TR04,R01,Gridworld_Requested_Gaze,Study 1,Gridworld,Requested Feedback,Eye Gaze,1,1787856676.1879992,1787856677.4081814,2026-08-27T18:51:17.408181+00:00,1.220182180404663,548404.171,107,839075235526,1,0,0.0,0.0,0.0,0.0,0.0,0.0,1,0.049896933138370514,-0.013618717901408672,-0.03686840459704399,-0.136248379945755,-0.16395941376686096,0.9770126342773438,1,0.05012956261634827,-0.082276351749897,-0.03842002898454666,-0.13478043675422668,-0.01661183126270771,0.9907363057136536
P001,P001_S01,P001_S01_ST1TR_TR04_R01,TR04,R01,Gridworld_Requested_Gaze,Study 1,Gridworld,Requested Feedback,Eye Gaze,1,1787856676.1879992,1787856677.4081814,2026-08-27T18:51:17.408181+00:00,1.220182180404663,548404.171,108,839075346637,1,1,0.05001348629593849,-0.053584400564432144,-0.03781326487660408,-0.13494226336479187,-0.07434715330600739,0.9880604147911072,1,0.04988102242350578,-0.013662814162671566,-0.03683960437774658,-0.13600288331508636,-0.16643725335597992,0.976627767086029,1,0.05010605603456497,-0.0822974443435669,-0.038426723331213,-0.1346811056137085,-0.01648661680519581,0.9907518625259399
P001,P001_S01,P001_S01_ST1TR_TR04_R01,TR04,R01,Gridworld_Requested_Gaze,Study 1,Gridworld,Requested Feedback,Eye Gaze,1,1787856676.1879992,1787856677.4294817,2026-08-27T18:51:17.429482+00:00,1.2414824962615967,548404.203,109,839075457750,1,1,0.05002279579639435,-0.054350562393665314,-0.0378212109208107,-0.13500875234603882,-0.07240776717662811,0.9881953001022339,1,0.04986238107085228,-0.01369933970272541,-0.03680409863591194,-0.13613903522491455,-0.1648670732975006,0.9768751263618469,1,0.05009150505065918,-0.08235806226730347,-0.038516268134117126,-0.1350138634443283,-0.018109669908881187,0.9906781911849976
P001,P001_S01,P001_S01_ST1TR_TR04_R01,TR04,R01,Gridworld_Requested_Gaze,Study 1,Gridworld,Requested Feedback,Eye Gaze,1,1787856676.1879992,1787856677.4491608,2026-08-27T18:51:17.449161+00:00,1.2611615657806396,548404.218,110,839075568860,1,1,0.050023190677165985,-0.05450651794672012,-0.03782258555293083,-0.13517634570598602,-0.07392708212137222,0.9880598783493042,1,0.049851737916469574,-0.01369181927293539,-0.036828018724918365,-0.1362568438053131,-0.16588343679904938,0.9766864776611328,1,0.050081875175237656,-0.08237718045711517,-0.038519296795129776,-0.13539119064807892,-0.022025953978300095,0.9905474185943604
P001,P001_S01,P001_S01_ST1TR_TR04_R01,TR04,R01,Gridworld_Requested_Gaze,Study 1,Gridworld,Requested Feedback,Eye Gaze,1,1787856676.1879992,1787856677.4491608,2026-08-27T18:51:17.449161+00:00,1.2611615657806396,548404.218,111,839075679971,1,1,0.05002222955226898,-0.054838236421346664,-0.03782770782709122,-0.1355997622013092,-0.07462179660797119,0.9879496097564697,1,0.04984539747238159,-0.013701103627681732,-0.03683456778526306,-0.13705559074878693,-0.16695378720760345,0.9763924479484558,1,0.050079356878995895,-0.08236988633871078,-0.038504548370838165,-0.13627545535564423,-0.02120736986398697,0.9904439449310303
P001,P001_S01,P001_S01_ST1TR_TR04_R01,TR04,R01,Gridworld_Requested_Gaze,Study 1,Gridworld,Requested Feedback,Eye Gaze,1,1787856676.1879992,1787856677.469026,2026-08-27T18:51:17.469026+00:00,1.281026840209961,548404.234,112,839075791084,1,1,0.050019390881061554,-0.055046990513801575,-0.037830695509910583,-0.1358863264322281,-0.07672064006328583,0.9877493977546692,1,0.0498446524143219,-0.013709464110434055,-0.03683530166745186,-0.13696205615997314,-0.16788868606090546,0.9762452840805054,1,0.0500810444355011,-0.08238328993320465,-0.03850753977894783,-0.1362425535917282,-0.022732915356755257,0.9904147386550903
P001,P001_S01,P001_S01_ST1TR_TR04_R01,TR04,R01,Gridworld_Requested_Gaze,Study 1,Gridworld,Requested Feedback,Eye Gaze,1,1787856676.1879992,1787856677.469026,2026-08-27T18:51:17.469026+00:00,1.281026840209961,548404.234,113,839075902195,1,1,0.05001595988869667,-0.05523467808961868,-0.037835825234651566,-0.1349484920501709,-0.07948440313339233,0.9876594543457031,1,0.049851927906274796,-0.013704044744372368,-0.03687071055173874,-0.13350878655910492,-0.17076794803142548,0.9762241840362549,1,0.05008820444345474,-0.08241269737482071,-0.03851033374667168,-0.1331593245267868,-0.02916664630174637,0.9906653761863708
P001,P001_S01,P001_S01_ST1TR_TR04_R01,TR04,R01,Gridworld_Requested_Gaze,Study 1,Gridworld,Requested Feedback,Eye Gaze,1,1787856676.1879992,1787856677.4889293,2026-08-27T18:51:17.488929+00:00,1.3009300231933594,548404.265,114,839076013305,1,1,0.05001010373234749,-0.05501091480255127,-0.03783124312758446,-0.1350347101688385,-0.08402389287948608,0.9872718453407288,1,0.04984785243868828,-0.013730295933783054,-0.0368506945669651,-0.13552841544151306,-0.17231903970241547,0.9756730794906616,1,0.05008198693394661,-0.08242996782064438,-0.038523271679878235,-0.1351691633462906,-0.029878515750169754,0.9903719425201416
P001,P001_S01,P001_S01_ST1TR_TR04_R01,TR04,R01,Gridworld_Requested_Gaze,Study 1,Gridworld,Requested Feedback,Eye Gaze,1,1787856676.1879992,1787856677.4889293,2026-08-27T18:51:17.488929+00:00,1.3009300231933594,548404.265,115,839076124417,1,1,0.05000915005803108,-0.055094096809625626,-0.03783487528562546,-0.1331004947423935,-0.08702955394983292,0.9872741103172302,1,0.04987924173474312,-0.013743547722697258,-0.03688206151127815,-0.12993663549423218,-0.17861899733543396,0.9753007888793945,1,0.0501360259950161,-0.08241742849349976,-0.03846631944179535,-0.12940004467964172,-0.03298446536064148,0.991043746471405
P001,P001_S01,P001_S01_ST1TR_TR04_R01,TR04,R01,Gridworld_Requested_Gaze,Study 1,Gridworld,Requested Feedback,Eye Gaze,1,1787856676.1879992,1787856677.5039306,2026-08-27T18:51:17.503931+00:00,1.3159313201904297,548404.281,116,839076235529,1,0,0.0,0.0,0.0,0.0,0.0,0.0,1,0.050020549446344376,-0.01383321825414896,-0.03693097457289696,-0.10427818447351456,-0.19453798234462738,0.9753364324569702,1,0.05028478428721428,-0.08247415721416473,-0.03845864161849022,-0.10365043580532074,-0.04568519443273544,0.9935640096664429
P001,P001_S01,P001_S01_ST1TR_TR04_R01,TR04,R01,Gridworld_Requested_Gaze,Study 1,Gridworld,Requested Feedback,Eye Gaze,1,1787856676.1879992,1787856677.520639,2026-08-27T18:51:17.520639+00:00,1.3326396942138672,548404.296,117,839076346638,1,0,0.0,0.0,0.0,0.0,0.0,0.0,1,0.05001021549105644,-0.013768155127763748,-0.036962155252695084,-0.10949829965829849,-0.18602663278579712,0.9764242172241211,1,0.05028169974684715,-0.08244530111551285,-0.03842312842607498,-0.10891983658075333,-0.04049157351255417,0.9932255744934082
P001,P001_S01,P001_S01_ST1TR_TR04_R01,TR04,R01,Gridworld_Requested_Gaze,Study 1,Gridworld,Requested Feedback,Eye Gaze,1,1787856676.1879992,1787856677.520639,2026-08-27T18:51:17.520639+00:00,1.3326396942138672,548404.296,118,839076457751,1,0,0.0,0.0,0.0,0.0,0.0,0.0,1,0.05000929906964302,-0.013798201456665993,-0.036923374980688095,-0.11039336770772934,-0.18990817666053772,0.975575864315033,1,0.05028980225324631,-0.08245903253555298,-0.038398921489715576,-0.11000015586614609,-0.04256487265229225,0.9930198192596436
P001,P001_S01,P001_S01_ST1TR_TR04_R01,TR04,R01,Gridworld_Requested_Gaze,Study 1,Gridworld,Requested Feedback,Eye Gaze,1,1787856676.1879992,1787856677.5357392,2026-08-27T18:51:17.535739+00:00,1.3477399349212646,548404.312,119,839076568862,1,0,0.0,0.0,0.0,0.0,0.0,0.0,1,0.05001956969499588,-0.013804661110043526,-0.036918316036462784,-0.1074855774641037,-0.19052082300186157,0.9757810831069946,1,0.05029338598251343,-0.08245581388473511,-0.03839510679244995,-0.10714970529079437,-0.04201466590166092,0.9933547377586365
P001,P001_S01,P001_S01_ST1TR_TR04_R01,TR04,R01,Gridworld_Requested_Gaze,Study 1,Gridworld,Requested Feedback,Eye Gaze,1,1787856676.1879992,1787856677.5570505,2026-08-27T18:51:17.557050+00:00,1.369051218032837,548404.328,120,839076679972,1,1,0.05002005770802498,-0.05422992259263992,-0.03781610727310181,-0.12360957264900208,-0.09959203749895096,0.9873207807540894,1,0.05002851039171219,-0.013776472769677639,-0.0369575135409832,-0.1061662808060646,-0.1907094120979309,0.9758886098861694,1,0.05030039697885513,-0.08246096223592758,-0.038367945700883865,-0.10630588978528976,-0.04599199444055557,0.9932692050933838
P001,P001_S01,P001_S01_ST1TR_TR04_R01,TR04,R01,Gridworld_Requested_Gaze,Study 1,Gridworld,Requested Feedback,Eye Gaze,1,1787856676.1879992,1787856677.5570505,2026-08-27T18:51:17.557050+00:00,1.369051218032837,548404.328,121,839076791084,1,0,0.0,0.0,0.0,0.0,0.0,0.0,1,0.05003632977604866,-0.01380600593984127,-0.036911338567733765,-0.10698052495718002,-0.18973392248153687,0.975989818572998,1,0.050313860177993774,-0.08245135843753815,-0.03836667910218239,-0.10668107867240906,-0.040623292326927185,0.9934630393981934
P001,P001_S01,P001_S01_ST1TR_TR04_R01,TR04,R01,Gridworld_Requested_Gaze,Study 1,Gridworld,Requested Feedback,Eye Gaze,1,1787856676.1879992,1787856677.567053,2026-08-27T18:51:17.567053+00:00,1.3790538311004639,548404.343,122,839076902197,1,0,0.0,0.0,0.0,0.0,0.0,0.0,1,0.05004804953932762,-0.013819044455885887,-0.03690795227885246,-0.10592089593410492,-0.19211968779563904,0.9756386280059814,1,0.05031730607151985,-0.08247347921133041,-0.03838387504220009,-0.10603630542755127,-0.04426908493041992,0.9933763742446899
P001,P001_S01,P001_S01_ST1TR_TR04_R01,TR04,R01,Gridworld_Requested_Gaze,Study 1,Gridworld,Requested Feedback,Eye Gaze,1,1787856676.1879992,1787856677.5881705,2026-08-27T18:51:17.588171+00:00,1.4001712799072266,548404.359,123,839077013308,1,1,0.050037045031785965,-0.05406264588236809,-0.03781002759933472,-0.11646799743175507,-0.103439100086689,0.9877933263778687,1,0.05005652830004692,-0.01381827611476183,-0.03689831122756004,-0.10455290228128433,-0.1907818764448166,0.9760485887527466,1,0.05033380165696144,-0.08246130496263504,-0.03836851567029953,-0.10419828444719315,-0.041363365948200226,0.9936959743499756
P001,P001_S01,P001_S01_ST1TR_TR04_R01,TR04,R01,Gridworld_Requested_Gaze,Study 1,Gridworld,Requested Feedback,Eye Gaze,1,1787856676.1879992,1787856677.5881705,2026-08-27T18:51:17.588171+00:00,1.4001712799072266,548404.359,124,839077124420,1,1,0.05019933357834816,-0.048605188727378845,-0.037638917565345764,-0.10486269742250443,-0.11564423143863678,0.9877400398254395,1,0.050060421228408813,-0.013820645399391651,-0.0368843637406826,-0.10463380068540573,-0.1905023455619812,0.9760946035385132,1,0.05033459886908531,-0.08247281610965729,-0.03837358206510544,-0.10450728982686996,-0.04212171211838722,0.9936317801475525
P001,P001_S01,P001_S01_ST1TR_TR04_R01,TR04,R01,Gridworld_Requested_Gaze,Study 1,Gridworld,Requested Feedback,Eye Gaze,1,1787856676.1879992,1787856677.6100368,2026-08-27T18:51:17.610037+00:00,1.4220376014709473,548404.375,125,839077235531,1,1,0.050206612795591354,-0.049445297569036484,-0.03765615448355675,-0.10439987480640411,-0.11440982669591904,0.9879328012466431,1,0.05006643757224083,-0.013813786208629608,-0.03688133507966995,-0.10341031104326248,-0.18971417844295502,0.9763783812522888,1,0.050344064831733704,-0.08248180150985718,-0.03837260603904724,-0.10312386602163315,-0.04304154962301254,0.9937368631362915
P001,P001_S01,P001_S01_ST1TR_TR04_R01,TR04,R01,Gridworld_Requested_Gaze,Study 1,Gridworld,Requested Feedback,Eye Gaze,1,1787856676.1879992,1787856677.6100368,2026-08-27T18:51:17.610037+00:00,1.4220376014709473,548404.375,126,839077346642,1,1,0.05020947754383087,-0.049618110060691833,-0.0376560352742672,-0.10411786288022995,-0.11381391435861588,0.9880313873291016,1,0.05006910860538483,-0.013821512460708618,-0.036870282143354416,-0.10343648493289948,-0.19041362404823303,0.9762395024299622,1,0.05034664645791054,-0.0824776291847229,-0.03836246579885483,-0.10327166318893433,-0.04242528975009918,0.9937480092048645
P001,P001_S01,P001_S01_ST1TR_TR04_R01,TR04,R01,Gridworld_Requested_Gaze,Study 1,Gridworld,Requested Feedback,Eye Gaze,1,1787856676.1879992,1787856677.6299927,2026-08-27T18:51:17.629993+00:00,1.4419934749603271,548404.406,127,839077457753,1,1,0.0502108596265316,-0.049526363611221313,-0.037649694830179214,-0.10402874648571014,-0.11328436434268951,0.9881016612052917,1,0.050068121403455734,-0.01380461361259222,-0.03687788546085358,-0.1038614809513092,-0.18908801674842834,0.9764519929885864,1,0.050352588295936584,-0.0824517011642456,-0.03833574801683426,-0.1034281775355339,-0.04008403420448303,0.9938289523124695
P001,P001_S01,P001_S01_ST1TR_TR04_R01,TR04,R01,Gridworld_Requested_Gaze,Study 1,Gridworld,Requested Feedback,Eye Gaze,1,1787856676.1879992,1787856677.6490624,2026-08-27T18:51:17.649062+00:00,1.4610631465911865,548404.421,128,839077568865,1,1,0.050212837755680084,-0.049797747284173965,-0.03765447437763214,-0.10379298776388168,-0.11192137002944946,0.988281786441803,1,0.0500684529542923,-0.013789709657430649,-0.03688812628388405,-0.10322875529527664,-0.18794140219688416,0.9767404794692993,1,0.05035042390227318,-0.08246780931949615,-0.038342446088790894,-0.10308332741260529,-0.042341891676187515,0.9937711954116821
P001,P001_S01,P001_S01_ST1TR_TR04_R01,TR04,R01,Gridworld_Requested_Gaze,Study 1,Gridworld,Requested Feedback,Eye Gaze,1,1787856676.1879992,1787856677.649568,2026-08-27T18:51:17.649568+00:00,1.461568832397461,548404.421,129,839077679976,1,1,0.0502130351960659,-0.04989972710609436,-0.03765537962317467,-0.1039954274892807,-0.11193563044071198,0.9882588982582092,1,0.05006388947367668,-0.013808459043502808,-0.03687715157866478,-0.10432030260562897,-0.19021132588386536,0.9761848449707031,1,0.050345540046691895,-0.08247590810060501,-0.03834562748670578,-0.10405194014310837,-0.04343775287270546,0.993622899055481
P001,P001_S01,P001_S01_ST1TR_TR04_R01,TR04,R01,Gridworld_Requested_Gaze,Study 1,Gridworld,Requested Feedback,Eye Gaze,1,1787856676.1879992,1787856677.6685696,2026-08-27T18:51:17.668570+00:00,1.4805703163146973,548404.437,130,839077791088,1,1,0.05021294578909874,-0.04967014119029045,-0.03764955699443817,-0.10367830097675323,-0.11307837814092636,0.9881619811058044,1,0.05007017031311989,-0.01379343867301941,-0.036877941340208054,-0.1030919998884201,-0.18830783665180206,0.9766842126846313,1,0.05035334452986717,-0.0824718326330185,-0.03834452107548714,-0.10266707837581635,-0.042757824063301086,0.9937964081764221
P001,P001_S01,P001_S01_ST1TR_TR04_R01,TR04,R01,Gridworld_Requested_Gaze,Study 1,Gridworld,Requested Feedback,Eye Gaze,1,1787856676.1879992,1787856677.6685696,2026-08-27T18:51:17.668570+00:00,1.4805703163146973,548404.437,131,839077902199,1,1,0.050213683396577835,-0.04958730563521385,-0.037645790725946426,-0.10381186008453369,-0.1134006604552269,0.9881110787391663,1,0.05007787421345711,-0.013803867623209953,-0.03685504198074341,-0.10399080067873001,-0.18887922167778015,0.976478636264801,1,0.05035289004445076,-0.08247484266757965,-0.038346078246831894,-0.10375523567199707,-0.04256390780210495,0.9936916828155518
P001,P001_S01,P001_S01_ST1TR_TR04_R01,TR04,R01,Gridworld_Requested_Gaze,Study 1,Gridworld,Requested Feedback,Eye Gaze,1,1787856676.1879992,1787856677.691148,2026-08-27T18:51:17.691148+00:00,1.5031487941741943,548404.453,132,839078013310,1,1,0.05021544173359871,-0.04965036362409592,-0.0376460887491703,-0.1039799153804779,-0.11281692981719971,0.988160252571106,1,0.050086911767721176,-0.013793549500405788,-0.03685470297932625,-0.10409592092037201,-0.18808484077453613,0.9766206741333008,1,0.050356317311525345,-0.08247967064380646,-0.03835423290729523,-0.10408898442983627,-0.04356975480914116,0.9936131834983826
P001,P001_S01,P001_S01_ST1TR_TR04_R01,TR04,R01,Gridworld_Requested_Gaze,Study 1,Gridworld,Requested Feedback,Eye Gaze,1,1787856676.1879992,1787856677.6951537,2026-08-27T18:51:17.695154+00:00,1.5071544647216797,548404.468,133,839078124421,1,1,0.050218161195516586,-0.04969993606209755,-0.03764504939317703,-0.10371324419975281,-0.11210888624191284,0.9882688522338867,1,0.05010053142905235,-0.013799612410366535,-0.036838725209236145,-0.10308439284563065,-0.18824830651283264,0.9766965508460999,1,0.05036897957324982,-0.08246685564517975,-0.038344331085681915,-0.1029137372970581,-0.041709233075380325,0.9938154816627502
P001,P001_S01,P001_S01_ST1TR_TR04_R01,TR04,R01,Gridworld_Requested_Gaze,Study 1,Gridworld,Requested Feedback,Eye Gaze,1,1787856676.1879992,1787856677.7129338,2026-08-27T18:51:17.712934+00:00,1.5249345302581787,548404.484,134,839078235533,1,1,0.050223447382450104,-0.04988252744078636,-0.03764577955007553,-0.10331998765468597,-0.11135043948888779,0.9883956909179688,1,0.050107426941394806,-0.013782917521893978,-0.03684686869382858,-0.10256344825029373,-0.18673452734947205,0.9770419597625732,1,0.05037873983383179,-0.082473024725914,-0.038345109671354294,-0.10225550830364227,-0.04272293671965599,0.9938403367996216
P001,P001_S01,P001_S01_ST1TR_TR04_R01,TR04,R01,Gridworld_Requested_Gaze,Study 1,Gridworld,Requested Feedback,Eye Gaze,1,1787856676.1879992,1787856677.7129338,2026-08-27T18:51:17.712934+00:00,1.5249345302581787,548404.484,135,839078346645,1,1,0.0502278134226799,-0.04989238828420639,-0.03764311969280243,-0.1028045043349266,-0.11119924485683441,0.9884665608406067,1,0.05011303350329399,-0.013786355033516884,-0.03684341534972191,-0.10187173634767532,-0.18746300041675568,0.9769748449325562,1,0.050384312868118286,-0.08247952163219452,-0.03835136443376541,-0.1015351265668869,-0.04381856322288513,0.9938664436340332
P001,P001_S01,P001_S01_ST1TR_TR04_R01,TR04,R01,Gridworld_Requested_Gaze,Study 1,Gridworld,Requested Feedback,Eye Gaze,1,1787856676.1879992,1787856677.7295625,2026-08-27T18:51:17.729563+00:00,1.5415632724761963,548404.5,136,839078457756,1,1,0.05023250728845596,-0.04993773251771927,-0.0376417301595211,-0.10209588706493378,-0.11076181381940842,0.9885890483856201,1,0.050118155777454376,-0.013778498396277428,-0.036849651485681534,-0.10082454979419708,-0.18726803362369537,0.9771208167076111,1,0.05038802698254585,-0.08246098458766937,-0.03833474963903427,-0.10052632540464401,-0.042348712682724,0.9940326809883118
P001,P001_S01,P001_S01_ST1TR_TR04_R01,TR04,R01,Gridworld_Requested_Gaze,Study 1,Gridworld,Requested Feedback,Eye Gaze,1,1787856676.1879992,1787856677.749188,2026-08-27T18:51:17.749188+00:00,1.5611886978149414,548404.515,137,839078568867,1,1,0.05023748427629471,-0.050103530287742615,-0.03764394298195839,-0.10166126489639282,-0.11008826643228531,0.9887090921401978,1,0.050116103142499924,-0.01378444954752922,-0.03684075549244881,-0.10112884640693665,-0.18729715049266815,0.9770838022232056,1,0.050391167402267456,-0.08246498554944992,-0.03834306448698044,-0.10051590949296951,-0.04222012683749199,0.9940392971038818
P001,P001_S01,P001_S01_ST1TR_TR04_R01,TR04,R01,Gridworld_Requested_Gaze,Study 1,Gridworld,Requested Feedback,Eye Gaze,1,1787856676.1879992,1787856677.7501917,2026-08-27T18:51:17.750192+00:00,1.562192440032959,548404.515,138,839078679978,1,1,0.05024122819304466,-0.04993341490626335,-0.03763804957270622,-0.10148896276950836,-0.11032650619745255,0.9887002110481262,1,0.05011685937643051,-0.013768181204795837,-0.036848850548267365,-0.1014290452003479,-0.18562211096286774,0.9773722887039185,1,0.050390977412462234,-0.08244898915290833,-0.038334138691425323,-0.1008688360452652,-0.04060767590999603,0.9940706491470337
P001,P001_S01,P001_S01_ST1TR_TR04_R01,TR04,R01,Gridworld_Requested_Gaze,Study 1,Gridworld,Requested Feedback,Eye Gaze,1,1787856676.1879992,1787856677.7681699,2026-08-27T18:51:17.768170+00:00,1.5801706314086914,548404.531,139,839078791089,1,1,0.05024661868810654,-0.04999685660004616,-0.03763730078935623,-0.10137733817100525,-0.10884065926074982,0.9888763427734375,1,0.050118837505578995,-0.013761681504547596,-0.03685132414102554,-0.10139045864343643,-0.18497036397457123,0.9774998426437378,1,0.05039345100522041,-0.08244048058986664,-0.03832690790295601,-0.10093953460454941,-0.039741430431604385,0.9940986037254333
P001,P001_S01,P001_S01_ST1TR_TR04_R01,TR04,R01,Gridworld_Requested_Gaze,Study 1,Gridworld,Requested Feedback,Eye Gaze,1,1787856676.1879992,1787856677.7681699,2026-08-27T18:51:17.768170+00:00,1.5801706314086914,548404.531,140,839078902202,1,1,0.05025269091129303,-0.050410717725753784,-0.03764406219124794,-0.10148610174655914,-0.10681232810020447,0.9890863299369812,1,0.050120946019887924,-0.013757213950157166,-0.03685123845934868,-0.10189545154571533,-0.18468458950519562,0.9775013327598572,1,0.050391267985105515,-0.08244074136018753,-0.03832712024450302,-0.10148537904024124,-0.04002496600151062,0.9940316081047058
P001,P001_S01,P001_S01_ST1TR_TR04_R01,TR04,R01,Gridworld_Requested_Gaze,Study 1,Gridworld,Requested Feedback,Eye Gaze,1,1787856676.1879992,1787856677.78837,2026-08-27T18:51:17.788370+00:00,1.6003706455230713,548404.562,141,839079013312,1,1,0.05025947093963623,-0.05065903067588806,-0.037645626813173294,-0.10078354179859161,-0.11199978739023209,0.9885842800140381,1,0.050123415887355804,-0.013874897733330727,-0.03694116324186325,-0.09969671815633774,-0.20659062266349792,0.9733348488807678,1,0.050421107560396194,-0.08247750997543335,-0.03820667415857315,-0.09914010018110275,-0.052093252539634705,0.9937089681625366
P001,P001_S01,P001_S01_ST1TR_TR04_R01,TR04,R01,Gridworld_Requested_Gaze,Study 1,Gridworld,Requested Feedback,Eye Gaze,1,1787856676.1879992,1787856677.7903707,2026-08-27T18:51:17.790371+00:00,1.6023714542388916,548404.562,142,839079124424,1,1,0.05022694543004036,-0.05001857504248619,-0.037801265716552734,-0.10201011598110199,-0.17594142258167267,0.9791010022163391,1,0.050097495317459106,-0.014421614818274975,-0.036925677210092545,-0.10172131657600403,-0.25010454654693604,0.9628605246543884,1,0.05034727603197098,-0.08310573548078537,-0.03861512988805771,-0.10175130516290665,-0.10609796643257141,0.9891359806060791
P001,P001_S01,P001_S01_ST1TR_TR04_R01,TR04,R01,Gridworld_Requested_Gaze,Study 1,Gridworld,Requested Feedback,Eye Gaze,1,1787856676.1879992,1787856677.8092349,2026-08-27T18:51:17.809235+00:00,1.6212356090545654,548404.578,143,839079235535,1,0,0.0,0.0,0.0,0.0,0.0,0.0,1,0.050067365169525146,-0.014865757897496223,-0.03691432997584343,-0.11104413121938705,-0.2820802927017212,0.9529427886009216,1,0.050337888300418854,-0.08358386904001236,-0.03893337398767471,-0.1117505207657814,-0.1425493359565735,0.983458936214447
P001,P001_S01,P001_S01_ST1TR_TR04_R01,TR04,R01,Gridworld_Requested_Gaze,Study 1,Gridworld,Requested Feedback,Eye Gaze,1,1787856676.1879992,1787856677.8092349,2026-08-27T18:51:17.809235+00:00,1.6212356090545654,548404.578,144,839079346648,1,1,0.05018756538629532,-0.04893546551465988,-0.03794378787279129,-0.11340142786502838,-0.2317248284816742,0.9661489129066467,1,0.050060372799634933,-0.015069100074470043,-0.03692127764225006,-0.11254269629716873,-0.3020591735839844,0.9466226100921631,1,0.05031830817461014,-0.08374622464179993,-0.038994815200567245,-0.11365421861410141,-0.15814222395420074,0.9808536767959595
P001,P001_S01,P001_S01_ST1TR_TR04_R01,TR04,R01,Gridworld_Requested_Gaze,Study 1,Gridworld,Requested Feedback,Eye Gaze,1,1787856676.1879992,1787856677.8282838,2026-08-27T18:51:17.828284+00:00,1.640284538269043,548404.593,145,839079457758,1,1,0.05019350349903107,-0.04885746166110039,-0.03793049603700638,-0.11252458393573761,-0.22997643053531647,0.9666691422462463,1,0.05007287487387657,-0.014980040490627289,-0.036926787346601486,-0.11009655892848969,-0.29304981231689453,0.9497371315956116,1,0.05033032223582268,-0.0837300643324852,-0.03894135355949402,-0.11116999387741089,-0.15701988339424133,0.981318473815918
P001,P001_S01,P001_S01_ST1TR_TR04_R01,TR04,R01,Gridworld_Requested_Gaze,Study 1,Gridworld,Requested Feedback,Eye Gaze,1,1787856676.1879992,1787856677.8479066,2026-08-27T18:51:17.847907+00:00,1.659907341003418,548404.625,146,839079569722,1,1,0.05019473284482956,-0.047700319439172745,-0.03788662329316139,-0.11171755194664001,-0.23192793130874634,0.9662964344024658,1,0.05008510872721672,-0.0149442870169878,-0.036963094025850296,-0.10963723808526993,-0.2957886755466461,0.9489408135414124,1,0.05033823475241661,-0.08368846029043198,-0.038850463926792145,-0.11052203178405762,-0.15881966054439545,0.9811021089553833
P001,P001_S01,P001_S01_ST1TR_TR04_R01,TR04,R01,Gridworld_Requested_Gaze,Study 1,Gridworld,Requested Feedback,Eye Gaze,1,1787856676.1879992,1787856677.8479066,2026-08-27T18:51:17.847907+00:00,1.659907341003418,548404.625,147,839079723515,1,1,0.050202008336782455,-0.048046261072158813,-0.03788819536566734,-0.11106246709823608,-0.23007667064666748,0.9668142795562744,1,0.050100427120923996,-0.014915800653398037,-0.036961864680051804,-0.1091768890619278,-0.2928008437156677,0.9499199986457825,1,0.05034881830215454,-0.08368608355522156,-0.038835808634757996,-0.11030059307813644,-0.1584922820329666,0.98117995262146
P001,P001_S01,P001_S01_ST1TR_TR04_R01,TR04,R01,Gridworld_Requested_Gaze,Study 1,Gridworld,Requested Feedback,Eye Gaze,1,1787856676.1879992,1787856677.8686593,2026-08-27T18:51:17.868659+00:00,1.6806600093841553,548404.64,148,839079830500,1,1,0.05021040141582489,-0.04784421622753143,-0.03787047415971756,-0.11014334857463837,-0.2294609546661377,0.9670658111572266,1,0.05012347176671028,-0.014912160113453865,-0.036930061876773834,-0.10800722241401672,-0.29239165782928467,0.9501798152923584,1,0.05038129910826683,-0.08364877104759216,-0.03879060596227646,-0.10878357291221619,-0.1543796807527542,0.982004702091217
P001,P001_S01,P001_S01_ST1TR_TR04_R01,TR04,R01,Gridworld_Requested_Gaze,Study 1,Gridworld,Requested Feedback,Eye Gaze,1,1787856676.1879992,1787856677.8686593,2026-08-27T18:51:17.868659+00:00,1.6806600093841553,548404.64,149,839079941082,1,1,0.05021938681602478,-0.04786713793873787,-0.037860363721847534,-0.10989698767662048,-0.22739368677139282,0.9675819873809814,1,0.05014926567673683,-0.014897160232067108,-0.03688588738441467,-0.10896365344524384,-0.28847336769104004,0.9512676000595093,1,0.050388358533382416,-0.08365387469530106,-0.03880602493882179,-0.10998185724020004,-0.15283678472042084,0.982112467288971
P001,P001_S01,P001_S01_ST1TR_TR04_R01,TR04,R01,Gridworld_Requested_Gaze,Study 1,Gridworld,Requested Feedback,Eye Gaze,1,1787856676.1879992,1787856677.8884456,2026-08-27T18:51:17.888446+00:00,1.700446367263794,548404.656,150,839080052194,1,1,0.05022762715816498,-0.04797932878136635,-0.03785445913672447,-0.10983055084943771,-0.22515584528446198,0.968112587928772,1,0.05016418173909187,-0.014878148213028908,-0.03688104450702667,-0.10920373350381851,-0.28700312972068787,0.9516846537590027,1,0.050394028425216675,-0.08364416658878326,-0.038790736347436905,-0.11028137058019638,-0.15230754017829895,0.9821610450744629
P001,P001_S01,P001_S01_ST1TR_TR04_R01,TR04,R01,Gridworld_Requested_Gaze,Study 1,Gridworld,Requested Feedback,Eye Gaze,1,1787856676.1879992,1787856677.90919,2026-08-27T18:51:17.909190+00:00,1.7211906909942627,548404.671,151,839080163305,1,1,0.05023708939552307,-0.048446908593177795,-0.037858203053474426,-0.10991225391626358,-0.22155776619911194,0.9689332842826843,1,0.050179384648799896,-0.014842997305095196,-0.036901362240314484,-0.10949583351612091,-0.28780195116996765,0.9514098167419434,1,0.05041048303246498,-0.08360046148300171,-0.038734354078769684,-0.11057613044977188,-0.15190523862838745,0.9821902513504028
P001,P001_S01,P001_S01_ST1TR_TR04_R01,TR04,R01,Gridworld_Requested_Gaze,Study 1,Gridworld,Requested Feedback,Eye Gaze,1,1787856676.1879992,1787856677.9111907,2026-08-27T18:51:17.911191+00:00,1.723191499710083,548404.687,152,839080274417,1,1,0.05024334788322449,-0.04823239520192146,-0.0378447100520134,-0.10942602157592773,-0.2221754491329193,0.9688467979431152,1,0.05019350349903107,-0.01483559887856245,-0.03689155355095863,-0.10812290757894516,-0.2868801951408386,0.951845109462738,1,0.05041029304265976,-0.08358248323202133,-0.038725633174180984,-0.10897378623485565,-0.14965860545635223,0.9827141165733337
P001,P001_S01,P001_S01_ST1TR_TR04_R01,TR04,R01,Gridworld_Requested_Gaze,Study 1,Gridworld,Requested Feedback,Eye Gaze,1,1787856676.1879992,1787856677.930625,2026-08-27T18:51:17.930625+00:00,1.7426257133483887,548404.703,153,839080385528,1,1,0.05024927109479904,-0.048200417309999466,-0.03783635422587395,-0.1092560887336731,-0.22117964923381805,0.9690937995910645,1,0.05020592734217644,-0.014829800464212894,-0.03687111288309097,-0.10858012735843658,-0.28562143445014954,0.9521715641021729,1,0.050406794995069504,-0.08357588946819305,-0.03872058168053627,-0.10937437415122986,-0.14834323525428772,0.982869029045105
P001,P001_S01,P001_S01_ST1TR_TR04_R01,TR04,R01,Gridworld_Requested_Gaze,Study 1,Gridworld,Requested Feedback,Eye Gaze,1,1787856676.1879992,1787856677.930625,2026-08-27T18:51:17.930625+00:00,1.7426257133483887,548404.703,154,839080496638,1,1,0.05026089772582054,-0.047895729541778564,-0.03781186416745186,-0.10933816432952881,-0.2210235446691513,0.9691201448440552,1,0.0502152144908905,-0.014801261015236378,-0.03686356171965599,-0.10924439132213593,-0.28236332535743713,0.953066885471344,1,0.05041119456291199,-0.08356231451034546,-0.038711197674274445,-0.10985659807920456,-0.14670242369174957,0.9830615520477295
P001,P001_S01,P001_S01_ST1TR_TR04_R01,TR04,R01,Gridworld_Requested_Gaze,Study 1,Gridworld,Requested Feedback,Eye Gaze,1,1787856676.1879992,1787856677.9495063,2026-08-27T18:51:17.949506+00:00,1.7615070343017578,548404.718,155,839080607751,1,1,0.05027154088020325,-0.04752222076058388,-0.03778677061200142,-0.10988768190145493,-0.22132402658462524,0.968989372253418,1,0.05022193863987923,-0.014790087006986141,-0.0368412546813488,-0.11069085448980331,-0.28115400671958923,0.9532576203346252,1,0.050412848591804504,-0.08356406539678574,-0.038716722279787064,-0.111212819814682,-0.14705754816532135,0.9828559756278992
P001,P001_S01,P001_S01_ST1TR_TR04_R01,TR04,R01,Gridworld_Requested_Gaze,Study 1,Gridworld,Requested Feedback,Eye Gaze,1,1787856676.1879992,1787856677.9495063,2026-08-27T18:51:17.949506+00:00,1.7615070343017578,548404.718,156,839080718863,1,1,0.05028316751122475,-0.047354865819215775,-0.03776773065328598,-0.1101023480296135,-0.22208118438720703,0.9687918424606323,1,0.050236258655786514,-0.0147803770378232,-0.03681422770023346,-0.11025816947221756,-0.280681848526001,0.9534468054771423,1,0.05041966587305069,-0.08354240655899048,-0.03870189189910889,-0.11070769280195236,-0.1452370584011078,0.9831835627555847
P001,P001_S01,P001_S01_ST1TR_TR04_R01,TR04,R01,Gridworld_Requested_Gaze,Study 1,Gridworld,Requested Feedback,Eye Gaze,1,1787856676.1879992,1787856677.9679496,2026-08-27T18:51:17.967950+00:00,1.7799503803253174,548404.734,157,839080829973,1,1,0.05029356852173805,-0.0469733364880085,-0.03774145245552063,-0.1100238636136055,-0.22022391855716705,0.9692245721817017,1,0.05024490877985954,-0.014757029712200165,-0.03680337220430374,-0.1096685528755188,-0.27772611379623413,0.9543798565864563,1,0.050431814044713974,-0.08350436389446259,-0.03866617754101753,-0.10993313789367676,-0.1406083106994629,0.9839431643486023
P001,P001_S01,P001_S01_ST1TR_TR04_R01,TR04,R01,Gridworld_Requested_Gaze,Study 1,Gridworld,Requested Feedback,Eye Gaze,1,1787856676.1879992,1787856677.9679496,2026-08-27T18:51:17.967950+00:00,1.7799503803253174,548404.734,158,839080941085,1,1,0.05030299723148346,-0.046808209270238876,-0.037723440676927567,-0.1093830019235611,-0.2187998741865158,0.9696195721626282,1,0.05025382712483406,-0.014752392657101154,-0.03679760545492172,-0.1079200729727745,-0.2787759006023407,0.9542732238769531,1,0.05044325813651085,-0.083473801612854,-0.038641344755887985,-0.10830667614936829,-0.13877499103546143,0.9843835830688477
P001,P001_S01,P001_S01_ST1TR_TR04_R01,TR04,R01,Gridworld_Requested_Gaze,Study 1,Gridworld,Requested Feedback,Eye Gaze,1,1787856676.1879992,1787856677.9902613,2026-08-27T18:51:17.990261+00:00,1.8022620677947998,548404.765,159,839081052196,1,1,0.05030986666679382,-0.04666594788432121,-0.03770766407251358,-0.10948984324932098,-0.21631188690662384,0.9701655507087708,1,0.050246041268110275,-0.014724323526024818,-0.03679148107767105,-0.10941513627767563,-0.27511414885520935,0.9551652073860168,1,0.05043387785553932,-0.08347880840301514,-0.03865005075931549,-0.10991669446229935,-0.13888347148895264,0.9841899871826172
P001,P001_S01,P001_S01_ST1TR_TR04_R01,TR04,R01,Gridworld_Requested_Gaze,Study 1,Gridworld,Requested Feedback,Eye Gaze,1,1787856676.1879992,1787856678.0092714,2026-08-27T18:51:18.009271+00:00,1.8212721347808838,548404.781,160,839081163307,1,1,0.050314467400312424,-0.04630379006266594,-0.037685591727495193,-0.10950583219528198,-0.2148931324481964,0.9704790115356445,1,0.05024062842130661,-0.014710573479533195,-0.03678670525550842,-0.10920290648937225,-0.2737751007080078,0.9555741548538208,1,0.050427548587322235,-0.08344823867082596,-0.03862658888101578,-0.10980755090713501,-0.13549970090389252,0.9846736788749695
P001,P001_S01,P001_S01_ST1TR_TR04_R01,TR04,R01,Gridworld_Requested_Gaze,Study 1,Gridworld,Requested Feedback,Eye Gaze,1,1787856676.1879992,1787856678.0092714,2026-08-27T18:51:18.009271+00:00,1.8212721347808838,548404.781,161,839081274419,1,1,0.05031682923436165,-0.04588640108704567,-0.03766382113099098,-0.10951262712478638,-0.2122211754322052,0.9710660576820374,1,0.05023187771439552,-0.014695916324853897,-0.03679213672876358,-0.10924167186021805,-0.2733660340309143,0.9556867480278015,1,0.0504307895898819,-0.08344423025846481,-0.03862260654568672,-0.10967401415109634,-0.13630695641040802,0.9845771193504333
P001,P001_S01,P001_S01_ST1TR_TR04_R01,TR04,R01,Gridworld_Requested_Gaze,Study 1,Gridworld,Requested Feedback,Eye Gaze,1,1787856676.1879992,1787856678.0282788,2026-08-27T18:51:18.028279+00:00,1.8402795791625977,548404.796,162,839081385531,1,1,0.05031951889395714,-0.04583369940519333,-0.037652626633644104,-0.10876491665840149,-0.21124795079231262,0.971362292766571,1,0.05022637918591499,-0.014654364436864853,-0.03682930767536163,-0.10712756216526031,-0.2724865972995758,0.9561771750450134,1,0.050432510673999786,-0.08340975642204285,-0.03857479244470596,-0.10750476270914078,-0.13593080639839172,0.9848683476448059
P001,P001_S01,P001_S01_ST1TR_TR04_R01,TR04,R01,Gridworld_Requested_Gaze,Study 1,Gridworld,Requested Feedback,Eye Gaze,1,1787856676.1879992,1787856678.02927,2026-08-27T18:51:18.029270+00:00,1.8412706851959229,548404.796,163,839081496642,1,1,0.05032087489962578,-0.04561137780547142,-0.03763706609606743,-0.10837201774120331,-0.21001866459846497,0.9716727137565613,1,0.050220634788274765,-0.014638666994869709,-0.03683216869831085,-0.10744620114564896,-0.2710322439670563,0.9565545916557312,1,0.05043204501271248,-0.08337906002998352,-0.03854415938258171,-0.1078290343284607,-0.13274039328098297,0.9852679371833801
P001,P001_S01,P001_S01_ST1TR_TR04_R01,TR04,R01,Gridworld_Requested_Gaze,Study 1,Gridworld,Requested Feedback,Eye Gaze,1,1787856676.1879992,1787856678.0481133,2026-08-27T18:51:18.048113+00:00,1.8601140975952148,548404.812,164,839081607752,1,1,0.05032265558838844,-0.04589971899986267,-0.03763435035943985,-0.10818001627922058,-0.2067268341779709,0.9723997116088867,1,0.050214365124702454,-0.014630528166890144,-0.036833878606557846,-0.10766515135765076,-0.271261602640152,0.9564650654792786,1,0.05043032020330429,-0.08335224539041519,-0.038520388305187225,-0.10795975476503372,-0.13080717623233795,0.9855121374130249
P001,P001_S01,P001_S01_ST1TR_TR04_R01,TR04,R01,Gridworld_Requested_Gaze,Study 1,Gridworld,Requested Feedback,Eye Gaze,1,1787856676.1879992,1787856678.0496182,2026-08-27T18:51:18.049618+00:00,1.861618995666504,548404.812,165,839081718864,1,1,0.05032357573509216,-0.046116746962070465,-0.03763064369559288,-0.10787764936685562,-0.2054009884595871,0.9727143049240112,1,0.05021580681204796,-0.014623703435063362,-0.0368364043533802,-0.10706465691328049,-0.27157410979270935,0.9564436674118042,1,0.05042514577507973,-0.08332831412553787,-0.03850771486759186,-0.10757223516702652,-0.12918339669704437,0.9857686161994934
P001,P001_S01,P001_S01_ST1TR_TR04_R01,TR04,R01,Gridworld_Requested_Gaze,Study 1,Gridworld,Requested Feedback,Eye Gaze,1,1787856676.1879992,1787856678.068242,2026-08-27T18:51:18.068242+00:00,1.8802428245544434,548404.843,166,839081829975,1,1,0.05032363533973694,-0.046439122408628464,-0.037632137537002563,-0.10743916034698486,-0.20394733548164368,0.9730685949325562,1,0.05021084472537041,-0.01459350436925888,-0.0368504635989666,-0.10647435486316681,-0.2688951790332794,0.9572661519050598,1,0.05043007805943489,-0.08330859243869781,-0.03849262371659279,-0.1068163588643074,-0.12760627269744873,0.9860562682151794
P001,P001_S01,P001_S01_ST1TR_TR04_R01,TR04,R01,Gridworld_Requested_Gaze,Study 1,Gridworld,Requested Feedback,Eye Gaze,1,1787856676.1879992,1787856678.068242,2026-08-27T18:51:18.068242+00:00,1.8802428245544434,548404.843,167,839081941086,1,1,0.05032223463058472,-0.04683149605989456,-0.0376366563141346,-0.1077059879899025,-0.20145541429519653,0.9735581278800964,1,0.050203628838062286,-0.014600998722016811,-0.03683846816420555,-0.10801488906145096,-0.26936596632003784,0.9569611549377441,1,0.0504225455224514,-0.0833117738366127,-0.038500748574733734,-0.1084446832537651,-0.127669095993042,0.9858704805374146
P001,P001_S01,P001_S01_ST1TR_TR04_R01,TR04,R01,Gridworld_Requested_Gaze,Study 1,Gridworld,Requested Feedback,Eye Gaze,1,1787856676.1879992,1787856678.084273,2026-08-27T18:51:18.084273+00:00,1.8962738513946533,548404.859,168,839082052198,1,1,0.050318993628025055,-0.04714685678482056,-0.037640638649463654,-0.10806478559970856,-0.20009219646453857,0.9737994074821472,1,0.0501936674118042,-0.01459389366209507,-0.03684002906084061,-0.10860466957092285,-0.2687864303588867,0.9570574164390564,1,0.05042082443833351,-0.08330695331096649,-0.0384984165430069,-0.10884077847003937,-0.1273384839296341,0.9858694672584534
P001,P001_S01,P001_S01_ST1TR_TR04_R01,TR04,R01,Gridworld_Requested_Gaze,Study 1,Gridworld,Requested Feedback,Eye Gaze,1,1787856676.1879992,1787856678.1117005,2026-08-27T18:51:18.111701+00:00,1.923701286315918,548404.875,169,839082163308,1,1,0.050315581262111664,-0.04731368273496628,-0.03764163702726364,-0.10846446454524994,-0.19904516637325287,0.9739696383476257,1,0.050186287611722946,-0.014572495594620705,-0.036846429109573364,-0.10901487618684769,-0.2660696506500244,0.9577696919441223,1,0.05041626840829849,-0.08331629633903503,-0.03851236775517464,-0.1093175932765007,-0.12807321548461914,0.9857214093208313
P001,P001_S01,P001_S01_ST1TR_TR04_R01,TR04,R01,Gridworld_Requested_Gaze,Study 1,Gridworld,Requested Feedback,Eye Gaze,1,1787856676.1879992,1787856678.1117005,2026-08-27T18:51:18.111701+00:00,1.923701286315918,548404.875,170,839082274420,1,1,0.050312310457229614,-0.0476241409778595,-0.03764718398451805,-0.10925900936126709,-0.19798670709133148,0.9740964770317078,1,0.050178851932287216,-0.014573012478649616,-0.03684471175074577,-0.11043272167444229,-0.2659575343132019,0.9576382637023926,1,0.05040717497467995,-0.083296038210392,-0.0385013073682785,-0.11083576083183289,-0.12561778724193573,0.9858678579330444
P001,P001_S01,P001_S01_ST1TR_TR04_R01,TR04,R01,Gridworld_Requested_Gaze,Study 1,Gridworld,Requested Feedback,Eye Gaze,1,1787856676.1879992,1787856678.1284266,2026-08-27T18:51:18.128427+00:00,1.940427303314209,548404.89,171,839082385531,1,1,0.050307806581258774,-0.0475444495677948,-0.03764337673783302,-0.11001884937286377,-0.19830016791820526,0.9739472270011902,1,0.0501738078892231,-0.014569662511348724,-0.03684651106595993,-0.11107389628887177,-0.2652774155139923,0.9577527642250061,1,0.050404664129018784,-0.08330565690994263,-0.03851741924881935,-0.11144470423460007,-0.12646037340164185,0.9856916069984436
P001,P001_S01,P001_S01_ST1TR_TR04_R01,TR04,R01,Gridworld_Requested_Gaze,Study 1,Gridworld,Requested Feedback,Eye Gaze,1,1787856676.1879992,1787856678.1294274,2026-08-27T18:51:18.129427+00:00,1.9414281845092773,548404.906,172,839082496644,1,1,0.05030389502644539,-0.04752730205655098,-0.03764050453901291,-0.11013880372047424,-0.19865231215953827,0.9738618731498718,1,0.050175245851278305,-0.014570366591215134,-0.036848168820142746,-0.10995952785015106,-0.2655501663684845,0.9578058123588562,1,0.05040822923183441,-0.08327078819274902,-0.03849250078201294,-0.11025015264749527,-0.12266381084918976,0.9863055348396301
P001,P001_S01,P001_S01_ST1TR_TR04_R01,TR04,R01,Gridworld_Requested_Gaze,Study 1,Gridworld,Requested Feedback,Eye Gaze,1,1787856676.1879992,1787856678.14843,2026-08-27T18:51:18.148430+00:00,1.9604308605194092,548404.921,173,839082607755,1,1,0.05030098557472229,-0.04776088148355484,-0.03764629736542702,-0.11042685806751251,-0.19757086038589478,0.9740492701530457,1,0.05017245188355446,-0.0145575487986207,-0.03685283660888672,-0.11052163690328598,-0.26395076513290405,0.9581831693649292,1,0.050407830625772476,-0.08330072462558746,-0.03851781040430069,-0.11087945103645325,-0.12589076161384583,0.9858282804489136
P001,P001_S01,P001_S01_ST1TR_TR04_R01,TR04,R01,Gridworld_Requested_Gaze,Study 1,Gridworld,Requested Feedback,Eye Gaze,1,1787856676.1879992,1787856678.150938,2026-08-27T18:51:18.150938+00:00,1.9629387855529785,548404.921,174,839082718866,1,1,0.050297413021326065,-0.047778334468603134,-0.037647783756256104,-0.11063642799854279,-0.19611014425754547,0.9743204712867737,1,0.05017069727182388,-0.014559309929609299,-0.036849088966846466,-0.11049208045005798,-0.26368361711502075,0.9582601189613342,1,0.0504009984433651,-0.08330192416906357,-0.03852342441678047,-0.11097197979688644,-0.1255669891834259,0.9858590960502625
P001,P001_S01,P001_S01_ST1TR_TR04_R01,TR04,R01,Gridworld_Requested_Gaze,Study 1,Gridworld,Requested Feedback,Eye Gaze,1,1787856676.1879992,1787856678.1688135,2026-08-27T18:51:18.168813+00:00,1.9808142185211182,548404.937,175,839082829979,1,1,0.05029413849115372,-0.04782378301024437,-0.03765064477920532,-0.11053000390529633,-0.19569534063339233,0.9744160175323486,1,0.050170574337244034,-0.01455097459256649,-0.03685212880373001,-0.10982675105333328,-0.2623709738254547,0.9586968421936035,1,0.05040265992283821,-0.08329999446868896,-0.03852459043264389,-0.11023949831724167,-0.1249566599726677,0.9860188961029053
P001,P001_S01,P001_S01_ST1TR_TR04_R01,TR04,R01,Gridworld_Requested_Gaze,Study 1,Gridworld,Requested Feedback,Eye Gaze,1,1787856676.1879992,1787856678.1688135,2026-08-27T18:51:18.168813+00:00,1.9808142185211182,548404.937,176,839082941089,1,1,0.05029135197401047,-0.04802446812391281,-0.03765702247619629,-0.11047866940498352,-0.19498176872730255,0.9745649099349976,1,0.05017165094614029,-0.014566435478627682,-0.03683951869606972,-0.10980109870433807,-0.26387959718704224,0.9582855701446533,1,0.05040067434310913,-0.08330949395895004,-0.038534630089998245,-0.11036953330039978,-0.1258540153503418,0.9858901500701904
P001,P001_S01,P001_S01_ST1TR_TR04_R01,TR04,R01,Gridworld_Requested_Gaze,Study 1,Gridworld,Requested Feedback,Eye Gaze,1,1787856676.1879992,1787856678.187716,2026-08-27T18:51:18.187716+00:00,1.9997167587280273,548404.953,177,839083052200,1,1,0.05028823763132095,-0.04794880002737045,-0.037656523287296295,-0.11064764857292175,-0.194731667637825,0.9745957255363464,1,0.05016682669520378,-0.014567787759006023,-0.03683467209339142,-0.11043664813041687,-0.2639043927192688,0.9582056999206543,1,0.0504019632935524,-0.08330222219228745,-0.03853055089712143,-0.11089905351400375,-0.12496080249547958,0.9859442710876465
P001,P001_S01,P001_S01_ST1TR_TR04_R01,TR04,R01,Gridworld_Requested_Gaze,Study 1,Gridworld,Requested Feedback,Eye Gaze,1,1787856676.1879992,1787856678.2086418,2026-08-27T18:51:18.208642+00:00,2.0206425189971924,548404.984,178,839083163313,1,1,0.05028577521443367,-0.04796014353632927,-0.03765822947025299,-0.11083085834980011,-0.19416962563991547,0.9746870398521423,1,0.050164591521024704,-0.014562653377652168,-0.03682979196310043,-0.11060333997011185,-0.262736976146698,0.9585072994232178,1,0.05039980262517929,-0.08330470323562622,-0.03853693604469299,-0.11112572252750397,-0.1246291846036911,0.9859607219696045
P001,P001_S01,P001_S01_ST1TR_TR04_R01,TR04,R01,Gridworld_Requested_Gaze,Study 1,Gridworld,Requested Feedback,Eye Gaze,1,1787856676.1879992,1787856678.2086418,2026-08-27T18:51:18.208642+00:00,2.0206425189971924,548404.984,179,839083274423,1,0,0.0,0.0,0.0,0.0,0.0,0.0,1,0.05017711967229843,-0.014484562911093235,-0.036836087703704834,-0.10564885288476944,-0.25375035405158997,0.9614827036857605,1,0.050377849489450455,-0.08318395167589188,-0.038489099591970444,-0.10584406554698944,-0.11073668301105499,0.9881976246833801
P001,P001_S01,P001_S01_ST1TR_TR04_R01,TR04,R01,Gridworld_Requested_Gaze,Study 1,Gridworld,Requested Feedback,Eye Gaze,1,1787856676.1879992,1787856678.228233,2026-08-27T18:51:18.228233+00:00,2.040233850479126,548405.0,180,839083385534,1,0,0.0,0.0,0.0,0.0,0.0,0.0,1,0.050154175609350204,-0.014044865034520626,-0.0368664488196373,-0.1080377846956253,-0.21267364919185638,0.971132218837738,1,0.050363004207611084,-0.08258645981550217,-0.03841067850589752,-0.108393095433712,-0.05222509801387787,0.9927353858947754
P001,P001_S01,P001_S01_ST1TR_TR04_R01,TR04,R01,Gridworld_Requested_Gaze,Study 1,Gridworld,Requested Feedback,Eye Gaze,1,1787856676.1879992,1787856678.228233,2026-08-27T18:51:18.228233+00:00,2.040233850479126,548405.0,181,839083496646,1,0,0.0,0.0,0.0,0.0,0.0,0.0,1,0.050131283700466156,-0.013404694385826588,-0.03708009794354439,-0.1045500859618187,-0.15156589448451996,0.9829023480415344,1,0.05036959424614906,-0.08212438225746155,-0.038305461406707764,-0.10341552644968033,-0.010925966314971447,0.9945782423019409
P001,P001_S01,P001_S01_ST1TR_TR04_R01,TR04,R01,Gridworld_Requested_Gaze,Study 1,Gridworld,Requested Feedback,Eye Gaze,1,1787856676.1879992,1787856678.247748,2026-08-27T18:51:18.247748+00:00,2.059748649597168,548405.015,182,839083607758,1,0,0.0,0.0,0.0,0.0,0.0,0.0,1,0.05014999583363533,-0.013416864909231663,-0.03696668520569801,-0.10854626446962357,-0.15283745527267456,0.9822720289230347,1,0.05036475509405136,-0.08211120963096619,-0.03839612007141113,-0.1074773296713829,-0.0097352871671319,0.9941598773002625
P001,P001_S01,P001_S01_ST1TR_TR04_R01,TR04,R01,Gridworld_Requested_Gaze,Study 1,Gridworld,Requested Feedback,Eye Gaze,1,1787856676.1879992,1787856678.2487476,2026-08-27T18:51:18.248748+00:00,2.060748338699341,548405.015,183,839083718868,1,1,0.050293873995542526,-0.05540132522583008,-0.03780136629939079,-0.10603944212198257,-0.06525983661413193,0.9922181367874146,1,0.0501522459089756,-0.01340656727552414,-0.03695278242230415,-0.10656208544969559,-0.15274174511432648,0.98250412940979,1,0.05038392171263695,-0.08210059255361557,-0.03834087401628494,-0.10528011620044708,-0.009378193877637386,0.9943984746932983
P001,P001_S01,P001_S01_ST1TR_TR04_R01,TR04,R01,Gridworld_Requested_Gaze,Study 1,Gridworld,Requested Feedback,Eye Gaze,1,1787856676.1879992,1787856678.2643657,2026-08-27T18:51:18.264366+00:00,2.076366424560547,548405.031,184,839083829979,1,0,0.0,0.0,0.0,0.0,0.0,0.0,1,0.050146810710430145,-0.013362581841647625,-0.036980003118515015,-0.10636019706726074,-0.14948350191116333,0.9830270409584045,1,0.050393566489219666,-0.08204247802495956,-0.03827434778213501,-0.10496829450130463,-0.004454099573194981,0.9944655895233154
P001,P001_S01,P001_S01_ST1TR_TR04_R01,TR04,R01,Gridworld_Requested_Gaze,Study 1,Gridworld,Requested Feedback,Eye Gaze,1,1787856676.1879992,1787856678.2801452,2026-08-27T18:51:18.280145+00:00,2.0921459197998047,548405.046,185,839083941091,1,1,0.05030231550335884,-0.05751115083694458,-0.037824977189302444,-0.10585959255695343,-0.06073962152004242,0.9925243258476257,1,0.050149157643318176,-0.013358581811189651,-0.03697185963392258,-0.10612323880195618,-0.14897963404655457,0.98312908411026,1,0.05038910731673241,-0.08204974979162216,-0.038273636251688004,-0.10486903786659241,-0.005312284920364618,0.9944719076156616
P001,P001_S01,P001_S01_ST1TR_TR04_R01,TR04,R01,Gridworld_Requested_Gaze,Study 1,Gridworld,Requested Feedback,Eye Gaze,1,1787856676.1879992,1787856678.2831435,2026-08-27T18:51:18.283144+00:00,2.095144271850586,548405.046,186,839084052201,1,1,0.05030146986246109,-0.057771310210227966,-0.03782115876674652,-0.10614538192749023,-0.058836929500103,0.9926084280014038,1,0.05013829097151756,-0.013371177949011326,-0.03695404529571533,-0.10743674635887146,-0.15003862977027893,0.9828253984451294,1,0.050385210663080215,-0.08205627650022507,-0.03826824203133583,-0.10591023415327072,-0.005623274017125368,0.9943597912788391
P001,P001_S01,P001_S01_ST1TR_TR04_R01,TR04,R01,Gridworld_Requested_Gaze,Study 1,Gridworld,Requested Feedback,Eye Gaze,1,1787856676.1879992,1787856678.2983358,2026-08-27T18:51:18.298336+00:00,2.1103365421295166,548405.062,187,839084163313,1,1,0.050302572548389435,-0.058344703167676926,-0.03782341629266739,-0.10588391125202179,-0.05617153272032738,0.9927908182144165,1,0.0501386933028698,-0.013381640426814556,-0.036942120641469955,-0.10621411353349686,-0.15161697566509247,0.9827160239219666,1,0.05038459599018097,-0.08204385638237,-0.03824829310178757,-0.10462908446788788,-0.004619016777724028,0.9945005774497986
P001,P001_S01,P001_S01_ST1TR_TR04_R01,TR04,R01,Gridworld_Requested_Gaze,Study 1,Gridworld,Requested Feedback,Eye Gaze,1,1787856676.1879992,1787856678.3162773,2026-08-27T18:51:18.316277+00:00,2.1282780170440674,548405.093,188,839084274425,1,1,0.050301432609558105,-0.05873905494809151,-0.03782394528388977,-0.10646802186965942,-0.05383111536502838,0.9928578734397888,1,0.05012732371687889,-0.013378053903579712,-0.03693400323390961,-0.10842131823301315,-0.15076705813407898,0.9826058149337769,1,0.0503753200173378,-0.08203883469104767,-0.03823889419436455,-0.10679919272661209,-0.0036002397537231445,0.9942741990089417
P001,P001_S01,P001_S01_ST1TR_TR04_R01,TR04,R01,Gridworld_Requested_Gaze,Study 1,Gridworld,Requested Feedback,Eye Gaze,1,1787856676.1879992,1787856678.3202782,2026-08-27T18:51:18.320278+00:00,2.1322789192199707,548405.093,189,839084385538,1,1,0.050300631672143936,-0.05908383056521416,-0.03782595321536064,-0.10646092891693115,-0.05164353549480438,0.9929748773574829,1,0.050129324197769165,-0.013365738093852997,-0.036943886429071426,-0.10714196413755417,-0.1488260179758072,0.9830418229103088,1,0.050371523946523666,-0.08204247057437897,-0.038235314190387726,-0.10572770237922668,-0.0035112272016704082,0.9943888783454895
P001,P001_S01,P001_S01_ST1TR_TR04_R01,TR04,R01,Gridworld_Requested_Gaze,Study 1,Gridworld,Requested Feedback,Eye Gaze,1,1787856676.1879992,1787856678.3305428,2026-08-27T18:51:18.330543+00:00,2.1425435543060303,548405.093,190,839084496648,1,1,0.050298988819122314,-0.05882114917039871,-0.03781401365995407,-0.10630174726247787,-0.0521719865500927,0.9929643273353577,1,0.05013434216380119,-0.013398708775639534,-0.036880653351545334,-0.10680737346410751,-0.148982971906662,0.9830546379089355,1,0.05037672072649002,-0.08204729855060577,-0.03822982311248779,-0.10506866872310638,-0.0004922559601254761,0.9944649934768677
P001,P001_S01,P001_S01_ST1TR_TR04_R01,TR04,R01,Gridworld_Requested_Gaze,Study 1,Gridworld,Requested Feedback,Eye Gaze,1,1787856676.1879992,1787856678.3490953,2026-08-27T18:51:18.349095+00:00,2.1610960960388184,548405.125,191,839084608537,1,1,0.05029839277267456,-0.05871102586388588,-0.03780336305499077,-0.1066664606332779,-0.05130695924162865,0.9929702877998352,1,0.050142351537942886,-0.01341495756059885,-0.03685237094759941,-0.10814056545495987,-0.14930686354637146,0.9828596115112305,1,0.05037640407681465,-0.08203071355819702,-0.038203004747629166,-0.10644152760505676,0.0028256424702703953,0.9943150281906128
P001,P001_S01,P001_S01_ST1TR_TR04_R01,TR04,R01,Gridworld_Requested_Gaze,Study 1,Gridworld,Requested Feedback,Eye Gaze,1,1787856676.1879992,1787856678.3526018,2026-08-27T18:51:18.352602+00:00,2.164602518081665,548405.125,192,839084762386,1,1,0.0502990186214447,-0.058869924396276474,-0.03780010715126991,-0.1060519739985466,-0.04932023957371712,0.9931366443634033,1,0.050143033266067505,-0.013408176600933075,-0.03685029596090317,-0.10581621527671814,-0.14895504713058472,0.9831659197807312,1,0.05037945136427879,-0.08203931152820587,-0.038206879049539566,-0.10402601957321167,0.0014124576700851321,0.9945735931396484
P001,P001_S01,P001_S01_ST1TR_TR04_R01,TR04,R01,Gridworld_Requested_Gaze,Study 1,Gridworld,Requested Feedback,Eye Gaze,1,1787856676.1879992,1787856678.368345,2026-08-27T18:51:18.368345+00:00,2.1803457736968994,548405.14,193,839084869368,1,1,0.05029934272170067,-0.05909670889377594,-0.037798523902893066,-0.10618622601032257,-0.047057103365659714,0.9932321906089783,1,0.05013761296868324,-0.013419781811535358,-0.03683365881443024,-0.10742994397878647,-0.14973968267440796,0.9828717112541199,1,0.05037439242005348,-0.08203479647636414,-0.03820059448480606,-0.10563040524721146,0.002410277258604765,0.9944025278091431
P001,P001_S01,P001_S01_ST1TR_TR04_R01,TR04,R01,Gridworld_Requested_Gaze,Study 1,Gridworld,Requested Feedback,Eye Gaze,1,1787856676.1879992,1787856678.3843715,2026-08-27T18:51:18.384372+00:00,2.1963722705841064,548405.156,194,839084979951,1,1,0.05029987171292305,-0.05950677767395973,-0.03779394179582596,-0.10570534318685532,-0.047264352440834045,0.9932737350463867,1,0.050140153616666794,-0.013409258797764778,-0.036834973841905594,-0.10569033771753311,-0.14890524744987488,0.9831870198249817,1,0.05037696659564972,-0.08205319941043854,-0.03820596635341644,-0.1039884015917778,8.446985884802416e-05,0.99457848072052
P001,P001_S01,P001_S01_ST1TR_TR04_R01,TR04,R01,Gridworld_Requested_Gaze,Study 1,Gridworld,Requested Feedback,Eye Gaze,1,1787856676.1879992,1787856678.390372,2026-08-27T18:51:18.390372+00:00,2.2023727893829346,548405.156,195,839085091062,1,1,0.050299011170864105,-0.05957207828760147,-0.03778507187962532,-0.10542045533657074,-0.04629908502101898,0.9933494329452515,1,0.05013733729720116,-0.013411905616521835,-0.03683072701096535,-0.10587404668331146,-0.148817241191864,0.983180582523346,1,0.05037865415215492,-0.08203718811273575,-0.03819140046834946,-0.10410944372415543,0.002276013372465968,0.9945632815361023
P001,P001_S01,P001_S01_ST1TR_TR04_R01,TR04,R01,Gridworld_Requested_Gaze,Study 1,Gridworld,Requested Feedback,Eye Gaze,1,1787856676.1879992,1787856678.4003716,2026-08-27T18:51:18.400372+00:00,2.212372303009033,548405.171,196,839085202173,1,1,0.050298724323511124,-0.05968829616904259,-0.03777843341231346,-0.10565069317817688,-0.046487100422382355,0.9933161735534668,1,0.05013134330511093,-0.013419928029179573,-0.03682297468185425,-0.1070486456155777,-0.14908862113952637,0.9830121994018555,1,0.05037819594144821,-0.08204823732376099,-0.03820081427693367,-0.10529660433530807,0.0016315995017066598,0.9944395422935486
P001,P001_S01,P001_S01_ST1TR_TR04_R01,TR04,R01,Gridworld_Requested_Gaze,Study 1,Gridworld,Requested Feedback,Eye Gaze,1,1787856676.1879992,1787856678.4183724,2026-08-27T18:51:18.418372+00:00,2.2303731441497803,548405.187,197,839085313285,1,1,0.050297122448682785,-0.05934586003422737,-0.03776448965072632,-0.1053544208407402,-0.04921729862689972,0.9932160377502441,1,0.05013027787208557,-0.013412997126579285,-0.036822713911533356,-0.10559756308794022,-0.1492031365633011,0.9831517934799194,1,0.05038370192050934,-0.0820576474070549,-0.03820110484957695,-0.10396010428667068,-0.00014266851940192282,0.9945814609527588
P001,P001_S01,P001_S01_ST1TR_TR04_R01,TR04,R01,Gridworld_Requested_Gaze,Study 1,Gridworld,Requested Feedback,Eye Gaze,1,1787856676.1879992,1787856678.4183724,2026-08-27T18:51:18.418372+00:00,2.2303731441497803,548405.187,198,839085424397,1,1,0.05029693618416786,-0.05907260999083519,-0.03775431215763092,-0.10469456017017365,-0.0495535284280777,0.9932692050933838,1,0.050131067633628845,-0.013453364372253418,-0.03675679862499237,-0.10434798896312714,-0.14631545543670654,0.983718991279602,1,0.05038607120513916,-0.08209791034460068,-0.03826175257563591,-0.1026705652475357,0.00205764127895236,0.9947133660316467
P001,P001_S01,P001_S01_ST1TR_TR04_R01,TR04,R01,Gridworld_Requested_Gaze,Study 1,Gridworld,Requested Feedback,Eye Gaze,1,1787856676.1879992,1787856678.4338448,2026-08-27T18:51:18.433845+00:00,2.2458455562591553,548405.203,199,839085535508,1,1,0.05029647797346115,-0.05889689922332764,-0.037747424095869064,-0.10510364174842834,-0.04861566424369812,0.9932723045349121,1,0.050123024731874466,-0.013465032912790775,-0.036745838820934296,-0.10674206167459488,-0.1462567299604416,0.9834709763526917,1,0.050377510488033295,-0.08210638910531998,-0.038283586502075195,-0.10520706325769424,0.0023564959410578012,0.9944475889205933
P001,P001_S01,P001_S01_ST1TR_TR04_R01,TR04,R01,Gridworld_Requested_Gaze,Study 1,Gridworld,Requested Feedback,Eye Gaze,1,1787856676.1879992,1787856678.4505775,2026-08-27T18:51:18.450577+00:00,2.262578248977661,548405.218,200,839085646620,1,1,0.050297096371650696,-0.05900955572724342,-0.037747859954833984,-0.10469364374876022,-0.048415012657642365,0.993325412273407,1,0.050130415707826614,-0.01346627902239561,-0.036740027368068695,-0.10475263744592667,-0.14590702950954437,0.9837367534637451,1,0.05038250610232353,-0.08210892975330353,-0.038278911262750626,-0.10321886092424393,0.002574638230726123,0.9946553111076355
P001,P001_S01,P001_S01_ST1TR_TR04_R01,TR04,R01,Gridworld_Requested_Gaze,Study 1,Gridworld,Requested Feedback,Eye Gaze,1,1787856676.1879992,1787856678.4505775,2026-08-27T18:51:18.450577+00:00,2.262578248977661,548405.218,201,839085757730,1,1,0.050297461450099945,-0.0593373067677021,-0.037756599485874176,-0.10495597124099731,-0.04607067629694939,0.9934092164039612,1,0.050126492977142334,-0.01346099004149437,-0.03674038127064705,-0.10633056610822678,-0.14459295570850372,0.9837613701820374,1,0.05037292465567589,-0.08211728930473328,-0.03828703612089157,-0.10486623644828796,0.0022549403365701437,0.9944838285446167
P001,P001_S01,P001_S01_ST1TR_TR04_R01,TR04,R01,Gridworld_Requested_Gaze,Study 1,Gridworld,Requested Feedback,Eye Gaze,1,1787856676.1879992,1787856678.4688,2026-08-27T18:51:18.468800+00:00,2.2808008193969727,548405.234,202,839085868843,1,1,0.050296369940042496,-0.05931191146373749,-0.03775804862380028,-0.10476855933666229,-0.04515543580055237,0.9934710264205933,1,0.050122037529945374,-0.013460255227982998,-0.0367448590695858,-0.10537269711494446,-0.14423507452011108,0.9839171171188354,1,0.05037501081824303,-0.08210869133472443,-0.03828810155391693,-0.10371554642915726,0.0034531941637396812,0.9946009516716003
P001,P001_S01,P001_S01_ST1TR_TR04_R01,TR04,R01,Gridworld_Requested_Gaze,Study 1,Gridworld,Requested Feedback,Eye Gaze,1,1787856676.1879992,1787856678.4839084,2026-08-27T18:51:18.483908+00:00,2.2959091663360596,548405.25,203,839085979953,1,1,0.05029405653476715,-0.05889594927430153,-0.0377529114484787,-0.10504831373691559,-0.04769277572631836,0.9933228492736816,1,0.05011410266160965,-0.013473233208060265,-0.03673306107521057,-0.10618554055690765,-0.1455700844526291,0.9836330413818359,1,0.05037457123398781,-0.08214156329631805,-0.03831116482615471,-0.10494460165500641,5.2842711738776416e-05,0.9944782257080078
P001,P001_S01,P001_S01_ST1TR_TR04_R01,TR04,R01,Gridworld_Requested_Gaze,Study 1,Gridworld,Requested Feedback,Eye Gaze,1,1787856676.1879992,1787856678.4839084,2026-08-27T18:51:18.483908+00:00,2.2959091663360596,548405.25,204,839086091064,1,1,0.050291549414396286,-0.05859994888305664,-0.037749554961919785,-0.10436466336250305,-0.05006181821227074,0.9932783246040344,1,0.05011212080717087,-0.013450880534946918,-0.036760363727808,-0.10373611748218536,-0.14566673338413239,0.9838801026344299,1,0.05037027597427368,-0.08213060349225998,-0.03829297050833702,-0.10241096466779709,-0.0012820876436308026,0.9947414398193359
P001,P001_S01,P001_S01_ST1TR_TR04_R01,TR04,R01,Gridworld_Requested_Gaze,Study 1,Gridworld,Requested Feedback,Eye Gaze,1,1787856676.1879992,1787856678.5123093,2026-08-27T18:51:18.512309+00:00,2.324310064315796,548405.281,205,839086202176,1,1,0.05028947442770004,-0.05835796892642975,-0.037748485803604126,-0.10416703671216965,-0.05043541640043259,0.9932802319526672,1,0.05010638013482094,-0.013458212837576866,-0.036750152707099915,-0.10457608103752136,-0.14528346061706543,0.9838478565216064,1,0.05037708953022957,-0.08213234692811966,-0.038295578211545944,-0.10317966341972351,-0.00021131009270902723,0.9946627020835876
P001,P001_S01,P001_S01_ST1TR_TR04_R01,TR04,R01,Gridworld_Requested_Gaze,Study 1,Gridworld,Requested Feedback,Eye Gaze,1,1787856676.1879992,1787856678.515309,2026-08-27T18:51:18.515309+00:00,2.3273098468780518,548405.281,206,839086313288,1,1,0.05028679221868515,-0.058102790266275406,-0.03774741291999817,-0.10399290919303894,-0.051509857177734375,0.9932433366775513,1,0.05010500177741051,-0.013438093475997448,-0.036772847175598145,-0.10435876995325089,-0.14400158822536469,0.9840593338012695,1,0.05036594718694687,-0.0821339339017868,-0.03829589858651161,-0.10309541970491409,-0.0014537533279508352,0.9946704506874084
P001,P001_S01,P001_S01_ST1TR_TR04_R01,TR04,R01,Gridworld_Requested_Gaze,Study 1,Gridworld,Requested Feedback,Eye Gaze,1,1787856676.1879992,1787856678.5286903,2026-08-27T18:51:18.528690+00:00,2.340691089630127,548405.296,207,839086424399,1,1,0.050285011529922485,-0.05823790282011032,-0.037753909826278687,-0.10394610464572906,-0.05126703903079033,0.9932608604431152,1,0.05010882019996643,-0.013441145420074463,-0.036770354956388474,-0.10451744496822357,-0.1444634348154068,0.9839747548103333,1,0.05036049708724022,-0.08212362229824066,-0.0382893942296505,-0.1033465564250946,-0.00038461858639493585,0.9946452975273132
P001,P001_S01,P001_S01_ST1TR_TR04_R01,TR04,R01,Gridworld_Requested_Gaze,Study 1,Gridworld,Requested Feedback,Eye Gaze,1,1787856676.1879992,1787856678.5286903,2026-08-27T18:51:18.528690+00:00,2.340691089630127,548405.296,208,839086535509,1,1,0.05028197169303894,-0.058185476809740067,-0.03775457292795181,-0.10481785237789154,-0.05147993564605713,0.993158221244812,1,0.050101686269044876,-0.01345156691968441,-0.036751639097929,-0.10700274258852005,-0.14426422119140625,0.9837368726730347,1,0.05035823956131935,-0.08212395757436752,-0.038293831050395966,-0.10592425614595413,0.0009245805558748543,0.9943737983703613
P001,P001_S01,P001_S01_ST1TR_TR04_R01,TR04,R01,Gridworld_Requested_Gaze,Study 1,Gridworld,Requested Feedback,Eye Gaze,1,1787856676.1879992,1787856678.5468283,2026-08-27T18:51:18.546828+00:00,2.3588290214538574,548405.312,209,839086646621,1,1,0.05027896910905838,-0.05793385207653046,-0.03774971142411232,-0.10479561984539032,-0.05192705616354942,0.9931372404098511,1,0.05010179430246353,-0.013442100957036018,-0.03676446154713631,-0.10541868954896927,-0.14409014582633972,0.9839334487915039,1,0.05035713315010071,-0.08211346715688705,-0.03828474506735802,-0.10403318703174591,0.0012140178587287664,0.994573175907135
P001,P001_S01,P001_S01_ST1TR_TR04_R01,TR04,R01,Gridworld_Requested_Gaze,Study 1,Gridworld,Requested Feedback,Eye Gaze,1,1787856676.1879992,1787856678.5690384,2026-08-27T18:51:18.569038+00:00,2.3810391426086426,548405.343,210,839086757732,1,1,0.0502750501036644,-0.057713527232408524,-0.03774690628051758,-0.105375736951828,-0.05240732803940773,0.9930506348609924,1,0.05009477958083153,-0.013442517258226871,-0.036761339753866196,-0.10698900371789932,-0.14292755722999573,0.9839334487915039,1,0.050354160368442535,-0.08212573826313019,-0.038300346583127975,-0.10579539090394974,0.0009964907076209784,0.9943873882293701
P001,P001_S01,P001_S01_ST1TR_TR04_R01,TR04,R01,Gridworld_Requested_Gaze,Study 1,Gridworld,Requested Feedback,Eye Gaze,1,1787856676.1879992,1787856678.5690384,2026-08-27T18:51:18.569038+00:00,2.3810391426086426,548405.343,211,839086868843,1,1,0.050271499902009964,-0.05751791223883629,-0.03774518892168999,-0.10568754374980927,-0.05112175643444061,0.9930845499038696,1,0.050091616809368134,-0.013433597981929779,-0.03677944839000702,-0.10670370608568192,-0.14420616626739502,0.9837778210639954,1,0.050347574055194855,-0.08212422579526901,-0.038307689130306244,-0.10568083077669144,-0.0011957124806940556,0.9943994283676147
P001,P001_S01,P001_S01_ST1TR_TR04_R01,TR04,R01,Gridworld_Requested_Gaze,Study 1,Gridworld,Requested Feedback,Eye Gaze,1,1787856676.1879992,1787856678.58804,2026-08-27T18:51:18.588040+00:00,2.400040864944458,548405.359,212,839086979955,1,1,0.05026746913790703,-0.0572422556579113,-0.03774164989590645,-0.10593579709529877,-0.05188118666410446,0.993018627166748,1,0.05008739233016968,-0.013426871038973331,-0.036786168813705444,-0.10684088617563248,-0.14403179287910461,0.9837884902954102,1,0.05034741386771202,-0.0821235403418541,-0.038306161761283875,-0.10569918155670166,-0.0016459360485896468,0.9943967461585999
P001,P001_S01,P001_S01_ST1TR_TR04_R01,TR04,R01,Gridworld_Requested_Gaze,Study 1,Gridworld,Requested Feedback,Eye Gaze,1,1787856676.1879992,1787856678.5890386,2026-08-27T18:51:18.589039+00:00,2.4010393619537354,548405.359,213,839087091066,1,1,0.050263963639736176,-0.05698437616229057,-0.03773551806807518,-0.1064055860042572,-0.053587593138217926,0.9928778409957886,1,0.05008920282125473,-0.013453934341669083,-0.036748308688402176,-0.10766874253749847,-0.14409956336021423,0.9836882948875427,1,0.050348926335573196,-0.08211541920900345,-0.03829650208353996,-0.10645731538534164,0.0022820550948381424,0.9943147301673889
P001,P001_S01,P001_S01_ST1TR_TR04_R01,TR04,R01,Gridworld_Requested_Gaze,Study 1,Gridworld,Requested Feedback,Eye Gaze,1,1787856676.1879992,1787856678.6100385,2026-08-27T18:51:18.610039+00:00,2.422039270401001,548405.375,214,839087202177,1,1,0.050262514501810074,-0.05711991339921951,-0.03774138167500496,-0.10625758767127991,-0.05369794741272926,0.9928876757621765,1,0.050087083131074905,-0.013422312214970589,-0.03678606450557709,-0.1064489483833313,-0.14399480819702148,0.9838364720344543,1,0.05035364255309105,-0.08214645087718964,-0.03832285478711128,-0.10521889477968216,-0.004643110558390617,0.9944383502006531
P001,P001_S01,P001_S01_ST1TR_TR04_R01,TR04,R01,Gridworld_Requested_Gaze,Study 1,Gridworld,Requested Feedback,Eye Gaze,1,1787856676.1879992,1787856678.6100385,2026-08-27T18:51:18.610039+00:00,2.422039270401001,548405.375,215,839087313289,1,1,0.050259873270988464,-0.05694902688264847,-0.037739720195531845,-0.10610020160675049,-0.05460276082158089,0.9928552508354187,1,0.0500849112868309,-0.013420334085822105,-0.03679099678993225,-0.1063901036977768,-0.14426712691783905,0.9838029146194458,1,0.05035841837525368,-0.08212374150753021,-0.038305170834064484,-0.10492894053459167,-0.002599807921797037,0.9944762587547302
P001,P001_S01,P001_S01_ST1TR_TR04_R01,TR04,R01,Gridworld_Requested_Gaze,Study 1,Gridworld,Requested Feedback,Eye Gaze,1,1787856676.1879992,1787856678.6290514,2026-08-27T18:51:18.629051+00:00,2.441052198410034,548405.406,216,839087424401,1,1,0.050256967544555664,-0.05668119341135025,-0.0377325713634491,-0.10679538547992706,-0.05589782074093819,0.9927085638046265,1,0.05008482187986374,-0.013449220918118954,-0.03675534948706627,-0.10845881700515747,-0.14503951370716095,0.9834634065628052,1,0.05034782364964485,-0.08211081475019455,-0.03828711062669754,-0.10726184397935867,0.0013873595744371414,0.9942298531532288
P001,P001_S01,P001_S01_ST1TR_TR04_R01,TR04,R01,Gridworld_Requested_Gaze,Study 1,Gridworld,Requested Feedback,Eye Gaze,1,1787856676.1879992,1787856678.6290514,2026-08-27T18:51:18.629051+00:00,2.441052198410034,548405.406,217,839087535512,1,1,0.0502534918487072,-0.05631750449538231,-0.03772512078285217,-0.1074264645576477,-0.0568566620349884,0.9925860166549683,1,0.05008001625537872,-0.013443432748317719,-0.0367591455578804,-0.10895078629255295,-0.1438746601343155,0.9835800528526306,1,0.050344109535217285,-0.0821293294429779,-0.03830710053443909,-0.10770450532436371,-0.00021632695279549807,0.9941828846931458
P001,P001_S01,P001_S01_ST1TR_TR04_R01,TR04,R01,Gridworld_Requested_Gaze,Study 1,Gridworld,Requested Feedback,Eye Gaze,1,1787856676.1879992,1787856678.6493123,2026-08-27T18:51:18.649312+00:00,2.461313009262085,548405.421,218,839087646624,1,1,0.05025085434317589,-0.05615444481372833,-0.03772314265370369,-0.10780743509531021,-0.05685068294405937,0.9925450682640076,1,0.050077442079782486,-0.013449711725115776,-0.0367555133998394,-0.10880795866250992,-0.14413605630397797,0.9835575819015503,1,0.05034051090478897,-0.08213680982589722,-0.03831914812326431,-0.10761212557554245,-0.0006419275305233896,0.9941928386688232
P001,P001_S01,P001_S01_ST1TR_TR04_R01,TR04,R01,Gridworld_Requested_Gaze,Study 1,Gridworld,Requested Feedback,Eye Gaze,1,1787856676.1879992,1787856678.6678274,2026-08-27T18:51:18.667827+00:00,2.479828119277954,548405.437,219,839087757735,1,1,0.05024859681725502,-0.05608538165688515,-0.03772421181201935,-0.10771328955888748,-0.05702129378914833,0.9925455451011658,1,0.050071291625499725,-0.013425511308014393,-0.03678955137729645,-0.10795297473669052,-0.14470961689949036,0.9835676550865173,1,0.05034364387392998,-0.0821244865655899,-0.038311317563056946,-0.10654360800981522,-0.002579510910436511,0.9943047761917114
P001,P001_S01,P001_S01_ST1TR_TR04_R01,TR04,R01,Gridworld_Requested_Gaze,Study 1,Gridworld,Requested Feedback,Eye Gaze,1,1787856676.1879992,1787856678.6678274,2026-08-27T18:51:18.667827+00:00,2.479828119277954,548405.437,220,839087868847,1,1,0.05024776607751846,-0.05646909773349762,-0.03773589804768562,-0.10818806290626526,-0.055086392909288406,0.9926031231880188,1,0.05006678029894829,-0.013436877168715,-0.03678310289978981,-0.1093943640589714,-0.14594538509845734,0.9832257032394409,1,0.05033397674560547,-0.08215542137622833,-0.03833617642521858,-0.10830309987068176,-0.0060310387052595615,0.9940997362136841
P001,P001_S01,P001_S01_ST1TR_TR04_R01,TR04,R01,Gridworld_Requested_Gaze,Study 1,Gridworld,Requested Feedback,Eye Gaze,1,1787856676.1879992,1787856678.6888294,2026-08-27T18:51:18.688829+00:00,2.5008301734924316,548405.453,221,839087979957,1,1,0.05024466663599014,-0.05610360577702522,-0.037728458642959595,-0.10837271809577942,-0.05604244023561478,0.9925294518470764,1,0.050068628042936325,-0.01344276126474142,-0.03677026554942131,-0.10896909236907959,-0.1448928415775299,0.9834286570549011,1,0.05033378675580025,-0.08214180171489716,-0.03832530230283737,-0.10777997225522995,-0.0026925746351480484,0.9941712021827698
P001,P001_S01,P001_S01_ST1TR_TR04_R01,TR04,R01,Gridworld_Requested_Gaze,Study 1,Gridworld,Requested Feedback,Eye Gaze,1,1787856676.1879992,1787856678.6888294,2026-08-27T18:51:18.688829+00:00,2.5008301734924316,548405.453,222,839088091069,1,1,0.05024338886141777,-0.05612900108098984,-0.03773071616888046,-0.10830193012952805,-0.05562322586774826,0.9925607442855835,1,0.050065502524375916,-0.013432411476969719,-0.036785759031772614,-0.10859359800815582,-0.14458583295345306,0.9835153222084045,1,0.05033835768699646,-0.08214331418275833,-0.03833332285284996,-0.1071990504860878,-0.0038671819493174553,0.9942299723625183
P001,P001_S01,P001_S01_ST1TR_TR04_R01,TR04,R01,Gridworld_Requested_Gaze,Study 1,Gridworld,Requested Feedback,Eye Gaze,1,1787856676.1879992,1787856678.7098277,2026-08-27T18:51:18.709828+00:00,2.5218284130096436,548405.484,223,839088202180,1,1,0.050240855664014816,-0.05602061003446579,-0.037732064723968506,-0.10851637274026871,-0.05844217166304588,0.992375373840332,1,0.0500657819211483,-0.013445751741528511,-0.036772072315216064,-0.10906309634447098,-0.14480049908161163,0.9834317564964294,1,0.05032946169376373,-0.08216171711683273,-0.038345661014318466,-0.10800132900476456,-0.004544252995401621,0.9941403865814209
P001,P001_S01,P001_S01_ST1TR_TR04_R01,TR04,R01,Gridworld_Requested_Gaze,Study 1,Gridworld,Requested Feedback,Eye Gaze,1,1787856676.1879992,1787856678.7098277,2026-08-27T18:51:18.709828+00:00,2.5218284130096436,548405.484,224,839088313292,1,1,0.05023748427629471,-0.055849362164735794,-0.03772753104567528,-0.10916276276111603,-0.05767584964632988,0.9923492670059204,1,0.05006193742156029,-0.013453444465994835,-0.03676219284534454,-0.11055733263492584,-0.14524371922016144,0.9831994771957397,1,0.050325434654951096,-0.08213736116886139,-0.0383262112736702,-0.1094692125916481,-0.0014115023659542203,0.9939892292022705
P001,P001_S01,P001_S01_ST1TR_TR04_R01,TR04,R01,Gridworld_Requested_Gaze,Study 1,Gridworld,Requested Feedback,Eye Gaze,1,1787856676.1879992,1787856678.7238302,2026-08-27T18:51:18.723830+00:00,2.5358309745788574,548405.5,225,839088424403,1,1,0.05023357272148132,-0.0556168258190155,-0.03772376477718353,-0.10963249206542969,-0.05912553519010544,0.9922121167182922,1,0.050060030072927475,-0.013453146442770958,-0.03676396980881691,-0.11069036275148392,-0.14502239227294922,0.9832172393798828,1,0.05032524839043617,-0.08215074986219406,-0.03834836930036545,-0.10946387052536011,-0.0027068648487329483,0.9939870834350586
P001,P001_S01,P001_S01_ST1TR_TR04_R01,TR04,R01,Gridworld_Requested_Gaze,Study 1,Gridworld,Requested Feedback,Eye Gaze,1,1787856676.1879992,1787856678.7388306,2026-08-27T18:51:18.738831+00:00,2.5508313179016113,548405.515,226,839088535514,1,1,0.05023110285401344,-0.05557655170559883,-0.03772636875510216,-0.10977110266685486,-0.06059198081493378,0.9921083450317383,1,0.050062395632267,-0.01346266083419323,-0.036761123687028885,-0.11014950275421143,-0.14650367200374603,0.9830583930015564,1,0.05032437667250633,-0.08215834945440292,-0.0383438803255558,-0.10898161679506302,-0.0039765844121575356,0.9940358400344849
P001,P001_S01,P001_S01_ST1TR_TR04_R01,TR04,R01,Gridworld_Requested_Gaze,Study 1,Gridworld,Requested Feedback,Eye Gaze,1,1787856676.1879992,1787856678.7388306,2026-08-27T18:51:18.738831+00:00,2.5508313179016113,548405.515,227,839088646625,1,1,0.050229575484991074,-0.05571842938661575,-0.037732742726802826,-0.11001093685626984,-0.060282886028289795,0.9921006560325623,1,0.050057798624038696,-0.013459288515150547,-0.03676551207900047,-0.11067302525043488,-0.14648853242397308,0.983001708984375,1,0.05032441392540932,-0.08216043561697006,-0.03835562989115715,-0.10941950976848602,-0.004541947040706873,0.9939851760864258
P001,P001_S01,P001_S01_ST1TR_TR04_R01,TR04,R01,Gridworld_Requested_Gaze,Study 1,Gridworld,Requested Feedback,Eye Gaze,1,1787856676.1879992,1787856678.7583416,2026-08-27T18:51:18.758342+00:00,2.5703423023223877,548405.531,228,839088757737,1,1,0.050227075815200806,-0.055622439831495285,-0.03773273527622223,-0.11035928130149841,-0.06083869934082031,0.9920280575752258,1,0.05005476251244545,-0.01344888936728239,-0.03677218779921532,-0.11112246662378311,-0.14533932507038116,0.9831216335296631,1,0.050320256501436234,-0.08216048032045364,-0.03834490478038788,-0.109981968998909,-0.004520832560956478,0.9939233064651489
P001,P001_S01,P001_S01_ST1TR_TR04_R01,TR04,R01,Gridworld_Requested_Gaze,Study 1,Gridworld,Requested Feedback,Eye Gaze,1,1787856676.1879992,1787856678.7792451,2026-08-27T18:51:18.779245+00:00,2.5912458896636963,548405.546,229,839088868848,1,1,0.05022488906979561,-0.05555296689271927,-0.03773185983300209,-0.11026761680841446,-0.06086225435137749,0.992036759853363,1,0.05005702003836632,-0.01346062682569027,-0.03676870837807655,-0.11022239178419113,-0.14689797163009644,0.9829913973808289,1,0.050321586430072784,-0.0821552723646164,-0.038336947560310364,-0.10905297100543976,-0.004163017496466637,0.9940272569656372
P001,P001_S01,P001_S01_ST1TR_TR04_R01,TR04,R01,Gridworld_Requested_Gaze,Study 1,Gridworld,Requested Feedback,Eye Gaze,1,1787856676.1879992,1787856678.7822454,2026-08-27T18:51:18.782245+00:00,2.5942461490631104,548405.546,230,839088979960,1,1,0.05022277683019638,-0.05525020882487297,-0.037724144756793976,-0.11024726927280426,-0.0594082847237587,0.9921271800994873,1,0.05005605146288872,-0.01347348466515541,-0.03675762936472893,-0.11042424291372299,-0.1481229066848755,0.9827849268913269,1,0.05032547563314438,-0.08214518427848816,-0.03833737224340439,-0.10919555276632309,-0.0028811590746045113,0.994016170501709
P001,P001_S01,P001_S01_ST1TR_TR04_R01,TR04,R01,Gridworld_Requested_Gaze,Study 1,Gridworld,Requested Feedback,Eye Gaze,1,1787856676.1879992,1787856678.7986887,2026-08-27T18:51:18.798689+00:00,2.610689401626587,548405.562,231,839089091070,1,1,0.0502212755382061,-0.055088192224502563,-0.03772036358714104,-0.10991846024990082,-0.06046236678957939,0.992099940776825,1,0.050057969987392426,-0.013458531349897385,-0.03677026182413101,-0.10952875763177872,-0.14714749157428741,0.9830315113067627,1,0.050326332449913025,-0.08213836699724197,-0.038323502987623215,-0.10821846127510071,-0.0027882333379238844,0.9941232800483704
P001,P001_S01,P001_S01_ST1TR_TR04_R01,TR04,R01,Gridworld_Requested_Gaze,Study 1,Gridworld,Requested Feedback,Eye Gaze,1,1787856676.1879992,1787856678.7986887,2026-08-27T18:51:18.798689+00:00,2.610689401626587,548405.562,232,839089202183,1,1,0.05021916702389717,-0.05489131808280945,-0.037714943289756775,-0.10979720205068588,-0.06063219532370567,0.9921030402183533,1,0.05005830526351929,-0.013467623852193356,-0.03676526993513107,-0.10977596789598465,-0.14829201996326447,0.9828319549560547,1,0.05032138526439667,-0.08215142786502838,-0.0383310429751873,-0.10862008482217789,-0.004404531326144934,0.9940736293792725
P001,P001_S01,P001_S01_ST1TR_TR04_R01,TR04,R01,Gridworld_Requested_Gaze,Study 1,Gridworld,Requested Feedback,Eye Gaze,1,1787856676.1879992,1787856678.8176906,2026-08-27T18:51:18.817691+00:00,2.6296913623809814,548405.593,233,839089313295,1,1,0.05021849274635315,-0.054829929023981094,-0.03771171346306801,-0.1093730479478836,-0.06250173598527908,0.9920338988304138,1,0.05005723610520363,-0.013462637551128864,-0.036772869527339935,-0.1089043915271759,-0.14853915572166443,0.9828916192054749,1,0.05032810941338539,-0.08213295042514801,-0.038312654942274094,-0.10748519748449326,-0.0030786015558987856,0.9942018985748291
P001,P001_S01,P001_S01_ST1TR_TR04_R01,TR04,R01,Gridworld_Requested_Gaze,Study 1,Gridworld,Requested Feedback,Eye Gaze,1,1787856676.1879992,1787856678.8186905,2026-08-27T18:51:18.818691+00:00,2.6306912899017334,548405.593,234,839089424406,1,1,0.050218354910612106,-0.05494857579469681,-0.03771413862705231,-0.10945826768875122,-0.059803687036037445,0.9921908378601074,1,0.050050288438797,-0.013443072326481342,-0.036789994686841965,-0.11001431196928024,-0.14628098905086517,0.9831067323684692,1,0.05032271891832352,-0.08212579041719437,-0.03830583393573761,-0.10872860997915268,-0.002195143373683095,0.9940690994262695
P001,P001_S01,P001_S01_ST1TR_TR04_R01,TR04,R01,Gridworld_Requested_Gaze,Study 1,Gridworld,Requested Feedback,Eye Gaze,1,1787856676.1879992,1787856678.8346894,2026-08-27T18:51:18.834689+00:00,2.6466901302337646,548405.609,235,839089535518,1,1,0.050217583775520325,-0.054853346198797226,-0.03771039843559265,-0.10914774984121323,-0.06142263114452362,0.9921261072158813,1,0.050050038844347,-0.013453817926347256,-0.03679117560386658,-0.1089547872543335,-0.1478606015443802,0.9829882383346558,1,0.050325486809015274,-0.0821189284324646,-0.03830062225461006,-0.10751283168792725,-0.0017667352221906185,0.994202196598053
P001,P001_S01,P001_S01_ST1TR_TR04_R01,TR04,R01,Gridworld_Requested_Gaze,Study 1,Gridworld,Requested Feedback,Eye Gaze,1,1787856676.1879992,1787856678.8506973,2026-08-27T18:51:18.850697+00:00,2.6626980304718018,548405.625,236,839089647457,1,1,0.05021677911281586,-0.05480301380157471,-0.037709712982177734,-0.10874924808740616,-0.062655508518219,0.9920927882194519,1,0.05004943907260895,-0.013454281724989414,-0.03679341450333595,-0.10834082216024399,-0.14796985685825348,0.9830397963523865,1,0.05032302811741829,-0.08213776350021362,-0.03832800313830376,-0.10708648711442947,-0.003956043627113104,0.9942418336868286
P001,P001_S01,P001_S01_ST1TR_TR04_R01,TR04,R01,Gridworld_Requested_Gaze,Study 1,Gridworld,Requested Feedback,Eye Gaze,1,1787856676.1879992,1787856678.867956,2026-08-27T18:51:18.867956+00:00,2.6799566745758057,548405.64,237,839089801411,1,1,0.05021372810006142,-0.05443679168820381,-0.03770175948739052,-0.10925081372261047,-0.06518831104040146,0.9918744564056396,1,0.05003906413912773,-0.013460775837302208,-0.03679073601961136,-0.11050085723400116,-0.14890854060649872,0.9826574921607971,1,0.05031007155776024,-0.08216512203216553,-0.03834555298089981,-0.1093057319521904,-0.00727170892059803,0.993981659412384
P001,P001_S01,P001_S01_ST1TR_TR04_R01,TR04,R01,Gridworld_Requested_Gaze,Study 1,Gridworld,Requested Feedback,Eye Gaze,1,1787856676.1879992,1787856678.867956,2026-08-27T18:51:18.867956+00:00,2.6799566745758057,548405.64,238,839089908293,1,1,0.05021250247955322,-0.05454305559396744,-0.03770771995186806,-0.10953186452388763,-0.06505327671766281,0.991852343082428,1,0.05003543943166733,-0.013469120487570763,-0.0367809496819973,-0.11030226945877075,-0.1484777182340622,0.9827449321746826,1,0.05030595138669014,-0.08220519125461578,-0.03839825466275215,-0.1092885211110115,-0.010357717983424664,0.9939560890197754
P001,P001_S01,P001_S01_ST1TR_TR04_R01,TR04,R01,Gridworld_Requested_Gaze,Study 1,Gridworld,Requested Feedback,Eye Gaze,1,1787856676.1879992,1787856678.8879585,2026-08-27T18:51:18.887959+00:00,2.6999592781066895,548405.656,239,839090018914,1,1,0.050210900604724884,-0.054733384400606155,-0.03771549463272095,-0.11006428301334381,-0.06382282823324203,0.9918733239173889,1,0.050027016550302505,-0.013471362181007862,-0.03678180277347565,-0.11143768578767776,-0.1489199697971344,0.9825500249862671,1,0.05030226334929466,-0.08219873160123825,-0.03838459029793739,-0.11021225154399872,-0.009870081208646297,0.9938591122627258
P001,P001_S01,P001_S01_ST1TR_TR04_R01,TR04,R01,Gridworld_Requested_Gaze,Study 1,Gridworld,Requested Feedback,Eye Gaze,1,1787856676.1879992,1787856678.8879585,2026-08-27T18:51:18.887959+00:00,2.6999592781066895,548405.656,240,839090130026,1,1,0.050208624452352524,-0.054787639528512955,-0.037720177322626114,-0.11015941202640533,-0.06256221979856491,0.9919430613517761,1,0.050032973289489746,-0.013477890752255917,-0.03678306192159653,-0.11051599681377411,-0.1497618556022644,0.9825261235237122,1,0.05029973015189171,-0.08219092339277267,-0.038377854973077774,-0.10955359786748886,-0.00906157586723566,0.9939396381378174
P001,P001_S01,P001_S01_ST1TR_TR04_R01,TR04,R01,Gridworld_Requested_Gaze,Study 1,Gridworld,Requested Feedback,Eye Gaze,1,1787856676.1879992,1787856678.9099555,2026-08-27T18:51:18.909956+00:00,2.721956253051758,548405.671,241,839090241136,1,1,0.05020606890320778,-0.05484010651707649,-0.037725456058979034,-0.1101984828710556,-0.06401031464338303,0.9918462634086609,1,0.05003220960497856,-0.013479679822921753,-0.03678413853049278,-0.11041536182165146,-0.14974217116832733,0.9825403690338135,1,0.050297811627388,-0.08219913393259048,-0.03838436305522919,-0.10942834615707397,-0.009789397940039635,0.9939464926719666
P001,P001_S01,P001_S01_ST1TR_TR04_R01,TR04,R01,Gridworld_Requested_Gaze,Study 1,Gridworld,Requested Feedback,Eye Gaze,1,1787856676.1879992,1787856678.9099555,2026-08-27T18:51:18.909956+00:00,2.721956253051758,548405.671,242,839090352249,1,1,0.050202321261167526,-0.05454106256365776,-0.03772347792983055,-0.11067892611026764,-0.06669241189956665,0.9916161894798279,1,0.050025574862957,-0.013479769229888916,-0.03678688779473305,-0.11176075786352158,-0.14969125390052795,0.9823960065841675,1,0.0503007210791111,-0.08220914751291275,-0.038401443511247635,-0.11064077913761139,-0.01086063776165247,0.9938011765480042
P001,P001_S01,P001_S01_ST1TR_TR04_R01,TR04,R01,Gridworld_Requested_Gaze,Study 1,Gridworld,Requested Feedback,Eye Gaze,1,1787856676.1879992,1787856678.9289572,2026-08-27T18:51:18.928957+00:00,2.7409579753875732,548405.703,243,839090463360,1,1,0.05020139738917351,-0.05489010736346245,-0.037737250328063965,-0.11017994582653046,-0.06582164764404297,0.9917298555374146,1,0.05003220587968826,-0.01347962487488985,-0.036787644028663635,-0.1094914972782135,-0.14964750409126282,0.9826582074165344,1,0.05030665546655655,-0.08220931887626648,-0.03840126842260361,-0.1083633154630661,-0.01079030241817236,0.9940528869628906
P001,P001_S01,P001_S01_ST1TR_TR04_R01,TR04,R01,Gridworld_Requested_Gaze,Study 1,Gridworld,Requested Feedback,Eye Gaze,1,1787856676.1879992,1787856678.9499683,2026-08-27T18:51:18.949968+00:00,2.7619690895080566,548405.718,244,839090574472,1,1,0.05019788816571236,-0.0547456219792366,-0.03774009644985199,-0.11061057448387146,-0.06574542075395584,0.9916868805885315,1,0.05002742260694504,-0.01349707506597042,-0.036774639040231705,-0.11145677417516708,-0.15093465149402618,0.9822403192520142,1,0.05028986185789108,-0.08222107589244843,-0.03841595724225044,-0.11071150004863739,-0.011525144800543785,0.9937857389450073
P001,P001_S01,P001_S01_ST1TR_TR04_R01,TR04,R01,Gridworld_Requested_Gaze,Study 1,Gridworld,Requested Feedback,Eye Gaze,1,1787856676.1879992,1787856678.953238,2026-08-27T18:51:18.953238+00:00,2.7652387619018555,548405.718,245,839090685584,1,1,0.05019505321979523,-0.05484597757458687,-0.03774845227599144,-0.11117223650217056,-0.06681912392377853,0.9915523529052734,1,0.05001826956868172,-0.013501725159585476,-0.03677234426140785,-0.11246112734079361,-0.15035004913806915,0.9822155833244324,1,0.0502932146191597,-0.08222024887800217,-0.038421448320150375,-0.11126508563756943,-0.010336234234273434,0.9937370419502258
P001,P001_S01,P001_S01_ST1TR_TR04_R01,TR04,R01,Gridworld_Requested_Gaze,Study 1,Gridworld,Requested Feedback,Eye Gaze,1,1787856676.1879992,1787856678.9692388,2026-08-27T18:51:18.969239+00:00,2.7812395095825195,548405.734,246,839090796695,1,1,0.050192490220069885,-0.05495072156190872,-0.037753984332084656,-0.11106118559837341,-0.06697697192430496,0.9915541410446167,1,0.05002354457974434,-0.013510177843272686,-0.03677068650722504,-0.11097685992717743,-0.15157096087932587,0.9821967482566833,1,0.05029101297259331,-0.08220105618238449,-0.03839947655797005,-0.10992103070020676,-0.008504160679876804,0.9939039349555969
P001,P001_S01,P001_S01_ST1TR_TR04_R01,TR04,R01,Gridworld_Requested_Gaze,Study 1,Gridworld,Requested Feedback,Eye Gaze,1,1787856676.1879992,1787856678.9692388,2026-08-27T18:51:18.969239+00:00,2.7812395095825195,548405.734,247,839090907806,1,1,0.05019185692071915,-0.05521209537982941,-0.03776368871331215,-0.11099150776863098,-0.06729377806186676,0.9915405511856079,1,0.0500243715941906,-0.013504930771887302,-0.03677661716938019,-0.11090230196714401,-0.1512252241373062,0.9822583794593811,1,0.05029243230819702,-0.08222182095050812,-0.03842012211680412,-0.11004775017499924,-0.011006700806319714,0.9938653111457825
P001,P001_S01,P001_S01_ST1TR_TR04_R01,TR04,R01,Gridworld_Requested_Gaze,Study 1,Gridworld,Requested Feedback,Eye Gaze,1,1787856676.1879992,1787856678.9882412,2026-08-27T18:51:18.988241+00:00,2.8002419471740723,548405.765,248,839091018917,1,1,0.05019007623195648,-0.055024273693561554,-0.037759747356176376,-0.11068642139434814,-0.06799124926328659,0.9915270805358887,1,0.050027165561914444,-0.01349934283643961,-0.03678031638264656,-0.11023478209972382,-0.15067097544670105,0.9824187159538269,1,0.0502941757440567,-0.08221250027418137,-0.03840754181146622,-0.10925395041704178,-0.010080819018185139,0.993962824344635
P001,P001_S01,P001_S01_ST1TR_TR04_R01,TR04,R01,Gridworld_Requested_Gaze,Study 1,Gridworld,Requested Feedback,Eye Gaze,1,1787856676.1879992,1787856678.9892428,2026-08-27T18:51:18.989243+00:00,2.801243543624878,548405.765,249,839091130029,1,1,0.050189077854156494,-0.05489218235015869,-0.03775718808174133,-0.11074113845825195,-0.06692912429571152,0.9915931820869446,1,0.05002262443304062,-0.013509394600987434,-0.036775339394807816,-0.11112729460000992,-0.15170925855636597,0.982158362865448,1,0.05029749497771263,-0.08220569044351578,-0.03839778155088425,-0.10997631400823593,-0.009262781590223312,0.9938910603523254
P001,P001_S01,P001_S01_ST1TR_TR04_R01,TR04,R01,Gridworld_Requested_Gaze,Study 1,Gridworld,Requested Feedback,Eye Gaze,1,1787856676.1879992,1787856679.0085201,2026-08-27T18:51:19.008520+00:00,2.8205208778381348,548405.781,250,839091241140,1,1,0.05018777772784233,-0.054644208401441574,-0.03775283321738243,-0.11052849888801575,-0.06690415740013123,0.9916186332702637,1,0.050023626536130905,-0.013513319194316864,-0.03677450492978096,-0.1104578748345375,-0.15192775428295135,0.982200026512146,1,0.05030043423175812,-0.08221462368965149,-0.03840772435069084,-0.10922930389642715,-0.010081011801958084,0.9939655661582947
P001,P001_S01,P001_S01_ST1TR_TR04_R01,TR04,R01,Gridworld_Requested_Gaze,Study 1,Gridworld,Requested Feedback,Eye Gaze,1,1787856676.1879992,1787856679.0285196,2026-08-27T18:51:19.028520+00:00,2.8405203819274902,548405.796,251,839091352251,1,1,0.05018752068281174,-0.05473364144563675,-0.037756916135549545,-0.11062712967395782,-0.06695783138275146,0.9916039705276489,1,0.05001896992325783,-0.013521252200007439,-0.036771900951862335,-0.11112955212593079,-0.15278173983097076,0.9819917678833008,1,0.050296541303396225,-0.08222457021474838,-0.038426194339990616,-0.10996469855308533,-0.01111228670924902,0.9938733577728271
P001,P001_S01,P001_S01_ST1TR_TR04_R01,TR04,R01,Gridworld_Requested_Gaze,Study 1,Gridworld,Requested Feedback,Eye Gaze,1,1787856676.1879992,1787856679.0285196,2026-08-27T18:51:19.028520+00:00,2.8405203819274902,548405.796,252,839091463363,1,1,0.050188153982162476,-0.05515710264444351,-0.03776881843805313,-0.11044663190841675,-0.06622190028429031,0.9916735887527466,1,0.050018757581710815,-0.013517355546355247,-0.036780945956707,-0.11032126843929291,-0.15228384733200073,0.9821603298187256,1,0.05028810352087021,-0.0822330191731453,-0.03843725100159645,-0.10937806218862534,-0.012055259197950363,0.9939271807670593
P001,P001_S01,P001_S01_ST1TR_TR04_R01,TR04,R01,Gridworld_Requested_Gaze,Study 1,Gridworld,Requested Feedback,Eye Gaze,1,1787856676.1879992,1787856679.0487187,2026-08-27T18:51:19.048719+00:00,2.8607194423675537,548405.812,253,839091574473,1,1,0.05018585920333862,-0.05512259900569916,-0.03776993602514267,-0.1103789359331131,-0.066182941198349,0.9916835427284241,1,0.050011489540338516,-0.013521803542971611,-0.03678151220083237,-0.11059623211622238,-0.15240584313869476,0.9821104407310486,1,0.05028471723198891,-0.08223146945238113,-0.03843749314546585,-0.10944665968418121,-0.011459175497293472,0.9939266443252563
P001,P001_S01,P001_S01_ST1TR_TR04_R01,TR04,R01,Gridworld_Requested_Gaze,Study 1,Gridworld,Requested Feedback,Eye Gaze,1,1787856676.1879992,1787856679.0497167,2026-08-27T18:51:19.049717+00:00,2.861717462539673,548405.812,254,839091685585,1,1,0.050185009837150574,-0.05529676750302315,-0.03777619078755379,-0.11006338894367218,-0.0652649998664856,0.9917795062065125,1,0.05000520870089531,-0.013518729247152805,-0.036793868988752365,-0.10996362566947937,-0.15280404686927795,0.9821195602416992,1,0.05027880519628525,-0.08223944902420044,-0.038438599556684494,-0.10867703706026077,-0.01312489528208971,0.9939905405044556
P001,P001_S01,P001_S01_ST1TR_TR04_R01,TR04,R01,Gridworld_Requested_Gaze,Study 1,Gridworld,Requested Feedback,Eye Gaze,1,1787856676.1879992,1787856679.068353,2026-08-27T18:51:19.068353+00:00,2.8803536891937256,548405.843,255,839091796696,1,1,0.0501837320625782,-0.05551803484559059,-0.0377834178507328,-0.11004848778247833,-0.06611938774585724,0.9917247295379639,1,0.04999902471899986,-0.013514984399080276,-0.036804575473070145,-0.1103811264038086,-0.15351137518882751,0.9819625020027161,1,0.050270237028598785,-0.0822409987449646,-0.03843329846858978,-0.10929547995328903,-0.014331938698887825,0.9939060807228088
P001,P001_S01,P001_S01_ST1TR_TR04_R01,TR04,R01,Gridworld_Requested_Gaze,Study 1,Gridworld,Requested Feedback,Eye Gaze,1,1787856676.1879992,1787856679.068353,2026-08-27T18:51:19.068353+00:00,2.8803536891937256,548405.843,256,839091907808,1,1,0.05018215999007225,-0.0556502491235733,-0.037789735943078995,-0.110188327729702,-0.06727969646453857,0.991631031036377,1,0.05000147596001625,-0.013526881113648415,-0.036790624260902405,-0.1107296347618103,-0.1547081619501114,0.9817354083061218,1,0.05027112737298012,-0.08224725723266602,-0.038440149277448654,-0.10976102948188782,-0.01493819896131754,0.9938458204269409
P001,P001_S01,P001_S01_ST1TR_TR04_R01,TR04,R01,Gridworld_Requested_Gaze,Study 1,Gridworld,Requested Feedback,Eye Gaze,1,1787856676.1879992,1787856679.0885613,2026-08-27T18:51:19.088561+00:00,2.900562047958374,548405.859,257,839092018919,1,1,0.0501798577606678,-0.055605094879865646,-0.03779048100113869,-0.11039145290851593,-0.0691501721739769,0.9914796948432922,1,0.05000080168247223,-0.013523882254958153,-0.03678635135293007,-0.11102104187011719,-0.1541065275669098,0.9817970395088196,1,0.050272926688194275,-0.0822564959526062,-0.0384453684091568,-0.11004950106143951,-0.015699945390224457,0.9938021302223206
P001,P001_S01,P001_S01_ST1TR_TR04_R01,TR04,R01,Gridworld_Requested_Gaze,Study 1,Gridworld,Requested Feedback,Eye Gaze,1,1787856676.1879992,1787856679.0897582,2026-08-27T18:51:19.089758+00:00,2.901758909225464,548405.859,258,839092130030,1,1,0.05017927289009094,-0.055951446294784546,-0.03780041262507439,-0.11032293736934662,-0.06854373961687088,0.9915295243263245,1,0.05000389367341995,-0.013531376607716084,-0.03677781671285629,-0.11046707630157471,-0.1551801860332489,0.9816904664039612,1,0.050277408212423325,-0.08225444704294205,-0.03843768313527107,-0.10951689630746841,-0.015679629519581795,0.9938612580299377
P001,P001_S01,P001_S01_ST1TR_TR04_R01,TR04,R01,Gridworld_Requested_Gaze,Study 1,Gridworld,Requested Feedback,Eye Gaze,1,1787856676.1879992,1787856679.1089735,2026-08-27T18:51:19.108974+00:00,2.9209742546081543,548405.875,259,839092241141,1,1,0.05017709732055664,-0.055903948843479156,-0.037800904363393784,-0.11027292907238007,-0.0692107155919075,0.9914886951446533,1,0.050004903227090836,-0.013532288372516632,-0.036775074899196625,-0.11038347333669662,-0.15503738820552826,0.9817224740982056,1,0.050276461988687515,-0.08224789053201675,-0.03842593729496002,-0.10950362682342529,-0.014673363417387009,0.9938781261444092
P001,P001_S01,P001_S01_ST1TR_TR04_R01,TR04,R01,Gridworld_Requested_Gaze,Study 1,Gridworld,Requested Feedback,Eye Gaze,1,1787856676.1879992,1787856679.114987,2026-08-27T18:51:19.114987+00:00,2.926987648010254,548405.89,260,839092352254,1,1,0.050175026059150696,-0.055807340890169144,-0.03779918700456619,-0.10973912477493286,-0.07067400217056274,0.9914447665214539,1,0.05000777170062065,-0.013533798977732658,-0.03677627816796303,-0.10900837928056717,-0.15584494173526764,0.9817482233047485,1,0.05028318241238594,-0.0822448804974556,-0.03841736167669296,-0.10801494866609573,-0.014928570948541164,0.9940372109413147
P001,P001_S01,P001_S01_ST1TR_TR04_R01,TR04,R01,Gridworld_Requested_Gaze,Study 1,Gridworld,Requested Feedback,Eye Gaze,1,1787856676.1879992,1787856679.1478367,2026-08-27T18:51:19.147837+00:00,2.9598374366760254,548405.921,261,839092463365,1,1,0.050173476338386536,-0.05586270987987518,-0.03779979050159454,-0.10948920249938965,-0.07045568525791168,0.9914879202842712,1,0.050000231713056564,-0.013527439907193184,-0.036786727607250214,-0.10932941734790802,-0.15610983967781067,0.9816703796386719,1,0.050279516726732254,-0.08224134147167206,-0.03840566426515579,-0.10840586572885513,-0.01547021884471178,0.9939863085746765
P001,P001_S01,P001_S01_ST1TR_TR04_R01,TR04,R01,Gridworld_Requested_Gaze,Study 1,Gridworld,Requested Feedback,Eye Gaze,1,1787856676.1879992,1787856679.1478367,2026-08-27T18:51:19.147837+00:00,2.9598374366760254,548405.921,262,839092574475,1,1,0.050171349197626114,-0.05589086562395096,-0.037798941135406494,-0.11033421754837036,-0.06954436004161835,0.991458535194397,1,0.04999048635363579,-0.013531447388231754,-0.03678259998559952,-0.11215024441480637,-0.15570202469825745,0.9814169406890869,1,0.05026927962899208,-0.08224926143884659,-0.03841273859143257,-0.11137328296899796,-0.015484223142266273,0.9936580061912537
P001,P001_S01,P001_S01_ST1TR_TR04_R01,TR04,R01,Gridworld_Requested_Gaze,Study 1,Gridworld,Requested Feedback,Eye Gaze,1,1787856676.1879992,1787856679.1498365,2026-08-27T18:51:19.149837+00:00,2.9618372917175293,548405.921,263,839092685587,1,1,0.05016806349158287,-0.05568087473511696,-0.037793438881635666,-0.1111946627497673,-0.07171094417572021,0.9912080764770508,1,0.04998084530234337,-0.013525234535336494,-0.03679255023598671,-0.1129232868552208,-0.15564732253551483,0.9813369512557983,1,0.05026472359895706,-0.08226628601551056,-0.03842299059033394,-0.1121402457356453,-0.017988162115216255,0.9935295581817627
P001,P001_S01,P001_S01_ST1TR_TR04_R01,TR04,R01,Gridworld_Requested_Gaze,Study 1,Gridworld,Requested Feedback,Eye Gaze,1,1787856676.1879992,1787856679.1681836,2026-08-27T18:51:19.168184+00:00,2.980184316635132,548405.937,264,839092796699,1,1,0.05016525834798813,-0.05529484525322914,-0.03778260946273804,-0.11093567311763763,-0.07320116460323334,0.991128146648407,1,0.04998480901122093,-0.013524899259209633,-0.03680097311735153,-0.11050527542829514,-0.1568913757801056,0.9814140200614929,1,0.050271663814783096,-0.08225098252296448,-0.038406845182180405,-0.1097295805811882,-0.017438003793358803,0.9938085079193115
P001,P001_S01,P001_S01_ST1TR_TR04_R01,TR04,R01,Gridworld_Requested_Gaze,Study 1,Gridworld,Requested Feedback,Eye Gaze,1,1787856676.1879992,1787856679.1681836,2026-08-27T18:51:19.168184+00:00,2.980184316635132,548405.937,265,839092907810,1,1,0.050164103507995605,-0.05524038150906563,-0.03778050094842911,-0.1110534816980362,-0.07311566919088364,0.9911212921142578,1,0.04997934401035309,-0.013515654020011425,-0.03680988773703575,-0.11139008402824402,-0.15586625039577484,0.9814774394035339,1,0.05026746168732643,-0.08226251602172852,-0.038417063653469086,-0.1106075793504715,-0.01875159703195095,0.9936871528625488
P001,P001_S01,P001_S01_ST1TR_TR04_R01,TR04,R01,Gridworld_Requested_Gaze,Study 1,Gridworld,Requested Feedback,Eye Gaze,1,1787856676.1879992,1787856679.1891866,2026-08-27T18:51:19.189187+00:00,3.001187324523926,548405.953,266,839093018922,1,1,0.05016275495290756,-0.05523304641246796,-0.03777911514043808,-0.11126931011676788,-0.07291674613952637,0.991111695766449,1,0.049976103007793427,-0.013515746220946312,-0.03681311756372452,-0.11173906922340393,-0.15640683472156525,0.9813517332077026,1,0.050265613943338394,-0.08225256949663162,-0.03840615227818489,-0.11102062463760376,-0.01807345449924469,0.9936537742614746
P001,P001_S01,P001_S01_ST1TR_TR04_R01,TR04,R01,Gridworld_Requested_Gaze,Study 1,Gridworld,Requested Feedback,Eye Gaze,1,1787856676.1879992,1787856679.1891866,2026-08-27T18:51:19.189187+00:00,3.001187324523926,548405.953,267,839093130033,1,1,0.0501609668135643,-0.05525026470422745,-0.037778373807668686,-0.11162935197353363,-0.07387274503707886,0.9910004138946533,1,0.049969956278800964,-0.013515007682144642,-0.036815792322158813,-0.11233432590961456,-0.15691959857940674,0.9812019467353821,1,0.05026264861226082,-0.08225656300783157,-0.038405708968639374,-0.11162013560533524,-0.01905318908393383,0.9935683012008667
P001,P001_S01,P001_S01_ST1TR_TR04_R01,TR04,R01,Gridworld_Requested_Gaze,Study 1,Gridworld,Requested Feedback,Eye Gaze,1,1787856676.1879992,1787856679.2091966,2026-08-27T18:51:19.209197+00:00,3.0211973190307617,548405.984,268,839093241145,1,1,0.05015821009874344,-0.05506155639886856,-0.03777248412370682,-0.11162933707237244,-0.07372637093067169,0.9910113215446472,1,0.04996829479932785,-0.013510188087821007,-0.036819424480199814,-0.11173948645591736,-0.1569947749376297,0.9812577962875366,1,0.050267282873392105,-0.08224134892225266,-0.03838816285133362,-0.11087248474359512,-0.017932185903191566,0.9936729073524475
P001,P001_S01,P001_S01_ST1TR_TR04_R01,TR04,R01,Gridworld_Requested_Gaze,Study 1,Gridworld,Requested Feedback,Eye Gaze,1,1787856676.1879992,1787856679.210201,2026-08-27T18:51:19.210201+00:00,3.0222017765045166,548405.984,269,839093352255,1,1,0.05015694350004196,-0.05533545836806297,-0.037778276950120926,-0.11199002712965012,-0.07196082174777985,0.9911003708839417,1,0.04996182397007942,-0.013515828177332878,-0.036816973239183426,-0.1128021702170372,-0.1576300859451294,0.9810343980789185,1,0.05026368796825409,-0.08225038647651672,-0.03839071840047836,-0.11196507513523102,-0.018935078755021095,0.9935317635536194
P001,P001_S01,P001_S01_ST1TR_TR04_R01,TR04,R01,Gridworld_Requested_Gaze,Study 1,Gridworld,Requested Feedback,Eye Gaze,1,1787856676.1879992,1787856679.228933,2026-08-27T18:51:19.228933+00:00,3.040933847427368,548406.0,270,839093463366,1,1,0.05015556514263153,-0.055683113634586334,-0.037786372005939484,-0.11186160147190094,-0.07124026119709015,0.9911668300628662,1,0.04996484890580177,-0.01349819265305996,-0.03683989867568016,-0.11160945147275925,-0.15709537267684937,0.9812565445899963,1,0.0502639003098011,-0.08224881440401077,-0.03837813064455986,-0.11097817122936249,-0.020070023834705353,0.9936202168464661
P001,P001_S01,P001_S01_ST1TR_TR04_R01,TR04,R01,Gridworld_Requested_Gaze,Study 1,Gridworld,Requested Feedback,Eye Gaze,1,1787856676.1879992,1787856679.2497983,2026-08-27T18:51:19.249798+00:00,3.0617990493774414,548406.015,271,839093574478,1,1,0.05015305429697037,-0.05568760633468628,-0.03778635710477829,-0.11211046576499939,-0.07212307304143906,0.9910749197006226,1,0.04996167868375778,-0.013505890965461731,-0.03683759272098541,-0.11254073679447174,-0.1583864539861679,0.9809424877166748,1,0.050262365490198135,-0.08225028216838837,-0.03837215527892113,-0.11193165928125381,-0.020638898015022278,0.993501603603363
P001,P001_S01,P001_S01_ST1TR_TR04_R01,TR04,R01,Gridworld_Requested_Gaze,Study 1,Gridworld,Requested Feedback,Eye Gaze,1,1787856676.1879992,1787856679.2497983,2026-08-27T18:51:19.249798+00:00,3.0617990493774414,548406.015,272,839093685589,1,1,0.05015144497156143,-0.0556643009185791,-0.03778450936079025,-0.1122969537973404,-0.07196515053510666,0.9910654425621033,1,0.049959540367126465,-0.013507576659321785,-0.03683416545391083,-0.11259277164936066,-0.15840162336826324,0.9809340238571167,1,0.0502634234726429,-0.08224133402109146,-0.03836110979318619,-0.11199626326560974,-0.01947014592587948,0.9935179352760315
P001,P001_S01,P001_S01_ST1TR_TR04_R01,TR04,R01,Gridworld_Requested_Gaze,Study 1,Gridworld,Requested Feedback,Eye Gaze,1,1787856676.1879992,1787856679.265718,2026-08-27T18:51:19.265718+00:00,3.077718734741211,548406.031,273,839093796700,1,1,0.050151076167821884,-0.05579431354999542,-0.03778517246246338,-0.11256986856460571,-0.07274344563484192,0.9909775853157043,1,0.04995419830083847,-0.013494448736310005,-0.036854036152362823,-0.11305569112300873,-0.15798349678516388,0.9809483885765076,1,0.05026688426733017,-0.0822237879037857,-0.038341324776411057,-0.11235662549734116,-0.018446026369929314,0.9934967756271362
P001,P001_S01,P001_S01_ST1TR_TR04_R01,TR04,R01,Gridworld_Requested_Gaze,Study 1,Gridworld,Requested Feedback,Eye Gaze,1,1787856676.1879992,1787856679.265718,2026-08-27T18:51:19.265718+00:00,3.077718734741211,548406.031,274,839093907813,1,1,0.05015093460679054,-0.05608620122075081,-0.03779088333249092,-0.11262279748916626,-0.07242177426815033,0.9909951090812683,1,0.049954354763031006,-0.013492031954228878,-0.036865077912807465,-0.11279220134019852,-0.15806572139263153,0.9809654355049133,1,0.05026787146925926,-0.08223462104797363,-0.03835048899054527,-0.11196743696928024,-0.019978592172265053,0.9935110211372375
P001,P001_S01,P001_S01_ST1TR_TR04_R01,TR04,R01,Gridworld_Requested_Gaze,Study 1,Gridworld,Requested Feedback,Eye Gaze,1,1787856676.1879992,1787856679.2807171,2026-08-27T18:51:19.280717+00:00,3.0927178859710693,548406.046,275,839094018923,1,1,0.05015047267079353,-0.05621284991502762,-0.037792231887578964,-0.11276905238628387,-0.07209917157888412,0.9910020232200623,1,0.04995345324277878,-0.013484315015375614,-0.036875005811452866,-0.11302448809146881,-0.15717065334320068,0.9810824990272522,1,0.050266705453395844,-0.08223845064640045,-0.038352273404598236,-0.11235402524471283,-0.020331159234046936,0.9934601783752441
P001,P001_S01,P001_S01_ST1TR_TR04_R01,TR04,R01,Gridworld_Requested_Gaze,Study 1,Gridworld,Requested Feedback,Eye Gaze,1,1787856676.1879992,1787856679.2961264,2026-08-27T18:51:19.296126+00:00,3.1081271171569824,548406.062,276,839094130035,1,1,0.05015072599053383,-0.056411344558000565,-0.03779470920562744,-0.11271250247955322,-0.07128220051527023,0.9910675287246704,1,0.04995196685194969,-0.013483391143381596,-0.03688245639204979,-0.11272207647562027,-0.15795981884002686,0.9809905290603638,1,0.05026984214782715,-0.0822257250547409,-0.03833325207233429,-0.11185232549905777,-0.01975361444056034,0.9935284852981567
P001,P001_S01,P001_S01_ST1TR_TR04_R01,TR04,R01,Gridworld_Requested_Gaze,Study 1,Gridworld,Requested Feedback,Eye Gaze,1,1787856676.1879992,1787856679.2961264,2026-08-27T18:51:19.296126+00:00,3.1081271171569824,548406.062,277,839094241147,1,1,0.050151895731687546,-0.05672682076692581,-0.03780071437358856,-0.1123633086681366,-0.07086633890867233,0.9911370277404785,1,0.04995403066277504,-0.013467369601130486,-0.03690342605113983,-0.11173675209283829,-0.15707625448703766,0.9812451004981995,1,0.050268594175577164,-0.08222853392362595,-0.038335464894771576,-0.11104945093393326,-0.020928559824824333,0.9935945272445679
P001,P001_S01,P001_S01_ST1TR_TR04_R01,TR04,R01,Gridworld_Requested_Gaze,Study 1,Gridworld,Requested Feedback,Eye Gaze,1,1787856676.1879992,1787856679.3115878,2026-08-27T18:51:19.311588+00:00,3.1235885620117188,548406.078,278,839094352258,1,1,0.05015023425221443,-0.05668458342552185,-0.03780072554945946,-0.1125992089509964,-0.07296372950077057,0.9909579753875732,1,0.04995306208729744,-0.013476465828716755,-0.03690294548869133,-0.1129443496465683,-0.15793249011039734,0.9809693694114685,1,0.05025272071361542,-0.08224320411682129,-0.0383484810590744,-0.11245036125183105,-0.02242414653301239,0.9934043288230896
P001,P001_S01,P001_S01_ST1TR_TR04_R01,TR04,R01,Gridworld_Requested_Gaze,Study 1,Gridworld,Requested Feedback,Eye Gaze,1,1787856676.1879992,1787856679.327255,2026-08-27T18:51:19.327255+00:00,3.1392557621002197,548406.093,279,839094463369,1,1,0.05014913156628609,-0.05658428370952606,-0.0377979651093483,-0.1120370626449585,-0.07241441309452057,0.9910621047019958,1,0.04995223134756088,-0.013466126285493374,-0.036916762590408325,-0.11116556078195572,-0.15760906040668488,0.9812244176864624,1,0.05025855824351311,-0.08221996575593948,-0.03832422196865082,-0.11026588827371597,-0.020569054409861565,0.9936891794204712
P001,P001_S01,P001_S01_ST1TR_TR04_R01,TR04,R01,Gridworld_Requested_Gaze,Study 1,Gridworld,Requested Feedback,Eye Gaze,1,1787856676.1879992,1787856679.3433702,2026-08-27T18:51:19.343370+00:00,3.1553709506988525,548406.109,280,839094574480,1,1,0.05014602467417717,-0.05623701214790344,-0.037790004163980484,-0.11218681931495667,-0.07417009770870209,0.9909152388572693,1,0.04994407668709755,-0.013472383841872215,-0.03691359981894493,-0.11257535964250565,-0.15811441838741302,0.9809824228286743,1,0.05025099962949753,-0.08222249895334244,-0.038322772830724716,-0.1117912009358406,-0.02067445032298565,0.9935166239738464
P001,P001_S01,P001_S01_ST1TR_TR04_R01,TR04,R01,Gridworld_Requested_Gaze,Study 1,Gridworld,Requested Feedback,Eye Gaze,1,1787856676.1879992,1787856679.3433702,2026-08-27T18:51:19.343370+00:00,3.1553709506988525,548406.109,281,839094686484,1,1,0.05014429986476898,-0.05638854205608368,-0.037793830037117004,-0.11291459202766418,-0.07312088459730148,0.9909105896949768,1,0.049935199320316315,-0.013468419201672077,-0.03691224753856659,-0.11444377154111862,-0.15734998881816864,0.980889081954956,1,0.05023984983563423,-0.08223579823970795,-0.03833644464612007,-0.1136258989572525,-0.021861691027879715,0.9932830929756165
P001,P001_S01,P001_S01_ST1TR_TR04_R01,TR04,R01,Gridworld_Requested_Gaze,Study 1,Gridworld,Requested Feedback,Eye Gaze,1,1787856676.1879992,1787856679.359312,2026-08-27T18:51:19.359312+00:00,3.1713128089904785,548406.125,282,839094840591,1,1,0.0501423105597496,-0.05649525672197342,-0.037798307836055756,-0.11281698942184448,-0.07204035669565201,0.9910008311271667,1,0.04993279650807381,-0.013468262739479542,-0.036914754658937454,-0.11286868900060654,-0.15639916062355042,0.9812237024307251,1,0.05023987218737602,-0.08224165439605713,-0.03834884986281395,-0.11188383400440216,-0.02158554270863533,0.9934868812561035
P001,P001_S01,P001_S01_ST1TR_TR04_R01,TR04,R01,Gridworld_Requested_Gaze,Study 1,Gridworld,Requested Feedback,Eye Gaze,1,1787856676.1879992,1787856679.3751824,2026-08-27T18:51:19.375182+00:00,3.187183141708374,548406.14,283,839094947524,1,1,0.050143782049417496,-0.05653280019760132,-0.03779970109462738,-0.11259893327951431,-0.07401398569345474,0.9908802509307861,1,0.04996279999613762,-0.013526945374906063,-0.0368744358420372,-0.11263196170330048,-0.16212451457977295,0.9803212285041809,1,0.05028300732374191,-0.08225900679826736,-0.03833891451358795,-0.1112416610121727,-0.022922446951270103,0.9935290217399597
P001,P001_S01,P001_S01_ST1TR_TR04_R01,TR04,R01,Gridworld_Requested_Gaze,Study 1,Gridworld,Requested Feedback,Eye Gaze,1,1787856676.1879992,1787856679.3751824,2026-08-27T18:51:19.375182+00:00,3.187183141708374,548406.14,284,839095058134,1,1,0.050301771610975266,-0.05023440346121788,-0.03771325573325157,-0.0875508263707161,-0.11622412502765656,0.9893568158149719,1,0.05014580115675926,-0.01383492723107338,-0.03680683672428131,-0.08795294910669327,-0.1911851167678833,0.9776055216789246,1,0.05044019594788551,-0.0825367197394371,-0.03851765766739845,-0.08677183836698532,-0.04914054647088051,0.995015561580658
P001,P001_S01,P001_S01_ST1TR_TR04_R01,TR04,R01,Gridworld_Requested_Gaze,Study 1,Gridworld,Requested Feedback,Eye Gaze,1,1787856676.1879992,1787856679.391094,2026-08-27T18:51:19.391094+00:00,3.203094720840454,548406.156,285,839095169247,1,1,0.05036090686917305,-0.051075633615255356,-0.03773747757077217,-0.08203059434890747,-0.11541736125946045,0.9899242520332336,1,0.050270140171051025,-0.013788985088467598,-0.03695577010512352,-0.07213833183050156,-0.19316938519477844,0.9785099625587463,1,0.05054022744297981,-0.08248476684093475,-0.0384078249335289,-0.07114451378583908,-0.0498359389603138,0.9962202906608582
P001,P001_S01,P001_S01_ST1TR_TR04_R01,TR04,R01,Gridworld_Requested_Gaze,Study 1,Gridworld,Requested Feedback,Eye Gaze,1,1787856676.1879992,1787856679.4068496,2026-08-27T18:51:19.406850+00:00,3.2188503742218018,548406.171,286,839095280358,1,1,0.050390224903821945,-0.0511716790497303,-0.03772959113121033,-0.07742904871702194,-0.11395587027072906,0.9904639720916748,1,0.050299160182476044,-0.013811294920742512,-0.036893174052238464,-0.06999518722295761,-0.19231320917606354,0.9788340926170349,1,0.050572801381349564,-0.08245550841093063,-0.0383932963013649,-0.06853929162025452,-0.04367821663618088,0.996691882610321
P001,P001_S01,P001_S01_ST1TR_TR04_R01,TR04,R01,Gridworld_Requested_Gaze,Study 1,Gridworld,Requested Feedback,Eye Gaze,1,1787856676.1879992,1787856679.4068496,2026-08-27T18:51:19.406850+00:00,3.2188503742218018,548406.171,287,839095391469,1,1,0.05040176957845688,-0.05120101198554039,-0.03772420436143875,-0.07508552074432373,-0.11379344016313553,0.9906630516052246,1,0.050296682864427567,-0.013818048872053623,-0.03686785697937012,-0.07200264930725098,-0.19302357733249664,0.9785487055778503,1,0.05055272951722145,-0.08248643577098846,-0.038407571613788605,-0.0709988996386528,-0.04709510877728462,0.9963639974594116
P001,P001_S01,P001_S01_ST1TR_TR04_R01,TR04,R01,Gridworld_Requested_Gaze,Study 1,Gridworld,Requested Feedback,Eye Gaze,1,1787856676.1879992,1787856679.422839,2026-08-27T18:51:19.422839+00:00,3.234839677810669,548406.187,288,839095502579,1,1,0.05040997266769409,-0.05127423629164696,-0.0377207025885582,-0.0733015239238739,-0.11330698430538177,0.9908524751663208,1,0.050295159220695496,-0.013806553557515144,-0.03686309978365898,-0.07166478037834167,-0.19193869829177856,0.9787868857383728,1,0.05056367442011833,-0.08248509466648102,-0.03839743137359619,-0.0702507272362709,-0.04712625592947006,0.9964154958724976
P001,P001_S01,P001_S01_ST1TR_TR04_R01,TR04,R01,Gridworld_Requested_Gaze,Study 1,Gridworld,Requested Feedback,Eye Gaze,1,1787856676.1879992,1787856679.4389255,2026-08-27T18:51:19.438926+00:00,3.2509262561798096,548406.203,289,839095613692,1,1,0.050414156168699265,-0.050973258912563324,-0.037711139768362045,-0.07190781831741333,-0.11457271873950958,0.9908089637756348,1,0.05029526725411415,-0.013792290352284908,-0.036866411566734314,-0.07100718468427658,-0.19056862592697144,0.979102373123169,1,0.05056450143456459,-0.08249682188034058,-0.03840109333395958,-0.06971663981676102,-0.048641886562108994,0.9963802099227905
P001,P001_S01,P001_S01_ST1TR_TR04_R01,TR04,R01,Gridworld_Requested_Gaze,Study 1,Gridworld,Requested Feedback,Eye Gaze,1,1787856676.1879992,1787856679.4389255,2026-08-27T18:51:19.438926+00:00,3.2509262561798096,548406.203,290,839095724803,1,1,0.05041669309139252,-0.0509348027408123,-0.03770609200000763,-0.07161173224449158,-0.11394274979829788,0.9909031391143799,1,0.05028678849339485,-0.013799826614558697,-0.036845117807388306,-0.07286662608385086,-0.19033227860927582,0.9790117740631104,1,0.050556864589452744,-0.08247867226600647,-0.03839106857776642,-0.07151132822036743,-0.04565699025988579,0.9963943362236023
P001,P001_S01,P001_S01_ST1TR_TR04_R01,TR04,R01,Gridworld_Requested_Gaze,Study 1,Gridworld,Requested Feedback,Eye Gaze,1,1787856676.1879992,1787856679.454566,2026-08-27T18:51:19.454566+00:00,3.266566753387451,548406.218,291,839095835914,1,1,0.050418976694345474,-0.05108608305454254,-0.037704840302467346,-0.07165046036243439,-0.1122458279132843,0.9910939335823059,1,0.05028267949819565,-0.013813482597470284,-0.03682422637939453,-0.07354866713285446,-0.19091999530792236,0.9788462519645691,1,0.05055547133088112,-0.08247290551662445,-0.03838588297367096,-0.07213027030229568,-0.04412931203842163,0.9964185357093811
P001,P001_S01,P001_S01_ST1TR_TR04_R01,TR04,R01,Gridworld_Requested_Gaze,Study 1,Gridworld,Requested Feedback,Eye Gaze,1,1787856676.1879992,1787856679.454566,2026-08-27T18:51:19.454566+00:00,3.266566753387451,548406.218,292,839095947027,1,1,0.05041933059692383,-0.051207248121500015,-0.03770524635910988,-0.0720984935760498,-0.11148563027381897,0.9911472797393799,1,0.050273794680833817,-0.013801774010062218,-0.03683445230126381,-0.07447599619626999,-0.19021719694137573,0.9789130091667175,1,0.050539348274469376,-0.08249204605817795,-0.038398951292037964,-0.07345619797706604,-0.04682360216975212,0.9961986541748047
P001,P001_S01,P001_S01_ST1TR_TR04_R01,TR04,R01,Gridworld_Requested_Gaze,Study 1,Gridworld,Requested Feedback,Eye Gaze,1,1787856676.1879992,1787856679.486037,2026-08-27T18:51:19.486037+00:00,3.2980377674102783,548406.25,293,839096058137,1,1,0.05041820928454399,-0.05104636400938034,-0.03769932687282562,-0.07214752584695816,-0.11260777711868286,0.9910168051719666,1,0.05026457831263542,-0.013789243996143341,-0.0368381030857563,-0.07384144514799118,-0.1895153522491455,0.9790972471237183,1,0.050539955496788025,-0.08248081058263779,-0.03838805481791496,-0.0724458172917366,-0.046124666929244995,0.9963052272796631
P001,P001_S01,P001_S01_ST1TR_TR04_R01,TR04,R01,Gridworld_Requested_Gaze,Study 1,Gridworld,Requested Feedback,Eye Gaze,1,1787856676.1879992,1787856679.5017033,2026-08-27T18:51:19.501703+00:00,3.313704013824463,548406.265,294,839096169248,1,1,0.050428129732608795,-0.051153670996427536,-0.037695448845624924,-0.07312646508216858,-0.11165089160203934,0.9910532832145691,1,0.050248824059963226,-0.013793915510177612,-0.036821234971284866,-0.07653257250785828,-0.1888362169265747,0.9790217876434326,1,0.050527382642030716,-0.08247395604848862,-0.038383278995752335,-0.07510501891374588,-0.044198278337717056,0.9961956143379211
P001,P001_S01,P001_S01_ST1TR_TR04_R01,TR04,R01,Gridworld_Requested_Gaze,Study 1,Gridworld,Requested Feedback,Eye Gaze,1,1787856676.1879992,1787856679.5017033,2026-08-27T18:51:19.501703+00:00,3.313704013824463,548406.265,295,839096280361,1,0,0.0,0.0,0.0,0.0,0.0,0.0,1,0.05024386942386627,-0.01379859447479248,-0.036816343665122986,-0.07630392909049988,-0.1900048553943634,0.9788135290145874,1,0.05051710829138756,-0.08248422294855118,-0.038399964570999146,-0.07518641650676727,-0.04621303826570511,0.9960981011390686
P001,P001_S01,P001_S01_ST1TR_TR04_R01,TR04,R01,Gridworld_Requested_Gaze,Study 1,Gridworld,Requested Feedback,Eye Gaze,1,1787856676.1879992,1787856679.5173664,2026-08-27T18:51:19.517366+00:00,3.329367160797119,548406.281,296,839096391472,1,1,0.05042725428938866,-0.051506996154785156,-0.03769819810986519,-0.0733070895075798,-0.10850341618061066,0.9913895726203918,1,0.05024472996592522,-0.013798939064145088,-0.03681003674864769,-0.07507213205099106,-0.18872903287410736,0.9791554808616638,1,0.05051944777369499,-0.08250077813863754,-0.038425203412771225,-0.07384214550256729,-0.046879567205905914,0.9961674809455872
P001,P001_S01,P001_S01_ST1TR_TR04_R01,TR04,R01,Gridworld_Requested_Gaze,Study 1,Gridworld,Requested Feedback,Eye Gaze,1,1787856676.1879992,1787856679.5330281,2026-08-27T18:51:19.533028+00:00,3.345028877258301,548406.296,297,839096502583,1,1,0.050422411412000656,-0.05190661549568176,-0.03770599514245987,-0.07435671985149384,-0.10595909506082535,0.991586446762085,1,0.05023232474923134,-0.013804396614432335,-0.03679143264889717,-0.07762258499860764,-0.18754459917545319,0.9791842103004456,1,0.05051024630665779,-0.08250302076339722,-0.0384451299905777,-0.07646632939577103,-0.045439478009939194,0.9960362315177917
P001,P001_S01,P001_S01_ST1TR_TR04_R01,TR04,R01,Gridworld_Requested_Gaze,Study 1,Gridworld,Requested Feedback,Eye Gaze,1,1787856676.1879992,1787856679.5330281,2026-08-27T18:51:19.533028+00:00,3.345028877258301,548406.296,298,839096613695,1,1,0.05041837319731712,-0.052323807030916214,-0.03771461546421051,-0.07520703971385956,-0.10375326126813889,0.9917557239532471,1,0.05022583156824112,-0.013799742795526981,-0.03679449111223221,-0.07807642966508865,-0.18634021282196045,0.9793780446052551,1,0.05050645396113396,-0.08249897509813309,-0.03844311833381653,-0.07673951238393784,-0.04432694986462593,0.9960653185844421
P001,P001_S01,P001_S01_ST1TR_TR04_R01,TR04,R01,Gridworld_Requested_Gaze,Study 1,Gridworld,Requested Feedback,Eye Gaze,1,1787856676.1879992,1787856679.5514696,2026-08-27T18:51:19.551470+00:00,3.3634703159332275,548406.328,299,839096724805,1,1,0.05041074752807617,-0.05238300561904907,-0.03771563246846199,-0.07685820013284683,-0.1039402112364769,0.9916093945503235,1,0.05021275579929352,-0.013797524385154247,-0.03678753599524498,-0.08087434619665146,-0.18406972289085388,0.9795803427696228,1,0.050488170236349106,-0.08250057697296143,-0.03845192864537239,-0.07980848103761673,-0.04245420917868614,0.9959057569503784
P001,P001_S01,P001_S01_ST1TR_TR04_R01,TR04,R01,Gridworld_Requested_Gaze,Study 1,Gridworld,Requested Feedback,Eye Gaze,1,1787856676.1879992,1787856679.5514696,2026-08-27T18:51:19.551470+00:00,3.3634703159332275,548406.328,300,839096835916,1,1,0.05040306970477104,-0.05283059552311897,-0.03772584721446037,-0.07853535562753677,-0.10241951048374176,0.991636335849762,1,0.05019547417759895,-0.013783646747469902,-0.036800816655159,-0.08238781243562698,-0.18317507207393646,0.979621946811676,1,0.05047399550676346,-0.08248554170131683,-0.03845098987221718,-0.08141970634460449,-0.04132184013724327,0.9958230257034302
P001,P001_S01,P001_S01_ST1TR_TR04_R01,TR04,R01,Gridworld_Requested_Gaze,Study 1,Gridworld,Requested Feedback,Eye Gaze,1,1787856676.1879992,1787856679.5648503,2026-08-27T18:51:19.564850+00:00,3.3768510818481445,548406.328,301,839096947028,1,1,0.05039247125387192,-0.05293774977326393,-0.03772987052798271,-0.08137828856706619,-0.10261084139347076,0.9913873076438904,1,0.0501638725399971,-0.013764355331659317,-0.036818113178014755,-0.08716993778944016,-0.1824357956647873,0.9793459177017212,1,0.050456736236810684,-0.08246200531721115,-0.03844092786312103,-0.08620717376470566,-0.04014302417635918,0.9954681992530823
P001,P001_S01,P001_S01_ST1TR_TR04_R01,TR04,R01,Gridworld_Requested_Gaze,Study 1,Gridworld,Requested Feedback,Eye Gaze,1,1787856676.1879992,1787856679.58062,2026-08-27T18:51:19.580620+00:00,3.392620801925659,548406.343,302,839097058139,1,1,0.05037916824221611,-0.05318627879023552,-0.03773977607488632,-0.0842566043138504,-0.10053572058677673,0.9913594126701355,1,0.050126560032367706,-0.013733047991991043,-0.03685419261455536,-0.09006457030773163,-0.18115592002868652,0.9793216586112976,1,0.050421249121427536,-0.08244596421718597,-0.03843509033322334,-0.08879776298999786,-0.04039865732192993,0.9952301383018494
P001,P001_S01,P001_S01_ST1TR_TR04_R01,TR04,R01,Gridworld_Requested_Gaze,Study 1,Gridworld,Requested Feedback,Eye Gaze,1,1787856676.1879992,1787856679.5963867,2026-08-27T18:51:19.596387+00:00,3.4083874225616455,548406.359,303,839097169250,1,1,0.0503619946539402,-0.05328559875488281,-0.037748292088508606,-0.08672783523797989,-0.10039874166250229,0.9911602735519409,1,0.050091587007045746,-0.013714304193854332,-0.03689778223633766,-0.09137594699859619,-0.18072062730789185,0.9792805910110474,1,0.05036824941635132,-0.08244752138853073,-0.03845839947462082,-0.09030724316835403,-0.041813358664512634,0.9950358271598816
P001,P001_S01,P001_S01_ST1TR_TR04_R01,TR04,R01,Gridworld_Requested_Gaze,Study 1,Gridworld,Requested Feedback,Eye Gaze,1,1787856676.1879992,1787856679.6121807,2026-08-27T18:51:19.612181+00:00,3.4241814613342285,548406.375,304,839097280363,1,1,0.05034465715289116,-0.05391734838485718,-0.03777068480849266,-0.0888524204492569,-0.0981966108083725,0.9911926984786987,1,0.050065115094184875,-0.013714867644011974,-0.03690842166543007,-0.09273005276918411,-0.1801280826330185,0.9792624115943909,1,0.0503414124250412,-0.0824490338563919,-0.03847457468509674,-0.09159763157367706,-0.04135628789663315,0.9949370622634888
P001,P001_S01,P001_S01_ST1TR_TR04_R01,TR04,R01,Gridworld_Requested_Gaze,Study 1,Gridworld,Requested Feedback,Eye Gaze,1,1787856676.1879992,1787856679.6121807,2026-08-27T18:51:19.612181+00:00,3.4241814613342285,548406.375,305,839097391473,1,1,0.05032407119870186,-0.05415434017777443,-0.03778750076889992,-0.09099425375461578,-0.09776583313941956,0.9910408854484558,1,0.050031356513500214,-0.013693033717572689,-0.036945804953575134,-0.09460683166980743,-0.17771326005458832,0.9795241951942444,1,0.050312917679548264,-0.08244159072637558,-0.03848780319094658,-0.09362278878688812,-0.04053644463419914,0.9947821497917175
P001,P001_S01,P001_S01_ST1TR_TR04_R01,TR04,R01,Gridworld_Requested_Gaze,Study 1,Gridworld,Requested Feedback,Eye Gaze,1,1787856676.1879992,1787856679.6283095,2026-08-27T18:51:19.628309+00:00,3.44031023979187,548406.39,306,839097502585,1,1,0.05030174180865288,-0.05405138060450554,-0.037795476615428925,-0.0927824079990387,-0.0970001369714737,0.990950345993042,1,0.050018198788166046,-0.013680590316653252,-0.03695879504084587,-0.09550458937883377,-0.17706328630447388,0.9795547127723694,1,0.05030474439263344,-0.08244171738624573,-0.0384950190782547,-0.0946645438671112,-0.04114377498626709,0.9946586489677429
P001,P001_S01,P001_S01_ST1TR_TR04_R01,TR04,R01,Gridworld_Requested_Gaze,Study 1,Gridworld,Requested Feedback,Eye Gaze,1,1787856676.1879992,1787856679.6439764,2026-08-27T18:51:19.643976+00:00,3.455977201461792,548406.406,307,839097613697,1,1,0.05027901381254196,-0.05391959100961685,-0.037799689918756485,-0.09506615996360779,-0.09635387361049652,0.9907968640327454,1,0.04999715834856033,-0.0136861652135849,-0.03695772960782051,-0.0985124260187149,-0.17849889397621155,0.9789961576461792,1,0.05029689148068428,-0.08240765333175659,-0.0384497232735157,-0.09775322675704956,-0.038194090127944946,0.9944775104522705
P001,P001_S01,P001_S01_ST1TR_TR04_R01,TR04,R01,Gridworld_Requested_Gaze,Study 1,Gridworld,Requested Feedback,Eye Gaze,1,1787856676.1879992,1787856679.6439764,2026-08-27T18:51:19.643976+00:00,3.455977201461792,548406.406,308,839097724808,1,1,0.050257083028554916,-0.053987614810466766,-0.03780905902385712,-0.09692472964525223,-0.09422610700130463,0.9908214807510376,1,0.04998946934938431,-0.01368024479597807,-0.03695886954665184,-0.09939096868038177,-0.17773640155792236,0.9790460467338562,1,0.050292544066905975,-0.08240481466054916,-0.03846266493201256,-0.0987238809466362,-0.037749823182821274,0.9943987131118774
P001,P001_S01,P001_S01_ST1TR_TR04_R01,TR04,R01,Gridworld_Requested_Gaze,Study 1,Gridworld,Requested Feedback,Eye Gaze,1,1787856676.1879992,1787856679.6601024,2026-08-27T18:51:19.660102+00:00,3.4721031188964844,548406.437,309,839097835919,1,1,0.05023713782429695,-0.05459437146782875,-0.0378304123878479,-0.09949642419815063,-0.09142961353063583,0.9908285737037659,1,0.04997100308537483,-0.01369184534996748,-0.03694453835487366,-0.10327333211898804,-0.17831651866436005,0.9785386323928833,1,0.05027351528406143,-0.08241260796785355,-0.038465797901153564,-0.10247811675071716,-0.03796515613794327,0.9940105676651001
P001,P001_S01,P001_S01_ST1TR_TR04_R01,TR04,R01,Gridworld_Requested_Gaze,Study 1,Gridworld,Requested Feedback,Eye Gaze,1,1787856676.1879992,1787856679.6601024,2026-08-27T18:51:19.660102+00:00,3.4721031188964844,548406.437,310,839097947031,1,1,0.05021297559142113,-0.05454995483160019,-0.037838198244571686,-0.10274183005094528,-0.09329075366258621,0.9903237223625183,1,0.04995463043451309,-0.013731222599744797,-0.036898236721754074,-0.107292540371418,-0.17826184630393982,0.9781160950660706,1,0.05023471638560295,-0.08246403932571411,-0.038531593978405,-0.10688810050487518,-0.03959759324789047,0.993482232093811
P001,P001_S01,P001_S01_ST1TR_TR04_R01,TR04,R01,Gridworld_Requested_Gaze,Study 1,Gridworld,Requested Feedback,Eye Gaze,1,1787856676.1879992,1787856679.6758754,2026-08-27T18:51:19.675875+00:00,3.4878761768341064,548406.453,311,839098058142,1,1,0.05019252374768257,-0.054916221648454666,-0.03785469010472298,-0.10448633134365082,-0.09286282956600189,0.9901814460754395,1,0.04994703084230423,-0.013740912079811096,-0.03689628839492798,-0.10635218024253845,-0.1788983941078186,0.9781025648117065,1,0.050234355032444,-0.08244955539703369,-0.038518860936164856,-0.1054246574640274,-0.03754390776157379,0.9937183856964111
P001,P001_S01,P001_S01_ST1TR_TR04_R01,TR04,R01,Gridworld_Requested_Gaze,Study 1,Gridworld,Requested Feedback,Eye Gaze,1,1787856676.1879992,1787856679.707662,2026-08-27T18:51:19.707662+00:00,3.519662857055664,548406.484,312,839098169252,1,1,0.05017228424549103,-0.0548759326338768,-0.03786132112145424,-0.10650631785392761,-0.09392647445201874,0.9898658394813538,1,0.04993363842368126,-0.013748728670179844,-0.03689469397068024,-0.10866562277078629,-0.1791163980960846,0.9778083562850952,1,0.05021536350250244,-0.08247360587120056,-0.038536056876182556,-0.10794185847043991,-0.03955785557627678,0.9933699369430542
P001,P001_S01,P001_S01_ST1TR_TR04_R01,TR04,R01,Gridworld_Requested_Gaze,Study 1,Gridworld,Requested Feedback,Eye Gaze,1,1787856676.1879992,1787856679.707662,2026-08-27T18:51:19.707662+00:00,3.519662857055664,548406.484,313,839098280364,1,1,0.05015778914093971,-0.055189650505781174,-0.03787225857377052,-0.10782976448535919,-0.09351949393749237,0.9897611141204834,1,0.049926210194826126,-0.013751772232353687,-0.036903005093336105,-0.10872205346822739,-0.18134023249149323,0.9773920774459839,1,0.05021559074521065,-0.08246013522148132,-0.038517579436302185,-0.10783123224973679,-0.039719417691230774,0.9933754801750183
P001,P001_S01,P001_S01_ST1TR_TR04_R01,TR04,R01,Gridworld_Requested_Gaze,Study 1,Gridworld,Requested Feedback,Eye Gaze,1,1787856676.1879992,1787856679.7235343,2026-08-27T18:51:19.723534+00:00,3.5355350971221924,548406.5,314,839098391475,1,1,0.05014432966709137,-0.05518888309597969,-0.037875689566135406,-0.10904334485530853,-0.09383612126111984,0.9895982146263123,1,0.04992673546075821,-0.013765503652393818,-0.036894358694553375,-0.10959771275520325,-0.18128839135169983,0.9773038625717163,1,0.050209544599056244,-0.08248437196016312,-0.038541216403245926,-0.10886949300765991,-0.04102279618382454,0.9932092428207397
P001,P001_S01,P001_S01_ST1TR_TR04_R01,TR04,R01,Gridworld_Requested_Gaze,Study 1,Gridworld,Requested Feedback,Eye Gaze,1,1787856676.1879992,1787856679.7235343,2026-08-27T18:51:19.723534+00:00,3.5355350971221924,548406.5,315,839098502587,1,1,0.050135210156440735,-0.05553814768791199,-0.03788446635007858,-0.11019179224967957,-0.09361913800239563,0.9894915819168091,1,0.04992474988102913,-0.01376900915056467,-0.03689827024936676,-0.1105247214436531,-0.18295231461524963,0.9768893122673035,1,0.050208427011966705,-0.08248397707939148,-0.03853238746523857,-0.10994881391525269,-0.042092643678188324,0.9930455684661865
P001,P001_S01,P001_S01_ST1TR_TR04_R01,TR04,R01,Gridworld_Requested_Gaze,Study 1,Gridworld,Requested Feedback,Eye Gaze,1,1787856676.1879992,1787856679.7393644,2026-08-27T18:51:19.739364+00:00,3.5513651371002197,548406.515,316,839098613698,1,1,0.050126753747463226,-0.05574015900492668,-0.037888053804636,-0.11083787679672241,-0.09412820637226105,0.9893710613250732,1,0.04992644488811493,-0.013775520958006382,-0.03689762204885483,-0.11031728982925415,-0.1841823160648346,0.9766815900802612,1,0.05021137371659279,-0.08247806131839752,-0.03851952403783798,-0.10957278311252594,-0.04186301305890083,0.9930968880653381
P001,P001_S01,P001_S01_ST1TR_TR04_R01,TR04,R01,Gridworld_Requested_Gaze,Study 1,Gridworld,Requested Feedback,Eye Gaze,1,1787856676.1879992,1787856679.7393644,2026-08-27T18:51:19.739364+00:00,3.5513651371002197,548406.515,317,839098724809,1,1,0.05011843889951706,-0.05586346238851547,-0.03789468854665756,-0.11198114603757858,-0.09610703587532043,0.9890519380569458,1,0.04992377758026123,-0.013810357078909874,-0.03687073290348053,-0.11232287436723709,-0.1842525154352188,0.9764396548271179,1,0.05019935593008995,-0.08253996074199677,-0.038577210158109665,-0.11171998083591461,-0.045277342200279236,0.9927077293395996
P001,P001_S01,P001_S01_ST1TR_TR04_R01,TR04,R01,Gridworld_Requested_Gaze,Study 1,Gridworld,Requested Feedback,Eye Gaze,1,1787856676.1879992,1787856679.7552195,2026-08-27T18:51:19.755219+00:00,3.5672202110290527,548406.531,318,839098835921,1,1,0.05010974034667015,-0.05580906569957733,-0.03789588809013367,-0.11279736459255219,-0.09703689813613892,0.9888684153556824,1,0.0499199703335762,-0.01381042692810297,-0.03688329458236694,-0.11268472671508789,-0.18470317125320435,0.9763128757476807,1,0.050199124962091446,-0.08252529054880142,-0.03855506330728531,-0.11180783063173294,-0.044038839638233185,0.9927535057067871
P001,P001_S01,P001_S01_ST1TR_TR04_R01,TR04,R01,Gridworld_Requested_Gaze,Study 1,Gridworld,Requested Feedback,Eye Gaze,1,1787856676.1879992,1787856679.7552195,2026-08-27T18:51:19.755219+00:00,3.5672202110290527,548406.531,319,839098947032,1,1,0.05010079964995384,-0.055432721972465515,-0.037891291081905365,-0.1128147691488266,-0.09871693700551987,0.9887000918388367,1,0.04992116242647171,-0.013788260519504547,-0.03688516840338707,-0.11119909584522247,-0.18513154983520508,0.9764021039009094,1,0.05018555000424385,-0.08250544965267181,-0.038573358207941055,-0.11036371439695358,-0.04487017169594765,0.9928779006004333
P001,P001_S01,P001_S01_ST1TR_TR04_R01,TR04,R01,Gridworld_Requested_Gaze,Study 1,Gridworld,Requested Feedback,Eye Gaze,1,1787856676.1879992,1787856679.7868457,2026-08-27T18:51:19.786846+00:00,3.598846435546875,548406.562,320,839099058144,1,0,0.0,0.0,0.0,0.0,0.0,0.0,1,0.049881722778081894,-0.01356769260019064,-0.03678574040532112,-0.11111979186534882,-0.1524556279182434,0.9820436835289001,1,0.050106123089790344,-0.08194725215435028,-0.03855031728744507,-0.10975974053144455,0.024113766849040985,0.9936656355857849
P001,P001_S01,P001_S01_ST1TR_TR04_R01,TR04,R01,Gridworld_Requested_Gaze,Study 1,Gridworld,Requested Feedback,Eye Gaze,1,1787856676.1879992,1787856679.802484,2026-08-27T18:51:19.802484+00:00,3.6144847869873047,548406.578,321,839099169256,1,0,0.0,0.0,0.0,0.0,0.0,0.0,1,0.04981701821088791,-0.012767315842211246,-0.03701365739107132,-0.12661337852478027,-0.05990013852715492,0.9901419878005981,1,0.050030022859573364,-0.0814104750752449,-0.038717593997716904,-0.12342534959316254,0.084721140563488,0.988730788230896
P001,P001_S01,P001_S01_ST1TR_TR04_R01,TR04,R01,Gridworld_Requested_Gaze,Study 1,Gridworld,Requested Feedback,Eye Gaze,1,1787856676.1879992,1787856679.818581,2026-08-27T18:51:19.818581+00:00,3.630581855773926,548406.593,322,839099280367,1,0,0.0,0.0,0.0,0.0,0.0,0.0,1,0.04980962723493576,-0.012281330302357674,-0.03710951656103134,-0.1268502175807953,-0.001422165660187602,0.9919208884239197,1,0.049985747784376144,-0.0808844268321991,-0.038716454058885574,-0.12253439426422119,0.14569994807243347,0.981711208820343
P001,P001_S01,P001_S01_ST1TR_TR04_R01,TR04,R01,Gridworld_Requested_Gaze,Study 1,Gridworld,Requested Feedback,Eye Gaze,1,1787856676.1879992,1787856679.818581,2026-08-27T18:51:19.818581+00:00,3.630581855773926,548406.593,323,839099391478,1,0,0.0,0.0,0.0,0.0,0.0,0.0,1,0.049838609993457794,-0.012283610180020332,-0.03709015995264053,-0.1251613199710846,-0.0038865956012159586,0.9921287298202515,1,0.050003375858068466,-0.0809355229139328,-0.03878360986709595,-0.12122108042240143,0.1371435523033142,0.9831058382987976
P001,P001_S01,P001_S01_ST1TR_TR04_R01,TR04,R01,Gridworld_Requested_Gaze,Study 1,Gridworld,Requested Feedback,Eye Gaze,1,1787856676.1879992,1787856679.818581,2026-08-27T18:51:19.818581+00:00,3.630581855773926,548406.593,324,839099502589,1,1,0.04998159036040306,-0.056739553809165955,-0.03810030594468117,-0.11945246905088425,0.09663353860378265,0.9881260991096497,1,0.049868322908878326,-0.0122370021417737,-0.03708317130804062,-0.1217699944972992,0.002967356937006116,0.9925538301467896,1,0.05004299432039261,-0.08086329698562622,-0.03865166753530502,-0.1177571639418602,0.1470525860786438,0.9820941686630249
P001,P001_S01,P001_S01_ST1TR_TR04_R01,TR04,R01,Gridworld_Requested_Gaze,Study 1,Gridworld,Requested Feedback,Eye Gaze,1,1787856676.1879992,1787856679.8345647,2026-08-27T18:51:19.834565+00:00,3.6465654373168945,548406.609,325,839099613701,1,1,0.049989260733127594,-0.0562979094684124,-0.03807125985622406,-0.11946411430835724,0.09654413908720016,0.9881334900856018,1,0.04987688362598419,-0.012246521189808846,-0.037042733281850815,-0.12202250212430954,0.003090812126174569,0.9925225377082825,1,0.050065744668245316,-0.08085199445486069,-0.038615092635154724,-0.1175617203116417,0.149468332529068,0.9817528128623962
P001,P001_S01,P001_S01_ST1TR_TR04_R01,TR04,R01,Gridworld_Requested_Gaze,Study 1,Gridworld,Requested Feedback,Eye Gaze,1,1787856676.1879992,1787856679.851617,2026-08-27T18:51:19.851617+00:00,3.6636178493499756,548406.625,326,839099725650,1,1,0.049993108958005905,-0.05580225586891174,-0.038049161434173584,-0.11936131119728088,0.09425902366638184,0.9883663654327393,1,0.04988430440425873,-0.012293047271668911,-0.0369989275932312,-0.12161868810653687,-0.0016475359443575144,0.992575466632843,1,0.050072260200977325,-0.08088954538106918,-0.038622017949819565,-0.11716782301664352,0.14587333798408508,0.9823404550552368
P001,P001_S01,P001_S01_ST1TR_TR04_R01,TR04,R01,Gridworld_Requested_Gaze,Study 1,Gridworld,Requested Feedback,Eye Gaze,1,1787856676.1879992,1787856679.866451,2026-08-27T18:51:19.866451+00:00,3.6784517765045166,548406.64,327,839099879403,1,1,0.049992918968200684,-0.05450953543186188,-0.03800998255610466,-0.11917450278997421,0.090275339782238,0.9887608289718628,1,0.049879468977451324,-0.012307452037930489,-0.036983199417591095,-0.12097547948360443,0.001337368623353541,0.99265456199646,1,0.050081558525562286,-0.08091308176517487,-0.038610901683568954,-0.1165742427110672,0.1472998708486557,0.982198178768158
P001,P001_S01,P001_S01_ST1TR_TR04_R01,TR04,R01,Gridworld_Requested_Gaze,Study 1,Gridworld,Requested Feedback,Eye Gaze,1,1787856676.1879992,1787856679.88227,2026-08-27T18:51:19.882270+00:00,3.6942708492279053,548406.656,328,839099986332,1,1,0.04999333620071411,-0.05391498655080795,-0.03798603266477585,-0.1190793514251709,0.08774295449256897,0.9890002012252808,1,0.04987938329577446,-0.012332407757639885,-0.03696552291512489,-0.12105701118707657,-0.0014489589957520366,0.9926444888114929,1,0.05008166283369064,-0.08091681450605392,-0.03858320787549019,-0.11676517874002457,0.14697033166885376,0.9822248220443726
P001,P001_S01,P001_S01_ST1TR_TR04_R01,TR04,R01,Gridworld_Requested_Gaze,Study 1,Gridworld,Requested Feedback,Eye Gaze,1,1787856676.1879992,1787856679.88227,2026-08-27T18:51:19.882270+00:00,3.6942708492279053,548406.656,329,839100096918,1,0,0.0,0.0,0.0,0.0,0.0,0.0,1,0.04987218230962753,-0.012361626140773296,-0.0369582436978817,-0.12197723239660263,-0.004347541369497776,0.9925234317779541,1,0.050077036023139954,-0.08094509690999985,-0.0385800339281559,-0.11769356578588486,0.14417864382266998,0.9825278520584106
P001,P001_S01,P001_S01_ST1TR_TR04_R01,TR04,R01,Gridworld_Requested_Gaze,Study 1,Gridworld,Requested Feedback,Eye Gaze,1,1787856676.1879992,1787856679.897972,2026-08-27T18:51:19.897972+00:00,3.709972858428955,548406.671,330,839100208031,1,1,0.04999277740716934,-0.053802553564310074,-0.037979722023010254,-0.11864927411079407,0.0834759771823883,0.9894211888313293,1,0.04986114427447319,-0.012407067231833935,-0.03693101555109024,-0.12010301649570465,-0.008272991515696049,0.9927269816398621,1,0.05007772520184517,-0.08105220645666122,-0.03864093869924545,-0.11588083207607269,0.13364659249782562,0.9842308759689331
P001,P001_S01,P001_S01_ST1TR_TR04_R01,TR04,R01,Gridworld_Requested_Gaze,Study 1,Gridworld,Requested Feedback,Eye Gaze,1,1787856676.1879992,1787856679.897972,2026-08-27T18:51:19.897972+00:00,3.709972858428955,548406.671,331,839100319141,1,0,0.0,0.0,0.0,0.0,0.0,0.0,1,0.04985639825463295,-0.012410023249685764,-0.03695433959364891,-0.12401994317770004,-0.009154324419796467,0.9922374486923218,1,0.05006092041730881,-0.08105573058128357,-0.03861026093363762,-0.12007678300142288,0.13288995623588562,0.9838300943374634
P001,P001_S01,P001_S01_ST1TR_TR04_R01,TR04,R01,Gridworld_Requested_Gaze,Study 1,Gridworld,Requested Feedback,Eye Gaze,1,1787856676.1879992,1787856679.9297035,2026-08-27T18:51:19.929703+00:00,3.741704225540161,548406.703,332,839100430253,1,0,0.0,0.0,0.0,0.0,0.0,0.0,1,0.04985220357775688,-0.01245209202170372,-0.03693624958395958,-0.12426812946796417,-0.014676542952656746,0.9921400547027588,1,0.05005867779254913,-0.0810883492231369,-0.038601282984018326,-0.12010498344898224,0.12874692678451538,0.9843774437904358
P001,P001_S01,P001_S01_ST1TR_TR04_R01,TR04,R01,Gridworld_Requested_Gaze,Study 1,Gridworld,Requested Feedback,Eye Gaze,1,1787856676.1879992,1787856679.9297035,2026-08-27T18:51:19.929703+00:00,3.741704225540161,548406.703,333,839100541364,1,0,0.0,0.0,0.0,0.0,0.0,0.0,1,0.04984445869922638,-0.012505312450230122,-0.03691122308373451,-0.1233450397849083,-0.018226245418190956,0.9921963810920715,1,0.050050169229507446,-0.08116304874420166,-0.03863978758454323,-0.11925488710403442,0.12277638167142868,0.9852432608604431
P001,P001_S01,P001_S01_ST1TR_TR04_R01,TR04,R01,Gridworld_Requested_Gaze,Study 1,Gridworld,Requested Feedback,Eye Gaze,1,1787856676.1879992,1787856679.9454622,2026-08-27T18:51:19.945462+00:00,3.757462978363037,548406.718,334,839100652476,1,1,0.04998549073934555,-0.05303521826863289,-0.03795464336872101,-0.11994674801826477,0.07215863466262817,0.9901546239852905,1,0.04984037205576897,-0.012560523115098476,-0.03688030689954758,-0.12422551214694977,-0.022695787250995636,0.9919943809509277,1,0.05003437027335167,-0.08120133727788925,-0.03864821791648865,-0.12011440098285675,0.12048223614692688,0.9854220151901245
P001,P001_S01,P001_S01_ST1TR_TR04_R01,TR04,R01,Gridworld_Requested_Gaze,Study 1,Gridworld,Requested Feedback,Eye Gaze,1,1787856676.1879992,1787856679.9515824,2026-08-27T18:51:19.951582+00:00,3.763583183288574,548406.718,335,839100763587,1,1,0.04992307722568512,-0.0475064180791378,-0.03777322173118591,-0.1261061578989029,0.04682333022356033,0.9909111857414246,1,0.049823954701423645,-0.012593012303113937,-0.03687794506549835,-0.1278063952922821,-0.0265005175024271,0.9914449453353882,1,0.05001882463693619,-0.0812302827835083,-0.038638003170490265,-0.12381961196660995,0.11740972101688385,0.9853342175483704
P001,P001_S01,P001_S01_ST1TR_TR04_R01,TR04,R01,Gridworld_Requested_Gaze,Study 1,Gridworld,Requested Feedback,Eye Gaze,1,1787856676.1879992,1787856679.9614394,2026-08-27T18:51:19.961439+00:00,3.77344012260437,548406.734,336,839100874699,1,1,0.049919985234737396,-0.047524385154247284,-0.03776807337999344,-0.12610994279384613,0.045562565326690674,0.9909694194793701,1,0.049814555794000626,-0.012651284225285053,-0.0368356890976429,-0.12800714373588562,-0.02991516888141632,0.9913219809532166,1,0.050015889108181,-0.08129151910543442,-0.03865981474518776,-0.12364527583122253,0.11374316364526749,0.9857861399650574
P001,P001_S01,P001_S01_ST1TR_TR04_R01,TR04,R01,Gridworld_Requested_Gaze,Study 1,Gridworld,Requested Feedback,Eye Gaze,1,1787856676.1879992,1787856679.977296,2026-08-27T18:51:19.977296+00:00,3.789296865463257,548406.75,337,839100985809,1,1,0.05014224350452423,-0.052116215229034424,-0.03794500231742859,-0.10356653481721878,0.07288040965795517,0.9919488430023193,1,0.05003442242741585,-0.012441408820450306,-0.036982178688049316,-0.10578752309083939,-0.014037443324923515,0.9942896962165833,1,0.050220780074596405,-0.08101605623960495,-0.03864634037017822,-0.10145566612482071,0.1358460783958435,0.9855214953422546
P001,P001_S01,P001_S01_ST1TR_TR04_R01,TR04,R01,Gridworld_Requested_Gaze,Study 1,Gridworld,Requested Feedback,Eye Gaze,1,1787856676.1879992,1787856680.00907,2026-08-27T18:51:20.009070+00:00,3.821070671081543,548406.781,338,839101096921,1,1,0.050676800310611725,-0.049621064215898514,-0.038072455674409866,-0.02974817156791687,0.12853096425533295,0.9912592768669128,1,0.05058346688747406,-0.01179030817002058,-0.03749140724539757,-0.03175584226846695,0.04406878352165222,0.9985235929489136,1,0.05075252801179886,-0.08031419664621353,-0.038543879985809326,-0.02796209417283535,0.19637849926948547,0.9801294207572937
P001,P001_S01,P001_S01_ST1TR_TR04_R01,TR04,R01,Gridworld_Requested_Gaze,Study 1,Gridworld,Requested Feedback,Eye Gaze,1,1787856676.1879992,1787856680.0110629,2026-08-27T18:51:20.011063+00:00,3.823063611984253,548406.781,339,839101208033,1,0,0.0,0.0,0.0,0.0,0.0,0.0,1,0.051039524376392365,-0.011440180242061615,-0.03774144500494003,0.010604689829051495,0.06395123153924942,0.997896671295166,1,0.05115320160984993,-0.0798913761973381,-0.038432300090789795,0.013647720217704773,0.22237248718738556,0.9748662710189819
P001,P001_S01,P001_S01_ST1TR_TR04_R01,TR04,R01,Gridworld_Requested_Gaze,Study 1,Gridworld,Requested Feedback,Eye Gaze,1,1787856676.1879992,1787856680.0110629,2026-08-27T18:51:20.011063+00:00,3.823063611984253,548406.781,340,839101319144,1,1,0.05140203237533569,-0.04710793495178223,-0.03818804398179054,0.05227624624967575,0.13274139165878296,0.9897712469100952,1,0.05130954831838608,-0.011522825807332993,-0.03772134706377983,0.05169704556465149,0.055650744587183,0.9971110820770264,1,0.05148768797516823,-0.08006743341684341,-0.03862030804157257,0.052533116191625595,0.20343399047851562,0.9776784181594849
P001,P001_S01,P001_S01_ST1TR_TR04_R01,TR04,R01,Gridworld_Requested_Gaze,Study 1,Gridworld,Requested Feedback,Eye Gaze,1,1787856676.1879992,1787856680.0249302,2026-08-27T18:51:20.024930+00:00,3.836930990219116,548406.796,341,839101430255,1,1,0.05152690410614014,-0.05280337855219841,-0.03822070360183716,0.06543822586536407,0.14928583800792694,0.9866264462471008,1,0.05138272047042847,-0.011508047580718994,-0.03773099556565285,0.06492909044027328,0.0613134428858757,0.9960044622421265,1,0.05162210762500763,-0.08006823807954788,-0.03854404017329216,0.06549382209777832,0.20672863721847534,0.9762037396430969
P001,P001_S01,P001_S01_ST1TR_TR04_R01,TR04,R01,Gridworld_Requested_Gaze,Study 1,Gridworld,Requested Feedback,Eye Gaze,1,1787856676.1879992,1787856680.0249302,2026-08-27T18:51:20.024930+00:00,3.836930990219116,548406.796,342,839101541366,1,1,0.05147155001759529,-0.055055610835552216,-0.038133468478918076,0.047539666295051575,0.1469624936580658,0.9879990816116333,1,0.05132538452744484,-0.011527332477271557,-0.03765679895877838,0.046573907136917114,0.054465942084789276,0.997428834438324,1,0.05155564844608307,-0.08009935170412064,-0.03840772435069084,0.047909215092659,0.19960439205169678,0.9787046313285828
P001,P001_S01,P001_S01_ST1TR_TR04_R01,TR04,R01,Gridworld_Requested_Gaze,Study 1,Gridworld,Requested Feedback,Eye Gaze,1,1787856676.1879992,1787856680.0516438,2026-08-27T18:51:20.051644+00:00,3.863644599914551,548406.828,343,839101652478,1,1,0.05144660547375679,-0.050192881375551224,-0.038039788603782654,0.05389226973056793,0.1297304332256317,0.9900837540626526,1,0.05131159722805023,-0.011655542999505997,-0.03751184791326523,0.052950337529182434,0.04752428084611893,0.9974655508995056,1,0.05155181884765625,-0.0802229791879654,-0.038451194763183594,0.05437193810939789,0.1931767463684082,0.9796563386917114
P001,P001_S01,P001_S01_ST1TR_TR04_R01,TR04,R01,Gridworld_Requested_Gaze,Study 1,Gridworld,Requested Feedback,Eye Gaze,1,1787856676.1879992,1787856680.0567667,2026-08-27T18:51:20.056767+00:00,3.868767499923706,548406.828,344,839101763589,1,1,0.051420263946056366,-0.049875255674123764,-0.038017626851797104,0.05212756246328354,0.12709921598434448,0.9905194044113159,1,0.05126536265015602,-0.011812839657068253,-0.0373813696205616,0.04782517999410629,0.0382603257894516,0.9981226325035095,1,0.05149872228503227,-0.08032727241516113,-0.038496073335409164,0.04942712187767029,0.1900029331445694,0.9805386662483215
P001,P001_S01,P001_S01_ST1TR_TR04_R01,TR04,R01,Gridworld_Requested_Gaze,Study 1,Gridworld,Requested Feedback,Eye Gaze,1,1787856676.1879992,1787856680.0567667,2026-08-27T18:51:20.056767+00:00,3.868767499923706,548406.828,345,839101874701,1,1,0.05134009197354317,-0.048330020159482956,-0.037971362471580505,0.04554031416773796,0.110903799533844,0.9927873015403748,1,0.05122080817818642,-0.011792981065809727,-0.0374569334089756,0.044337693601846695,0.033789824694395065,0.9984449744224548,1,0.05144473910331726,-0.0803830698132515,-0.038422662764787674,0.04637111723423004,0.17800801992416382,0.9829358458518982
P001,P001_S01,P001_S01_ST1TR_TR04_R01,TR04,R01,Gridworld_Requested_Gaze,Study 1,Gridworld,Requested Feedback,Eye Gaze,1,1787856676.1879992,1787856680.0882163,2026-08-27T18:51:20.088216+00:00,3.900217056274414,548406.859,346,839101985812,1,1,0.05131909251213074,-0.04857615754008293,-0.03795759007334709,0.04352954030036926,0.10994121432304382,0.9929845333099365,1,0.05118207260966301,-0.011888123117387295,-0.03737476095557213,0.03838859871029854,0.028374286368489265,0.9988599419593811,1,0.05139744654297829,-0.08044973015785217,-0.03843112289905548,0.04079652205109596,0.1759173572063446,0.9835591912269592
P001,P001_S01,P001_S01_ST1TR_TR04_R01,TR04,R01,Gridworld_Requested_Gaze,Study 1,Gridworld,Requested Feedback,Eye Gaze,1,1787856676.1879992,1787856680.0882163,2026-08-27T18:51:20.088216+00:00,3.900217056274414,548406.859,347,839102096922,1,1,0.05125943943858147,-0.045288458466529846,-0.03784302622079849,0.03533148393034935,0.09539271891117096,0.9948126077651978,1,0.051152415573596954,-0.01198467519134283,-0.03728330880403519,0.03392893821001053,0.022257432341575623,0.9991764426231384,1,0.05137268826365471,-0.08052675426006317,-0.038435257971286774,0.036608949303627014,0.1722184419631958,0.9843783974647522
P001,P001_S01,P001_S01_ST1TR_TR04_R01,TR04,R01,Gridworld_Requested_Gaze,Study 1,Gridworld,Requested Feedback,Eye Gaze,1,1787856676.1879992,1787856680.1039155,2026-08-27T18:51:20.103915+00:00,3.9159162044525146,548406.875,348,839102208033,1,1,0.051249902695417404,-0.04414913058280945,-0.03782087191939354,0.03440413251519203,0.09072902798652649,0.9952812790870667,1,0.0511385016143322,-0.012059400789439678,-0.03724374249577522,0.03129303455352783,0.014732275158166885,0.9994017481803894,1,0.05136415362358093,-0.08061747252941132,-0.03847309947013855,0.034164946526288986,0.16337278485298157,0.9859726428985596
P001,P001_S01,P001_S01_ST1TR_TR04_R01,TR04,R01,Gridworld_Requested_Gaze,Study 1,Gridworld,Requested Feedback,Eye Gaze,1,1787856676.1879992,1787856680.1039155,2026-08-27T18:51:20.103915+00:00,3.9159162044525146,548406.875,349,839102319146,1,1,0.05124378949403763,-0.04441903531551361,-0.0378192663192749,0.032833173871040344,0.08776210993528366,0.9956002831459045,1,0.05112535133957863,-0.012097720056772232,-0.03723170608282089,0.028430044651031494,0.010955807752907276,0.9995357394218445,1,0.05134693905711174,-0.08065403997898102,-0.03845078498125076,0.031532131135463715,0.1601126343011856,0.9865949749946594
P001,P001_S01,P001_S01_ST1TR_TR04_R01,TR04,R01,Gridworld_Requested_Gaze,Study 1,Gridworld,Requested Feedback,Eye Gaze,1,1787856676.1879992,1787856680.1196759,2026-08-27T18:51:20.119676+00:00,3.9316766262054443,548406.89,350,839102430258,1,1,0.0512373149394989,-0.04549172520637512,-0.03782971203327179,0.03209938481450081,0.08570095896720886,0.9958037734031677,1,0.05109851062297821,-0.01216154359281063,-0.03720807284116745,0.02927263453602791,0.0033599587623029947,0.9995657205581665,1,0.05132247135043144,-0.08072901517152786,-0.038433123379945755,0.03228608891367912,0.15151821076869965,0.9879270195960999
P001,P001_S01,P001_S01_ST1TR_TR04_R01,TR04,R01,Gridworld_Requested_Gaze,Study 1,Gridworld,Requested Feedback,Eye Gaze,1,1787856676.1879992,1787856680.1196759,2026-08-27T18:51:20.119676+00:00,3.9316766262054443,548406.89,351,839102541369,1,1,0.05116897448897362,-0.04393546283245087,-0.03775414451956749,0.02546750009059906,0.06825665384531021,0.9973427057266235,1,0.051062725484371185,-0.01221620012074709,-0.03717563673853874,0.02389536052942276,-0.000619340396951884,0.999714195728302,1,0.05129241570830345,-0.08078420162200928,-0.03842620179057121,0.027141926810145378,0.14786356687545776,0.9886353611946106
P001,P001_S01,P001_S01_ST1TR_TR04_R01,TR04,R01,Gridworld_Requested_Gaze,Study 1,Gridworld,Requested Feedback,Eye Gaze,1,1787856676.1879992,1787856680.1357155,2026-08-27T18:51:20.135715+00:00,3.947716236114502,548406.906,352,839102652480,1,1,0.051151927560567856,-0.0430096760392189,-0.03772885724902153,0.023871980607509613,0.06502768397331238,0.9975979328155518,1,0.0510411411523819,-0.012297729961574078,-0.03713122010231018,0.019264353439211845,-0.006372783333063126,0.999794065952301,1,0.05125688761472702,-0.08085085451602936,-0.03844849392771721,0.022913170978426933,0.14377079904079437,0.9893457293510437
P001,P001_S01,P001_S01_ST1TR_TR04_R01,TR04,R01,Gridworld_Requested_Gaze,Study 1,Gridworld,Requested Feedback,Eye Gaze,1,1787856676.1879992,1787856680.1674235,2026-08-27T18:51:20.167423+00:00,3.979424238204956,548406.937,353,839102763591,1,1,0.051135532557964325,-0.04316064715385437,-0.03772735968232155,0.022069774568080902,0.06168171763420105,0.9978518486022949,1,0.051003359258174896,-0.012405136600136757,-0.03703714534640312,0.017262214794754982,-0.011156896129250526,0.9997887015342712,1,0.05122280865907669,-0.08098308742046356,-0.03855456784367561,0.02069993130862713,0.1362808495759964,0.9904539585113525
P001,P001_S01,P001_S01_ST1TR_TR04_R01,TR04,R01,Gridworld_Requested_Gaze,Study 1,Gridworld,Requested Feedback,Eye Gaze,1,1787856676.1879992,1787856680.1674235,2026-08-27T18:51:20.167423+00:00,3.979424238204956,548406.937,354,839102874704,1,1,0.05111778527498245,-0.04343748837709427,-0.03772835433483124,0.01984332501888275,0.05807950347661972,0.9981148838996887,1,0.05095554515719414,-0.012465143576264381,-0.03700560703873634,0.014267891645431519,-0.016191892325878143,0.9997670650482178,1,0.05119061470031738,-0.08105164021253586,-0.03857075050473213,0.01794472150504589,0.13053345680236816,0.9912815093994141
P001,P001_S01,P001_S01_ST1TR_TR04_R01,TR04,R01,Gridworld_Requested_Gaze,Study 1,Gridworld,Requested Feedback,Eye Gaze,1,1787856676.1879992,1787856680.1830864,2026-08-27T18:51:20.183086+00:00,3.995087146759033,548406.953,355,839102985815,1,1,0.05101144313812256,-0.04192828759551048,-0.03769449144601822,0.008455432951450348,0.04162338748574257,0.9990977048873901,1,0.05090964585542679,-0.012474960647523403,-0.03704693913459778,0.006919980980455875,-0.01958569511771202,0.9997842311859131,1,0.05114685744047165,-0.08110753446817398,-0.03855587914586067,0.010448820888996124,0.12280260771512985,0.9923760890960693
P001,P001_S01,P001_S01_ST1TR_TR04_R01,TR04,R01,Gridworld_Requested_Gaze,Study 1,Gridworld,Requested Feedback,Eye Gaze,1,1787856676.1879992,1787856680.1830864,2026-08-27T18:51:20.183086+00:00,3.995087146759033,548406.953,356,839103096925,1,1,0.050990115851163864,-0.04199553281068802,-0.03767663985490799,0.007871206849813461,0.04015636444091797,0.9991624355316162,1,0.05086256563663483,-0.0125581668689847,-0.037005241960287094,0.005092475097626448,-0.027231954038143158,0.9996162056922913,1,0.051109421998262405,-0.08112397789955139,-0.038524020463228226,0.008984829299151897,0.12279874086380005,0.9923909902572632
P001,P001_S01,P001_S01_ST1TR_TR04_R01,TR04,R01,Gridworld_Requested_Gaze,Study 1,Gridworld,Requested Feedback,Eye Gaze,1,1787856676.1879992,1787856680.198724,2026-08-27T18:51:20.198724+00:00,4.010724782943726,548406.968,357,839103208036,1,1,0.05097260698676109,-0.04359825700521469,-0.03770839422941208,0.005381718277931213,0.040783219039440155,0.9991535544395447,1,0.05081958696246147,-0.012583168223500252,-0.037029385566711426,-0.0011163523886352777,-0.031135402619838715,0.9995145201683044,1,0.0510561503469944,-0.08118423819541931,-0.03851788491010666,0.0027460381388664246,0.11541628837585449,0.9933134317398071
P001,P001_S01,P001_S01_ST1TR_TR04_R01,TR04,R01,Gridworld_Requested_Gaze,Study 1,Gridworld,Requested Feedback,Eye Gaze,1,1787856676.1879992,1787856680.198724,2026-08-27T18:51:20.198724+00:00,4.010724782943726,548406.968,358,839103319148,1,1,0.05088041350245476,-0.04026312381029129,-0.03765811771154404,-0.004582788795232773,0.025394508615136147,0.9996671080589294,1,0.0507785864174366,-0.01262703351676464,-0.03704974427819252,-0.006170727778226137,-0.0329696424305439,0.9994373321533203,1,0.05103142559528351,-0.0812458023428917,-0.038560304790735245,-0.0021991028916090727,0.11178555339574814,0.9937298893928528
P001,P001_S01,P001_S01_ST1TR_TR04_R01,TR04,R01,Gridworld_Requested_Gaze,Study 1,Gridworld,Requested Feedback,Eye Gaze,1,1787856676.1879992,1787856680.2147105,2026-08-27T18:51:20.214710+00:00,4.0267112255096436,548406.984,359,839103430259,1,1,0.050850413739681244,-0.03879038617014885,-0.03763161972165108,-0.007544290274381638,0.02134457230567932,0.9997437596321106,1,0.05072280019521713,-0.01270218100398779,-0.03700584918260574,-0.014300928451120853,-0.03614619001746178,0.999244213104248,1,0.0509951114654541,-0.08137006312608719,-0.03867759928107262,-0.010712278075516224,0.10315953195095062,0.994607150554657
P001,P001_S01,P001_S01_ST1TR_TR04_R01,TR04,R01,Gridworld_Requested_Gaze,Study 1,Gridworld,Requested Feedback,Eye Gaze,1,1787856676.1879992,1787856680.2147105,2026-08-27T18:51:20.214710+00:00,4.0267112255096436,548406.984,360,839103541370,1,1,0.05083689093589783,-0.03840188682079315,-0.037620652467012405,-0.009516945108771324,0.017560061067342758,0.9998005628585815,1,0.0507083423435688,-0.012754512950778008,-0.036971721798181534,-0.01415366493165493,-0.03955728933215141,0.9991169571876526,1,0.05098859965801239,-0.08142285794019699,-0.03870286047458649,-0.010626067407429218,0.09970932453870773,0.9949600100517273
P001,P001_S01,P001_S01_ST1TR_TR04_R01,TR04,R01,Gridworld_Requested_Gaze,Study 1,Gridworld,Requested Feedback,Eye Gaze,1,1787856676.1879992,1787856680.246491,2026-08-27T18:51:20.246491+00:00,4.0584917068481445,548407.015,361,839103652482,1,1,0.05078505352139473,-0.0360088087618351,-0.03754385933279991,-0.018662363290786743,0.0026882393285632133,0.9998223185539246,1,0.050693411380052567,-0.012788677588105202,-0.03696291148662567,-0.019779246300458908,-0.04481754079461098,0.9987993836402893,1,0.05096440017223358,-0.08145067095756531,-0.0386807806789875,-0.0163543950766325,0.09563940763473511,0.9952816367149353
P001,P001_S01,P001_S01_ST1TR_TR04_R01,TR04,R01,Gridworld_Requested_Gaze,Study 1,Gridworld,Requested Feedback,Eye Gaze,1,1787856676.1879992,1787856680.2623065,2026-08-27T18:51:20.262306+00:00,4.074307203292847,548407.031,362,839103763593,1,1,0.050780586898326874,-0.035999856889247894,-0.03754168748855591,-0.019028492271900177,0.0016720769926905632,0.9998175501823425,1,0.05068710818886757,-0.012818344868719578,-0.036953702569007874,-0.020862175151705742,-0.04737098142504692,0.9986594915390015,1,0.050950903445482254,-0.08148744702339172,-0.03868967667222023,-0.017315320670604706,0.09237133711576462,0.9955741167068481
P001,P001_S01,P001_S01_ST1TR_TR04_R01,TR04,R01,Gridworld_Requested_Gaze,Study 1,Gridworld,Requested Feedback,Eye Gaze,1,1787856676.1879992,1787856680.2623065,2026-08-27T18:51:20.262306+00:00,4.074307203292847,548407.031,363,839103874704,1,1,0.05077278986573219,-0.03638419508934021,-0.03754052147269249,-0.019540224224328995,-0.0007015522569417953,0.9998088479042053,1,0.050664547830820084,-0.012872216291725636,-0.03693815693259239,-0.021756041795015335,-0.05628788471221924,0.9981775283813477,1,0.050926391035318375,-0.08149714767932892,-0.0386340506374836,-0.0179433673620224,0.08865882456302643,0.9959005117416382
P001,P001_S01,P001_S01_ST1TR_TR04_R01,TR04,R01,Gridworld_Requested_Gaze,Study 1,Gridworld,Requested Feedback,Eye Gaze,1,1787856676.1879992,1787856680.2783105,2026-08-27T18:51:20.278311+00:00,4.090311288833618,548407.046,364,839103985816,1,1,0.05075870081782341,-0.03603333234786987,-0.03754524886608124,-0.02066677436232567,-0.005714258179068565,0.9997701048851013,1,0.050636935979127884,-0.012794150039553642,-0.03710035979747772,-0.023889722302556038,-0.059693895280361176,0.9979308247566223,1,0.05088305100798607,-0.08147785067558289,-0.038521502166986465,-0.019988644868135452,0.07965140789747238,0.9966223835945129
P001,P001_S01,P001_S01_ST1TR_TR04_R01,TR04,R01,Gridworld_Requested_Gaze,Study 1,Gridworld,Requested Feedback,Eye Gaze,1,1787856676.1879992,1787856680.2783105,2026-08-27T18:51:20.278311+00:00,4.090311288833618,548407.046,365,839104096927,1,1,0.05074761435389519,-0.037064503878355026,-0.03756564483046532,-0.019785592332482338,-0.006578102707862854,0.9997825622558594,1,0.05059029906988144,-0.012830174528062344,-0.03706957399845123,-0.019462628290057182,-0.06752914190292358,0.9975273609161377,1,0.05086369067430496,-0.08146116882562637,-0.03846755251288414,-0.015735303983092308,0.0779799371957779,0.9968308210372925
P001,P001_S01,P001_S01_ST1TR_TR04_R01,TR04,R01,Gridworld_Requested_Gaze,Study 1,Gridworld,Requested Feedback,Eye Gaze,1,1787856676.1879992,1787856680.294304,2026-08-27T18:51:20.294304+00:00,4.10630464553833,548407.062,366,839104208040,1,1,0.05073604732751846,-0.03796146810054779,-0.037574898451566696,-0.01768946275115013,-0.007722501177340746,0.9998137950897217,1,0.0505516454577446,-0.01294399332255125,-0.03694113716483116,-0.01531016081571579,-0.07472065836191177,0.9970870018005371,1,0.05084582418203354,-0.0815061703324318,-0.03852151706814766,-0.011493157595396042,0.07796633988618851,0.9968897700309753
P001,P001_S01,P001_S01_ST1TR_TR04_R01,TR04,R01,Gridworld_Requested_Gaze,Study 1,Gridworld,Requested Feedback,Eye Gaze,1,1787856676.1879992,1787856680.310429,2026-08-27T18:51:20.310429+00:00,4.122429847717285,548407.078,367,839104319150,1,1,0.050725292414426804,-0.03881107643246651,-0.03758534416556358,-0.017796505242586136,-0.007351675070822239,0.9998145699501038,1,0.05053262040019035,-0.01295980904251337,-0.03693777695298195,-0.019780658185482025,-0.07528021931648254,0.9969661831855774,1,0.05081642046570778,-0.08151143044233322,-0.038510940968990326,-0.01595085859298706,0.07866758853197098,0.9967731833457947
P001,P001_S01,P001_S01_ST1TR_TR04_R01,TR04,R01,Gridworld_Requested_Gaze,Study 1,Gridworld,Requested Feedback,Eye Gaze,1,1787856676.1879992,1787856680.310429,2026-08-27T18:51:20.310429+00:00,4.122429847717285,548407.078,368,839104430263,1,1,0.05071333050727844,-0.03921261429786682,-0.03758791461586952,-0.019421067088842392,-0.009630953893065453,0.9997650980949402,1,0.05051263049244881,-0.01297770906239748,-0.03694045543670654,-0.02416836842894554,-0.07826317101716995,0.9966397285461426,1,0.05078873783349991,-0.08153137564659119,-0.03851109370589256,-0.020151931792497635,0.07568778097629547,0.9969279766082764
P001,P001_S01,P001_S01_ST1TR_TR04_R01,TR04,R01,Gridworld_Requested_Gaze,Study 1,Gridworld,Requested Feedback,Eye Gaze,1,1787856676.1879992,1787856680.326064,2026-08-27T18:51:20.326064+00:00,4.138064861297607,548407.093,369,839104541373,1,1,0.05070305988192558,-0.039683520793914795,-0.03759235516190529,-0.019711153581738472,-0.011405715718865395,0.9997407793998718,1,0.05049489066004753,-0.013010796159505844,-0.03693635016679764,-0.021891837939620018,-0.0833897665143013,0.9962763786315918,1,0.05077856034040451,-0.08153890818357468,-0.03849311172962189,-0.017918583005666733,0.07350552827119827,0.9971338510513306
P001,P001_S01,P001_S01_ST1TR_TR04_R01,TR04,R01,Gridworld_Requested_Gaze,Study 1,Gridworld,Requested Feedback,Eye Gaze,1,1787856676.1879992,1787856680.342187,2026-08-27T18:51:20.342187+00:00,4.1541876792907715,548407.109,370,839104652485,1,1,0.05069267004728317,-0.039940595626831055,-0.03759726136922836,-0.020801370963454247,-0.013712584972381592,0.9996896386146545,1,0.050478748977184296,-0.012969480827450752,-0.037008754909038544,-0.024281587451696396,-0.08101122081279755,0.9964173436164856,1,0.050760772079229355,-0.08156087249517441,-0.038490649312734604,-0.020525116473436356,0.06922024488449097,0.9973903298377991
P001,P001_S01,P001_S01_ST1TR_TR04_R01,TR04,R01,Gridworld_Requested_Gaze,Study 1,Gridworld,Requested Feedback,Eye Gaze,1,1787856676.1879992,1787856680.358009,2026-08-27T18:51:20.358009+00:00,4.1700098514556885,548407.125,371,839104764376,1,0,0.0,0.0,0.0,0.0,0.0,0.0,1,0.05045836791396141,-0.013031898997724056,-0.03693917766213417,-0.030994508415460587,-0.08061129599809647,0.9962636232376099,1,0.050737351179122925,-0.08161675184965134,-0.03855722397565842,-0.02739744819700718,0.07028444856405258,0.997150719165802
P001,P001_S01,P001_S01_ST1TR_TR04_R01,TR04,R01,Gridworld_Requested_Gaze,Study 1,Gridworld,Requested Feedback,Eye Gaze,1,1787856676.1879992,1787856680.358009,2026-08-27T18:51:20.358009+00:00,4.1700098514556885,548407.125,372,839104918136,1,0,0.0,0.0,0.0,0.0,0.0,0.0,1,0.05044015124440193,-0.01302321907132864,-0.03700173646211624,-0.03674224019050598,-0.08687402307987213,0.995541512966156,1,0.05072115734219551,-0.08159510791301727,-0.03850143030285835,-0.03309064731001854,0.06595247983932495,0.9972739219665527
P001,P001_S01,P001_S01_ST1TR_TR04_R01,TR04,R01,Gridworld_Requested_Gaze,Study 1,Gridworld,Requested Feedback,Eye Gaze,1,1787856676.1879992,1787856680.3737829,2026-08-27T18:51:20.373783+00:00,4.185783624649048,548407.14,373,839105025101,1,1,0.05066857114434242,-0.04060651361942291,-0.037609636783599854,-0.02743447571992874,-0.016931168735027313,0.9994803071022034,1,0.050421521067619324,-0.013030985370278358,-0.03699776902794838,-0.041060131043195724,-0.08563227951526642,0.9954802393913269,1,0.050705231726169586,-0.0816442146897316,-0.038548532873392105,-0.03735700622200966,0.06259085983037949,0.9973399043083191
P001,P001_S01,P001_S01_ST1TR_TR04_R01,TR04,R01,Gridworld_Requested_Gaze,Study 1,Gridworld,Requested Feedback,Eye Gaze,1,1787856676.1879992,1787856680.4055722,2026-08-27T18:51:20.405572+00:00,4.217572927474976,548407.171,374,839105135689,1,1,0.05053118243813515,-0.04240798205137253,-0.03766672685742378,-0.041681528091430664,-0.02495274692773819,0.9988194108009338,1,0.050413262099027634,-0.013060602359473705,-0.03696674853563309,-0.043038733303546906,-0.0869424119591713,0.9952831864356995,1,0.05068907514214516,-0.08170122653245926,-0.038603927940130234,-0.03961243852972984,0.05819600448012352,0.9975190162658691
P001,P001_S01,P001_S01_ST1TR_TR04_R01,TR04,R01,Gridworld_Requested_Gaze,Study 1,Gridworld,Requested Feedback,Eye Gaze,1,1787856676.1879992,1787856680.4055722,2026-08-27T18:51:20.405572+00:00,4.217572927474976,548407.171,375,839105246800,1,1,0.05051914229989052,-0.04209310561418533,-0.03765968605875969,-0.04315666854381561,-0.02585260383784771,0.9987338185310364,1,0.050389885902404785,-0.01307237520813942,-0.0369776226580143,-0.04726385325193405,-0.08898480236530304,0.9949109554290771,1,0.050670117139816284,-0.08169755339622498,-0.03859136998653412,-0.043703947216272354,0.05812009051442146,0.9973524808883667
P001,P001_S01,P001_S01_ST1TR_TR04_R01,TR04,R01,Gridworld_Requested_Gaze,Study 1,Gridworld,Requested Feedback,Eye Gaze,1,1787856676.1879992,1787856680.4055722,2026-08-27T18:51:20.405572+00:00,4.217572927474976,548407.171,376,839105357911,1,1,0.0505019836127758,-0.041391827166080475,-0.037643156945705414,-0.04605918750166893,-0.028558488935232162,0.998530387878418,1,0.05035596340894699,-0.013089865446090698,-0.03697675094008446,-0.05258405581116676,-0.09096968919038773,0.9944643974304199,1,0.05064094066619873,-0.08171908557415009,-0.03859264403581619,-0.04899835214018822,0.05587713047862053,0.997234582901001
P001,P001_S01,P001_S01_ST1TR_TR04_R01,TR04,R01,Gridworld_Requested_Gaze,Study 1,Gridworld,Requested Feedback,Eye Gaze,1,1787856676.1879992,1787856680.4213903,2026-08-27T18:51:20.421390+00:00,4.233391046524048,548407.187,377,839105469023,1,1,0.050490085035562515,-0.042044807225465775,-0.03765815496444702,-0.04920458793640137,-0.027796391397714615,0.9984018802642822,1,0.0503249391913414,-0.013107641600072384,-0.03698377683758736,-0.05609383434057236,-0.09291477501392365,0.9940926432609558,1,0.0506124421954155,-0.08172228187322617,-0.03858138620853424,-0.052543897181749344,0.055738527327775955,0.9970619082450867
P001,P001_S01,P001_S01_ST1TR_TR04_R01,TR04,R01,Gridworld_Requested_Gaze,Study 1,Gridworld,Requested Feedback,Eye Gaze,1,1787856676.1879992,1787856680.4373083,2026-08-27T18:51:20.437308+00:00,4.249309062957764,548407.203,378,839105580134,1,1,0.05047263205051422,-0.04218032956123352,-0.037665560841560364,-0.05034272372722626,-0.030303649604320526,0.9982722997665405,1,0.05027493089437485,-0.013086218386888504,-0.037050168961286545,-0.05323884263634682,-0.09707041084766388,0.9938524961471558,1,0.05057120695710182,-0.08173850178718567,-0.03854428231716156,-0.0495598278939724,0.047580134123563766,0.997637152671814
P001,P001_S01,P001_S01_ST1TR_TR04_R01,TR04,R01,Gridworld_Requested_Gaze,Study 1,Gridworld,Requested Feedback,Eye Gaze,1,1787856676.1879992,1787856680.4373083,2026-08-27T18:51:20.437308+00:00,4.249309062957764,548407.203,379,839105691246,1,0,0.0,0.0,0.0,0.0,0.0,0.0,1,0.05025776848196983,-0.013102150522172451,-0.03705358877778053,-0.055862005800008774,-0.0974583849310875,0.993670642375946,1,0.050549399107694626,-0.0817551538348198,-0.038551509380340576,-0.05223566293716431,0.047127146273851395,0.997522234916687
P001,P001_S01,P001_S01_ST1TR_TR04_R01,TR04,R01,Gridworld_Requested_Gaze,Study 1,Gridworld,Requested Feedback,Eye Gaze,1,1787856676.1879992,1787856680.45298,2026-08-27T18:51:20.452980+00:00,4.264980792999268,548407.218,380,839105802358,1,1,0.0504537932574749,-0.042234860360622406,-0.037672288715839386,-0.053416915237903595,-0.0328153558075428,0.9980330467224121,1,0.05023579299449921,-0.013112060725688934,-0.03706229850649834,-0.05977293848991394,-0.09869831055402756,0.9933205842971802,1,0.05052494257688522,-0.08176906406879425,-0.03856562823057175,-0.05617276951670647,0.045591939240694046,0.9973796010017395
P001,P001_S01,P001_S01_ST1TR_TR04_R01,TR04,R01,Gridworld_Requested_Gaze,Study 1,Gridworld,Requested Feedback,Eye Gaze,1,1787856676.1879992,1787856680.45298,2026-08-27T18:51:20.452980+00:00,4.264980792999268,548407.218,381,839105913469,1,0,0.0,0.0,0.0,0.0,0.0,0.0,1,0.050187405198812485,-0.013176023960113525,-0.03700727969408035,-0.05911323428153992,-0.10223497450351715,0.9930023550987244,1,0.050481028854846954,-0.08184852451086044,-0.038664497435092926,-0.05584760382771492,0.039668794721364975,0.9976509213447571
P001,P001_S01,P001_S01_ST1TR_TR04_R01,TR04,R01,Gridworld_Requested_Gaze,Study 1,Gridworld,Requested Feedback,Eye Gaze,1,1787856676.1879992,1787856680.4688613,2026-08-27T18:51:20.468861+00:00,4.280862092971802,548407.234,382,839106024580,1,1,0.05042921006679535,-0.04293713718652725,-0.03769418224692345,-0.0567471906542778,-0.03331920877099037,0.9978325366973877,1,0.05014096200466156,-0.01320840697735548,-0.03698960319161415,-0.06337802857160568,-0.10418969392776489,0.9925359487533569,1,0.050425704568624496,-0.08187225461006165,-0.03868063539266586,-0.06014604493975639,0.03882360830903053,0.9974343180656433
P001,P001_S01,P001_S01_ST1TR_TR04_R01,TR04,R01,Gridworld_Requested_Gaze,Study 1,Gridworld,Requested Feedback,Eye Gaze,1,1787856676.1879992,1787856680.5006893,2026-08-27T18:51:20.500689+00:00,4.312690019607544,548407.265,383,839106135692,1,1,0.050402067601680756,-0.043083351105451584,-0.037702273577451706,-0.06125308945775032,-0.03626083582639694,0.9974634051322937,1,0.05007743090391159,-0.01321990042924881,-0.03702700510621071,-0.06954608857631683,-0.10608527809381485,0.9919220209121704,1,0.050376664847135544,-0.08186839520931244,-0.038653772324323654,-0.06652919203042984,0.03873097896575928,0.9970325827598572
P001,P001_S01,P001_S01_ST1TR_TR04_R01,TR04,R01,Gridworld_Requested_Gaze,Study 1,Gridworld,Requested Feedback,Eye Gaze,1,1787856676.1879992,1787856680.5006893,2026-08-27T18:51:20.500689+00:00,4.312690019607544,548407.265,384,839106246803,1,0,0.0,0.0,0.0,0.0,0.0,0.0,1,0.0500144362449646,-0.01317865401506424,-0.0371207632124424,-0.0711924359202385,-0.10829908400774002,0.9915657639503479,1,0.050331760197877884,-0.08188040554523468,-0.03864419832825661,-0.06827077269554138,0.030926695093512535,0.9971873164176941
P001,P001_S01,P001_S01_ST1TR_TR04_R01,TR04,R01,Gridworld_Requested_Gaze,Study 1,Gridworld,Requested Feedback,Eye Gaze,1,1787856676.1879992,1787856680.5006893,2026-08-27T18:51:20.500689+00:00,4.312690019607544,548407.265,385,839106357915,1,1,0.05037384107708931,-0.04353328049182892,-0.037720534950494766,-0.06562779098749161,-0.03765855357050896,0.9971333146095276,1,0.049989212304353714,-0.013281155377626419,-0.03701176866889,-0.07343697547912598,-0.1095435693860054,0.9912654757499695,1,0.050311379134655,-0.08194858580827713,-0.03874581307172775,-0.07044016569852829,0.03309141471982002,0.9969670176506042
P001,P001_S01,P001_S01_ST1TR_TR04_R01,TR04,R01,Gridworld_Requested_Gaze,Study 1,Gridworld,Requested Feedback,Eye Gaze,1,1787856676.1879992,1787856680.516536,2026-08-27T18:51:20.516536+00:00,4.328536748886108,548407.281,386,839106469025,1,0,0.0,0.0,0.0,0.0,0.0,0.0,1,0.04996483772993088,-0.013322971761226654,-0.03698898106813431,-0.08118434250354767,-0.11241308599710464,0.9903395175933838,1,0.05029632896184921,-0.08200703561306,-0.03879779204726219,-0.07842894643545151,0.02856484055519104,0.99651038646698
P001,P001_S01,P001_S01_ST1TR_TR04_R01,TR04,R01,Gridworld_Requested_Gaze,Study 1,Gridworld,Requested Feedback,Eye Gaze,1,1787856676.1879992,1787856680.5484695,2026-08-27T18:51:20.548470+00:00,4.360470294952393,548407.312,387,839106580136,1,1,0.05036778748035431,-0.04417070001363754,-0.03775013983249664,-0.06797026842832565,-0.03889226168394089,0.9969291687011719,1,0.050166454166173935,-0.013261334039270878,-0.03716354817152023,-0.0718856081366539,-0.1134752631187439,0.9909368753433228,1,0.05044183507561684,-0.081980399787426,-0.038763176649808884,-0.06876609474420547,0.02415640652179718,0.9973403215408325
P001,P001_S01,P001_S01_ST1TR_TR04_R01,TR04,R01,Gridworld_Requested_Gaze,Study 1,Gridworld,Requested Feedback,Eye Gaze,1,1787856676.1879992,1787856680.5519564,2026-08-27T18:51:20.551956+00:00,4.363957166671753,548407.328,388,839106691248,1,0,0.0,0.0,0.0,0.0,0.0,0.0,1,0.05058588087558746,-0.013290113769471645,-0.0372551828622818,-0.01993963122367859,-0.1071154773235321,0.994046688079834,1,0.050862401723861694,-0.08202119916677475,-0.03894643485546112,-0.016798410564661026,0.028366321697831154,0.999456524848938
P001,P001_S01,P001_S01_ST1TR_TR04_R01,TR04,R01,Gridworld_Requested_Gaze,Study 1,Gridworld,Requested Feedback,Eye Gaze,1,1787856676.1879992,1787856680.5641434,2026-08-27T18:51:20.564143+00:00,4.376144170761108,548407.328,389,839106802360,1,0,0.0,0.0,0.0,0.0,0.0,0.0,1,0.050873707979917526,-0.013401567935943604,-0.03740702569484711,0.009296526201069355,-0.1460648626089096,0.989231288433075,1,0.05108935013413429,-0.08198361098766327,-0.0387151800096035,0.013416544534265995,0.007177285850048065,0.9998841881752014
P001,P001_S01,P001_S01_ST1TR_TR04_R01,TR04,R01,Gridworld_Requested_Gaze,Study 1,Gridworld,Requested Feedback,Eye Gaze,1,1787856676.1879992,1787856680.5801136,2026-08-27T18:51:20.580114+00:00,4.3921144008636475,548407.343,390,839106913470,1,0,0.0,0.0,0.0,0.0,0.0,0.0,1,0.051042117178440094,-0.013585834763944149,-0.037302445620298386,0.016323141753673553,-0.14872272312641144,0.9887441396713257,1,0.05133002996444702,-0.08225667476654053,-0.039087265729904175,0.019397098571062088,-0.005480391439050436,0.9997968673706055
P001,P001_S01,P001_S01_ST1TR_TR04_R01,TR04,R01,Gridworld_Requested_Gaze,Study 1,Gridworld,Requested Feedback,Eye Gaze,1,1787856676.1879992,1787856680.5801136,2026-08-27T18:51:20.580114+00:00,4.3921144008636475,548407.343,391,839107024583,1,0,0.0,0.0,0.0,0.0,0.0,0.0,1,0.05124203860759735,-0.01370480377227068,-0.03730620816349983,0.0450068898499012,-0.15623705089092255,0.9866937398910522,1,0.051550786942243576,-0.0823444351553917,-0.039183083921670914,0.04793422669172287,-0.010475139133632183,0.9987956285476685
P001,P001_S01,P001_S01_ST1TR_TR04_R01,TR04,R01,Gridworld_Requested_Gaze,Study 1,Gridworld,Requested Feedback,Eye Gaze,1,1787856676.1879992,1787856680.5958521,2026-08-27T18:51:20.595852+00:00,4.4078528881073,548407.359,392,839107135694,1,1,0.05156326666474342,-0.05064217001199722,-0.038362301886081696,0.048897575587034225,-0.07507210224866867,0.995978593826294,1,0.05138092488050461,-0.013746893964707851,-0.03726482018828392,0.04755643755197525,-0.1513722687959671,0.9873321652412415,1,0.0517202652990818,-0.08240881562232971,-0.03930722922086716,0.04982130229473114,-0.009023386053740978,0.9987174272537231
P001,P001_S01,P001_S01_ST1TR_TR04_R01,TR04,R01,Gridworld_Requested_Gaze,Study 1,Gridworld,Requested Feedback,Eye Gaze,1,1787856676.1879992,1787856680.611552,2026-08-27T18:51:20.611552+00:00,4.423552751541138,548407.375,393,839107246804,1,0,0.0,0.0,0.0,0.0,0.0,0.0,1,0.05151459202170372,-0.01369571965187788,-0.037338223308324814,0.07417521625757217,-0.15271614491939545,0.9854825139045715,1,0.05182720348238945,-0.08231839537620544,-0.039192941039800644,0.07711201906204224,-0.005968466401100159,0.9970046281814575
P001,P001_S01,P001_S01_ST1TR_TR04_R01,TR04,R01,Gridworld_Requested_Gaze,Study 1,Gridworld,Requested Feedback,Eye Gaze,1,1787856676.1879992,1787856680.611552,2026-08-27T18:51:20.611552+00:00,4.423552751541138,548407.375,394,839107357916,1,1,0.05161052569746971,-0.051318343728780746,-0.03834596276283264,0.05367521941661835,-0.07525020092725754,0.9957190752029419,1,0.05147285759449005,-0.013872935436666012,-0.037097636610269547,0.06070419400930405,-0.1550547182559967,0.9860390424728394,1,0.05180586129426956,-0.08251866698265076,-0.0393160805106163,0.06372980028390884,-0.01158896367996931,0.9978999495506287
P001,P001_S01,P001_S01_ST1TR_TR04_R01,TR04,R01,Gridworld_Requested_Gaze,Study 1,Gridworld,Requested Feedback,Eye Gaze,1,1787856676.1879992,1787856680.6271963,2026-08-27T18:51:20.627196+00:00,4.439197063446045,548407.39,395,839107469028,1,1,0.051610901951789856,-0.05104285851120949,-0.03832298889756203,0.05262404680252075,-0.07740570604801178,0.9956098794937134,1,0.05143110826611519,-0.01380457729101181,-0.037167031317949295,0.048541340976953506,-0.15338034927845,0.9869742393493652,1,0.051769327372312546,-0.08253267407417297,-0.039246492087841034,0.05148407444357872,-0.018169622868299484,0.9985084533691406
P001,P001_S01,P001_S01_ST1TR_TR04_R01,TR04,R01,Gridworld_Requested_Gaze,Study 1,Gridworld,Requested Feedback,Eye Gaze,1,1787856676.1879992,1787856680.6271963,2026-08-27T18:51:20.627196+00:00,4.439197063446045,548407.39,396,839107580139,1,1,0.05160737782716751,-0.05117875337600708,-0.038310080766677856,0.052240971475839615,-0.07994294166564941,0.9954296350479126,1,0.051411326974630356,-0.013789080083370209,-0.03719037398695946,0.04958308860659599,-0.15896573662757874,0.9860382080078125,1,0.05174858868122101,-0.0825156643986702,-0.03915591537952423,0.05231718346476555,-0.023098088800907135,0.9983633756637573
P001,P001_S01,P001_S01_ST1TR_TR04_R01,TR04,R01,Gridworld_Requested_Gaze,Study 1,Gridworld,Requested Feedback,Eye Gaze,1,1787856676.1879992,1787856680.6587634,2026-08-27T18:51:20.658763+00:00,4.47076416015625,548407.421,397,839107691252,1,1,0.05160168558359146,-0.05177418887615204,-0.038308240473270416,0.05163458734750748,-0.08104829490184784,0.9953718781471252,1,0.05137309432029724,-0.013798334635794163,-0.037184301763772964,0.04858335852622986,-0.1638181358575821,0.985293447971344,1,0.05172349885106087,-0.08250417560338974,-0.039085183292627335,0.05119650065898895,-0.025322213768959045,0.9983674883842468
P001,P001_S01,P001_S01_ST1TR_TR04_R01,TR04,R01,Gridworld_Requested_Gaze,Study 1,Gridworld,Requested Feedback,Eye Gaze,1,1787856676.1879992,1787856680.6587634,2026-08-27T18:51:20.658763+00:00,4.47076416015625,548407.421,398,839107802362,1,1,0.05159273371100426,-0.052042365074157715,-0.03829871118068695,0.05036424472928047,-0.08232655376195908,0.9953321218490601,1,0.051341887563467026,-0.01378890872001648,-0.037196531891822815,0.04607804864645004,-0.16465908288955688,0.9852736592292786,1,0.051699426025152206,-0.08248325437307358,-0.03902614116668701,0.048869598656892776,-0.024676470085978508,0.998500406742096
P001,P001_S01,P001_S01_ST1TR_TR04_R01,TR04,R01,Gridworld_Requested_Gaze,Study 1,Gridworld,Requested Feedback,Eye Gaze,1,1787856676.1879992,1787856680.6587634,2026-08-27T18:51:20.658763+00:00,4.47076416015625,548407.421,399,839107913473,1,0,0.0,0.0,0.0,0.0,0.0,0.0,1,0.05130131542682648,-0.01375086884945631,-0.03724738582968712,0.04005499556660652,-0.16697147488594055,0.9851477742195129,1,0.051660530269145966,-0.08247578889131546,-0.03896708786487579,0.04270867258310318,-0.029808828607201576,0.9986428618431091
P001,P001_S01,P001_S01_ST1TR_TR04_R01,TR04,R01,Gridworld_Requested_Gaze,Study 1,Gridworld,Requested Feedback,Eye Gaze,1,1787856676.1879992,1787856680.6744874,2026-08-27T18:51:20.674487+00:00,4.486488103866577,548407.437,400,839108024585,1,1,0.051572512835264206,-0.052089475095272064,-0.03828804939985275,0.04494133219122887,-0.08562295138835907,0.9953135251998901,1,0.05125274509191513,-0.013773229904472828,-0.03718731552362442,0.03339091315865517,-0.1646873503923416,0.9857804179191589,1,0.05160636827349663,-0.08254709094762802,-0.039034608751535416,0.03575330972671509,-0.03326323628425598,0.9988070130348206
P001,P001_S01,P001_S01_ST1TR_TR04_R01,TR04,R01,Gridworld_Requested_Gaze,Study 1,Gridworld,Requested Feedback,Eye Gaze,1,1787856676.1879992,1787856680.6903918,2026-08-27T18:51:20.690392+00:00,4.502392530441284,548407.453,401,839108135696,1,1,0.051551319658756256,-0.052259769290685654,-0.03828003257513046,0.04102857783436775,-0.08821666240692139,0.9952560663223267,1,0.05119878798723221,-0.01384717971086502,-0.03711669519543648,0.032602015882730484,-0.17166505753993988,0.9846158027648926,1,0.05155302211642265,-0.08255814015865326,-0.03903760761022568,0.03522290289402008,-0.03331822529435158,0.9988239407539368
P001,P001_S01,P001_S01_ST1TR_TR04_R01,TR04,R01,Gridworld_Requested_Gaze,Study 1,Gridworld,Requested Feedback,Eye Gaze,1,1787856676.1879992,1787856680.7063532,2026-08-27T18:51:20.706353+00:00,4.5183539390563965,548407.468,402,839108246807,1,1,0.0515308752655983,-0.05289125815033913,-0.03828639164566994,0.037229206413030624,-0.08614153414964676,0.9955871105194092,1,0.05114153400063515,-0.013808390125632286,-0.037178780883550644,0.0291278138756752,-0.16884538531303406,0.9852120876312256,1,0.05149310454726219,-0.08253736793994904,-0.0389828197658062,0.031855542212724686,-0.032082535326480865,0.9989774823188782
P001,P001_S01,P001_S01_ST1TR_TR04_R01,TR04,R01,Gridworld_Requested_Gaze,Study 1,Gridworld,Requested Feedback,Eye Gaze,1,1787856676.1879992,1787856680.7063532,2026-08-27T18:51:20.706353+00:00,4.5183539390563965,548407.468,403,839108357918,1,1,0.05151066184043884,-0.05315558984875679,-0.038286224007606506,0.03380084037780762,-0.08659504354000092,0.9956701397895813,1,0.051123686134815216,-0.013808037154376507,-0.03718781843781471,0.026825198903679848,-0.16873887181282043,0.9852957129478455,1,0.05146150290966034,-0.08254753798246384,-0.03899490460753441,0.029517026618123055,-0.033104486763477325,0.9990159273147583
P001,P001_S01,P001_S01_ST1TR_TR04_R01,TR04,R01,Gridworld_Requested_Gaze,Study 1,Gridworld,Requested Feedback,Eye Gaze,1,1787856676.1879992,1787856680.722381,2026-08-27T18:51:20.722381+00:00,4.534381866455078,548407.484,404,839108469030,1,1,0.05149418115615845,-0.05313073471188545,-0.03826539218425751,0.03578845039010048,-0.08900247514247894,0.995388388633728,1,0.051223110407590866,-0.01375542487949133,-0.03726239129900932,0.03907262906432152,-0.16890709102153778,0.9848572611808777,1,0.05155181512236595,-0.08242613822221756,-0.03893355652689934,0.042172372341156006,-0.025498250499367714,0.9987848997116089
P001,P001_S01,P001_S01_ST1TR_TR04_R01,TR04,R01,Gridworld_Requested_Gaze,Study 1,Gridworld,Requested Feedback,Eye Gaze,1,1787856676.1879992,1787856680.754154,2026-08-27T18:51:20.754154+00:00,4.566154718399048,548407.531,405,839108580141,1,0,0.0,0.0,0.0,0.0,0.0,0.0,1,0.05123380944132805,-0.013717139139771461,-0.03728143870830536,0.04216573387384415,-0.16550925374031067,0.985306441783905,1,0.05156327411532402,-0.08244708925485611,-0.03893957659602165,0.04560689255595207,-0.028858434408903122,0.9985425472259521
P001,P001_S01,P001_S01_ST1TR_TR04_R01,TR04,R01,Gridworld_Requested_Gaze,Study 1,Gridworld,Requested Feedback,Eye Gaze,1,1787856676.1879992,1787856680.754154,2026-08-27T18:51:20.754154+00:00,4.566154718399048,548407.531,406,839108691253,1,1,0.051470331847667694,-0.05335351079702377,-0.03825654089450836,0.0376858115196228,-0.087635837495327,0.9954394102096558,1,0.05121888220310211,-0.013771429657936096,-0.037172023206949234,0.04043031111359596,-0.16561941802501678,0.9853606820106506,1,0.051559340208768845,-0.08247815817594528,-0.03898782655596733,0.043452903628349304,-0.026779597625136375,0.9986964464187622
P001,P001_S01,P001_S01_ST1TR_TR04_R01,TR04,R01,Gridworld_Requested_Gaze,Study 1,Gridworld,Requested Feedback,Eye Gaze,1,1787856676.1879992,1787856680.769876,2026-08-27T18:51:20.769876+00:00,4.581876754760742,548407.546,407,839108802363,1,1,0.05144885182380676,-0.053287845104932785,-0.038241952657699585,0.037014614790678024,-0.08916930854320526,0.9953285455703735,1,0.05121526122093201,-0.013766362331807613,-0.037159014493227005,0.035063620656728745,-0.16350924968719482,0.9859184622764587,1,0.05156122148036957,-0.08247939497232437,-0.039011094719171524,0.037894465029239655,-0.02529124729335308,0.9989616870880127
P001,P001_S01,P001_S01_ST1TR_TR04_R01,TR04,R01,Gridworld_Requested_Gaze,Study 1,Gridworld,Requested Feedback,Eye Gaze,1,1787856676.1879992,1787856680.769876,2026-08-27T18:51:20.769876+00:00,4.581876754760742,548407.546,408,839108913475,1,0,0.0,0.0,0.0,0.0,0.0,0.0,1,0.051209911704063416,-0.013768534176051617,-0.03714713081717491,0.03429746255278587,-0.16317544877529144,0.9860007762908936,1,0.051551491022109985,-0.08247308433055878,-0.03899906203150749,0.037629105150699615,-0.023916222155094147,0.9990056157112122
P001,P001_S01,P001_S01_ST1TR_TR04_R01,TR04,R01,Gridworld_Requested_Gaze,Study 1,Gridworld,Requested Feedback,Eye Gaze,1,1787856676.1879992,1787856680.785796,2026-08-27T18:51:20.785796+00:00,4.597796678543091,548407.562,409,839109024587,1,1,0.051424600183963776,-0.05277290940284729,-0.0382176898419857,0.03557923808693886,-0.09182954579591751,0.9951390027999878,1,0.0511980764567852,-0.013761503621935844,-0.03713890165090561,0.03215135633945465,-0.1612381786108017,0.9863916635513306,1,0.05152655392885208,-0.0824768990278244,-0.039010047912597656,0.035451460629701614,-0.02319709211587906,0.9991020560264587
P001,P001_S01,P001_S01_ST1TR_TR04_R01,TR04,R01,Gridworld_Requested_Gaze,Study 1,Gridworld,Requested Feedback,Eye Gaze,1,1787856676.1879992,1787856680.8014953,2026-08-27T18:51:20.801495+00:00,4.6134960651397705,548407.578,410,839109135697,1,1,0.051397886127233505,-0.0520499162375927,-0.03818897530436516,0.03603434935212135,-0.09304329752922058,0.9950098991394043,1,0.05116792023181915,-0.01374483946710825,-0.0371612012386322,0.03578228875994682,-0.1617320328950882,0.9861858487129211,1,0.05146569386124611,-0.08244052529335022,-0.03892623260617256,0.03988313302397728,-0.02134290710091591,0.9989764094352722
P001,P001_S01,P001_S01_ST1TR_TR04_R01,TR04,R01,Gridworld_Requested_Gaze,Study 1,Gridworld,Requested Feedback,Eye Gaze,1,1787856676.1879992,1787856680.8014953,2026-08-27T18:51:20.801495+00:00,4.6134960651397705,548407.578,411,839109246809,1,0,0.0,0.0,0.0,0.0,0.0,0.0,1,0.05113520473241806,-0.013666016049683094,-0.03727026656270027,0.03913874924182892,-0.16117894649505615,0.9861488342285156,1,0.051432590931653976,-0.08234167844057083,-0.03876969963312149,0.043805740773677826,-0.01798294112086296,0.9988782405853271
P001,P001_S01,P001_S01_ST1TR_TR04_R01,TR04,R01,Gridworld_Requested_Gaze,Study 1,Gridworld,Requested Feedback,Eye Gaze,1,1787856676.1879992,1787856680.8171964,2026-08-27T18:51:20.817196+00:00,4.629197120666504,548407.593,412,839109357921,1,1,0.05137237161397934,-0.051948655396699905,-0.03817393258213997,0.03692256286740303,-0.08950761705636978,0.9953016638755798,1,0.05112306773662567,-0.0136930663138628,-0.03724176809191704,0.036848921328783035,-0.16438806056976318,0.9857071042060852,1,0.05142435431480408,-0.0823337584733963,-0.038766052573919296,0.04128891974687576,-0.017323283478617668,0.9989970922470093
P001,P001_S01,P001_S01_ST1TR_TR04_R01,TR04,R01,Gridworld_Requested_Gaze,Study 1,Gridworld,Requested Feedback,Eye Gaze,1,1787856676.1879992,1787856680.8171964,2026-08-27T18:51:20.817196+00:00,4.629197120666504,548407.593,413,839109469032,1,1,0.05135532096028328,-0.05195152387022972,-0.038160014897584915,0.03640557825565338,-0.0877661406993866,0.995475709438324,1,0.05111049488186836,-0.013739963993430138,-0.03720211610198021,0.033536799252033234,-0.16946934163570404,0.9849646091461182,1,0.051412466913461685,-0.08233176171779633,-0.038768380880355835,0.03808431327342987,-0.016906999051570892,0.9991315007209778
P001,P001_S01,P001_S01_ST1TR_TR04_R01,TR04,R01,Gridworld_Requested_Gaze,Study 1,Gridworld,Requested Feedback,Eye Gaze,1,1787856676.1879992,1787856680.848949,2026-08-27T18:51:20.848949+00:00,4.66094970703125,548407.625,414,839109580144,1,1,0.05134059116244316,-0.05141768231987953,-0.0381377637386322,0.035484492778778076,-0.08937648683786392,0.9953657388687134,1,0.05110272020101547,-0.013704927638173103,-0.03722288832068443,0.03220931440591812,-0.16587087512016296,0.9856213927268982,1,0.05140778422355652,-0.0823357105255127,-0.038775596767663956,0.0366734080016613,-0.017540346831083298,0.9991734027862549
P001,P001_S01,P001_S01_ST1TR_TR04_R01,TR04,R01,Gridworld_Requested_Gaze,Study 1,Gridworld,Requested Feedback,Eye Gaze,1,1787856676.1879992,1787856680.8520904,2026-08-27T18:51:20.852090+00:00,4.664091110229492,548407.625,415,839109691256,1,1,0.05132965371012688,-0.050737395882606506,-0.03811226785182953,0.03421369194984436,-0.08846543729305267,0.9954915642738342,1,0.051086194813251495,-0.013704151846468449,-0.03721869736909866,0.030129313468933105,-0.16542883217334747,0.9857613444328308,1,0.051401153206825256,-0.0823560580611229,-0.03880242258310318,0.03462883085012436,-0.019433820620179176,0.999211311340332
P001,P001_S01,P001_S01_ST1TR_TR04_R01,TR04,R01,Gridworld_Requested_Gaze,Study 1,Gridworld,Requested Feedback,Eye Gaze,1,1787856676.1879992,1787856680.864966,2026-08-27T18:51:20.864966+00:00,4.676966667175293,548407.64,416,839109803248,1,1,0.05132034420967102,-0.05001481622457504,-0.03808463364839554,0.03288053348660469,-0.08943437784910202,0.9954499006271362,1,0.05107565596699715,-0.013687731698155403,-0.03722117468714714,0.029103077948093414,-0.16463112831115723,0.9859257340431213,1,0.05139286443591118,-0.08233053982257843,-0.038782089948654175,0.03328600525856018,-0.01741485670208931,0.9992941617965698
P001,P001_S01,P001_S01_ST1TR_TR04_R01,TR04,R01,Gridworld_Requested_Gaze,Study 1,Gridworld,Requested Feedback,Eye Gaze,1,1787856676.1879992,1787856680.8810859,2026-08-27T18:51:20.881086+00:00,4.693086624145508,548407.656,417,839109957172,1,1,0.05130056291818619,-0.04957999661564827,-0.038065776228904724,0.030801407992839813,-0.09213172644376755,0.9952703714370728,1,0.05104891583323479,-0.013650418259203434,-0.037252236157655716,0.026049334555864334,-0.16435085237026215,0.9860579371452332,1,0.05137062072753906,-0.08231913298368454,-0.03876413032412529,0.02984362468123436,-0.019934680312871933,0.9993558526039124
P001,P001_S01,P001_S01_ST1TR_TR04_R01,TR04,R01,Gridworld_Requested_Gaze,Study 1,Gridworld,Requested Feedback,Eye Gaze,1,1787856676.1879992,1787856680.8810859,2026-08-27T18:51:20.881086+00:00,4.693086624145508,548407.656,418,839110064107,1,1,0.051277004182338715,-0.048655781894922256,-0.03803614526987076,0.029089171439409256,-0.09486616402864456,0.9950650930404663,1,0.05103692412376404,-0.01364350225776434,-0.037259940057992935,0.025238391011953354,-0.16434171795845032,0.9860805869102478,1,0.051358696073293686,-0.08231954276561737,-0.038760606199502945,0.02900397963821888,-0.02071450836956501,0.9993646740913391
P001,P001_S01,P001_S01_ST1TR_TR04_R01,TR04,R01,Gridworld_Requested_Gaze,Study 1,Gridworld,Requested Feedback,Eye Gaze,1,1787856676.1879992,1787856680.8969252,2026-08-27T18:51:20.896925+00:00,4.70892596244812,548407.671,419,839110174709,1,1,0.051254626363515854,-0.04830360785126686,-0.038020964711904526,0.027358748018741608,-0.09529129415750504,0.9950735569000244,1,0.05102063715457916,-0.013620765879750252,-0.03727326914668083,0.02353513427078724,-0.1622413545846939,0.9864704012870789,1,0.0513409823179245,-0.0823134034872055,-0.038756974041461945,0.02724679373204708,-0.020429257303476334,0.9994199872016907
P001,P001_S01,P001_S01_ST1TR_TR04_R01,TR04,R01,Gridworld_Requested_Gaze,Study 1,Gridworld,Requested Feedback,Eye Gaze,1,1787856676.1879992,1787856680.9126155,2026-08-27T18:51:20.912616+00:00,4.724616289138794,548407.687,420,839110285821,1,1,0.051236592233181,-0.0484360009431839,-0.03801850229501724,0.02671288698911667,-0.09503201395273209,0.9951158165931702,1,0.05101332440972328,-0.013644297607243061,-0.03725552186369896,0.024818675592541695,-0.16483788192272186,0.98600834608078,1,0.05133659765124321,-0.08231640607118607,-0.03876219317317009,0.02873336523771286,-0.02070022188127041,0.9993727207183838
P001,P001_S01,P001_S01_ST1TR_TR04_R01,TR04,R01,Gridworld_Requested_Gaze,Study 1,Gridworld,Requested Feedback,Eye Gaze,1,1787856676.1879992,1787856680.9126155,2026-08-27T18:51:20.912616+00:00,4.724616289138794,548407.687,421,839110396931,1,1,0.05122179165482521,-0.048321645706892014,-0.03801146149635315,0.02661977708339691,-0.09553772211074829,0.9950699210166931,1,0.05101346597075462,-0.013641058467328548,-0.037239860743284225,0.02575099654495716,-0.16413086652755737,0.9861024022102356,1,0.05133441090583801,-0.08228565007448196,-0.03874234855175018,0.029882941395044327,-0.016955450177192688,0.9994096159934998
P001,P001_S01,P001_S01_ST1TR_TR04_R01,TR04,R01,Gridworld_Requested_Gaze,Study 1,Gridworld,Requested Feedback,Eye Gaze,1,1787856676.1879992,1787856680.9284296,2026-08-27T18:51:20.928430+00:00,4.7404303550720215,548407.703,422,839110508044,1,0,0.0,0.0,0.0,0.0,0.0,0.0,1,0.05106380209326744,-0.013456990011036396,-0.037336207926273346,0.03665879741311073,-0.14782045781612396,0.988334596157074,1,0.05136461928486824,-0.08200488239526749,-0.03862050920724869,0.04115283489227295,0.009329167194664478,0.9991092681884766
P001,P001_S01,P001_S01_ST1TR_TR04_R01,TR04,R01,Gridworld_Requested_Gaze,Study 1,Gridworld,Requested Feedback,Eye Gaze,1,1787856676.1879992,1787856680.9604163,2026-08-27T18:51:20.960416+00:00,4.772417068481445,548407.734,423,839110619154,1,0,0.0,0.0,0.0,0.0,0.0,0.0,1,0.05105697363615036,-0.013308224268257618,-0.03744805231690407,0.03574078157544136,-0.14269115030765533,0.989121675491333,1,0.051360707730054855,-0.08198530972003937,-0.03863908722996712,0.03974171727895737,9.136994776781648e-05,0.999210000038147
P001,P001_S01,P001_S01_ST1TR_TR04_R01,TR04,R01,Gridworld_Requested_Gaze,Study 1,Gridworld,Requested Feedback,Eye Gaze,1,1787856676.1879992,1787856680.9604163,2026-08-27T18:51:20.960416+00:00,4.772417068481445,548407.734,424,839110730265,1,1,0.05121217668056488,-0.04767417535185814,-0.03800172731280327,0.02975161001086235,-0.08940783888101578,0.995550811290741,1,0.05105175822973251,-0.01332591287791729,-0.03742903843522072,0.034904297441244125,-0.14484451711177826,0.9888386130332947,1,0.05135730281472206,-0.08199677616357803,-0.03863980993628502,0.03874441981315613,-0.0014129342744126916,0.9992480874061584
P001,P001_S01,P001_S01_ST1TR_TR04_R01,TR04,R01,Gridworld_Requested_Gaze,Study 1,Gridworld,Requested Feedback,Eye Gaze,1,1787856676.1879992,1787856680.9604163,2026-08-27T18:51:20.960416+00:00,4.772417068481445,548407.734,425,839110841377,1,1,0.05120290443301201,-0.047077953815460205,-0.03799363970756531,0.031443241983652115,-0.08430040627717972,0.9959442019462585,1,0.051041167229413986,-0.013280319981276989,-0.03746431693434715,0.03361956775188446,-0.14235779643058777,0.9892441630363464,1,0.051345277577638626,-0.08197388052940369,-0.03858238458633423,0.03730138763785362,-0.0012493787799030542,0.9993032217025757
P001,P001_S01,P001_S01_ST1TR_TR04_R01,TR04,R01,Gridworld_Requested_Gaze,Study 1,Gridworld,Requested Feedback,Eye Gaze,1,1787856676.1879992,1787856680.9763691,2026-08-27T18:51:20.976369+00:00,4.78836989402771,548407.75,426,839110952489,1,1,0.051196061074733734,-0.04698195308446884,-0.03799524903297424,0.032515525817871094,-0.07995115965604782,0.9962683320045471,1,0.05103796720504761,-0.013258976861834526,-0.037479694932699203,0.03317590430378914,-0.14085160195827484,0.9894746541976929,1,0.051340553909540176,-0.08196377754211426,-0.038569703698158264,0.03711586818099022,-0.0008994804229587317,0.9993104934692383
P001,P001_S01,P001_S01_ST1TR_TR04_R01,TR04,R01,Gridworld_Requested_Gaze,Study 1,Gridworld,Requested Feedback,Eye Gaze,1,1787856676.1879992,1787856680.9763691,2026-08-27T18:51:20.976369+00:00,4.78836989402771,548407.75,427,839111063600,1,1,0.05118882656097412,-0.04656818509101868,-0.03798786923289299,0.03365578502416611,-0.07726266980171204,0.9964426159858704,1,0.051036108285188675,-0.013264288194477558,-0.03745700418949127,0.03430894389748573,-0.1413276493549347,0.9893681406974792,1,0.051340583711862564,-0.08196932822465897,-0.03858007863163948,0.03826126456260681,-0.0013770590303465724,0.9992668032646179
P001,P001_S01,P001_S01_ST1TR_TR04_R01,TR04,R01,Gridworld_Requested_Gaze,Study 1,Gridworld,Requested Feedback,Eye Gaze,1,1787856676.1879992,1787856681.008126,2026-08-27T18:51:21.008126+00:00,4.82012677192688,548407.781,428,839111174711,1,1,0.0511825829744339,-0.046323277056217194,-0.03798459470272064,0.03401632979512215,-0.07620477676391602,0.9965119361877441,1,0.05102843418717384,-0.01326456107199192,-0.03744569420814514,0.033127546310424805,-0.14175306260585785,0.9893475770950317,1,0.05133349448442459,-0.08195812255144119,-0.03856271505355835,0.0371379479765892,-0.0006321955588646233,0.9993100762367249
P001,P001_S01,P001_S01_ST1TR_TR04_R01,TR04,R01,Gridworld_Requested_Gaze,Study 1,Gridworld,Requested Feedback,Eye Gaze,1,1787856676.1879992,1787856681.0259318,2026-08-27T18:51:21.025932+00:00,4.837932586669922,548407.796,429,839111285822,1,1,0.051179319620132446,-0.046227939426898956,-0.03798370063304901,0.033857330679893494,-0.07577453553676605,0.9965500831604004,1,0.051027048379182816,-0.01326209306716919,-0.03744759410619736,0.03191034868359566,-0.14149615168571472,0.9894244074821472,1,0.05133138224482536,-0.0819467082619667,-0.03854577988386154,0.03610341250896454,0.0007339124567806721,0.9993478059768677
P001,P001_S01,P001_S01_ST1TR_TR04_R01,TR04,R01,Gridworld_Requested_Gaze,Study 1,Gridworld,Requested Feedback,Eye Gaze,1,1787856676.1879992,1787856681.0259318,2026-08-27T18:51:21.025932+00:00,4.837932586669922,548407.796,430,839111396933,1,1,0.051177650690078735,-0.04620053619146347,-0.037984490394592285,0.03353072702884674,-0.0756463035941124,0.996570885181427,1,0.05102613940834999,-0.01325442735105753,-0.03745137155056,0.03127004951238632,-0.14066475629806519,0.9895633459091187,1,0.05133384093642235,-0.08194852620363235,-0.038546107709407806,0.035516899079084396,0.00053101044613868,0.9993689060211182
P001,P001_S01,P001_S01_ST1TR_TR04_R01,TR04,R01,Gridworld_Requested_Gaze,Study 1,Gridworld,Requested Feedback,Eye Gaze,1,1787856676.1879992,1787856681.039656,2026-08-27T18:51:21.039656+00:00,4.851656675338745,548407.812,431,839111508045,1,1,0.05117638781666756,-0.04594810679554939,-0.03797626867890358,0.03284022957086563,-0.0762946605682373,0.996544361114502,1,0.05102518945932388,-0.013316601514816284,-0.037369873374700546,0.029925141483545303,-0.1428273320198059,0.9892950057983398,1,0.051329996436834335,-0.08196958154439926,-0.038557857275009155,0.03428028151392937,0.003082171780988574,0.9994075894355774
P001,P001_S01,P001_S01_ST1TR_TR04_R01,TR04,R01,Gridworld_Requested_Gaze,Study 1,Gridworld,Requested Feedback,Eye Gaze,1,1787856676.1879992,1787856681.039656,2026-08-27T18:51:21.039656+00:00,4.851656675338745,548407.812,432,839111619156,1,1,0.05117471516132355,-0.04551153630018234,-0.037965379655361176,0.032023195177316666,-0.07708417624235153,0.9965102672576904,1,0.051023487001657486,-0.013310029171407223,-0.03736968711018562,0.028934119269251823,-0.14213557541370392,0.9894242286682129,1,0.0513286329805851,-0.08198095858097076,-0.03856911510229111,0.03332088887691498,0.001930300029926002,0.9994428157806396
P001,P001_S01,P001_S01_ST1TR_TR04_R01,TR04,R01,Gridworld_Requested_Gaze,Study 1,Gridworld,Requested Feedback,Eye Gaze,1,1787856676.1879992,1787856681.039656,2026-08-27T18:51:21.039656+00:00,4.851656675338745,548407.812,433,839111730268,1,1,0.051173318177461624,-0.0453028678894043,-0.037961576133966446,0.031010232865810394,-0.07714753597974777,0.996537446975708,1,0.05101544409990311,-0.013303034007549286,-0.03737611323595047,0.027654513716697693,-0.14109903573989868,0.9896091222763062,1,0.051319021731615067,-0.08198019862174988,-0.03857198357582092,0.03190943971276283,0.0023144367150962353,0.9994882345199585
P001,P001_S01,P001_S01_ST1TR_TR04_R01,TR04,R01,Gridworld_Requested_Gaze,Study 1,Gridworld,Requested Feedback,Eye Gaze,1,1787856676.1879992,1787856681.0556731,2026-08-27T18:51:21.055673+00:00,4.867673873901367,548407.828,434,839111841379,1,1,0.051166508346796036,-0.04485910385847092,-0.037948545068502426,0.02963435649871826,-0.0791359469294548,0.9964233636856079,1,0.05100421980023384,-0.013301661238074303,-0.037384334951639175,0.025887111201882362,-0.14146150648593903,0.9896051287651062,1,0.05130751058459282,-0.08198920637369156,-0.03857637196779251,0.029979528859257698,0.0007782875909470022,0.9995503425598145
P001,P001_S01,P001_S01_ST1TR_TR04_R01,TR04,R01,Gridworld_Requested_Gaze,Study 1,Gridworld,Requested Feedback,Eye Gaze,1,1787856676.1879992,1787856681.0874176,2026-08-27T18:51:21.087418+00:00,4.899418354034424,548407.859,435,839111952490,1,1,0.0511605404317379,-0.04450560361146927,-0.037938203662633896,0.028504163026809692,-0.079231858253479,0.9964486360549927,1,0.050996456295251846,-0.013308977708220482,-0.037387751042842865,0.02507348172366619,-0.14137150347232819,0.9896389842033386,1,0.05130239576101303,-0.081986203789711,-0.03857782110571861,0.029522089287638664,0.00214277021586895,0.9995617866516113
P001,P001_S01,P001_S01_ST1TR_TR04_R01,TR04,R01,Gridworld_Requested_Gaze,Study 1,Gridworld,Requested Feedback,Eye Gaze,1,1787856676.1879992,1787856681.103452,2026-08-27T18:51:21.103452+00:00,4.915452718734741,548407.875,436,839112063601,1,1,0.05115425959229469,-0.044169943779706955,-0.03792662173509598,0.026953279972076416,-0.07896338403224945,0.9965131282806396,1,0.0509854219853878,-0.013382639735937119,-0.037296850234270096,0.022788239642977715,-0.14228345453739166,0.989563524723053,1,0.05129936337471008,-0.08205639570951462,-0.0386623851954937,0.02718532271683216,0.0016067561227828264,0.9996290802955627
P001,P001_S01,P001_S01_ST1TR_TR04_R01,TR04,R01,Gridworld_Requested_Gaze,Study 1,Gridworld,Requested Feedback,Eye Gaze,1,1787856676.1879992,1787856681.103452,2026-08-27T18:51:21.103452+00:00,4.915452718734741,548407.875,437,839112174713,1,1,0.05114782974123955,-0.04377548024058342,-0.037913259118795395,0.02632128819823265,-0.07948687672615051,0.9964884519577026,1,0.05098586529493332,-0.013390924781560898,-0.03728613629937172,0.024027450010180473,-0.14327263832092285,0.989391565322876,1,0.0512993223965168,-0.08205212652683258,-0.03864862397313118,0.02839358150959015,0.001881138770841062,0.9995951056480408
P001,P001_S01,P001_S01_ST1TR_TR04_R01,TR04,R01,Gridworld_Requested_Gaze,Study 1,Gridworld,Requested Feedback,Eye Gaze,1,1787856676.1879992,1787856681.11935,2026-08-27T18:51:21.119350+00:00,4.9313507080078125,548407.89,438,839112285824,1,1,0.051142409443855286,-0.04370226711034775,-0.03790438547730446,0.025311853736639023,-0.0789373442530632,0.9965582489967346,1,0.0509735569357872,-0.013448952697217464,-0.037228066474199295,0.02213127352297306,-0.14727051556110382,0.9888485670089722,1,0.05128861218690872,-0.08206432312726974,-0.038655344396829605,0.02665490098297596,0.002901907078921795,0.9996405839920044
P001,P001_S01,P001_S01_ST1TR_TR04_R01,TR04,R01,Gridworld_Requested_Gaze,Study 1,Gridworld,Requested Feedback,Eye Gaze,1,1787856676.1879992,1787856681.11935,2026-08-27T18:51:21.119350+00:00,4.9313507080078125,548407.89,439,839112396936,1,1,0.05113716050982475,-0.04355260357260704,-0.03789614513516426,0.025290776044130325,-0.07948699593544006,0.996515154838562,1,0.05097536742687225,-0.013434491120278835,-0.03725668415427208,0.023979980498552322,-0.14518383145332336,0.9891140460968018,1,0.05129445344209671,-0.08207732439041138,-0.03866191953420639,0.02876788005232811,0.0018652161816135049,0.999584436416626
P001,P001_S01,P001_S01_ST1TR_TR04_R01,TR04,R01,Gridworld_Requested_Gaze,Study 1,Gridworld,Requested Feedback,Eye Gaze,1,1787856676.1879992,1787856681.11935,2026-08-27T18:51:21.119350+00:00,4.9313507080078125,548407.89,440,839112508048,1,1,0.05113212391734123,-0.04344656690955162,-0.03789035603404045,0.026049643754959106,-0.07939333468675613,0.9965030550956726,1,0.05097966268658638,-0.013411492109298706,-0.037303559482097626,0.026264026761054993,-0.14311280846595764,0.9893578290939331,1,0.05129079893231392,-0.08207383751869202,-0.03864600509405136,0.0307607501745224,0.001971251331269741,0.9995248913764954
P001,P001_S01,P001_S01_ST1TR_TR04_R01,TR04,R01,Gridworld_Requested_Gaze,Study 1,Gridworld,Requested Feedback,Eye Gaze,1,1787856676.1879992,1787856681.1354315,2026-08-27T18:51:21.135432+00:00,4.947432279586792,548407.906,441,839112619159,1,1,0.051127273589372635,-0.04358445852994919,-0.037891846150159836,0.025749769061803818,-0.07862353324890137,0.9965717792510986,1,0.050967637449502945,-0.013461802154779434,-0.03725768253207207,0.023752965033054352,-0.14562591910362244,0.9890545606613159,1,0.05128001794219017,-0.08209578692913055,-0.038674287497997284,0.028329821303486824,0.002504749922081828,0.9995955228805542
P001,P001_S01,P001_S01_ST1TR_TR04_R01,TR04,R01,Gridworld_Requested_Gaze,Study 1,Gridworld,Requested Feedback,Eye Gaze,1,1787856676.1879992,1787856681.1670253,2026-08-27T18:51:21.167025+00:00,4.9790260791778564,548407.937,442,839112730270,1,1,0.05112185329198837,-0.043764565140008926,-0.03789482265710831,0.02524569258093834,-0.07836861908435822,0.9966048002243042,1,0.05095634236931801,-0.013462473638355732,-0.037265826016664505,0.022903375327587128,-0.1454927623271942,0.9890941977500916,1,0.051273543387651443,-0.0821143239736557,-0.038691699504852295,0.027393532916903496,0.0006027918425388634,0.9996246099472046
P001,P001_S01,P001_S01_ST1TR_TR04_R01,TR04,R01,Gridworld_Requested_Gaze,Study 1,Gridworld,Requested Feedback,Eye Gaze,1,1787856676.1879992,1787856681.183102,2026-08-27T18:51:21.183102+00:00,4.995102643966675,548407.953,443,839112841381,1,1,0.05111699178814888,-0.044073253870010376,-0.03790159523487091,0.024454716593027115,-0.07726240158081055,0.9967108964920044,1,0.05094494670629501,-0.013450613245368004,-0.03728453442454338,0.02166013978421688,-0.14468882977962494,0.9892400503158569,1,0.0512668676674366,-0.08213062584400177,-0.038703326135873795,0.025803394615650177,-0.0017106937011703849,0.9996656775474548
P001,P001_S01,P001_S01_ST1TR_TR04_R01,TR04,R01,Gridworld_Requested_Gaze,Study 1,Gridworld,Requested Feedback,Eye Gaze,1,1787856676.1879992,1787856681.183102,2026-08-27T18:51:21.183102+00:00,4.995102643966675,548407.953,444,839112952493,1,1,0.05111241340637207,-0.04454846680164337,-0.037910379469394684,0.023258693516254425,-0.07728186249732971,0.9967380166053772,1,0.05092625692486763,-0.013461685739457607,-0.037279997020959854,0.019881071522831917,-0.14577972888946533,0.9891173243522644,1,0.051254548132419586,-0.08213979005813599,-0.0387076660990715,0.023829136043787003,-0.002570049138739705,0.9997127652168274
P001,P001_S01,P001_S01_ST1TR_TR04_R01,TR04,R01,Gridworld_Requested_Gaze,Study 1,Gridworld,Requested Feedback,Eye Gaze,1,1787856676.1879992,1787856681.183102,2026-08-27T18:51:21.183102+00:00,4.995102643966675,548407.953,445,839113063605,1,1,0.051106709986925125,-0.04480207711458206,-0.03791508823633194,0.022526979446411133,-0.07805242389440536,0.996694803237915,1,0.05091472715139389,-0.013460611924529076,-0.03728729486465454,0.020094430074095726,-0.1460564285516739,0.9890722036361694,1,0.05125086382031441,-0.08214454352855682,-0.03870560601353645,0.02411486767232418,-0.0033928758930414915,0.9997034668922424
P001,P001_S01,P001_S01_ST1TR_TR04_R01,TR04,R01,Gridworld_Requested_Gaze,Study 1,Gridworld,Requested Feedback,Eye Gaze,1,1787856676.1879992,1787856681.1988356,2026-08-27T18:51:21.198836+00:00,5.010836362838745,548407.968,446,839113174716,1,1,0.0511002242565155,-0.04499497264623642,-0.03792091831564903,0.021695487201213837,-0.07869371771812439,0.9966627955436707,1,0.05090160295367241,-0.013448365032672882,-0.0373009592294693,0.019209323450922966,-0.1459747850894928,0.9891017079353333,1,0.05123791843652725,-0.08215213567018509,-0.038703639060258865,0.022975629195570946,-0.0054368614219129086,0.9997212290763855
P001,P001_S01,P001_S01_ST1TR_TR04_R01,TR04,R01,Gridworld_Requested_Gaze,Study 1,Gridworld,Requested Feedback,Eye Gaze,1,1787856676.1879992,1787856681.214579,2026-08-27T18:51:21.214579+00:00,5.026579856872559,548407.984,447,839113285827,1,1,0.05109317600727081,-0.04519851878285408,-0.03792725130915642,0.020879875868558884,-0.07982006669044495,0.9965906739234924,1,0.0508926622569561,-0.013459366746246815,-0.03729069605469704,0.018378082662820816,-0.1474621593952179,0.988896906375885,1,0.0512361079454422,-0.08214637637138367,-0.03869647532701492,0.022391514852643013,-0.005094639025628567,0.9997363686561584
P001,P001_S01,P001_S01_ST1TR_TR04_R01,TR04,R01,Gridworld_Requested_Gaze,Study 1,Gridworld,Requested Feedback,Eye Gaze,1,1787856676.1879992,1787856681.214579,2026-08-27T18:51:21.214579+00:00,5.026579856872559,548407.984,448,839113396938,1,1,0.05108652636408806,-0.04519309476017952,-0.037931378930807114,0.020387452095746994,-0.08028413355350494,0.9965635538101196,1,0.05089479312300682,-0.013469717465341091,-0.03727636858820915,0.018464960157871246,-0.14751173555850983,0.9888879060745239,1,0.05123746022582054,-0.08213744312524796,-0.038692958652973175,0.022587968036532402,-0.00301958154886961,0.9997403621673584
P001,P001_S01,P001_S01_ST1TR_TR04_R01,TR04,R01,Gridworld_Requested_Gaze,Study 1,Gridworld,Requested Feedback,Eye Gaze,1,1787856676.1879992,1787856681.2461412,2026-08-27T18:51:21.246141+00:00,5.0581419467926025,548408.015,449,839113508050,1,1,0.051080238074064255,-0.04541691392660141,-0.037939224392175674,0.02033349499106407,-0.08031027764081955,0.9965626001358032,1,0.05089060217142105,-0.013465509749948978,-0.03729084134101868,0.019334154203534126,-0.1478823572397232,0.98881596326828,1,0.05123455449938774,-0.08214154094457626,-0.03869478031992912,0.02312336303293705,-0.004238393623381853,0.9997236728668213
P001,P001_S01,P001_S01_ST1TR_TR04_R01,TR04,R01,Gridworld_Requested_Gaze,Study 1,Gridworld,Requested Feedback,Eye Gaze,1,1787856676.1879992,1787856681.2461412,2026-08-27T18:51:21.246141+00:00,5.0581419467926025,548408.015,450,839113619161,1,1,0.05107403174042702,-0.045850854367017746,-0.03794984146952629,0.019911110401153564,-0.07872039079666138,0.9966979026794434,1,0.05087874457240105,-0.013472193852066994,-0.03727732226252556,0.01802782528102398,-0.1470988243818283,0.9889575839042664,1,0.05122870206832886,-0.08216070383787155,-0.03871731087565422,0.02190314047038555,-0.004800009541213512,0.9997485876083374
P001,P001_S01,P001_S01_ST1TR_TR04_R01,TR04,R01,Gridworld_Requested_Gaze,Study 1,Gridworld,Requested Feedback,Eye Gaze,1,1787856676.1879992,1787856681.2525365,2026-08-27T18:51:21.252537+00:00,5.064537286758423,548408.015,451,839113730272,1,1,0.05106702819466591,-0.04607299715280533,-0.03795720636844635,0.019194521009922028,-0.0776776373386383,0.9967937469482422,1,0.05087082087993622,-0.013478864915668964,-0.03726307675242424,0.01686837710440159,-0.14630652964115143,0.9890953898429871,1,0.05121735483407974,-0.08216017484664917,-0.038726646453142166,0.0205967016518116,-0.003339651972055435,0.9997823238372803
P001,P001_S01,P001_S01_ST1TR_TR04_R01,TR04,R01,Gridworld_Requested_Gaze,Study 1,Gridworld,Requested Feedback,Eye Gaze,1,1787856676.1879992,1787856681.2618916,2026-08-27T18:51:21.261892+00:00,5.07389235496521,548408.031,452,839113841384,1,1,0.05106126517057419,-0.04638421908020973,-0.037965308874845505,0.01906445622444153,-0.07617004215717316,0.9969127178192139,1,0.050870127975940704,-0.013486620970070362,-0.03725256025791168,0.017703168094158173,-0.14611929655075073,0.9891086220741272,1,0.051215726882219315,-0.08216430991888046,-0.038738466799259186,0.021616466343402863,-0.0027774209156632423,0.9997625946998596
P001,P001_S01,P001_S01_ST1TR_TR04_R01,TR04,R01,Gridworld_Requested_Gaze,Study 1,Gridworld,Requested Feedback,Eye Gaze,1,1787856676.1879992,1787856681.293366,2026-08-27T18:51:21.293366+00:00,5.1053667068481445,548408.062,453,839113952495,1,1,0.05105433613061905,-0.046280913054943085,-0.03796309232711792,0.018996860831975937,-0.0764811635017395,0.996890127658844,1,0.05086849629878998,-0.013478077948093414,-0.03725219517946243,0.017844773828983307,-0.14457838237285614,0.9893324375152588,1,0.05121617391705513,-0.08215625584125519,-0.038739290088415146,0.021797865629196167,-0.0012879882706329226,0.9997616410255432
P001,P001_S01,P001_S01_ST1TR_TR04_R01,TR04,R01,Gridworld_Requested_Gaze,Study 1,Gridworld,Requested Feedback,Eye Gaze,1,1787856676.1879992,1787856681.293366,2026-08-27T18:51:21.293366+00:00,5.1053667068481445,548408.062,454,839114063607,1,1,0.05105038732290268,-0.04653631150722504,-0.03796911984682083,0.018402639776468277,-0.07438018918037415,0.997060239315033,1,0.05086585134267807,-0.0134745417162776,-0.03724934533238411,0.016142673790454865,-0.14329414069652557,0.9895485043525696,1,0.051211290061473846,-0.08216826617717743,-0.03875146806240082,0.019947638735175133,-0.001867000013589859,0.9997992515563965
P001,P001_S01,P001_S01_ST1TR_TR04_R01,TR04,R01,Gridworld_Requested_Gaze,Study 1,Gridworld,Requested Feedback,Eye Gaze,1,1787856676.1879992,1787856681.309209,2026-08-27T18:51:21.309209+00:00,5.1212098598480225,548408.078,455,839114174718,1,1,0.05104751139879227,-0.04675666242837906,-0.037974681705236435,0.01835768297314644,-0.07413705438375473,0.9970791339874268,1,0.05087053403258324,-0.013469602912664413,-0.03725440427660942,0.01718653179705143,-0.1434996873140335,0.9895010590553284,1,0.0512162446975708,-0.08217998594045639,-0.038760170340538025,0.02100217156112194,-0.0038037276826798916,0.9997721910476685
P001,P001_S01,P001_S01_ST1TR_TR04_R01,TR04,R01,Gridworld_Requested_Gaze,Study 1,Gridworld,Requested Feedback,Eye Gaze,1,1787856676.1879992,1787856681.309209,2026-08-27T18:51:21.309209+00:00,5.1212098598480225,548408.078,456,839114285828,1,1,0.051046766340732574,-0.04706376791000366,-0.03798069804906845,0.01826804131269455,-0.07302670180797577,0.9971628189086914,1,0.05087549611926079,-0.013473579660058022,-0.03725144639611244,0.016849961131811142,-0.14423313736915588,0.9894002079963684,1,0.05121900886297226,-0.08216492086648941,-0.03874615579843521,0.020782282575964928,-0.0023991246707737446,0.9997811913490295
P001,P001_S01,P001_S01_ST1TR_TR04_R01,TR04,R01,Gridworld_Requested_Gaze,Study 1,Gridworld,Requested Feedback,Eye Gaze,1,1787856676.1879992,1787856681.3250058,2026-08-27T18:51:21.325006+00:00,5.137006521224976,548408.093,457,839114396941,1,1,0.05104687437415123,-0.04723403975367546,-0.037984449416399,0.018976576626300812,-0.07395714521408081,0.99708092212677,1,0.05088638886809349,-0.013473894447088242,-0.03725659102201462,0.019112462177872658,-0.14528782665729523,0.9892047643661499,1,0.051227644085884094,-0.08215906471014023,-0.038738787174224854,0.023052874952554703,-0.0026362694334238768,0.9997307658195496
P001,P001_S01,P001_S01_ST1TR_TR04_R01,TR04,R01,Gridworld_Requested_Gaze,Study 1,Gridworld,Requested Feedback,Eye Gaze,1,1787856676.1879992,1787856681.3250058,2026-08-27T18:51:21.325006+00:00,5.137006521224976,548408.093,458,839114508052,1,1,0.05104709044098854,-0.04749472439289093,-0.037991609424352646,0.01933082565665245,-0.07377821207046509,0.9970873594284058,1,0.05088622868061066,-0.013455240987241268,-0.03727461025118828,0.018734734505414963,-0.14402680099010468,0.9893963932991028,1,0.0512242428958416,-0.08215415477752686,-0.03873051702976227,0.022514114156365395,-0.002934179035946727,0.9997422099113464
P001,P001_S01,P001_S01_ST1TR_TR04_R01,TR04,R01,Gridworld_Requested_Gaze,Study 1,Gridworld,Requested Feedback,Eye Gaze,1,1787856676.1879992,1787856681.3410041,2026-08-27T18:51:21.341004+00:00,5.153004884719849,548408.109,459,839114619163,1,1,0.05104686692357063,-0.04772279039025307,-0.03799819201231003,0.019348498433828354,-0.07337728887796402,0.9971166253089905,1,0.050877079367637634,-0.013452181592583656,-0.03727969154715538,0.017966758459806442,-0.1432095617055893,0.9895292520523071,1,0.0512208417057991,-0.08216627687215805,-0.038743965327739716,0.021890893578529358,-0.0038731005042791367,0.999752938747406
P001,P001_S01,P001_S01_ST1TR_TR04_R01,TR04,R01,Gridworld_Requested_Gaze,Study 1,Gridworld,Requested Feedback,Eye Gaze,1,1787856676.1879992,1787856681.3410041,2026-08-27T18:51:21.341004+00:00,5.153004884719849,548408.109,460,839114730275,1,1,0.05104512348771095,-0.04756350815296173,-0.037996359169483185,0.019443444907665253,-0.07424374669790268,0.9970505833625793,1,0.050874173641204834,-0.01345137320458889,-0.0372791551053524,0.018373092636466026,-0.14278532564640045,0.9895831346511841,1,0.05121415853500366,-0.08216841518878937,-0.038746532052755356,0.022084267809987068,-0.0037785267923027277,0.9997490644454956
P001,P001_S01,P001_S01_ST1TR_TR04_R01,TR04,R01,Gridworld_Requested_Gaze,Study 1,Gridworld,Requested Feedback,Eye Gaze,1,1787856676.1879992,1787856681.3602595,2026-08-27T18:51:21.360260+00:00,5.172260284423828,548408.125,461,839114842289,1,1,0.051044926047325134,-0.04752533882856369,-0.037996236234903336,0.019647859036922455,-0.07440929114818573,0.9970342516899109,1,0.05087537690997124,-0.01346707995980978,-0.03726295754313469,0.018651356920599937,-0.14388518035411835,0.9894185066223145,1,0.051212456077337265,-0.08216334879398346,-0.038740746676921844,0.02247740514576435,-0.0026058312505483627,0.9997439384460449
P001,P001_S01,P001_S01_ST1TR_TR04_R01,TR04,R01,Gridworld_Requested_Gaze,Study 1,Gridworld,Requested Feedback,Eye Gaze,1,1787856676.1879992,1787856681.388279,2026-08-27T18:51:21.388279+00:00,5.200279712677002,548408.156,462,839114996291,1,1,0.05104491859674454,-0.047461893409490585,-0.03799489140510559,0.019859764724969864,-0.07386207580566406,0.997070848941803,1,0.05087358504533768,-0.01347352284938097,-0.0372585691511631,0.0186882633715868,-0.14411704242229462,0.989384114742279,1,0.0512184202671051,-0.08215593546628952,-0.03873250633478165,0.022723086178302765,-0.0013006925582885742,0.9997409582138062
P001,P001_S01,P001_S01_ST1TR_TR04_R01,TR04,R01,Gridworld_Requested_Gaze,Study 1,Gridworld,Requested Feedback,Eye Gaze,1,1787856676.1879992,1787856681.388279,2026-08-27T18:51:21.388279+00:00,5.200279712677002,548408.156,463,839115103258,1,1,0.05104748532176018,-0.04783503711223602,-0.03800300136208534,0.020235147327184677,-0.07242186367511749,0.9971688389778137,1,0.05088001862168312,-0.013468758203089237,-0.03726379945874214,0.019376708194613457,-0.14403140544891357,0.9893834590911865,1,0.05121864005923271,-0.08216488361358643,-0.03872933238744736,0.023105522617697716,-0.0027115053962916136,0.999729335308075
P001,P001_S01,P001_S01_ST1TR_TR04_R01,TR04,R01,Gridworld_Requested_Gaze,Study 1,Gridworld,Requested Feedback,Eye Gaze,1,1787856676.1879992,1787856681.4200773,2026-08-27T18:51:21.420077+00:00,5.2320780754089355,548408.187,464,839115213834,1,1,0.05104803666472435,-0.047678448259830475,-0.03799974545836449,0.02016424760222435,-0.0732441395521164,0.9971103072166443,1,0.05088204890489578,-0.013458319008350372,-0.03727154806256294,0.018503621220588684,-0.14340771734714508,0.9894906878471375,1,0.05122171714901924,-0.08217421919107437,-0.03873168304562569,0.022321242839097977,-0.004250024911016226,0.9997418522834778
P001,P001_S01,P001_S01_ST1TR_TR04_R01,TR04,R01,Gridworld_Requested_Gaze,Study 1,Gridworld,Requested Feedback,Eye Gaze,1,1787856676.1879992,1787856681.4200773,2026-08-27T18:51:21.420077+00:00,5.2320780754089355,548408.187,465,839115324946,1,1,0.051051437854766846,-0.04791904613375664,-0.038002122193574905,0.021059371531009674,-0.07159847021102905,0.9972112774848938,1,0.050898510962724686,-0.013492397964000702,-0.037236280739307404,0.020907146856188774,-0.14693030714988708,0.9889258146286011,1,0.05123274400830269,-0.08213849365711212,-0.03872121497988701,0.024914732202887535,-0.0001172729826066643,0.9996896386146545
P001,P001_S01,P001_S01_ST1TR_TR04_R01,TR04,R01,Gridworld_Requested_Gaze,Study 1,Gridworld,Requested Feedback,Eye Gaze,1,1787856676.1879992,1787856681.4360328,2026-08-27T18:51:21.436033+00:00,5.24803352355957,548408.203,466,839115436057,1,0,0.0,0.0,0.0,0.0,0.0,0.0,1,0.05090206116437912,-0.01325520034879446,-0.03740141540765762,0.02134913206100464,-0.12845739722251892,0.9914851784706116,1,0.051209885627031326,-0.0819089263677597,-0.038626909255981445,0.02489558793604374,0.01728683151304722,0.9995406866073608
P001,P001_S01,P001_S01_ST1TR_TR04_R01,TR04,R01,Gridworld_Requested_Gaze,Study 1,Gridworld,Requested Feedback,Eye Gaze,1,1787856676.1879992,1787856681.4360328,2026-08-27T18:51:21.436033+00:00,5.24803352355957,548408.203,467,839115547169,1,1,0.05104885995388031,-0.04738502576947212,-0.0379960872232914,0.021091140806674957,-0.07034485042095184,0.9972997903823853,1,0.050891000777482986,-0.013253666460514069,-0.03739367425441742,0.019843047484755516,-0.12892195582389832,0.9914562106132507,1,0.051198966801166534,-0.08197839558124542,-0.03868173435330391,0.023339517414569855,0.008838068693876266,0.9996885657310486
P001,P001_S01,P001_S01_ST1TR_TR04_R01,TR04,R01,Gridworld_Requested_Gaze,Study 1,Gridworld,Requested Feedback,Eye Gaze,1,1787856676.1879992,1787856681.4360328,2026-08-27T18:51:21.436033+00:00,5.24803352355957,548408.203,468,839115658280,1,1,0.051048826426267624,-0.0473264642059803,-0.03799958899617195,0.021907255053520203,-0.06770947575569153,0.9974645972251892,1,0.050897423177957535,-0.013220655731856823,-0.037441182881593704,0.02199569344520569,-0.12844909727573395,0.9914721250534058,1,0.0512186661362648,-0.08196332305669785,-0.03862786293029785,0.02540287747979164,0.0073429979383945465,0.9996502995491028
P001,P001_S01,P001_S01_ST1TR_TR04_R01,TR04,R01,Gridworld_Requested_Gaze,Study 1,Gridworld,Requested Feedback,Eye Gaze,1,1787856676.1879992,1787856681.4677336,2026-08-27T18:51:21.467734+00:00,5.279734373092651,548408.234,469,839115769390,1,1,0.05104610696434975,-0.047015897929668427,-0.03799707442522049,0.022614073008298874,-0.06637238711118698,0.997538685798645,1,0.05088827386498451,-0.013186490163207054,-0.0374695286154747,0.02226204425096512,-0.12651382386684418,0.9917150735855103,1,0.051193103194236755,-0.08193115144968033,-0.038576144725084305,0.026168057695031166,0.009154493920505047,0.9996156692504883
P001,P001_S01,P001_S01_ST1TR_TR04_R01,TR04,R01,Gridworld_Requested_Gaze,Study 1,Gridworld,Requested Feedback,Eye Gaze,1,1787856676.1879992,1787856681.4677336,2026-08-27T18:51:21.467734+00:00,5.279734373092651,548408.234,470,839115880502,1,1,0.051043808460235596,-0.04690714552998543,-0.0379948765039444,0.022229675203561783,-0.06380096077919006,0.9977151155471802,1,0.050873707979917526,-0.013245869427919388,-0.03739796206355095,0.019587229937314987,-0.12875191867351532,0.9914833307266235,1,0.05118648335337639,-0.08194912225008011,-0.038614992052316666,0.02360333502292633,0.01150587759912014,0.9996553063392639
P001,P001_S01,P001_S01_ST1TR_TR04_R01,TR04,R01,Gridworld_Requested_Gaze,Study 1,Gridworld,Requested Feedback,Eye Gaze,1,1787856676.1879992,1787856681.4835103,2026-08-27T18:51:21.483510+00:00,5.29551100730896,548408.25,471,839115991613,1,1,0.051043491810560226,-0.04695674777030945,-0.037995658814907074,0.02253846824169159,-0.06157683953642845,0.997847855091095,1,0.05087974667549133,-0.013242311775684357,-0.037392742931842804,0.021266628056764603,-0.12691815197467804,0.9916850924491882,1,0.05119466781616211,-0.08195090293884277,-0.038613107055425644,0.025184713304042816,0.01298909168690443,0.9995983839035034
P001,P001_S01,P001_S01_ST1TR_TR04_R01,TR04,R01,Gridworld_Requested_Gaze,Study 1,Gridworld,Requested Feedback,Eye Gaze,1,1787856676.1879992,1787856681.5152202,2026-08-27T18:51:21.515220+00:00,5.327220916748047,548408.281,472,839116102725,1,1,0.0510418601334095,-0.04692830145359039,-0.03799498453736305,0.02289358153939247,-0.06053441762924194,0.9979036450386047,1,0.0508776418864727,-0.013229641132056713,-0.03742366284132004,0.021626612171530724,-0.12910087406635284,0.9913955330848694,1,0.05117707699537277,-0.08191385865211487,-0.038559891283512115,0.025649502873420715,0.0132113853469491,0.9995837211608887
P001,P001_S01,P001_S01_ST1TR_TR04_R01,TR04,R01,Gridworld_Requested_Gaze,Study 1,Gridworld,Requested Feedback,Eye Gaze,1,1787856676.1879992,1787856681.5152202,2026-08-27T18:51:21.515220+00:00,5.327220916748047,548408.281,473,839116213836,1,1,0.051038917154073715,-0.046656686812639236,-0.03799135237932205,0.022843267768621445,-0.061378005892038345,0.9978532791137695,1,0.05087783560156822,-0.013229391537606716,-0.03742005676031113,0.020998351275920868,-0.12851601839065552,0.9914851188659668,1,0.05117671936750412,-0.0819399282336235,-0.03858117014169693,0.02479587122797966,0.011028715409338474,0.9996317625045776
P001,P001_S01,P001_S01_ST1TR_TR04_R01,TR04,R01,Gridworld_Requested_Gaze,Study 1,Gridworld,Requested Feedback,Eye Gaze,1,1787856676.1879992,1787856681.5152202,2026-08-27T18:51:21.515220+00:00,5.327220916748047,548408.281,474,839116324947,1,1,0.05103589594364166,-0.04637985676527023,-0.03798623010516167,0.023336835205554962,-0.060353316366672516,0.9979043006896973,1,0.05087965354323387,-0.013231959193944931,-0.037413354963064194,0.0222672950476408,-0.12774477899074554,0.9915570616722107,1,0.051182691007852554,-0.08193805068731308,-0.03857799619436264,0.02634216845035553,0.012402479536831379,0.9995760917663574
P001,P001_S01,P001_S01_ST1TR_TR04_R01,TR04,R01,Gridworld_Requested_Gaze,Study 1,Gridworld,Requested Feedback,Eye Gaze,1,1787856676.1879992,1787856681.5152202,2026-08-27T18:51:21.515220+00:00,5.327220916748047,548408.281,475,839116436059,1,1,0.051033634692430496,-0.04627665504813194,-0.03798409178853035,0.02393459901213646,-0.0604030080139637,0.9978871941566467,1,0.05088076367974281,-0.013232643716037273,-0.03742062672972679,0.023026861250400543,-0.12928394973278046,0.991340160369873,1,0.05118419602513313,-0.08192620426416397,-0.038560397922992706,0.027127044275403023,0.012045852839946747,0.9995594620704651
P001,P001_S01,P001_S01_ST1TR_TR04_R01,TR04,R01,Gridworld_Requested_Gaze,Study 1,Gridworld,Requested Feedback,Eye Gaze,1,1787856676.1879992,1787856681.531317,2026-08-27T18:51:21.531317+00:00,5.343317747116089,548408.296,476,839116547170,1,1,0.05102840065956116,-0.04589253291487694,-0.0379774309694767,0.024587184190750122,-0.060000017285346985,0.9978955984115601,1,0.050875090062618256,-0.013246027752757072,-0.03740684688091278,0.023700330406427383,-0.1291363537311554,0.9913434982299805,1,0.05118565633893013,-0.08192148059606552,-0.038560327142477036,0.02783992514014244,0.014455779455602169,0.9995078444480896
P001,P001_S01,P001_S01_ST1TR_TR04_R01,TR04,R01,Gridworld_Requested_Gaze,Study 1,Gridworld,Requested Feedback,Eye Gaze,1,1787856676.1879992,1787856681.5470452,2026-08-27T18:51:21.547045+00:00,5.35904598236084,548408.312,477,839116658281,1,1,0.051028020679950714,-0.04624165594577789,-0.03797949478030205,0.02519061788916588,-0.05919451266527176,0.9979285597801208,1,0.050870802253484726,-0.013207746669650078,-0.03745235875248909,0.02410832606256008,-0.12778307497501373,0.9915091395378113,1,0.051179807633161545,-0.08190788328647614,-0.038527507334947586,0.02825019881129265,0.012973211705684662,0.9995167255401611
P001,P001_S01,P001_S01_ST1TR_TR04_R01,TR04,R01,Gridworld_Requested_Gaze,Study 1,Gridworld,Requested Feedback,Eye Gaze,1,1787856676.1879992,1787856681.5627937,2026-08-27T18:51:21.562794+00:00,5.3747944831848145,548408.328,478,839116769393,1,1,0.05102425068616867,-0.04606649652123451,-0.03797430172562599,0.02460133284330368,-0.060714416205883026,0.9978520274162292,1,0.05086826905608177,-0.013151734136044979,-0.03754337877035141,0.02162867970764637,-0.12856341898441315,0.9914654493331909,1,0.05118780583143234,-0.08185181021690369,-0.03845488280057907,0.025284461677074432,0.01201741211116314,0.9996080994606018
P001,P001_S01,P001_S01_ST1TR_TR04_R01,TR04,R01,Gridworld_Requested_Gaze,Study 1,Gridworld,Requested Feedback,Eye Gaze,1,1787856676.1879992,1787856681.5627937,2026-08-27T18:51:21.562794+00:00,5.3747944831848145,548408.328,479,839116880503,1,1,0.05102107301354408,-0.04587671905755997,-0.03796841949224472,0.024354208260774612,-0.06326908618211746,0.9976993799209595,1,0.05086253583431244,-0.01321920845657587,-0.037445083260536194,0.022063113749027252,-0.12887327373027802,0.9914155006408691,1,0.05117309093475342,-0.08192503452301025,-0.038543350994586945,0.025986051186919212,0.011308850720524788,0.9995983242988586
P001,P001_S01,P001_S01_ST1TR_TR04_R01,TR04,R01,Gridworld_Requested_Gaze,Study 1,Gridworld,Requested Feedback,Eye Gaze,1,1787856676.1879992,1787856681.5943844,2026-08-27T18:51:21.594384+00:00,5.406385183334351,548408.359,480,839116991615,1,1,0.05101917311549187,-0.045732416212558746,-0.037966854870319366,0.023971308022737503,-0.06364590674638748,0.9976846575737,1,0.050866011530160904,-0.01319537591189146,-0.037503764033317566,0.021415408700704575,-0.1296301633119583,0.991331160068512,1,0.05116834118962288,-0.08192424476146698,-0.038515854626894,0.02507633902132511,0.007870383560657501,0.9996545910835266
P001,P001_S01,P001_S01_ST1TR_TR04_R01,TR04,R01,Gridworld_Requested_Gaze,Study 1,Gridworld,Requested Feedback,Eye Gaze,1,1787856676.1879992,1787856681.5943844,2026-08-27T18:51:21.594384+00:00,5.406385183334351,548408.359,481,839117102727,1,1,0.05100936442613602,-0.0447867177426815,-0.03795682638883591,0.022287197411060333,-0.10669218748807907,0.9940423369407654,1,0.05086352303624153,-0.013754254207015038,-0.037205472588539124,0.020338641479611397,-0.1741533726453781,0.9845084547996521,1,0.051186010241508484,-0.08237379789352417,-0.038866885006427765,0.024508686736226082,-0.024318117648363113,0.9994038939476013
P001,P001_S01,P001_S01_ST1TR_TR04_R01,TR04,R01,Gridworld_Requested_Gaze,Study 1,Gridworld,Requested Feedback,Eye Gaze,1,1787856676.1879992,1787856681.5943844,2026-08-27T18:51:21.594384+00:00,5.406385183334351,548408.359,482,839117213839,1,0,0.0,0.0,0.0,0.0,0.0,0.0,1,0.05082109197974205,-0.01387014426290989,-0.037269219756126404,0.010954481549561024,-0.1823440045118332,0.9831737875938416,1,0.05117686837911606,-0.08259817212820053,-0.03903782740235329,0.014606225304305553,-0.044984690845012665,0.9988808631896973
P001,P001_S01,P001_S01_ST1TR_TR04_R01,TR04,R01,Gridworld_Requested_Gaze,Study 1,Gridworld,Requested Feedback,Eye Gaze,1,1787856676.1879992,1787856681.6101573,2026-08-27T18:51:21.610157+00:00,5.4221580028533936,548408.375,483,839117324950,1,0,0.0,0.0,0.0,0.0,0.0,0.0,1,0.050845351070165634,-0.01366857998073101,-0.03739456087350845,0.015579735860228539,-0.16441476345062256,0.986268162727356,1,0.051171429455280304,-0.08231917023658752,-0.038779985159635544,0.01957733929157257,-0.01757325604557991,0.9996539950370789
P001,P001_S01,P001_S01_ST1TR_TR04_R01,TR04,R01,Gridworld_Requested_Gaze,Study 1,Gridworld,Requested Feedback,Eye Gaze,1,1787856676.1879992,1787856681.641985,2026-08-27T18:51:21.641985+00:00,5.453985691070557,548408.406,484,839117436061,1,1,0.05101386830210686,-0.046000029891729355,-0.038028255105018616,0.02026250958442688,-0.10531694442033768,0.9942323565483093,1,0.05085457116365433,-0.01372829545289278,-0.03729694336652756,0.014587494544684887,-0.16789349913597107,0.9856972098350525,1,0.051190946251153946,-0.0824902206659317,-0.03894539177417755,0.018441975116729736,-0.0336630679666996,0.9992630481719971
P001,P001_S01,P001_S01_ST1TR_TR04_R01,TR04,R01,Gridworld_Requested_Gaze,Study 1,Gridworld,Requested Feedback,Eye Gaze,1,1787856676.1879992,1787856681.641985,2026-08-27T18:51:21.641985+00:00,5.453985691070557,548408.406,485,839117547173,1,1,0.051017943769693375,-0.046659450978040695,-0.03804905340075493,0.018989209085702896,-0.10309132188558578,0.9944907426834106,1,0.05086115002632141,-0.013707573525607586,-0.037320803850889206,0.014901604503393173,-0.1671881079673767,0.9858123660087585,1,0.05119197443127632,-0.08244545012712479,-0.038864899426698685,0.018653778359293938,-0.030117657035589218,0.9993723630905151
P001,P001_S01,P001_S01_ST1TR_TR04_R01,TR04,R01,Gridworld_Requested_Gaze,Study 1,Gridworld,Requested Feedback,Eye Gaze,1,1787856676.1879992,1787856681.6580229,2026-08-27T18:51:21.658023+00:00,5.4700236320495605,548408.421,486,839117658284,1,1,0.051023729145526886,-0.0476326048374176,-0.03806762769818306,0.01842200756072998,-0.09899185597896576,0.9949177503585815,1,0.05086047574877739,-0.013685320504009724,-0.037334274500608444,0.015452603809535503,-0.1666940301656723,0.9858875274658203,1,0.051197100430727005,-0.08239585906267166,-0.03880491107702255,0.019494088366627693,-0.026506047695875168,0.9994585514068604
P001,P001_S01,P001_S01_ST1TR_TR04_R01,TR04,R01,Gridworld_Requested_Gaze,Study 1,Gridworld,Requested Feedback,Eye Gaze,1,1787856676.1879992,1787856681.6580229,2026-08-27T18:51:21.658023+00:00,5.4700236320495605,548408.421,487,839117769396,1,1,0.051025766879320145,-0.047765057533979416,-0.03806876763701439,0.018216513097286224,-0.09797529876232147,0.995022177696228,1,0.05086306110024452,-0.013676153495907784,-0.03733530268073082,0.01606869325041771,-0.16639508306980133,0.9859282374382019,1,0.05120223015546799,-0.08240123093128204,-0.03880045562982559,0.020151738077402115,-0.027727745473384857,0.9994123578071594
P001,P001_S01,P001_S01_ST1TR_TR04_R01,TR04,R01,Gridworld_Requested_Gaze,Study 1,Gridworld,Requested Feedback,Eye Gaze,1,1787856676.1879992,1787856681.6580229,2026-08-27T18:51:21.658023+00:00,5.4700236320495605,548408.421,488,839117880506,1,1,0.051027677953243256,-0.04790214076638222,-0.038069818168878555,0.018225956708192825,-0.09700293093919754,0.9951173067092896,1,0.05086763948202133,-0.013664938509464264,-0.037340667098760605,0.016566917300224304,-0.1659669578075409,0.9859921336174011,1,0.05120142549276352,-0.08239433169364929,-0.03878599777817726,0.020441578701138496,-0.027713028714060783,0.9994069337844849
P001,P001_S01,P001_S01_ST1TR_TR04_R01,TR04,R01,Gridworld_Requested_Gaze,Study 1,Gridworld,Requested Feedback,Eye Gaze,1,1787856676.1879992,1787856681.6895902,2026-08-27T18:51:21.689590+00:00,5.501590967178345,548408.453,489,839117991618,1,1,0.05102752521634102,-0.04777029529213905,-0.03806495666503906,0.017783623188734055,-0.09695744514465332,0.9951297044754028,1,0.05086304247379303,-0.013657324947416782,-0.0373389907181263,0.01530929934233427,-0.16469483077526093,0.9862256646156311,1,0.05120038986206055,-0.08238235861063004,-0.038776103407144547,0.01929028145968914,-0.025986189022660255,0.9994761943817139
P001,P001_S01,P001_S01_ST1TR_TR04_R01,TR04,R01,Gridworld_Requested_Gaze,Study 1,Gridworld,Requested Feedback,Eye Gaze,1,1787856676.1879992,1787856681.6895902,2026-08-27T18:51:21.689590+00:00,5.501590967178345,548408.453,490,839118102729,1,1,0.051027167588472366,-0.04757015034556389,-0.038057588040828705,0.017515040934085846,-0.09756156802177429,0.9950754046440125,1,0.05086711421608925,-0.013664135709404945,-0.03732604533433914,0.015493502840399742,-0.16570083796977997,0.9860543012619019,1,0.051200177520513535,-0.08237267285585403,-0.038763392716646194,0.019348978996276855,-0.025142651051282883,0.9994966983795166
P001,P001_S01,P001_S01_ST1TR_TR04_R01,TR04,R01,Gridworld_Requested_Gaze,Study 1,Gridworld,Requested Feedback,Eye Gaze,1,1787856676.1879992,1787856681.6895902,2026-08-27T18:51:21.689590+00:00,5.501590967178345,548408.453,491,839118213841,1,1,0.051029182970523834,-0.04780542850494385,-0.038059014827013016,0.01773310825228691,-0.09544378519058228,0.9952768683433533,1,0.05087067931890488,-0.013672716915607452,-0.037314459681510925,0.01635769195854664,-0.1666036993265152,0.9858881831169128,1,0.051203738898038864,-0.08236469328403473,-0.03875633329153061,0.02033485844731331,-0.024213138967752457,0.9994999170303345
P001,P001_S01,P001_S01_ST1TR_TR04_R01,TR04,R01,Gridworld_Requested_Gaze,Study 1,Gridworld,Requested Feedback,Eye Gaze,1,1787856676.1879992,1787856681.7210445,2026-08-27T18:51:21.721045+00:00,5.533045291900635,548408.484,492,839118324951,1,1,0.051030222326517105,-0.04782465100288391,-0.03805626928806305,0.018243838101625443,-0.09502193331718445,0.9953081011772156,1,0.05087299644947052,-0.013666585087776184,-0.03731652349233627,0.0174452792853117,-0.16630034148693085,0.985920786857605,1,0.05120626837015152,-0.08235347270965576,-0.038747139275074005,0.021468734368681908,-0.02330876514315605,0.9994977712631226
P001,P001_S01,P001_S01_ST1TR_TR04_R01,TR04,R01,Gridworld_Requested_Gaze,Study 1,Gridworld,Requested Feedback,Eye Gaze,1,1787856676.1879992,1787856681.7210445,2026-08-27T18:51:21.721045+00:00,5.533045291900635,548408.484,493,839118436063,1,1,0.051033541560173035,-0.04825049266219139,-0.038066327571868896,0.018697313964366913,-0.09376977384090424,0.99541836977005,1,0.050870392471551895,-0.013654184527695179,-0.037321798503398895,0.01765746995806694,-0.16487932205200195,0.98615562915802,1,0.05120459944009781,-0.08235478401184082,-0.03874976560473442,0.021701348945498466,-0.023496147245168686,0.999488353729248
P001,P001_S01,P001_S01_ST1TR_TR04_R01,TR04,R01,Gridworld_Requested_Gaze,Study 1,Gridworld,Requested Feedback,Eye Gaze,1,1787856676.1879992,1787856681.7210445,2026-08-27T18:51:21.721045+00:00,5.533045291900635,548408.484,494,839118547174,1,1,0.0510353222489357,-0.04837493598461151,-0.03806094452738762,0.01896895468235016,-0.09334594011306763,0.9954531192779541,1,0.050868529826402664,-0.013657729141414165,-0.037315886467695236,0.01758132502436638,-0.1648823618888855,0.9861565828323364,1,0.05119948834180832,-0.0823574811220169,-0.03875691443681717,0.02160651609301567,-0.023435434326529503,0.9994918704032898
P001,P001_S01,P001_S01_ST1TR_TR04_R01,TR04,R01,Gridworld_Requested_Gaze,Study 1,Gridworld,Requested Feedback,Eye Gaze,1,1787856676.1879992,1787856681.7526262,2026-08-27T18:51:21.752626+00:00,5.564626932144165,548408.515,495,839118658285,1,1,0.05103537440299988,-0.04836084693670273,-0.03805579990148544,0.018805507570505142,-0.09357066452503204,0.9954351186752319,1,0.05086316168308258,-0.013650654815137386,-0.037314172834157944,0.01663901098072529,-0.1637704223394394,0.986358106136322,1,0.051191650331020355,-0.08237260580062866,-0.03877156972885132,0.020616978406906128,-0.024845078587532043,0.9994786977767944
P001,P001_S01,P001_S01_ST1TR_TR04_R01,TR04,R01,Gridworld_Requested_Gaze,Study 1,Gridworld,Requested Feedback,Eye Gaze,1,1787856676.1879992,1787856681.7683058,2026-08-27T18:51:21.768306+00:00,5.580306529998779,548408.531,496,839118769395,1,1,0.051035042852163315,-0.048316486179828644,-0.03805176168680191,0.018971193581819534,-0.09235813468694687,0.9955452084541321,1,0.050863076001405716,-0.013665192760527134,-0.037304624915122986,0.01729951798915863,-0.16544164717197418,0.9860678315162659,1,0.051192473620176315,-0.08236967772245407,-0.038771990686655045,0.021257348358631134,-0.02456575632095337,0.9994722604751587
P001,P001_S01,P001_S01_ST1TR_TR04_R01,TR04,R01,Gridworld_Requested_Gaze,Study 1,Gridworld,Requested Feedback,Eye Gaze,1,1787856676.1879992,1787856681.7683058,2026-08-27T18:51:21.768306+00:00,5.580306529998779,548408.531,497,839118880509,1,1,0.051033951342105865,-0.04830991104245186,-0.03804859519004822,0.01867292821407318,-0.09233842045068741,0.9955527186393738,1,0.05086113139986992,-0.013652349822223186,-0.03731067478656769,0.016307050362229347,-0.1639450341463089,0.9863346815109253,1,0.05118274688720703,-0.08235526829957962,-0.038763176649808884,0.020103951916098595,-0.022931553423404694,0.9995349049568176
P001,P001_S01,P001_S01_ST1TR_TR04_R01,TR04,R01,Gridworld_Requested_Gaze,Study 1,Gridworld,Requested Feedback,Eye Gaze,1,1787856676.1879992,1787856681.7683058,2026-08-27T18:51:21.768306+00:00,5.580306529998779,548408.531,498,839118991621,1,1,0.05103347450494766,-0.04845123738050461,-0.03804786130785942,0.01883918046951294,-0.09115587174892426,0.9956586360931396,1,0.050859659910202026,-0.013659731484949589,-0.03729899600148201,0.017045794054865837,-0.16494223475456238,0.9861559271812439,1,0.05118628963828087,-0.08235009759664536,-0.0387520007789135,0.021238252520561218,-0.02252325415611267,0.9995208382606506
P001,P001_S01,P001_S01_ST1TR_TR04_R01,TR04,R01,Gridworld_Requested_Gaze,Study 1,Gridworld,Requested Feedback,Eye Gaze,1,1787856676.1879992,1787856681.8003724,2026-08-27T18:51:21.800372+00:00,5.612373113632202,548408.562,499,839119102732,1,1,0.05103340744972229,-0.04863375797867775,-0.038048531860113144,0.01884160190820694,-0.0908195748925209,0.9956892132759094,1,0.05086333677172661,-0.01364543940871954,-0.037308432161808014,0.016989657655358315,-0.16356554627418518,0.9863861799240112,1,0.05118101090192795,-0.0823395848274231,-0.03874269872903824,0.020799042657017708,-0.021579811349511147,0.9995508790016174
P001,P001_S01,P001_S01_ST1TR_TR04_R01,TR04,R01,Gridworld_Requested_Gaze,Study 1,Gridworld,Requested Feedback,Eye Gaze,1,1787856676.1879992,1787856681.8003724,2026-08-27T18:51:21.800372+00:00,5.612373113632202,548408.562,500,839119213843,1,1,0.05103304982185364,-0.04885726794600487,-0.0380513072013855,0.018616486340761185,-0.09095947444438934,0.9956806898117065,1,0.05086001753807068,-0.01364353857934475,-0.037305478006601334,0.016289781779050827,-0.163301020860672,0.9864417314529419,1,0.05117844417691231,-0.08234494179487228,-0.03874488174915314,0.020236363634467125,-0.022190332412719727,0.9995490312576294
P001,P001_S01,P001_S01_ST1TR_TR04_R01,TR04,R01,Gridworld_Requested_Gaze,Study 1,Gridworld,Requested Feedback,Eye Gaze,1,1787856676.1879992,1787856681.8320847,2026-08-27T18:51:21.832085+00:00,5.64408540725708,548408.609,501,839119324955,1,1,0.051031697541475296,-0.04894309490919113,-0.038051947951316833,0.01832393929362297,-0.08935309946537018,0.9958315491676331,1,0.05085892230272293,-0.013646208681166172,-0.037302277982234955,0.015840889886021614,-0.16322214901447296,0.9864621758460999,1,0.05118070915341377,-0.0823403149843216,-0.038744211196899414,0.019644027575850487,-0.021334931254386902,0.9995794892311096
P001,P001_S01,P001_S01_ST1TR_TR04_R01,TR04,R01,Gridworld_Requested_Gaze,Study 1,Gridworld,Requested Feedback,Eye Gaze,1,1787856676.1879992,1787856681.8320847,2026-08-27T18:51:21.832085+00:00,5.64408540725708,548408.609,502,839119436065,1,1,0.05103055015206337,-0.04908685386180878,-0.0380546897649765,0.0181753970682621,-0.08902238309383392,0.9958639144897461,1,0.05086040869355202,-0.013638808391988277,-0.0373048260807991,0.016110867261886597,-0.16236548125743866,0.9865991473197937,1,0.05118223652243614,-0.0823453888297081,-0.038752343505620956,0.019780732691287994,-0.02183685265481472,0.9995659589767456
P001,P001_S01,P001_S01_ST1TR_TR04_R01,TR04,R01,Gridworld_Requested_Gaze,Study 1,Gridworld,Requested Feedback,Eye Gaze,1,1787856676.1879992,1787856681.8320847,2026-08-27T18:51:21.832085+00:00,5.64408540725708,548408.609,503,839119547177,1,1,0.05102868378162384,-0.049052249640226364,-0.0380529910326004,0.018084339797496796,-0.08907808363437653,0.9958605766296387,1,0.05085791274905205,-0.013643127866089344,-0.03729861229658127,0.016119640320539474,-0.16236495971679688,0.9865990281105042,1,0.051183175295591354,-0.08233612030744553,-0.03875213861465454,0.019888170063495636,-0.020364558324217796,0.9995947480201721
P001,P001_S01,P001_S01_ST1TR_TR04_R01,TR04,R01,Gridworld_Requested_Gaze,Study 1,Gridworld,Requested Feedback,Eye Gaze,1,1787856676.1879992,1787856681.8637173,2026-08-27T18:51:21.863717+00:00,5.675718069076538,548408.64,504,839119658288,1,1,0.051027812063694,-0.0491744764149189,-0.03805476799607277,0.017720628529787064,-0.08823240548372269,0.9959424138069153,1,0.050858862698078156,-0.013645644299685955,-0.03728921338915825,0.015322613529860973,-0.16186603903770447,0.9866937398910522,1,0.05118021368980408,-0.08233731240034103,-0.03876553475856781,0.018853390589356422,-0.019784748554229736,0.9996264576911926
P001,P001_S01,P001_S01_ST1TR_TR04_R01,TR04,R01,Gridworld_Requested_Gaze,Study 1,Gridworld,Requested Feedback,Eye Gaze,1,1787856676.1879992,1787856681.8637173,2026-08-27T18:51:21.863717+00:00,5.675718069076538,548408.64,505,839119769400,1,1,0.051027342677116394,-0.04930178448557854,-0.038056518882513046,0.01740504801273346,-0.08824770152568817,0.9959465265274048,1,0.05086003988981247,-0.013646290637552738,-0.03728606179356575,0.015222824178636074,-0.1618541181087494,0.986697256565094,1,0.05117357149720192,-0.08234559744596481,-0.03877890855073929,0.018616415560245514,-0.02068527601659298,0.9996126890182495
P001,P001_S01,P001_S01_ST1TR_TR04_R01,TR04,R01,Gridworld_Requested_Gaze,Study 1,Gridworld,Requested Feedback,Eye Gaze,1,1787856676.1879992,1787856681.8796873,2026-08-27T18:51:21.879687+00:00,5.691688060760498,548408.656,506,839119881347,1,1,0.05102560296654701,-0.0491953082382679,-0.03805401921272278,0.017220154404640198,-0.08823942393064499,0.9959505200386047,1,0.05085952579975128,-0.013648361898958683,-0.03728332370519638,0.015290684998035431,-0.16149504482746124,0.9867550134658813,1,0.051171790808439255,-0.08234979957342148,-0.0387868657708168,0.01870906539261341,-0.020551772788167,0.9996137022972107
P001,P001_S01,P001_S01_ST1TR_TR04_R01,TR04,R01,Gridworld_Requested_Gaze,Study 1,Gridworld,Requested Feedback,Eye Gaze,1,1787856676.1879992,1787856681.8796873,2026-08-27T18:51:21.879687+00:00,5.691688060760498,548408.656,507,839120035374,1,1,0.051025573164224625,-0.049272481352090836,-0.03805570304393768,0.01731191575527191,-0.0877646803855896,0.9959909319877625,1,0.050856903195381165,-0.013639605604112148,-0.03728940710425377,0.015735462307929993,-0.1602991819381714,0.9869429469108582,1,0.051179006695747375,-0.08233671635389328,-0.03878357261419296,0.01947789080440998,-0.018867511302232742,0.9996322393417358
P001,P001_S01,P001_S01_ST1TR_TR04_R01,TR04,R01,Gridworld_Requested_Gaze,Study 1,Gridworld,Requested Feedback,Eye Gaze,1,1787856676.1879992,1787856681.8796873,2026-08-27T18:51:21.879687+00:00,5.691688060760498,548408.656,508,839120142333,1,1,0.05102422460913658,-0.04909542575478554,-0.038052674382925034,0.017501816153526306,-0.08759807795286179,0.9960022568702698,1,0.05085454508662224,-0.013640856370329857,-0.03727930411696434,0.01615782268345356,-0.15938210487365723,0.987084686756134,1,0.0511811189353466,-0.08233262598514557,-0.03878482058644295,0.019842196255922318,-0.017431333661079407,0.9996511936187744
P001,P001_S01,P001_S01_ST1TR_TR04_R01,TR04,R01,Gridworld_Requested_Gaze,Study 1,Gridworld,Requested Feedback,Eye Gaze,1,1787856676.1879992,1787856681.911227,2026-08-27T18:51:21.911227+00:00,5.7232277393341064,548408.687,509,839120252910,1,1,0.051023803651332855,-0.049191784113645554,-0.0380559079349041,0.01706896722316742,-0.0864669606089592,0.9961085915565491,1,0.05084976553916931,-0.013684120960533619,-0.03721914067864418,0.014499606564640999,-0.15975414216518402,0.9870502948760986,1,0.05117707699537277,-0.08237002789974213,-0.038847994059324265,0.01811644434928894,-0.01738555170595646,0.9996846914291382
P001,P001_S01,P001_S01_ST1TR_TR04_R01,TR04,R01,Gridworld_Requested_Gaze,Study 1,Gridworld,Requested Feedback,Eye Gaze,1,1787856676.1879992,1787856681.9433222,2026-08-27T18:51:21.943322+00:00,5.7553229331970215,548408.718,510,839120364021,1,1,0.051022760570049286,-0.04909699782729149,-0.03805578500032425,0.016828596591949463,-0.08714068681001663,0.99605393409729,1,0.05084992200136185,-0.013662789016962051,-0.037238266319036484,0.014842535369098186,-0.15770047903060913,0.9873754978179932,1,0.05117681995034218,-0.08237385749816895,-0.0388532429933548,0.018312906846404076,-0.018114516511559486,0.9996681809425354
P001,P001_S01,P001_S01_ST1TR_TR04_R01,TR04,R01,Gridworld_Requested_Gaze,Study 1,Gridworld,Requested Feedback,Eye Gaze,1,1787856676.1879992,1787856681.9433222,2026-08-27T18:51:21.943322+00:00,5.7553229331970215,548408.718,511,839120475132,1,1,0.0510232113301754,-0.04929084703326225,-0.03806157037615776,0.017227545380592346,-0.08382385969161987,0.9963317513465881,1,0.05085175856947899,-0.01367209292948246,-0.03722929581999779,0.016106750816106796,-0.15871484577655792,0.9871930480003357,1,0.051178302615880966,-0.08235711604356766,-0.038831569254398346,0.019708897918462753,-0.016292443498969078,0.999673068523407
P001,P001_S01,P001_S01_ST1TR_TR04_R01,TR04,R01,Gridworld_Requested_Gaze,Study 1,Gridworld,Requested Feedback,Eye Gaze,1,1787856676.1879992,1787856681.9433222,2026-08-27T18:51:21.943322+00:00,5.7553229331970215,548408.718,512,839120586243,1,1,0.051021773368120193,-0.049206171184778214,-0.03806053847074509,0.017502691596746445,-0.08405008912086487,0.996307909488678,1,0.05084918066859245,-0.013654801063239574,-0.03724522516131401,0.016263330355286598,-0.15747076272964478,0.9873898029327393,1,0.051172658801078796,-0.08234508335590363,-0.03882496803998947,0.019952183589339256,-0.015547308139503002,0.9996801018714905
P001,P001_S01,P001_S01_ST1TR_TR04_R01,TR04,R01,Gridworld_Requested_Gaze,Study 1,Gridworld,Requested Feedback,Eye Gaze,1,1787856676.1879992,1787856681.9751701,2026-08-27T18:51:21.975170+00:00,5.787170886993408,548408.75,513,839120697356,1,1,0.05101972818374634,-0.049210309982299805,-0.03806108981370926,0.01831965148448944,-0.08439140766859055,0.9962642788887024,1,0.050843678414821625,-0.013613964430987835,-0.03731062635779381,0.0179379191249609,-0.15936598181724548,0.9870565533638,1,0.051156073808670044,-0.08228973299264908,-0.03874819353222847,0.021817833185195923,-0.015473982319235802,0.9996422529220581
P001,P001_S01,P001_S01_ST1TR_TR04_R01,TR04,R01,Gridworld_Requested_Gaze,Study 1,Gridworld,Requested Feedback,Eye Gaze,1,1787856676.1879992,1787856681.9751701,2026-08-27T18:51:21.975170+00:00,5.787170886993408,548408.75,514,839120808467,1,1,0.05101586505770683,-0.049002740532159805,-0.038055576384067535,0.01976325362920761,-0.08555969595909119,0.9961370229721069,1,0.05084073171019554,-0.01357625424861908,-0.03739609196782112,0.02018635720014572,-0.1629842072725296,0.986422061920166,1,0.05113932490348816,-0.08219461143016815,-0.03863108158111572,0.024720150977373123,-0.01250692829489708,0.9996162056922913
P001,P001_S01,P001_S01_ST1TR_TR04_R01,TR04,R01,Gridworld_Requested_Gaze,Study 1,Gridworld,Requested Feedback,Eye Gaze,1,1787856676.1879992,1787856681.9751701,2026-08-27T18:51:21.975170+00:00,5.787170886993408,548408.75,515,839120919577,1,1,0.05101117491722107,-0.04850522801280022,-0.038054514676332474,0.018093343824148178,-0.08718712627887726,0.9960277676582336,1,0.05083593353629112,-0.013596872799098492,-0.037370242178440094,0.013422742486000061,-0.1503777951002121,0.9885374903678894,1,0.05114903301000595,-0.08235279470682144,-0.03889180347323418,0.016695724800229073,-0.016101006418466568,0.9997310042381287
P001,P001_S01,P001_S01_ST1TR_TR04_R01,TR04,R01,Gridworld_Requested_Gaze,Study 1,Gridworld,Requested Feedback,Eye Gaze,1,1787856676.1879992,1787856681.9751701,2026-08-27T18:51:21.975170+00:00,5.787170886993408,548408.75,516,839121030689,1,1,0.051005009561777115,-0.04817388579249382,-0.0380612313747406,0.016453757882118225,-0.08738590776920319,0.9960386753082275,1,0.05079420283436775,-0.01358921080827713,-0.03743322566151619,0.012169202789664268,-0.1525803506374359,0.9882161617279053,1,0.05114605277776718,-0.08231659233570099,-0.03891269862651825,0.01491601299494505,-0.014680006541311741,0.99978107213974
P001,P001_S01,P001_S01_ST1TR_TR04_R01,TR04,R01,Gridworld_Requested_Gaze,Study 1,Gridworld,Requested Feedback,Eye Gaze,1,1787856676.1879992,1787856681.9911854,2026-08-27T18:51:21.991185+00:00,5.8031861782073975,548408.765,517,839121141801,1,0,0.0,0.0,0.0,0.0,0.0,0.0,1,0.05070464685559273,-0.013484402559697628,-0.037681158632040024,0.005826978012919426,-0.15285030007362366,0.9882321953773499,1,0.05107581242918968,-0.0822940394282341,-0.03887678682804108,0.007741123903542757,-0.02337987907230854,0.999696671962738
P001,P001_S01,P001_S01_ST1TR_TR04_R01,TR04,R01,Gridworld_Requested_Gaze,Study 1,Gridworld,Requested Feedback,Eye Gaze,1,1787856676.1879992,1787856682.0290298,2026-08-27T18:51:22.029030+00:00,5.841030597686768,548408.796,518,839121252913,1,1,0.05098004639148712,-0.04858136922121048,-0.03809771686792374,0.007320404052734375,-0.08730828016996384,0.9961544871330261,1,0.05056225508451462,-0.013500546105206013,-0.03771315887570381,-0.010190565139055252,-0.15838387608528137,0.9873249530792236,1,0.050929103046655655,-0.08236830681562424,-0.03894907608628273,-0.008814345113933086,-0.03500036150217056,0.9993484020233154
P001,P001_S01,P001_S01_ST1TR_TR04_R01,TR04,R01,Gridworld_Requested_Gaze,Study 1,Gridworld,Requested Feedback,Eye Gaze,1,1787856676.1879992,1787856682.0316038,2026-08-27T18:51:22.031604+00:00,5.843604564666748,548408.796,519,839121364024,1,1,0.05094457417726517,-0.0488574355840683,-0.03813355416059494,0.0032592453062534332,-0.08858118206262589,0.9960637092590332,1,0.0504826195538044,-0.01349930465221405,-0.03764192759990692,-0.00432885717600584,-0.15351040661334991,0.9881376028060913,1,0.050816647708415985,-0.08244789391756058,-0.03902828320860863,-0.0022808676585555077,-0.03905639424920082,0.9992344975471497
P001,P001_S01,P001_S01_ST1TR_TR04_R01,TR04,R01,Gridworld_Requested_Gaze,Study 1,Gridworld,Requested Feedback,Eye Gaze,1,1787856676.1879992,1787856682.0316038,2026-08-27T18:51:22.031604+00:00,5.843604564666748,548408.796,520,839121475135,1,1,0.050907157361507416,-0.04868912696838379,-0.03814996778964996,-0.00019169971346855164,-0.08985284715890884,0.9959550499916077,1,0.050483860075473785,-0.013521647080779076,-0.03754531964659691,-0.006213794462382793,-0.15568462014198303,0.9877871870994568,1,0.05080988258123398,-0.08236333727836609,-0.0389268733561039,-0.004201905801892281,-0.02957269921898842,0.9995538592338562
P001,P001_S01,P001_S01_ST1TR_TR04_R01,TR04,R01,Gridworld_Requested_Gaze,Study 1,Gridworld,Requested Feedback,Eye Gaze,1,1787856676.1879992,1787856682.0544271,2026-08-27T18:51:22.054427+00:00,5.866427898406982,548408.828,521,839121586246,1,1,0.05087286978960037,-0.048703230917453766,-0.03816816583275795,-0.005192834883928299,-0.0913991630077362,0.9958008527755737,1,0.050502706319093704,-0.01349299494177103,-0.037567757070064545,-0.01375796552747488,-0.15613315999507904,0.9876400828361511,1,0.050836093723773956,-0.08234835416078568,-0.03887362778186798,-0.011859319172799587,-0.03126776963472366,0.9994407296180725
P001,P001_S01,P001_S01_ST1TR_TR04_R01,TR04,R01,Gridworld_Requested_Gaze,Study 1,Gridworld,Requested Feedback,Eye Gaze,1,1787856676.1879992,1787856682.0544271,2026-08-27T18:51:22.054427+00:00,5.866427898406982,548408.828,522,839121697358,1,1,0.05083409324288368,-0.048097677528858185,-0.03817298263311386,-0.010387329384684563,-0.09336017072200775,0.9955783486366272,1,0.0505024716258049,-0.013521605171263218,-0.03750618174672127,-0.018964897841215134,-0.1553616225719452,0.987675666809082,1,0.05080808326601982,-0.08239810913801193,-0.0389225110411644,-0.016902903094887733,-0.03292948007583618,0.9993147850036621
P001,P001_S01,P001_S01_ST1TR_TR04_R01,TR04,R01,Gridworld_Requested_Gaze,Study 1,Gridworld,Requested Feedback,Eye Gaze,1,1787856676.1879992,1787856682.08624,2026-08-27T18:51:22.086240+00:00,5.898240804672241,548408.859,523,839121808469,1,1,0.05080006644129753,-0.047802459448575974,-0.03818177804350853,-0.013188481330871582,-0.09510849416255951,0.995379626750946,1,0.05052032321691513,-0.01360363606363535,-0.03740443289279938,-0.01697613298892975,-0.1578904688358307,0.9873106479644775,1,0.050849247723817825,-0.08242127299308777,-0.038977473974227905,-0.014784806407988071,-0.029266847297549248,0.9994622468948364
P001,P001_S01,P001_S01_ST1TR_TR04_R01,TR04,R01,Gridworld_Requested_Gaze,Study 1,Gridworld,Requested Feedback,Eye Gaze,1,1787856676.1879992,1787856682.08624,2026-08-27T18:51:22.086240+00:00,5.898240804672241,548408.859,524,839121919581,1,1,0.05076916143298149,-0.04751920700073242,-0.038188669830560684,-0.016276799142360687,-0.09568453580141068,0.9952787160873413,1,0.05053377524018288,-0.013595192693173885,-0.03738934174180031,-0.020448612049221992,-0.1572888046503067,0.9873408675193787,1,0.05087585374712944,-0.08239975571632385,-0.038934044539928436,-0.018279431387782097,-0.027345439419150352,0.9994588494300842
P001,P001_S01,P001_S01_ST1TR_TR04_R01,TR04,R01,Gridworld_Requested_Gaze,Study 1,Gridworld,Requested Feedback,Eye Gaze,1,1787856676.1879992,1787856682.08624,2026-08-27T18:51:22.086240+00:00,5.898240804672241,548408.859,525,839122030692,1,1,0.050740838050842285,-0.04742814227938652,-0.03820100799202919,-0.019040796905755997,-0.09541888535022736,0.9952552318572998,1,0.050538819283246994,-0.013587637804448605,-0.03739113360643387,-0.022446520626544952,-0.1564737856388092,0.9874269962310791,1,0.05088545382022858,-0.08240018039941788,-0.03893085569143295,-0.02033017948269844,-0.027456732466816902,0.9994162321090698
P001,P001_S01,P001_S01_ST1TR_TR04_R01,TR04,R01,Gridworld_Requested_Gaze,Study 1,Gridworld,Requested Feedback,Eye Gaze,1,1787856676.1879992,1787856682.08624,2026-08-27T18:51:22.086240+00:00,5.898240804672241,548408.859,526,839122141803,1,1,0.05071507766842842,-0.04779360070824623,-0.03821190446615219,-0.021470140665769577,-0.09428039193153381,0.9953142404556274,1,0.050543226301670074,-0.013586043380200863,-0.03738599270582199,-0.02413027361035347,-0.15543659031391144,0.9875509738922119,1,0.05089361593127251,-0.08240555226802826,-0.038933366537094116,-0.02208101563155651,-0.02718125842511654,0.9993866682052612
P001,P001_S01,P001_S01_ST1TR_TR04_R01,TR04,R01,Gridworld_Requested_Gaze,Study 1,Gridworld,Requested Feedback,Eye Gaze,1,1787856676.1879992,1787856682.1180246,2026-08-27T18:51:22.118025+00:00,5.930025339126587,548408.89,527,839122252914,1,1,0.050692785531282425,-0.0481899119913578,-0.03821906819939613,-0.022481031715869904,-0.09246489405632019,0.9954622387886047,1,0.050551291555166245,-0.013579783029854298,-0.037390537559986115,-0.022476358339190483,-0.15528936684131622,0.9876132607460022,1,0.050903018563985825,-0.08241197466850281,-0.03892712667584419,-0.020441284403204918,-0.028466902673244476,0.9993856549263
P001,P001_S01,P001_S01_ST1TR_TR04_R01,TR04,R01,Gridworld_Requested_Gaze,Study 1,Gridworld,Requested Feedback,Eye Gaze,1,1787856676.1879992,1787856682.1494954,2026-08-27T18:51:22.149495+00:00,5.961496114730835,548408.921,528,839122364025,1,1,0.05068902298808098,-0.047811899334192276,-0.03819363936781883,-0.023198740556836128,-0.09056871384382248,0.99562007188797,1,0.05055186152458191,-0.013583679683506489,-0.03737843036651611,-0.02276994101703167,-0.15484341979026794,0.9876766204833984,1,0.05090554431080818,-0.08237854391336441,-0.03890158236026764,-0.020574042573571205,-0.023906633257865906,0.9995025396347046
P001,P001_S01,P001_S01_ST1TR_TR04_R01,TR04,R01,Gridworld_Requested_Gaze,Study 1,Gridworld,Requested Feedback,Eye Gaze,1,1787856676.1879992,1787856682.1494954,2026-08-27T18:51:22.149495+00:00,5.961496114730835,548408.921,529,839122475137,1,1,0.05069540813565254,-0.04750734940171242,-0.038168422877788544,-0.02365032769739628,-0.09055659919977188,0.9956105351448059,1,0.05055803805589676,-0.013587160967290401,-0.037379778921604156,-0.022661004215478897,-0.15527521073818207,0.9876112341880798,1,0.050898585468530655,-0.0823935940861702,-0.03890934959053993,-0.020665429532527924,-0.02561894804239273,0.9994581341743469
P001,P001_S01,P001_S01_ST1TR_TR04_R01,TR04,R01,Gridworld_Requested_Gaze,Study 1,Gridworld,Requested Feedback,Eye Gaze,1,1787856676.1879992,1787856682.1494954,2026-08-27T18:51:22.149495+00:00,5.961496114730835,548408.921,530,839122586249,1,1,0.05070517212152481,-0.04774874448776245,-0.03816450014710426,-0.023596376180648804,-0.08878645300865173,0.9957712292671204,1,0.050559159368276596,-0.013593161478638649,-0.037372469902038574,-0.021944647654891014,-0.15504567325115204,0.9876635670661926,1,0.0509059801697731,-0.08239918202161789,-0.03891481086611748,-0.019755763933062553,-0.025385260581970215,0.9994825124740601
P001,P001_S01,P001_S01_ST1TR_TR04_R01,TR04,R01,Gridworld_Requested_Gaze,Study 1,Gridworld,Requested Feedback,Eye Gaze,1,1787856676.1879992,1787856682.1527355,2026-08-27T18:51:22.152735+00:00,5.964736223220825,548408.921,531,839122697359,1,1,0.05071357637643814,-0.04811256751418114,-0.038163285702466965,-0.023448990657925606,-0.0867745503783226,0.9959520697593689,1,0.050560735166072845,-0.013606909662485123,-0.037355437874794006,-0.021838415414094925,-0.1558312028646469,0.9875422120094299,1,0.0509101077914238,-0.08238469064235687,-0.03890351951122284,-0.019551364704966545,-0.023058293387293816,0.9995428919792175
P001,P001_S01,P001_S01_ST1TR_TR04_R01,TR04,R01,Gridworld_Requested_Gaze,Study 1,Gridworld,Requested Feedback,Eye Gaze,1,1787856676.1879992,1787856682.1656053,2026-08-27T18:51:22.165605+00:00,5.9776060581207275,548408.937,532,839122808471,1,1,0.050723906606435776,-0.04851020872592926,-0.038163986057043076,-0.022706009447574615,-0.08632805943489075,0.9960080981254578,1,0.050564538687467575,-0.013604864478111267,-0.03735741600394249,-0.020068712532520294,-0.15585468709468842,0.9875761270523071,1,0.050914548337459564,-0.08239883929491043,-0.03891359269618988,-0.0178533885627985,-0.02493353933095932,0.9995296597480774
P001,P001_S01,P001_S01_ST1TR_TR04_R01,TR04,R01,Gridworld_Requested_Gaze,Study 1,Gridworld,Requested Feedback,Eye Gaze,1,1787856676.1879992,1787856682.1656053,2026-08-27T18:51:22.165605+00:00,5.9776060581207275,548408.937,533,839122919582,1,1,0.050732050091028214,-0.04901742562651634,-0.03817005082964897,-0.022010210901498795,-0.08569274842739105,0.9960785508155823,1,0.05057069659233093,-0.013597576878964901,-0.03736918047070503,-0.019575750455260277,-0.1553507298231125,0.9876654148101807,1,0.05091213434934616,-0.0823943242430687,-0.03890444338321686,-0.017517713829874992,-0.02466142736375332,0.9995422959327698
P001,P001_S01,P001_S01_ST1TR_TR04_R01,TR04,R01,Gridworld_Requested_Gaze,Study 1,Gridworld,Requested Feedback,Eye Gaze,1,1787856676.1879992,1787856682.1969845,2026-08-27T18:51:22.196985+00:00,6.008985280990601,548408.968,534,839123030695,1,1,0.05073796212673187,-0.0493398942053318,-0.03817536309361458,-0.020903712138533592,-0.08660492300987244,0.9960235357284546,1,0.05057499185204506,-0.01360002625733614,-0.03736808896064758,-0.017926929518580437,-0.1556105762720108,0.987655758857727,1,0.05092070624232292,-0.08240564167499542,-0.03891678899526596,-0.015697235241532326,-0.02597726881504059,0.9995392560958862
P001,P001_S01,P001_S01_ST1TR_TR04_R01,TR04,R01,Gridworld_Requested_Gaze,Study 1,Gridworld,Requested Feedback,Eye Gaze,1,1787856676.1879992,1787856682.1969845,2026-08-27T18:51:22.196985+00:00,6.008985280990601,548408.968,535,839123141807,1,1,0.05074271932244301,-0.04965130612254143,-0.038180239498615265,-0.020628569647669792,-0.08630156517028809,0.996055543422699,1,0.05057448893785477,-0.013597887940704823,-0.03736487403512001,-0.019408827647566795,-0.15451446175575256,0.9877999424934387,1,0.05091400444507599,-0.08239863812923431,-0.03891487419605255,-0.017198720946907997,-0.024328332394361496,0.9995561242103577
P001,P001_S01,P001_S01_ST1TR_TR04_R01,TR04,R01,Gridworld_Requested_Gaze,Study 1,Gridworld,Requested Feedback,Eye Gaze,1,1787856676.1879992,1787856682.1969845,2026-08-27T18:51:22.196985+00:00,6.008985280990601,548408.968,536,839123252917,1,1,0.0507466159760952,-0.04992825165390968,-0.03818383067846298,-0.020291781052947044,-0.08567945659160614,0.9961162209510803,1,0.050575386732816696,-0.013614489696919918,-0.03734283149242401,-0.019159803166985512,-0.15526963770389557,0.987686276435852,1,0.05091230198740959,-0.08240538090467453,-0.03892204537987709,-0.01683594100177288,-0.024036291986703873,0.9995692372322083
P001,P001_S01,P001_S01_ST1TR_TR04_R01,TR04,R01,Gridworld_Requested_Gaze,Study 1,Gridworld,Requested Feedback,Eye Gaze,1,1787856676.1879992,1787856682.228728,2026-08-27T18:51:22.228728+00:00,6.040728807449341,548409.0,537,839123364028,1,1,0.05074819177389145,-0.04989652335643768,-0.038180265575647354,-0.020000141113996506,-0.08578972518444061,0.996112585067749,1,0.05057791247963905,-0.01361488364636898,-0.03733716160058975,-0.01899583265185356,-0.1543322056531906,0.9878363609313965,1,0.050911955535411835,-0.08240912109613419,-0.03892211988568306,-0.016736332327127457,-0.02344263158738613,0.9995850920677185
P001,P001_S01,P001_S01_ST1TR_TR04_R01,TR04,R01,Gridworld_Requested_Gaze,Study 1,Gridworld,Requested Feedback,Eye Gaze,1,1787856676.1879992,1787856682.228728,2026-08-27T18:51:22.228728+00:00,6.040728807449341,548409.0,538,839123475140,1,1,0.0507509745657444,-0.04998548701405525,-0.03818152844905853,-0.019084647297859192,-0.08548866957426071,0.9961564540863037,1,0.05058268830180168,-0.013606693595647812,-0.037335317581892014,-0.01709926128387451,-0.153492733836174,0.9880017042160034,1,0.05092250183224678,-0.08242230862379074,-0.03892768919467926,-0.014767254702746868,-0.025015847757458687,0.999578058719635
P001,P001_S01,P001_S01_ST1TR_TR04_R01,TR04,R01,Gridworld_Requested_Gaze,Study 1,Gridworld,Requested Feedback,Eye Gaze,1,1787856676.1879992,1787856682.2602868,2026-08-27T18:51:22.260287+00:00,6.072287559509277,548409.031,539,839123586251,1,1,0.05075431242585182,-0.050159353762865067,-0.03818134963512421,-0.018634598702192307,-0.08480005711317062,0.9962238073348999,1,0.05058424919843674,-0.01362911332398653,-0.03729119896888733,-0.017674513161182404,-0.15356504917144775,0.9879803657531738,1,0.050922270864248276,-0.08240225911140442,-0.038913607597351074,-0.01530051976442337,-0.0204702727496624,0.9996734261512756
P001,P001_S01,P001_S01_ST1TR_TR04_R01,TR04,R01,Gridworld_Requested_Gaze,Study 1,Gridworld,Requested Feedback,Eye Gaze,1,1787856676.1879992,1787856682.2602868,2026-08-27T18:51:22.260287+00:00,6.072287559509277,548409.031,540,839123697362,1,1,0.050757937133312225,-0.05026261508464813,-0.03817930817604065,-0.017194664105772972,-0.0836143046617508,0.9963499307632446,1,0.05059496685862541,-0.01364436000585556,-0.037275128066539764,-0.014607570134103298,-0.15544117987155914,0.9877371191978455,1,0.0509333498775959,-0.08241043239831924,-0.038916267454624176,-0.012173990719020367,-0.021643510088324547,0.9996916651725769
P001,P001_S01,P001_S01_ST1TR_TR04_R01,TR04,R01,Gridworld_Requested_Gaze,Study 1,Gridworld,Requested Feedback,Eye Gaze,1,1787856676.1879992,1787856682.2602868,2026-08-27T18:51:22.260287+00:00,6.072287559509277,548409.031,541,839123808474,1,1,0.050761181861162186,-0.050285715609788895,-0.038176801055669785,-0.016320930793881416,-0.08262507617473602,0.9964471459388733,1,0.05059594660997391,-0.013634460978209972,-0.03727602958679199,-0.014980355277657509,-0.15440401434898376,0.9878942370414734,1,0.050938382744789124,-0.08240704983472824,-0.03891443833708763,-0.012542018666863441,-0.02131113037467003,0.999694287776947
P001,P001_S01,P001_S01_ST1TR_TR04_R01,TR04,R01,Gridworld_Requested_Gaze,Study 1,Gridworld,Requested Feedback,Eye Gaze,1,1787856676.1879992,1787856682.2602868,2026-08-27T18:51:22.260287+00:00,6.072287559509277,548409.031,542,839123919586,1,1,0.05076364800333977,-0.05025554075837135,-0.03817363455891609,-0.01607109047472477,-0.08286980539560318,0.9964308738708496,1,0.050597429275512695,-0.013618456199765205,-0.03728530555963516,-0.015872403979301453,-0.1523125022649765,0.988204836845398,1,0.05093501880764961,-0.08242538571357727,-0.038931552320718765,-0.013623200356960297,-0.023090815171599388,0.9996406435966492
P001,P001_S01,P001_S01_ST1TR_TR04_R01,TR04,R01,Gridworld_Requested_Gaze,Study 1,Gridworld,Requested Feedback,Eye Gaze,1,1787856676.1879992,1787856682.2921321,2026-08-27T18:51:22.292132+00:00,6.104132890701294,548409.062,543,839124030695,1,1,0.050766170024871826,-0.05021607130765915,-0.038169294595718384,-0.015679795295000076,-0.08214071393013,0.9964974522590637,1,0.050600867718458176,-0.013612255454063416,-0.03728445991873741,-0.015324722975492477,-0.15111267566680908,0.9883977770805359,1,0.05093683302402496,-0.08240329474210739,-0.038914117962121964,-0.013018450699746609,-0.020073475316166878,0.9997137188911438
P001,P001_S01,P001_S01_ST1TR_TR04_R01,TR04,R01,Gridworld_Requested_Gaze,Study 1,Gridworld,Requested Feedback,Eye Gaze,1,1787856676.1879992,1787856682.3235397,2026-08-27T18:51:22.323540+00:00,6.13554048538208,548409.093,544,839124141807,1,1,0.05076819285750389,-0.050167836248874664,-0.03816438466310501,-0.015308056026697159,-0.0823371410369873,0.9964870810508728,1,0.05060574412345886,-0.013589334674179554,-0.037306755781173706,-0.014986746944487095,-0.14933717250823975,0.9886727333068848,1,0.05093545466661453,-0.08239150792360306,-0.038900263607501984,-0.012731608003377914,-0.01945851556956768,0.9997296333312988
P001,P001_S01,P001_S01_ST1TR_TR04_R01,TR04,R01,Gridworld_Requested_Gaze,Study 1,Gridworld,Requested Feedback,Eye Gaze,1,1787856676.1879992,1787856682.3235397,2026-08-27T18:51:22.323540+00:00,6.13554048538208,548409.093,545,839124252919,1,1,0.050772421061992645,-0.05033138766884804,-0.0381636843085289,-0.013613108545541763,-0.08143928647041321,0.9965854287147522,1,0.05061269924044609,-0.013584942556917667,-0.03732333704829216,-0.011021982878446579,-0.152771458029747,0.9882000684738159,1,0.05094471946358681,-0.08236996829509735,-0.03886821120977402,-0.008738666772842407,-0.02086949534714222,0.9997440576553345
P001,P001_S01,P001_S01_ST1TR_TR04_R01,TR04,R01,Gridworld_Requested_Gaze,Study 1,Gridworld,Requested Feedback,Eye Gaze,1,1787856676.1879992,1787856682.3235397,2026-08-27T18:51:22.323540+00:00,6.13554048538208,548409.093,546,839124364031,1,1,0.05077645927667618,-0.050442587584257126,-0.038161419332027435,-0.01250864565372467,-0.0803891122341156,0.9966851472854614,1,0.050610266625881195,-0.013576878234744072,-0.037327151745557785,-0.011264855973422527,-0.15248437225818634,0.9882416129112244,1,0.05094686895608902,-0.0823541134595871,-0.03884581848978996,-0.008887605741620064,-0.01962638460099697,0.9997678995132446
P001,P001_S01,P001_S01_ST1TR_TR04_R01,TR04,R01,Gridworld_Requested_Gaze,Study 1,Gridworld,Requested Feedback,Eye Gaze,1,1787856676.1879992,1787856682.3235397,2026-08-27T18:51:22.323540+00:00,6.13554048538208,548409.093,547,839124475141,1,1,0.050780605524778366,-0.05055484548211098,-0.038159750401973724,-0.011749209836125374,-0.08080866187810898,0.9966604113578796,1,0.050610825419425964,-0.013582072220742702,-0.0373242013156414,-0.011249578557908535,-0.153142049908638,0.9881400465965271,1,0.05095028877258301,-0.08236334472894669,-0.03885238990187645,-0.008840177208185196,-0.02078898809850216,0.9997447729110718
P001,P001_S01,P001_S01_ST1TR_TR04_R01,TR04,R01,Gridworld_Requested_Gaze,Study 1,Gridworld,Requested Feedback,Eye Gaze,1,1787856676.1879992,1787856682.3556464,2026-08-27T18:51:22.355646+00:00,6.167647123336792,548409.125,548,839124586253,1,1,0.05078400298953056,-0.050555627793073654,-0.03815416991710663,-0.01058519072830677,-0.08126948773860931,0.9966360330581665,1,0.050620049238204956,-0.013590839691460133,-0.037320490926504135,-0.009367434307932854,-0.15461395680904388,0.9879305362701416,1,0.05095298960804939,-0.08234556764364243,-0.03883342817425728,-0.007048101630061865,-0.0192631296813488,0.9997895956039429
P001,P001_S01,P001_S01_ST1TR_TR04_R01,TR04,R01,Gridworld_Requested_Gaze,Study 1,Gridworld,Requested Feedback,Eye Gaze,1,1787856676.1879992,1787856682.3556464,2026-08-27T18:51:22.355646+00:00,6.167647123336792,548409.125,549,839124697363,1,1,0.05078863352537155,-0.05069222301244736,-0.03815473988652229,-0.009599599987268448,-0.08034420013427734,0.9967209696769714,1,0.050622232258319855,-0.013567917048931122,-0.037338342517614365,-0.008926412090659142,-0.15241333842277527,0.988276481628418,1,0.05096263810992241,-0.08232901245355606,-0.03882274031639099,-0.006496002431958914,-0.017728915438055992,0.9998217225074768
P001,P001_S01,P001_S01_ST1TR_TR04_R01,TR04,R01,Gridworld_Requested_Gaze,Study 1,Gridworld,Requested Feedback,Eye Gaze,1,1787856676.1879992,1787856682.3556464,2026-08-27T18:51:22.355646+00:00,6.167647123336792,548409.125,550,839124808476,1,1,0.05079123377799988,-0.05063646659255028,-0.038150712847709656,-0.009310560300946236,-0.07960915565490723,0.9967827796936035,1,0.050621889531612396,-0.013569967821240425,-0.03733241930603981,-0.009963244199752808,-0.1523217111825943,0.988280713558197,1,0.05096288397908211,-0.08232469856739044,-0.03881508857011795,-0.007645769044756889,-0.01694120466709137,0.9998272657394409
P001,P001_S01,P001_S01_ST1TR_TR04_R01,TR04,R01,Gridworld_Requested_Gaze,Study 1,Gridworld,Requested Feedback,Eye Gaze,1,1787856676.1879992,1787856682.3872974,2026-08-27T18:51:22.387297+00:00,6.199298143386841,548409.156,551,839124920454,1,1,0.050794098526239395,-0.05067627876996994,-0.03815034031867981,-0.008420448750257492,-0.07903911173343658,0.9968360662460327,1,0.05062393471598625,-0.01356717199087143,-0.037337612360715866,-0.008087488822638988,-0.15242904424667358,0.9882813096046448,1,0.050963375717401505,-0.0823444277048111,-0.03883892297744751,-0.005650837905704975,-0.019579995423555374,0.9997923374176025
P001,P001_S01,P001_S01_ST1TR_TR04_R01,TR04,R01,Gridworld_Requested_Gaze,Study 1,Gridworld,Requested Feedback,Eye Gaze,1,1787856676.1879992,1787856682.3872974,2026-08-27T18:51:22.387297+00:00,6.199298143386841,548409.156,552,839125074304,1,1,0.05079887434840202,-0.051017846912145615,-0.038155872374773026,-0.007202029228210449,-0.07769513130187988,0.9969512820243835,1,0.05062931403517723,-0.013568203896284103,-0.037337642163038254,-0.006412262097001076,-0.1525065153837204,0.9882816672325134,1,0.05096486210823059,-0.08235099911689758,-0.0388457216322422,-0.00396404042840004,-0.02027534507215023,0.9997865557670593
P001,P001_S01,P001_S01_ST1TR_TR04_R01,TR04,R01,Gridworld_Requested_Gaze,Study 1,Gridworld,Requested Feedback,Eye Gaze,1,1787856676.1879992,1787856682.4194112,2026-08-27T18:51:22.419411+00:00,6.231411933898926,548409.187,553,839125181328,1,1,0.05080180987715721,-0.05114544555544853,-0.03815797343850136,-0.006895367056131363,-0.07796002179384232,0.9969327449798584,1,0.050626665353775024,-0.013559027574956417,-0.03734532743692398,-0.007736765779554844,-0.15151093900203705,0.9884252548217773,1,0.050957318395376205,-0.08235229551792145,-0.0388459637761116,-0.005470284726470709,-0.020420731976628304,0.9997764229774475
P001,P001_S01,P001_S01_ST1TR_TR04_R01,TR04,R01,Gridworld_Requested_Gaze,Study 1,Gridworld,Requested Feedback,Eye Gaze,1,1787856676.1879992,1787856682.4194112,2026-08-27T18:51:22.419411+00:00,6.231411933898926,548409.187,554,839125291892,1,1,0.05080661177635193,-0.05151774734258652,-0.03816421329975128,-0.005919322371482849,-0.07748299092054367,0.9969761371612549,1,0.05063074827194214,-0.01358274556696415,-0.03732152283191681,-0.005781613290309906,-0.15278716385364532,0.9882421493530273,1,0.050969406962394714,-0.08234801143407822,-0.03884544596076012,-0.0031352811492979527,-0.018650459125638008,0.999821126461029
P001,P001_S01,P001_S01_ST1TR_TR04_R01,TR04,R01,Gridworld_Requested_Gaze,Study 1,Gridworld,Requested Feedback,Eye Gaze,1,1787856676.1879992,1787856682.4194112,2026-08-27T18:51:22.419411+00:00,6.231411933898926,548409.187,555,839125403006,1,1,0.050809770822525024,-0.051677726209163666,-0.03816636651754379,-0.005119733512401581,-0.07611467689275742,0.9970859885215759,1,0.050640203058719635,-0.013570736162364483,-0.037334658205509186,-0.005241946782916784,-0.15127472579479218,0.9884778261184692,1,0.05096568539738655,-0.08233380317687988,-0.03883374109864235,-0.0029021373484283686,-0.016855690628290176,0.9998536705970764
P001,P001_S01,P001_S01_ST1TR_TR04_R01,TR04,R01,Gridworld_Requested_Gaze,Study 1,Gridworld,Requested Feedback,Eye Gaze,1,1787856676.1879992,1787856682.452505,2026-08-27T18:51:22.452505+00:00,6.264505863189697,548409.218,556,839125514120,1,1,0.0508132129907608,-0.05188846215605736,-0.0381740964949131,-0.005959879606962204,-0.07530941069126129,0.9971424341201782,1,0.050640303641557693,-0.01356496661901474,-0.03733232989907265,-0.009160244837403297,-0.14883871376514435,0.9888190031051636,1,0.05096691474318504,-0.08239148557186127,-0.038895465433597565,-0.006897085811942816,-0.021543771028518677,0.9997442364692688
P001,P001_S01,P001_S01_ST1TR_TR04_R01,TR04,R01,Gridworld_Requested_Gaze,Study 1,Gridworld,Requested Feedback,Eye Gaze,1,1787856676.1879992,1787856682.452505,2026-08-27T18:51:22.452505+00:00,6.264505863189697,548409.218,557,839125625235,1,1,0.05081744119524956,-0.052187077701091766,-0.03818269819021225,-0.00589602068066597,-0.07434232532978058,0.9972154498100281,1,0.050643935799598694,-0.013562860898673534,-0.03733246773481369,-0.007375225890427828,-0.14826616644859314,0.9889199137687683,1,0.050973761826753616,-0.08237067610025406,-0.03888015076518059,-0.005011373199522495,-0.01893342286348343,0.9998081922531128
P001,P001_S01,P001_S01_ST1TR_TR04_R01,TR04,R01,Gridworld_Requested_Gaze,Study 1,Gridworld,Requested Feedback,Eye Gaze,1,1787856676.1879992,1787856682.452505,2026-08-27T18:51:22.452505+00:00,6.264505863189697,548409.218,558,839125736350,1,1,0.050822336226701736,-0.05265144258737564,-0.038196712732315063,-0.005939323455095291,-0.07271575927734375,0.9973350167274475,1,0.05065222457051277,-0.013568100519478321,-0.037328414618968964,-0.007603401318192482,-0.14791874587535858,0.9889702200889587,1,0.05097569152712822,-0.08237649500370026,-0.038891762495040894,-0.005329787731170654,-0.01872393675148487,0.9998104572296143
P001,P001_S01,P001_S01_ST1TR_TR04_R01,TR04,R01,Gridworld_Requested_Gaze,Study 1,Gridworld,Requested Feedback,Eye Gaze,1,1787856676.1879992,1787856682.4834688,2026-08-27T18:51:22.483469+00:00,6.295469522476196,548409.25,559,839125847463,1,1,0.050825975835323334,-0.05287884920835495,-0.03820402920246124,-0.005611643195152283,-0.07234564423561096,0.9973638653755188,1,0.050650838762521744,-0.01359088346362114,-0.03730257228016853,-0.0066100177355110645,-0.14925193786621094,0.9887771010398865,1,0.05098548159003258,-0.082365483045578,-0.03889171779155731,-0.004184689838439226,-0.01638062298297882,0.9998570680618286
P001,P001_S01,P001_S01_ST1TR_TR04_R01,TR04,R01,Gridworld_Requested_Gaze,Study 1,Gridworld,Requested Feedback,Eye Gaze,1,1787856676.1879992,1787856682.4834688,2026-08-27T18:51:22.483469+00:00,6.295469522476196,548409.25,560,839125958577,1,1,0.05082990974187851,-0.05303387716412544,-0.038210730999708176,-0.005082167685031891,-0.07266636192798615,0.9973434805870056,1,0.050655655562877655,-0.013588926754891872,-0.03729913756251335,-0.005685998126864433,-0.14854696393013,0.9888889193534851,1,0.050993286073207855,-0.0823744386434555,-0.03890126943588257,-0.003283647121861577,-0.016981001943349838,0.9998504519462585
P001,P001_S01,P001_S01_ST1TR_TR04_R01,TR04,R01,Gridworld_Requested_Gaze,Study 1,Gridworld,Requested Feedback,Eye Gaze,1,1787856676.1879992,1787856682.5152407,2026-08-27T18:51:22.515241+00:00,6.32724142074585,548409.281,561,839126069691,1,1,0.05083411559462547,-0.053266651928424835,-0.038217686116695404,-0.005221627652645111,-0.07154583930969238,0.9974237680435181,1,0.05065637826919556,-0.013597085140645504,-0.037284962832927704,-0.00714549794793129,-0.14817529916763306,0.9889353513717651,1,0.050992853939533234,-0.0823773518204689,-0.03890844061970711,-0.004768169019371271,-0.016078399494290352,0.9998593926429749
P001,P001_S01,P001_S01_ST1TR_TR04_R01,TR04,R01,Gridworld_Requested_Gaze,Study 1,Gridworld,Requested Feedback,Eye Gaze,1,1787856676.1879992,1787856682.5152407,2026-08-27T18:51:22.515241+00:00,6.32724142074585,548409.281,562,839126180806,1,1,0.05083692446351051,-0.05317215248942375,-0.038216158747673035,-0.005142241716384888,-0.07141236215829849,0.9974336624145508,1,0.050661247223615646,-0.013602402061223984,-0.037270523607730865,-0.0066200848668813705,-0.14765097200870514,0.9890173673629761,1,0.05099833756685257,-0.0823688879609108,-0.0389074943959713,-0.004168210085481405,-0.014090649783611298,0.9998920559883118
P001,P001_S01,P001_S01_ST1TR_TR04_R01,TR04,R01,Gridworld_Requested_Gaze,Study 1,Gridworld,Requested Feedback,Eye Gaze,1,1787856676.1879992,1787856682.5152407,2026-08-27T18:51:22.515241+00:00,6.32724142074585,548409.281,563,839126291919,1,1,0.050842996686697006,-0.05351753160357475,-0.03822514787316322,-0.004891544580459595,-0.06974649429321289,0.9975528120994568,1,0.050664935261011124,-0.0136066023260355,-0.03725740686058998,-0.00614659208804369,-0.14687493443489075,0.9891359210014343,1,0.05100565031170845,-0.08238723129034042,-0.03892960399389267,-0.0036765695549547672,-0.015003759413957596,0.9998806715011597
P001,P001_S01,P001_S01_ST1TR_TR04_R01,TR04,R01,Gridworld_Requested_Gaze,Study 1,Gridworld,Requested Feedback,Eye Gaze,1,1787856676.1879992,1787856682.5465682,2026-08-27T18:51:22.546568+00:00,6.358568906784058,548409.312,564,839126403034,1,1,0.050848573446273804,-0.05378851294517517,-0.03823602944612503,-0.004979144781827927,-0.06825876235961914,0.9976553916931152,1,0.0506720095872879,-0.01360415294766426,-0.03724830597639084,-0.006813002284616232,-0.14353394508361816,0.9896218776702881,1,0.05101296305656433,-0.08241790533065796,-0.038976509124040604,-0.004443410784006119,-0.015553929843008518,0.999869167804718
P001,P001_S01,P001_S01_ST1TR_TR04_R01,TR04,R01,Gridworld_Requested_Gaze,Study 1,Gridworld,Requested Feedback,Eye Gaze,1,1787856676.1879992,1787856682.5465682,2026-08-27T18:51:22.546568+00:00,6.358568906784058,548409.312,565,839126514150,1,1,0.05085472762584686,-0.05420035868883133,-0.03825132176280022,-0.00520407035946846,-0.06602335721254349,0.997804582118988,1,0.050673916935920715,-0.013616692274808884,-0.03723161295056343,-0.007260732352733612,-0.14330802857875824,0.9896514415740967,1,0.05101321265101433,-0.08243705332279205,-0.03899611160159111,-0.00502072274684906,-0.016174055635929108,0.9998566508293152
P001,P001_S01,P001_S01_ST1TR_TR04_R01,TR04,R01,Gridworld_Requested_Gaze,Study 1,Gridworld,Requested Feedback,Eye Gaze,1,1787856676.1879992,1787856682.5465682,2026-08-27T18:51:22.546568+00:00,6.358568906784058,548409.312,566,839126625264,1,1,0.050860125571489334,-0.054539430886507034,-0.038259536027908325,-0.006677109748125076,-0.06366560608148575,0.9979490041732788,1,0.05066908150911331,-0.013636273331940174,-0.03719674050807953,-0.011068088002502918,-0.14374157786369324,0.9895533323287964,1,0.051010385155677795,-0.08241601288318634,-0.038983676582574844,-0.008738188073039055,-0.012113452889025211,0.9998884201049805
P001,P001_S01,P001_S01_ST1TR_TR04_R01,TR04,R01,Gridworld_Requested_Gaze,Study 1,Gridworld,Requested Feedback,Eye Gaze,1,1787856676.1879992,1787856682.5781255,2026-08-27T18:51:22.578125+00:00,6.3901262283325195,548409.343,567,839126736379,1,1,0.050864048302173615,-0.05465959385037422,-0.038262076675891876,-0.007663171738386154,-0.06361384689807892,0.9979451894760132,1,0.050667233765125275,-0.013650091364979744,-0.03718132525682449,-0.010978097096085548,-0.14469970762729645,0.989414632320404,1,0.051014531403779984,-0.0824088454246521,-0.038981761783361435,-0.0085468590259552,-0.010820036754012108,0.999904990196228
P001,P001_S01,P001_S01_ST1TR_TR04_R01,TR04,R01,Gridworld_Requested_Gaze,Study 1,Gridworld,Requested Feedback,Eye Gaze,1,1787856676.1879992,1787856682.5781255,2026-08-27T18:51:22.578125+00:00,6.3901262283325195,548409.343,568,839126847492,1,1,0.05086624622344971,-0.05449499189853668,-0.038257960230112076,-0.008617648854851723,-0.06474511325359344,0.9978646636009216,1,0.05066744238138199,-0.013643351383507252,-0.037187229841947556,-0.01158706471323967,-0.14431297779083252,0.9894642233848572,1,0.05101659893989563,-0.08241342008113861,-0.03899166360497475,-0.009395981207489967,-0.0117026437073946,0.9998875260353088
P001,P001_S01,P001_S01_ST1TR_TR04_R01,TR04,R01,Gridworld_Requested_Gaze,Study 1,Gridworld,Requested Feedback,Eye Gaze,1,1787856676.1879992,1787856682.5781255,2026-08-27T18:51:22.578125+00:00,6.3901262283325195,548409.343,569,839126958607,1,1,0.05087048187851906,-0.054829880595207214,-0.038268767297267914,-0.009009923785924911,-0.06382355839014053,0.997920572757721,1,0.05066513270139694,-0.01364202331751585,-0.037193551659584045,-0.010975859127938747,-0.14490638673305511,0.9893844723701477,1,0.051019057631492615,-0.0824296772480011,-0.03900822624564171,-0.008763237856328487,-0.014240812510251999,0.9998602271080017
P001,P001_S01,P001_S01_ST1TR_TR04_R01,TR04,R01,Gridworld_Requested_Gaze,Study 1,Gridworld,Requested Feedback,Eye Gaze,1,1787856676.1879992,1787856682.6098251,2026-08-27T18:51:22.609825+00:00,6.421825885772705,548409.375,570,839127069723,1,1,0.05087345466017723,-0.05500519648194313,-0.03827507048845291,-0.009087556973099709,-0.06505416333675385,0.997840404510498,1,0.050664618611335754,-0.013637171126902103,-0.037203073501586914,-0.01034154836088419,-0.14546053111553192,0.9893100261688232,1,0.051023218780756,-0.08242718875408173,-0.03900737315416336,-0.008164607919752598,-0.015033842995762825,0.9998536705970764
P001,P001_S01,P001_S01_ST1TR_TR04_R01,TR04,R01,Gridworld_Requested_Gaze,Study 1,Gridworld,Requested Feedback,Eye Gaze,1,1787856676.1879992,1787856682.6098251,2026-08-27T18:51:22.609825+00:00,6.421825885772705,548409.375,571,839127180836,1,1,0.050871070474386215,-0.054676320403814316,-0.038259755820035934,-0.006655894219875336,-0.0663713663816452,0.9977729320526123,1,0.050658732652664185,-0.013490496203303337,-0.03731474652886391,-0.0034162988886237144,-0.14847049117088318,0.988910973072052,1,0.05097513273358345,-0.08215881884098053,-0.03873773291707039,-0.0007761107990518212,-0.003835466457530856,0.999992311000824
P001,P001_S01,P001_S01_ST1TR_TR04_R01,TR04,R01,Gridworld_Requested_Gaze,Study 1,Gridworld,Requested Feedback,Eye Gaze,1,1787856676.1879992,1787856682.6098251,2026-08-27T18:51:22.609825+00:00,6.421825885772705,548409.375,572,839127291950,1,0,0.0,0.0,0.0,0.0,0.0,0.0,1,0.05062393099069595,-0.013139118440449238,-0.03746578469872475,0.0010490634012967348,-0.09921298176050186,0.9950656294822693,1,0.05086219683289528,-0.08178512006998062,-0.038712747395038605,0.004239529836922884,0.04622366651892662,0.9989221692085266
P001,P001_S01,P001_S01_ST1TR_TR04_R01,TR04,R01,Gridworld_Requested_Gaze,Study 1,Gridworld,Requested Feedback,Eye Gaze,1,1787856676.1879992,1787856682.6098251,2026-08-27T18:51:22.609825+00:00,6.421825885772705,548409.375,573,839127403065,1,0,0.0,0.0,0.0,0.0,0.0,0.0,1,0.05055588111281395,-0.013166445307433605,-0.0373460054397583,-0.008921707980334759,-0.09319029748439789,0.995608389377594,1,0.05082890763878822,-0.08189722150564194,-0.03894057497382164,-0.005687624216079712,0.04221614822745323,0.9990923404693604
P001,P001_S01,P001_S01_ST1TR_TR04_R01,TR04,R01,Gridworld_Requested_Gaze,Study 1,Gridworld,Requested Feedback,Eye Gaze,1,1787856676.1879992,1787856682.6414819,2026-08-27T18:51:22.641482+00:00,6.453482627868652,548409.406,574,839127514179,1,1,0.050854429602622986,-0.05366744473576546,-0.03824169561266899,-0.006487332284450531,-0.055500950664281845,0.9984377026557922,1,0.05056832730770111,-0.013184941373765469,-0.03731316328048706,-0.007587198633700609,-0.0923517495393753,0.995697557926178,1,0.050844207406044006,-0.08194336295127869,-0.03896636515855789,-0.004416079260408878,0.03969956189393997,0.9992018938064575
P001,P001_S01,P001_S01_ST1TR_TR04_R01,TR04,R01,Gridworld_Requested_Gaze,Study 1,Gridworld,Requested Feedback,Eye Gaze,1,1787856676.1879992,1787856682.6414819,2026-08-27T18:51:22.641482+00:00,6.453482627868652,548409.406,575,839127625294,1,1,0.05069645866751671,-0.04167880117893219,-0.0379921980202198,-0.003956355154514313,-0.03488495573401451,0.9993836283683777,1,0.05058317631483078,-0.013141869567334652,-0.037341851741075516,-0.005211266689002514,-0.08911187946796417,0.9960079193115234,1,0.050856173038482666,-0.0819118395447731,-0.03890909627079964,-0.002167177153751254,0.04174242913722992,0.9991260766983032
P001,P001_S01,P001_S01_ST1TR_TR04_R01,TR04,R01,Gridworld_Requested_Gaze,Study 1,Gridworld,Requested Feedback,Eye Gaze,1,1787856676.1879992,1787856682.673337,2026-08-27T18:51:22.673337+00:00,6.485337734222412,548409.437,576,839127736407,1,1,0.050691235810518265,-0.04029027000069618,-0.03795755282044411,-0.0035551227629184723,-0.03699268400669098,0.9993093013763428,1,0.050580985844135284,-0.013136248104274273,-0.03734409436583519,-0.004043004009872675,-0.09017297625541687,0.9959178566932678,1,0.05086130276322365,-0.08189868181943893,-0.038888826966285706,-0.0007368674851022661,0.04153045266866684,0.9991369843482971
P001,P001_S01,P001_S01_ST1TR_TR04_R01,TR04,R01,Gridworld_Requested_Gaze,Study 1,Gridworld,Requested Feedback,Eye Gaze,1,1787856676.1879992,1787856682.673337,2026-08-27T18:51:22.673337+00:00,6.485337734222412,548409.437,577,839127847521,1,1,0.05068538710474968,-0.039767440408468246,-0.037947021424770355,-0.003258954733610153,-0.0392816923558712,0.9992229342460632,1,0.05057547613978386,-0.013067686930298805,-0.03743584454059601,-0.004053979646414518,-0.09233926981687546,0.9957192540168762,1,0.05083875358104706,-0.08183546364307404,-0.038749612867832184,-0.0005333976005204022,0.039252590388059616,0.9992291331291199
P001,P001_S01,P001_S01_ST1TR_TR04_R01,TR04,R01,Gridworld_Requested_Gaze,Study 1,Gridworld,Requested Feedback,Eye Gaze,1,1787856676.1879992,1787856682.70489,2026-08-27T18:51:22.704890+00:00,6.51689076423645,548409.468,578,839127958636,1,1,0.05068204924464226,-0.03931237757205963,-0.03793651610612869,-0.002797577530145645,-0.0415923185646534,0.99913090467453,1,0.05057818442583084,-0.013076811097562313,-0.03742571547627449,-0.0032507753930985928,-0.0929270088672638,0.995667576789856,1,0.0508376806974411,-0.08184627443552017,-0.03875099495053291,0.00020901209791190922,0.03850832208991051,0.999258279800415
P001,P001_S01,P001_S01_ST1TR_TR04_R01,TR04,R01,Gridworld_Requested_Gaze,Study 1,Gridworld,Requested Feedback,Eye Gaze,1,1787856676.1879992,1787856682.70489,2026-08-27T18:51:22.704890+00:00,6.51689076423645,548409.468,579,839128069751,1,1,0.05068185552954674,-0.039425939321517944,-0.03793707489967346,-0.0021644607186317444,-0.04178926721215248,0.9991242289543152,1,0.05057971924543381,-0.013084866106510162,-0.03741732984781265,-0.00245010107755661,-0.09294047951698303,0.9956685900688171,1,0.050839848816394806,-0.08184818178415298,-0.03875690698623657,0.0010429109679535031,0.03913095220923424,0.999233603477478
P001,P001_S01,P001_S01_ST1TR_TR04_R01,TR04,R01,Gridworld_Requested_Gaze,Study 1,Gridworld,Requested Feedback,Eye Gaze,1,1787856676.1879992,1787856682.70489,2026-08-27T18:51:22.704890+00:00,6.51689076423645,548409.468,580,839128180865,1,1,0.050682712346315384,-0.03981063514947891,-0.0379418320953846,-0.0015390142798423767,-0.04048903286457062,0.9991788864135742,1,0.05057498440146446,-0.013090984895825386,-0.03740593418478966,-0.0020894648041576147,-0.09314355999231339,0.9956504106521606,1,0.05084384232759476,-0.08183836191892624,-0.038749225437641144,0.001647338387556374,0.04062289744615555,0.9991731643676758
P001,P001_S01,P001_S01_ST1TR_TR04_R01,TR04,R01,Gridworld_Requested_Gaze,Study 1,Gridworld,Requested Feedback,Eye Gaze,1,1787856676.1879992,1787856682.70489,2026-08-27T18:51:22.704890+00:00,6.51689076423645,548409.468,581,839128291980,1,1,0.05068383365869522,-0.04001691937446594,-0.037944477051496506,8.696317672729492e-05,-0.04025912284851074,0.9991893768310547,1,0.05057704821228981,-0.013104674406349659,-0.03738679364323616,0.0014022571267560124,-0.09273118525743484,0.9956902265548706,1,0.050854362547397614,-0.08188023418188095,-0.03878812491893768,0.005047324579209089,0.03776523843407631,0.9992738962173462
P001,P001_S01,P001_S01_ST1TR_TR04_R01,TR04,R01,Gridworld_Requested_Gaze,Study 1,Gridworld,Requested Feedback,Eye Gaze,1,1787856676.1879992,1787856682.73648,2026-08-27T18:51:22.736480+00:00,6.548480749130249,548409.5,582,839128403094,1,1,0.05068332701921463,-0.039976008236408234,-0.037941597402095795,0.0002749785780906677,-0.04133610427379608,0.9991453886032104,1,0.050577837973833084,-0.01310805231332779,-0.03738489747047424,-0.0010534186149016023,-0.0938420444726944,0.9955864548683167,1,0.050841543823480606,-0.0818721130490303,-0.038772936910390854,0.0023866756819188595,0.03804776817560196,0.9992731809616089
P001,P001_S01,P001_S01_ST1TR_TR04_R01,TR04,R01,Gridworld_Requested_Gaze,Study 1,Gridworld,Requested Feedback,Eye Gaze,1,1787856676.1879992,1787856682.73648,2026-08-27T18:51:22.736480+00:00,6.548480749130249,548409.5,583,839128514208,1,1,0.05068444460630417,-0.040320850908756256,-0.037946343421936035,0.0010014884173870087,-0.03950105607509613,0.9992191195487976,1,0.05057474970817566,-0.013112700544297695,-0.037381384521722794,0.00035601851413957775,-0.09370053559541702,0.9956004023551941,1,0.05084694176912308,-0.08186213672161102,-0.0387645959854126,0.0041255047544837,0.039718687534332275,0.9992024302482605
P001,P001_S01,P001_S01_ST1TR_TR04_R01,TR04,R01,Gridworld_Requested_Gaze,Study 1,Gridworld,Requested Feedback,Eye Gaze,1,1787856676.1879992,1787856682.7682168,2026-08-27T18:51:22.768217+00:00,6.580217599868774,548409.531,584,839128625322,1,1,0.05068453773856163,-0.040458425879478455,-0.03794628754258156,0.0012910738587379456,-0.03977576643228531,0.9992078542709351,1,0.050572045147418976,-0.01313144713640213,-0.03736697882413864,-0.00014553824439644814,-0.0961243137717247,0.9953693151473999,1,0.05084476247429848,-0.08186487853527069,-0.03875969722867012,0.0036414891947060823,0.039111193269491196,0.9992282390594482
P001,P001_S01,P001_S01_ST1TR_TR04_R01,TR04,R01,Gridworld_Requested_Gaze,Study 1,Gridworld,Requested Feedback,Eye Gaze,1,1787856676.1879992,1787856682.7682168,2026-08-27T18:51:22.768217+00:00,6.580217599868774,548409.531,585,839128736437,1,1,0.05068330094218254,-0.040515266358852386,-0.03794245049357414,0.0013599880039691925,-0.03968602418899536,0.9992113709449768,1,0.05056959390640259,-0.013133459724485874,-0.037361811846494675,-0.000492905150167644,-0.09632294625043869,0.9953500032424927,1,0.05083988606929779,-0.08186935633420944,-0.0387595072388649,0.0032234773971140385,0.03867226466536522,0.9992467164993286
P001,P001_S01,P001_S01_ST1TR_TR04_R01,TR04,R01,Gridworld_Requested_Gaze,Study 1,Gridworld,Requested Feedback,Eye Gaze,1,1787856676.1879992,1787856682.7682168,2026-08-27T18:51:22.768217+00:00,6.580217599868774,548409.531,586,839128847551,1,1,0.050683263689279556,-0.04084660857915878,-0.03794586658477783,0.0017187967896461487,-0.04003417491912842,0.9991968870162964,1,0.05056861788034439,-0.01313933078199625,-0.037356793880462646,0.00035855176975019276,-0.096836619079113,0.9953001737594604,1,0.05084534361958504,-0.08188716322183609,-0.03877616301178932,0.0042166681960225105,0.03677460923790932,0.9993147253990173
P001,P001_S01,P001_S01_ST1TR_TR04_R01,TR04,R01,Gridworld_Requested_Gaze,Study 1,Gridworld,Requested Feedback,Eye Gaze,1,1787856676.1879992,1787856682.8002176,2026-08-27T18:51:22.800218+00:00,6.612218379974365,548409.562,587,839128958666,1,1,0.050684791058301926,-0.041201911866664886,-0.03794858977198601,0.0019503571093082428,-0.03984654322266579,0.9992039203643799,1,0.050572607666254044,-0.013130505569279194,-0.03736719489097595,0.0004089536960236728,-0.09670787304639816,0.9953127503395081,1,0.05084703490138054,-0.08185910433530807,-0.03874910995364189,0.004093937110155821,0.03908294439315796,0.9992275834083557
P001,P001_S01,P001_S01_ST1TR_TR04_R01,TR04,R01,Gridworld_Requested_Gaze,Study 1,Gridworld,Requested Feedback,Eye Gaze,1,1787856676.1879992,1787856682.8002176,2026-08-27T18:51:22.800218+00:00,6.612218379974365,548409.562,588,839129069780,1,1,0.05068699270486832,-0.0417485386133194,-0.03795520216226578,0.0022187791764736176,-0.039541278034448624,0.9992155432701111,1,0.05057262256741524,-0.013148905709385872,-0.03735228255391121,0.0006547804805450141,-0.09872648864984512,0.9951143264770508,1,0.05084832385182381,-0.08187155425548553,-0.03875746205449104,0.004405096173286438,0.03772963955998421,0.9992782473564148
P001,P001_S01,P001_S01_ST1TR_TR04_R01,TR04,R01,Gridworld_Requested_Gaze,Study 1,Gridworld,Requested Feedback,Eye Gaze,1,1787856676.1879992,1787856682.8002176,2026-08-27T18:51:22.800218+00:00,6.612218379974365,548409.562,589,839129180894,1,1,0.05068784952163696,-0.04191749542951584,-0.03795527294278145,0.0031443312764167786,-0.04008067399263382,0.9991914629936218,1,0.05057574436068535,-0.013135523535311222,-0.037358153611421585,0.0029263338074088097,-0.0964755266904831,0.9953310489654541,1,0.050851207226514816,-0.08187437802553177,-0.03876488655805588,0.006593010388314724,0.03816348686814308,0.9992497563362122
P001,P001_S01,P001_S01_ST1TR_TR04_R01,TR04,R01,Gridworld_Requested_Gaze,Study 1,Gridworld,Requested Feedback,Eye Gaze,1,1787856676.1879992,1787856682.8002176,2026-08-27T18:51:22.800218+00:00,6.612218379974365,548409.562,590,839129292008,1,1,0.050687920302152634,-0.041930511593818665,-0.03795329108834267,0.0034127719700336456,-0.0406198650598526,0.9991689324378967,1,0.05057651549577713,-0.013137700036168098,-0.037359338253736496,0.001933009480126202,-0.09741073101758957,0.9952423572540283,1,0.050842609256505966,-0.0818801149725914,-0.03876262903213501,0.005510533228516579,0.036910783499479294,0.9993033409118652
P001,P001_S01,P001_S01_ST1TR_TR04_R01,TR04,R01,Gridworld_Requested_Gaze,Study 1,Gridworld,Requested Feedback,Eye Gaze,1,1787856676.1879992,1787856682.8319433,2026-08-27T18:51:22.831943+00:00,6.643944025039673,548409.609,591,839129403123,1,1,0.050687819719314575,-0.042119335383176804,-0.03795430064201355,0.003553483635187149,-0.03978046029806137,0.9992021918296814,1,0.05057103931903839,-0.013137529604136944,-0.03735898807644844,0.0016609159065410495,-0.0966518446803093,0.9953168034553528,1,0.050842441618442535,-0.0818755254149437,-0.03875984251499176,0.005485619883984327,0.03805866092443466,0.9992604851722717
P001,P001_S01,P001_S01_ST1TR_TR04_R01,TR04,R01,Gridworld_Requested_Gaze,Study 1,Gridworld,Requested Feedback,Eye Gaze,1,1787856676.1879992,1787856682.8319433,2026-08-27T18:51:22.831943+00:00,6.643944025039673,548409.609,592,839129514237,1,1,0.05068926885724068,-0.042592745274305344,-0.037961773574352264,0.003897435963153839,-0.03872418776154518,0.99924236536026,1,0.0505683459341526,-0.01314527727663517,-0.03735326603055,0.0022978209890425205,-0.09782572835683823,0.9952008724212646,1,0.050845079123973846,-0.08188293129205704,-0.03876600041985512,0.006172465160489082,0.03697880357503891,0.9992970824241638
P001,P001_S01,P001_S01_ST1TR_TR04_R01,TR04,R01,Gridworld_Requested_Gaze,Study 1,Gridworld,Requested Feedback,Eye Gaze,1,1787856676.1879992,1787856682.8319433,2026-08-27T18:51:22.831943+00:00,6.643944025039673,548409.609,593,839129625352,1,1,0.05068766325712204,-0.042420078068971634,-0.03795688971877098,0.0035937540233135223,-0.040150076150894165,0.9991872906684875,1,0.05056561157107353,-0.013142059557139874,-0.037356793880462646,0.0010037036845460534,-0.0976388230919838,0.9952213168144226,1,0.05083785206079483,-0.08188659697771072,-0.03876691684126854,0.004770372994244099,0.03643942251801491,0.9993245005607605
P001,P001_S01,P001_S01_ST1TR_TR04_R01,TR04,R01,Gridworld_Requested_Gaze,Study 1,Gridworld,Requested Feedback,Eye Gaze,1,1787856676.1879992,1787856682.847653,2026-08-27T18:51:22.847653+00:00,6.659653663635254,548409.625,594,839129736466,1,1,0.05068967491388321,-0.04288877174258232,-0.03796592354774475,0.004203245043754578,-0.0380060151219368,0.9992687106132507,1,0.0505717471241951,-0.013154657557606697,-0.037352364510297775,0.0030977807473391294,-0.0994323119521141,0.9950394034385681,1,0.05084846541285515,-0.08188226073980331,-0.03876660391688347,0.0068273344077169895,0.03646130859851837,0.9993118047714233
P001,P001_S01,P001_S01_ST1TR_TR04_R01,TR04,R01,Gridworld_Requested_Gaze,Study 1,Gridworld,Requested Feedback,Eye Gaze,1,1787856676.1879992,1787856682.8792644,2026-08-27T18:51:22.879264+00:00,6.691265106201172,548409.656,595,839129847580,1,1,0.05069030076265335,-0.04305281490087509,-0.03796926513314247,0.004019524902105331,-0.038167282938957214,0.9992634057998657,1,0.05056662857532501,-0.013151543214917183,-0.037352677434682846,0.001484444597736001,-0.0985751822590828,0.9951285123825073,1,0.0508432537317276,-0.08189048618078232,-0.038771774619817734,0.005349969025701284,0.03605961799621582,0.9993352890014648
P001,P001_S01,P001_S01_ST1TR_TR04_R01,TR04,R01,Gridworld_Requested_Gaze,Study 1,Gridworld,Requested Feedback,Eye Gaze,1,1787856676.1879992,1787856682.8792644,2026-08-27T18:51:22.879264+00:00,6.691265106201172,548409.656,596,839129959602,1,1,0.05069063976407051,-0.0431850403547287,-0.03797085955739021,0.004029266536235809,-0.03915059566497803,0.9992252588272095,1,0.05056473985314369,-0.013170021586120129,-0.03733785077929497,0.001909809885546565,-0.10075386613607407,0.9949095249176025,1,0.05084607005119324,-0.08190079778432846,-0.03877552971243858,0.005782474298030138,0.034798022359609604,0.9993777275085449
P001,P001_S01,P001_S01_ST1TR_TR04_R01,TR04,R01,Gridworld_Requested_Gaze,Study 1,Gridworld,Requested Feedback,Eye Gaze,1,1787856676.1879992,1787856682.9107325,2026-08-27T18:51:22.910733+00:00,6.72273325920105,548409.687,597,839130113418,1,1,0.05069078132510185,-0.043283648788928986,-0.03797284513711929,0.002800457179546356,-0.03863976150751114,0.9992493391036987,1,0.050558511167764664,-0.013193180784583092,-0.03728046640753746,-0.0014431201852858067,-0.09542617946863174,0.9954354166984558,1,0.050860099494457245,-0.08194825053215027,-0.03886415436863899,0.002130993874743581,0.03703516721725464,0.9993117451667786
P001,P001_S01,P001_S01_ST1TR_TR04_R01,TR04,R01,Gridworld_Requested_Gaze,Study 1,Gridworld,Requested Feedback,Eye Gaze,1,1787856676.1879992,1787856682.9107325,2026-08-27T18:51:22.910733+00:00,6.72273325920105,548409.687,598,839130220451,1,1,0.05069141834974289,-0.043455056846141815,-0.037977807223796844,0.0018250122666358948,-0.0371638685464859,0.9993075132369995,1,0.05055950954556465,-0.013195597566664219,-0.03727922961115837,-0.0018844499718397856,-0.09546616673469543,0.9954308867454529,1,0.050862912088632584,-0.08195699751377106,-0.03887591138482094,0.0016346528427675366,0.036268677562475204,0.9993407130241394
P001,P001_S01,P001_S01_ST1TR_TR04_R01,TR04,R01,Gridworld_Requested_Gaze,Study 1,Gridworld,Requested Feedback,Eye Gaze,1,1787856676.1879992,1787856682.9107325,2026-08-27T18:51:22.910733+00:00,6.72273325920105,548409.687,599,839130330990,1,1,0.05069404095411301,-0.0439983531832695,-0.03799087554216385,0.002009093761444092,-0.0350787490606308,0.9993826150894165,1,0.05056744068861008,-0.013200289569795132,-0.03727395832538605,0.0005298930918797851,-0.09518657624721527,0.9954593777656555,1,0.05086953565478325,-0.08197583258152008,-0.03889515995979309,0.0038991044275462627,0.034958794713020325,0.9993812441825867
P001,P001_S01,P001_S01_ST1TR_TR04_R01,TR04,R01,Gridworld_Requested_Gaze,Study 1,Gridworld,Requested Feedback,Eye Gaze,1,1787856676.1879992,1787856682.9586058,2026-08-27T18:51:22.958606+00:00,6.770606517791748,548409.734,600,839130442104,1,1,0.050695307552814484,-0.04428991302847862,-0.03799775242805481,0.001210041344165802,-0.03521879017353058,0.9993788599967957,1,0.05056368559598923,-0.013212505728006363,-0.037262775003910065,-0.0019911578856408596,-0.09597774595022202,0.9953814744949341,1,0.0508614182472229,-0.08197712898254395,-0.03890037536621094,0.0013823321787640452,0.03538595885038376,0.9993728995323181
P001,P001_S01,P001_S01_ST1TR_TR04_R01,TR04,R01,Gridworld_Requested_Gaze,Study 1,Gridworld,Requested Feedback,Eye Gaze,1,1787856676.1879992,1787856682.9586058,2026-08-27T18:51:22.958606+00:00,6.770606517791748,548409.734,601,839130553219,1,1,0.05069644749164581,-0.044370390474796295,-0.03800072520971298,0.0012697987258434296,-0.03549732267856598,0.9993690848350525,1,0.05056562274694443,-0.013209846802055836,-0.03726043924689293,-0.0002463755663484335,-0.09449586272239685,0.995525062084198,1,0.050868354737758636,-0.08198148757219315,-0.038915522396564484,0.0031939514447003603,0.03597138449549675,0.9993476271629333
P001,P001_S01,P001_S01_ST1TR_TR04_R01,TR04,R01,Gridworld_Requested_Gaze,Study 1,Gridworld,Requested Feedback,Eye Gaze,1,1787856676.1879992,1787856682.9586058,2026-08-27T18:51:22.958606+00:00,6.770606517791748,548409.734,602,839130664332,1,1,0.05069701373577118,-0.04442400857806206,-0.038004256784915924,0.0003908872604370117,-0.03527458757162094,0.9993776679039001,1,0.050562284886837006,-0.013215595856308937,-0.037256643176078796,-0.0028957000467926264,-0.09462601691484451,0.99550861120224,1,0.050860535353422165,-0.08199849724769592,-0.038935404270887375,0.0005041515687480569,0.03458165377378464,0.999401867389679
P001,P001_S01,P001_S01_ST1TR_TR04_R01,TR04,R01,Gridworld_Requested_Gaze,Study 1,Gridworld,Requested Feedback,Eye Gaze,1,1787856676.1879992,1787856682.9586058,2026-08-27T18:51:22.958606+00:00,6.770606517791748,548409.734,603,839130775447,1,1,0.05069945380091667,-0.04481750726699829,-0.03801548853516579,-8.857622742652893e-05,-0.034860409796237946,0.9993922710418701,1,0.05056284740567207,-0.013215359300374985,-0.037257950752973557,-0.00252178474329412,-0.09388669580221176,0.9955796003341675,1,0.05086074769496918,-0.0820094421505928,-0.038951996713876724,0.0007873642607592046,0.03405657038092613,0.999419629573822
P001,P001_S01,P001_S01_ST1TR_TR04_R01,TR04,R01,Gridworld_Requested_Gaze,Study 1,Gridworld,Requested Feedback,Eye Gaze,1,1787856676.1879992,1787856682.99057,2026-08-27T18:51:22.990570+00:00,6.802570819854736,548409.765,604,839130886563,1,1,0.05069858953356743,-0.044704411178827286,-0.03801730275154114,-0.00027444586157798767,-0.03443605452775955,0.9994068741798401,1,0.050558824092149734,-0.013203056529164314,-0.037271104753017426,-0.00216689589433372,-0.09276867657899857,0.9956852793693542,1,0.05085518956184387,-0.08200997114181519,-0.0389525406062603,0.0012489341897889972,0.03377693518996239,0.9994287490844727
P001,P001_S01,P001_S01_ST1TR_TR04_R01,TR04,R01,Gridworld_Requested_Gaze,Study 1,Gridworld,Requested Feedback,Eye Gaze,1,1787856676.1879992,1787856682.99057,2026-08-27T18:51:22.990570+00:00,6.802570819854736,548409.765,605,839130997677,1,1,0.05069875717163086,-0.0447663851082325,-0.03802330791950226,0.0002999641001224518,-0.033987097442150116,0.9994223117828369,1,0.050558727234601974,-0.013196573592722416,-0.0372932031750679,-6.283036054810509e-05,-0.09163704514503479,0.9957923889160156,1,0.050851546227931976,-0.08199037611484528,-0.03894999250769615,0.003198482794687152,0.03641202300786972,0.9993318319320679
P001,P001_S01,P001_S01_ST1TR_TR04_R01,TR04,R01,Gridworld_Requested_Gaze,Study 1,Gridworld,Requested Feedback,Eye Gaze,1,1787856676.1879992,1787856682.99057,2026-08-27T18:51:22.990570+00:00,6.802570819854736,548409.765,606,839131108791,1,0,0.0,0.0,0.0,0.0,0.0,0.0,1,0.05042072758078575,-0.01334076002240181,-0.03734520822763443,-0.022409027442336082,-0.11332916468381882,0.9933047890663147,1,0.0508035384118557,-0.08218900859355927,-0.03908776864409447,-0.01999611221253872,0.009718760848045349,0.9997528791427612
P001,P001_S01,P001_S01_ST1TR_TR04_R01,TR04,R01,Gridworld_Requested_Gaze,Study 1,Gridworld,Requested Feedback,Eye Gaze,1,1787856676.1879992,1787856683.0379205,2026-08-27T18:51:23.037920+00:00,6.849921226501465,548409.812,607,839131219905,1,0,0.0,0.0,0.0,0.0,0.0,0.0,1,0.050063636153936386,-0.013556299731135368,-0.03752116858959198,-0.05290070176124573,-0.14795388281345367,0.9875783324241638,1,0.05047205835580826,-0.0825810506939888,-0.03929028660058975,-0.05135096609592438,-0.042838528752326965,0.9977614879608154
P001,P001_S01,P001_S01_ST1TR_TR04_R01,TR04,R01,Gridworld_Requested_Gaze,Study 1,Gridworld,Requested Feedback,Eye Gaze,1,1787856676.1879992,1787856683.0379205,2026-08-27T18:51:23.037920+00:00,6.849921226501465,548409.812,608,839131331020,1,1,0.049972664564847946,-0.05138969048857689,-0.03866717591881752,-0.06036293879151344,-0.11626985669136047,0.9913817644119263,1,0.04977210611104965,-0.013847395777702332,-0.03764622285962105,-0.06080988794565201,-0.1722223460674286,0.9831793308258057,1,0.05014095827937126,-0.08289143443107605,-0.03952386602759361,-0.059838902205228806,-0.06903328001499176,0.9958181381225586
P001,P001_S01,P001_S01_ST1TR_TR04_R01,TR04,R01,Gridworld_Requested_Gaze,Study 1,Gridworld,Requested Feedback,Eye Gaze,1,1787856676.1879992,1787856683.0698013,2026-08-27T18:51:23.069801+00:00,6.881802082061768,548409.843,609,839131442134,1,1,0.04965801537036896,-0.055562227964401245,-0.03903069719672203,-0.08641107380390167,-0.1278582513332367,0.9880210161209106,1,0.04948717728257179,-0.013633008114993572,-0.03833971917629242,-0.0863681435585022,-0.1733706146478653,0.9810623526573181,1,0.04976961016654968,-0.08295030891895294,-0.03948204219341278,-0.08634014427661896,-0.09798348695039749,0.9914355874061584
P001,P001_S01,P001_S01_ST1TR_TR04_R01,TR04,R01,Gridworld_Requested_Gaze,Study 1,Gridworld,Requested Feedback,Eye Gaze,1,1787856676.1879992,1787856683.0698013,2026-08-27T18:51:23.069801+00:00,6.881802082061768,548409.843,610,839131553248,1,0,0.0,0.0,0.0,0.0,0.0,0.0,1,0.0491785891354084,-0.01398441195487976,-0.038099125027656555,-0.14434517920017242,-0.20298872888088226,0.9684833288192749,1,0.04947545379400253,-0.08289869874715805,-0.03950876742601395,-0.14538949728012085,-0.08264489471912384,0.9859167337417603
P001,P001_S01,P001_S01_ST1TR_TR04_R01,TR04,R01,Gridworld_Requested_Gaze,Study 1,Gridworld,Requested Feedback,Eye Gaze,1,1787856676.1879992,1787856683.0698013,2026-08-27T18:51:23.069801+00:00,6.881802082061768,548409.843,611,839131664363,1,0,0.0,0.0,0.0,0.0,0.0,0.0,1,0.04917889088392258,-0.014168795198202133,-0.03793628141283989,-0.12279713898897171,-0.21260853111743927,0.9693907499313354,0,0.0,0.0,0.0,0.0,0.0,0.0
P001,P001_S01,P001_S01_ST1TR_TR04_R01,TR04,R01,Gridworld_Requested_Gaze,Study 1,Gridworld,Requested Feedback,Eye Gaze,1,1787856676.1879992,1787856683.0698013,2026-08-27T18:51:23.069801+00:00,6.881802082061768,548409.843,612,839131775476,1,0,0.0,0.0,0.0,0.0,0.0,0.0,1,0.049234312027692795,-0.014333994127810001,-0.03783612325787544,-0.12730219960212708,-0.22460658848285675,0.9660982489585876,1,0.0494808629155159,-0.0834595113992691,-0.039804041385650635,-0.12816362082958221,-0.12940123677253723,0.9832748174667358
P001,P001_S01,P001_S01_ST1TR_TR04_R01,TR04,R01,Gridworld_Requested_Gaze,Study 1,Gridworld,Requested Feedback,Eye Gaze,1,1787856676.1879992,1787856683.1017973,2026-08-27T18:51:23.101797+00:00,6.913798093795776,548409.875,613,839131886592,1,0,0.0,0.0,0.0,0.0,0.0,0.0,1,0.04941266402602196,-0.014518422074615955,-0.03758041933178902,-0.10721613466739655,-0.2366936057806015,0.9656504392623901,1,0.04961080476641655,-0.08365172147750854,-0.0398603156208992,-0.10753823071718216,-0.14304205775260925,0.9838569760322571
P001,P001_S01,P001_S01_ST1TR_TR04_R01,TR04,R01,Gridworld_Requested_Gaze,Study 1,Gridworld,Requested Feedback,Eye Gaze,1,1787856676.1879992,1787856683.117599,2026-08-27T18:51:23.117599+00:00,6.929599761962891,548409.89,614,839131997705,1,0,0.0,0.0,0.0,0.0,0.0,0.0,1,0.0495128333568573,-0.01458027120679617,-0.03751538693904877,-0.10568767786026001,-0.24968324601650238,0.962542712688446,1,0.049802813678979874,-0.08358322083950043,-0.039701227098703384,-0.10600561648607254,-0.1415841430425644,0.9842341542243958
P001,P001_S01,P001_S01_ST1TR_TR04_R01,TR04,R01,Gridworld_Requested_Gaze,Study 1,Gridworld,Requested Feedback,Eye Gaze,1,1787856676.1879992,1787856683.117599,2026-08-27T18:51:23.117599+00:00,6.929599761962891,548409.89,615,839132108819,1,1,0.049679871648550034,-0.04806423559784889,-0.038687847554683685,-0.09293235838413239,-0.1562318503856659,0.9833388328552246,1,0.049604494124650955,-0.014485838823020458,-0.037645477801561356,-0.1045926883816719,-0.24967898428440094,0.9626632332801819,1,0.049861740320920944,-0.08348377794027328,-0.039496127516031265,-0.10480986535549164,-0.14009813964366913,0.9845748543739319
P001,P001_S01,P001_S01_ST1TR_TR04_R01,TR04,R01,Gridworld_Requested_Gaze,Study 1,Gridworld,Requested Feedback,Eye Gaze,1,1787856676.1879992,1787856683.117599,2026-08-27T18:51:23.117599+00:00,6.929599761962891,548409.89,616,839132219933,1,0,0.0,0.0,0.0,0.0,0.0,0.0,1,0.04970528557896614,-0.014584782533347607,-0.03749899938702583,-0.10993532836437225,-0.25558310747146606,0.9605162143707275,1,0.049953773617744446,-0.08353617787361145,-0.03955943509936333,-0.11023484915494919,-0.1413923054933548,0.983797013759613
P001,P001_S01,P001_S01_ST1TR_TR04_R01,TR04,R01,Gridworld_Requested_Gaze,Study 1,Gridworld,Requested Feedback,Eye Gaze,1,1787856676.1879992,1787856683.1336474,2026-08-27T18:51:23.133647+00:00,6.945648193359375,548409.906,617,839132331049,1,1,0.049871284514665604,-0.04591212049126625,-0.03833618760108948,-0.10938317328691483,-0.19877339899539948,0.9739222526550293,1,0.04975638911128044,-0.014633811078965664,-0.03737694397568703,-0.10907751321792603,-0.25383612513542175,0.961077094078064,1,0.05000941455364227,-0.08351247757673264,-0.039489321410655975,-0.10928761214017868,-0.1317400485277176,0.9852414727210999
P001,P001_S01,P001_S01_ST1TR_TR04_R01,TR04,R01,Gridworld_Requested_Gaze,Study 1,Gridworld,Requested Feedback,Eye Gaze,1,1787856676.1879992,1787856683.1336474,2026-08-27T18:51:23.133647+00:00,6.945648193359375,548409.906,618,839132442162,1,1,0.049889493733644485,-0.04560481384396553,-0.038298118859529495,-0.10829353332519531,-0.1981826275587082,0.9741643667221069,1,0.04978682100772858,-0.014613731764256954,-0.037332966923713684,-0.10581590235233307,-0.2522258460521698,0.9618654251098633,1,0.05005807802081108,-0.08346828073263168,-0.03941335529088974,-0.10635824501514435,-0.12760724127292633,0.9861056208610535
P001,P001_S01,P001_S01_ST1TR_TR04_R01,TR04,R01,Gridworld_Requested_Gaze,Study 1,Gridworld,Requested Feedback,Eye Gaze,1,1787856676.1879992,1787856683.1528752,2026-08-27T18:51:23.152875+00:00,6.964875936508179,548409.921,619,839132553276,1,1,0.04991196095943451,-0.04607074707746506,-0.0382772758603096,-0.10704557597637177,-0.19618810713291168,0.9747059345245361,1,0.04983460530638695,-0.014633707702159882,-0.03722049295902252,-0.10452917218208313,-0.2525659203529358,0.9619169235229492,1,0.05009462311863899,-0.08345185965299606,-0.03937863931059837,-0.10468742251396179,-0.12406475096940994,0.9867362976074219
P001,P001_S01,P001_S01_ST1TR_TR04_R01,TR04,R01,Gridworld_Requested_Gaze,Study 1,Gridworld,Requested Feedback,Eye Gaze,1,1787856676.1879992,1787856683.1528752,2026-08-27T18:51:23.152875+00:00,6.964875936508179,548409.921,620,839132664391,1,1,0.049931108951568604,-0.04658109322190285,-0.03826361522078514,-0.1059170663356781,-0.19283483922481537,0.9754980802536011,1,0.04985884949564934,-0.01463883277028799,-0.03715992346405983,-0.1036883071064949,-0.2505555748939514,0.9625334739685059,1,0.05012539401650429,-0.08342595398426056,-0.03934378921985626,-0.10390923917293549,-0.11875460296869278,0.9874715805053711
P001,P001_S01,P001_S01_ST1TR_TR04_R01,TR04,R01,Gridworld_Requested_Gaze,Study 1,Gridworld,Requested Feedback,Eye Gaze,1,1787856676.1879992,1787856683.1811256,2026-08-27T18:51:23.181126+00:00,6.993126392364502,548409.953,621,839132775507,1,1,0.04994729533791542,-0.04683734476566315,-0.038248222321271896,-0.10425655543804169,-0.19028833508491516,0.9761767387390137,1,0.04988502338528633,-0.014593958854675293,-0.03717245161533356,-0.10109420120716095,-0.2499203085899353,0.9629744291305542,1,0.05014759674668312,-0.08337374031543732,-0.03926922753453255,-0.10140666365623474,-0.1170826107263565,0.9879313707351685
P001,P001_S01,P001_S01_ST1TR_TR04_R01,TR04,R01,Gridworld_Requested_Gaze,Study 1,Gridworld,Requested Feedback,Eye Gaze,1,1787856676.1879992,1787856683.212952,2026-08-27T18:51:23.212952+00:00,7.02495265007019,548409.984,622,839132886621,1,1,0.04996088519692421,-0.04711639881134033,-0.038239795714616776,-0.10259449481964111,-0.18672135472297668,0.9770412445068359,1,0.04989723861217499,-0.0145512530580163,-0.03717859461903572,-0.09963678568601608,-0.24523167312145233,0.9643308520317078,1,0.050163816660642624,-0.08334596455097198,-0.03924296796321869,-0.09981986880302429,-0.11397116631269455,0.988456666469574
P001,P001_S01,P001_S01_ST1TR_TR04_R01,TR04,R01,Gridworld_Requested_Gaze,Study 1,Gridworld,Requested Feedback,Eye Gaze,1,1787856676.1879992,1787856683.212952,2026-08-27T18:51:23.212952+00:00,7.02495265007019,548409.984,623,839132997735,1,1,0.04997459053993225,-0.04777908697724342,-0.038244545459747314,-0.10241766273975372,-0.18104182183742523,0.9781281352043152,1,0.049906548112630844,-0.014527199789881706,-0.037151485681533813,-0.10226152092218399,-0.2426038682460785,0.9647206664085388,1,0.05018424987792969,-0.08331575989723206,-0.03922387957572937,-0.10257309675216675,-0.11055401712656021,0.988562822341919
P001,P001_S01,P001_S01_ST1TR_TR04_R01,TR04,R01,Gridworld_Requested_Gaze,Study 1,Gridworld,Requested Feedback,Eye Gaze,1,1787856676.1879992,1787856683.212952,2026-08-27T18:51:23.212952+00:00,7.02495265007019,548409.984,624,839133108850,1,1,0.04998607188463211,-0.048099398612976074,-0.0382387638092041,-0.10203608125448227,-0.17719292640686035,0.9788724780082703,1,0.04992397502064705,-0.01450642105191946,-0.03712204098701477,-0.10154271125793457,-0.24130502343177795,0.9651222825050354,1,0.05019731819629669,-0.08327200263738632,-0.03918730467557907,-0.10175492614507675,-0.10669828206300735,0.9890709519386292
P001,P001_S01,P001_S01_ST1TR_TR04_R01,TR04,R01,Gridworld_Requested_Gaze,Study 1,Gridworld,Requested Feedback,Eye Gaze,1,1787856676.1879992,1787856683.212952,2026-08-27T18:51:23.212952+00:00,7.02495265007019,548409.984,625,839133219964,1,1,0.049996085464954376,-0.04840974137187004,-0.038234010338783264,-0.10143482685089111,-0.1732397973537445,0.9796423316001892,1,0.049932997673749924,-0.014489445835351944,-0.03709827736020088,-0.10060068219900131,-0.2393660992383957,0.9657034873962402,1,0.050203513354063034,-0.08324086666107178,-0.039171427488327026,-0.10069306939840317,-0.10325317084789276,0.9895451664924622
P001,P001_S01,P001_S01_ST1TR_TR04_R01,TR04,R01,Gridworld_Requested_Gaze,Study 1,Gridworld,Requested Feedback,Eye Gaze,1,1787856676.1879992,1787856683.212952,2026-08-27T18:51:23.212952+00:00,7.02495265007019,548409.984,626,839133331079,1,1,0.05000433325767517,-0.0485779270529747,-0.038227494806051254,-0.10082778334617615,-0.17018625140190125,0.9802401065826416,1,0.04993957653641701,-0.01445761788636446,-0.037098102271556854,-0.09992878884077072,-0.23621146380901337,0.9665496349334717,1,0.05020769685506821,-0.0832175686955452,-0.03916427120566368,-0.10019335895776749,-0.10112015157938004,0.9898161292076111
P001,P001_S01,P001_S01_ST1TR_TR04_R01,TR04,R01,Gridworld_Requested_Gaze,Study 1,Gridworld,Requested Feedback,Eye Gaze,1,1787856676.1879992,1787856683.2531345,2026-08-27T18:51:23.253134+00:00,7.06513524055481,548410.015,627,839133442192,1,1,0.05002638325095177,-0.049245741218328476,-0.03821913152933121,-0.1004522293806076,-0.1653500199317932,0.9811059236526489,1,0.04993904381990433,-0.014420157298445702,-0.03710224851965904,-0.10000655800104141,-0.23219838738441467,0.9675135016441345,1,0.05021430924534798,-0.08319630473852158,-0.03917486593127251,-0.10027188807725906,-0.09898258000612259,0.9900242686271667
P001,P001_S01,P001_S01_ST1TR_TR04_R01,TR04,R01,Gridworld_Requested_Gaze,Study 1,Gridworld,Requested Feedback,Eye Gaze,1,1787856676.1879992,1787856683.2531345,2026-08-27T18:51:23.253134+00:00,7.06513524055481,548410.015,628,839133553307,1,1,0.05004057660698891,-0.04917803779244423,-0.03819470852613449,-0.10010680556297302,-0.16635902225971222,0.9809706807136536,1,0.04993098974227905,-0.014364263974130154,-0.037133969366550446,-0.09995955228805542,-0.2286328673362732,0.9683672785758972,1,0.050200726836919785,-0.08314763009548187,-0.03913869708776474,-0.0997687503695488,-0.0963621661067009,0.9903335571289062
P001,P001_S01,P001_S01_ST1TR_TR04_R01,TR04,R01,Gridworld_Requested_Gaze,Study 1,Gridworld,Requested Feedback,Eye Gaze,1,1787856676.1879992,1787856683.2531345,2026-08-27T18:51:23.253134+00:00,7.06513524055481,548410.015,629,839133664421,1,1,0.05004959926009178,-0.048662278801202774,-0.03816511854529381,-0.09835347533226013,-0.16716128587722778,0.981011688709259,1,0.049941129982471466,-0.014297504909336567,-0.03717827424407005,-0.09560493379831314,-0.22406482696533203,0.9698735475540161,1,0.05020573362708092,-0.08307264745235443,-0.03907918557524681,-0.09539180994033813,-0.09070417284965515,0.9912986755371094
P001,P001_S01,P001_S01_ST1TR_TR04_R01,TR04,R01,Gridworld_Requested_Gaze,Study 1,Gridworld,Requested Feedback,Eye Gaze,1,1787856676.1879992,1787856683.2609508,2026-08-27T18:51:23.260951+00:00,7.072951555252075,548410.031,630,839133775535,1,0,0.0,0.0,0.0,0.0,0.0,0.0,1,0.049942467361688614,-0.014265789650380611,-0.03717401996254921,-0.09387165307998657,-0.2202601134777069,0.9709137678146362,1,0.05019905045628548,-0.08303078263998032,-0.03905529901385307,-0.09326248615980148,-0.08582155406475067,0.9919359087944031
P001,P001_S01,P001_S01_ST1TR_TR04_R01,TR04,R01,Gridworld_Requested_Gaze,Study 1,Gridworld,Requested Feedback,Eye Gaze,1,1787856676.1879992,1787856683.2925727,2026-08-27T18:51:23.292573+00:00,7.104573488235474,548410.062,631,839133886649,1,1,0.05005314573645592,-0.047719087451696396,-0.03812895342707634,-0.0948454961180687,-0.16731499135494232,0.9813307523727417,1,0.049936313182115555,-0.014160837978124619,-0.037277646362781525,-0.08924083411693573,-0.21757282316684723,0.9719557166099548,1,0.05018230155110359,-0.08292002975940704,-0.03891360014677048,-0.08828950673341751,-0.08251848071813583,0.9926709532737732
P001,P001_S01,P001_S01_ST1TR_TR04_R01,TR04,R01,Gridworld_Requested_Gaze,Study 1,Gridworld,Requested Feedback,Eye Gaze,1,1787856676.1879992,1787856683.2925727,2026-08-27T18:51:23.292573+00:00,7.104573488235474,548410.062,632,839133997764,1,1,0.050055090337991714,-0.04691006988286972,-0.03809896111488342,-0.09120920300483704,-0.16537469625473022,0.9820042252540588,1,0.04993375018239021,-0.014121701009571552,-0.037301160395145416,-0.0857405737042427,-0.21522796154022217,0.9727925658226013,1,0.05019562691450119,-0.08284944295883179,-0.038870036602020264,-0.08458435535430908,-0.07648783177137375,0.9934763312339783
P001,P001_S01,P001_S01_ST1TR_TR04_R01,TR04,R01,Gridworld_Requested_Gaze,Study 1,Gridworld,Requested Feedback,Eye Gaze,1,1787856676.1879992,1787856683.2925727,2026-08-27T18:51:23.292573+00:00,7.104573488235474,548410.062,633,839134108879,1,1,0.05005429685115814,-0.04592984542250633,-0.038065355271101,-0.08883918821811676,-0.16352787613868713,0.9825305938720703,1,0.04993049427866936,-0.014093542471528053,-0.03730086609721184,-0.08590838313102722,-0.21172291040420532,0.9735467433929443,1,0.05018286034464836,-0.08281955122947693,-0.038866426795721054,-0.0849912241101265,-0.07252061367034912,0.9937390089035034
P001,P001_S01,P001_S01_ST1TR_TR04_R01,TR04,R01,Gridworld_Requested_Gaze,Study 1,Gridworld,Requested Feedback,Eye Gaze,1,1787856676.1879992,1787856683.2925727,2026-08-27T18:51:23.292573+00:00,7.104573488235474,548410.062,634,839134219993,1,0,0.0,0.0,0.0,0.0,0.0,0.0,1,0.049923140555620193,-0.014058869332075119,-0.03731386736035347,-0.08698885887861252,-0.20877783000469208,0.9740867018699646,1,0.05017503350973129,-0.08278654515743256,-0.03885333612561226,-0.08605397492647171,-0.0697193443775177,0.9938480854034424
P001,P001_S01,P001_S01_ST1TR_TR04_R01,TR04,R01,Gridworld_Requested_Gaze,Study 1,Gridworld,Requested Feedback,Eye Gaze,1,1787856676.1879992,1787856683.3244338,2026-08-27T18:51:23.324434+00:00,7.136434555053711,548410.093,635,839134331106,1,0,0.0,0.0,0.0,0.0,0.0,0.0,1,0.049913596361875534,-0.013984192162752151,-0.03736836463212967,-0.08697481453418732,-0.2045910358428955,0.9749757647514343,1,0.05018290504813194,-0.08273590356111526,-0.03882148861885071,-0.08586042374372482,-0.06808145344257355,0.9939782619476318
P001,P001_S01,P001_S01_ST1TR_TR04_R01,TR04,R01,Gridworld_Requested_Gaze,Study 1,Gridworld,Requested Feedback,Eye Gaze,1,1787856676.1879992,1787856683.3244338,2026-08-27T18:51:23.324434+00:00,7.136434555053711,548410.093,636,839134442220,1,1,0.05005169287323952,-0.045173246413469315,-0.03803877532482147,-0.08742184937000275,-0.15507054328918457,0.9840278029441833,1,0.04991397261619568,-0.013959578238427639,-0.037357136607170105,-0.08663829416036606,-0.20140160620212555,0.9756695628166199,1,0.05017963796854019,-0.08270788192749023,-0.03883565589785576,-0.08533638715744019,-0.06451555341482162,0.9942612648010254
P001,P001_S01,P001_S01_ST1TR_TR04_R01,TR04,R01,Gridworld_Requested_Gaze,Study 1,Gridworld,Requested Feedback,Eye Gaze,1,1787856676.1879992,1787856683.3558457,2026-08-27T18:51:23.355846+00:00,7.167846441268921,548410.125,637,839134553335,1,1,0.050049811601638794,-0.044492628425359726,-0.038018107414245605,-0.08529046922922134,-0.15021774172782898,0.9849671721458435,1,0.04993516579270363,-0.013974291272461414,-0.037352290004491806,-0.0833248719573021,-0.2031996101140976,0.9755853414535522,1,0.05019662156701088,-0.08271022140979767,-0.03883889317512512,-0.0818304717540741,-0.06493633985519409,0.9945286512374878
P001,P001_S01,P001_S01_ST1TR_TR04_R01,TR04,R01,Gridworld_Requested_Gaze,Study 1,Gridworld,Requested Feedback,Eye Gaze,1,1787856676.1879992,1787856683.3558457,2026-08-27T18:51:23.355846+00:00,7.167846441268921,548410.125,638,839134664451,1,0,0.0,0.0,0.0,0.0,0.0,0.0,1,0.05019774287939072,-0.014609591104090214,-0.0372360460460186,-0.04635835811495781,-0.27302226424217224,0.960889995098114,1,0.05043617635965347,-0.08310869336128235,-0.03904695436358452,-0.04462984576821327,-0.10960683226585388,0.9929726123809814
P001,P001_S01,P001_S01_ST1TR_TR04_R01,TR04,R01,Gridworld_Requested_Gaze,Study 1,Gridworld,Requested Feedback,Eye Gaze,1,1787856676.1879992,1787856683.3558457,2026-08-27T18:51:23.355846+00:00,7.167846441268921,548410.125,639,839134775564,1,0,0.0,0.0,0.0,0.0,0.0,0.0,1,0.05025641247630119,-0.014902123250067234,-0.03717504441738129,-0.0516112819314003,-0.27650222182273865,0.959626317024231,1,0.05055207759141922,-0.08357464522123337,-0.03947633504867554,-0.05024579167366028,-0.1337781697511673,0.9897366762161255
P001,P001_S01,P001_S01_ST1TR_TR04_R01,TR04,R01,Gridworld_Requested_Gaze,Study 1,Gridworld,Requested Feedback,Eye Gaze,1,1787856676.1879992,1787856683.3998995,2026-08-27T18:51:23.399899+00:00,7.211900234222412,548410.171,640,839134886679,1,1,0.05037369206547737,-0.0461282916367054,-0.03820279613137245,-0.05913583189249039,-0.2087552398443222,0.9761785268783569,1,0.05023294687271118,-0.014918266795575619,-0.037148989737033844,-0.05939630791544914,-0.2716520130634308,0.9605609178543091,1,0.050542768090963364,-0.08361902087926865,-0.0394686758518219,-0.05849446728825569,-0.13204163312911987,0.9895167350769043
P001,P001_S01,P001_S01_ST1TR_TR04_R01,TR04,R01,Gridworld_Requested_Gaze,Study 1,Gridworld,Requested Feedback,Eye Gaze,1,1787856676.1879992,1787856683.3998995,2026-08-27T18:51:23.399899+00:00,7.211900234222412,548410.171,641,839134999115,1,1,0.05037129297852516,-0.04458475485444069,-0.0381348542869091,-0.05890895426273346,-0.21022698283195496,0.9758762121200562,1,0.05024575814604759,-0.014885174110531807,-0.03712955862283707,-0.05870940163731575,-0.2694854438304901,0.961213231086731,1,0.05054624006152153,-0.08359213173389435,-0.03941689431667328,-0.05781817063689232,-0.13027794659137726,0.9897902011871338
P001,P001_S01,P001_S01_ST1TR_TR04_R01,TR04,R01,Gridworld_Requested_Gaze,Study 1,Gridworld,Requested Feedback,Eye Gaze,1,1787856676.1879992,1787856683.3998995,2026-08-27T18:51:23.399899+00:00,7.211900234222412,548410.171,642,839135153300,1,1,0.050378940999507904,-0.04487611725926399,-0.038123879581689835,-0.05829201638698578,-0.2083957940340042,0.9763059616088867,1,0.050266679376363754,-0.014842352829873562,-0.03710552677512169,-0.0576385036110878,-0.2677066922187805,0.9617748856544495,1,0.05055281147360802,-0.08352413773536682,-0.039340753108263016,-0.05624625086784363,-0.1255180835723877,0.9904956817626953
P001,P001_S01,P001_S01_ST1TR_TR04_R01,TR04,R01,Gridworld_Requested_Gaze,Study 1,Gridworld,Requested Feedback,Eye Gaze,1,1787856676.1879992,1787856683.4338992,2026-08-27T18:51:23.433899+00:00,7.24589991569519,548410.203,643,839135260493,1,1,0.050384584814310074,-0.04495224729180336,-0.03810814395546913,-0.058051787316799164,-0.20613616704940796,0.9767999053001404,1,0.0502769835293293,-0.014805388636887074,-0.03706052526831627,-0.05820439010858536,-0.26369979977607727,0.962847113609314,1,0.050558630377054214,-0.08349907398223877,-0.03932296112179756,-0.05669156834483147,-0.12295211106538773,0.9907920956611633
P001,P001_S01,P001_S01_ST1TR_TR04_R01,TR04,R01,Gridworld_Requested_Gaze,Study 1,Gridworld,Requested Feedback,Eye Gaze,1,1787856676.1879992,1787856683.4338992,2026-08-27T18:51:23.433899+00:00,7.24589991569519,548410.203,644,839135370953,1,1,0.05038757994771004,-0.044925399124622345,-0.03809070214629173,-0.05727266147732735,-0.20320767164230347,0.9774592518806458,1,0.050276294350624084,-0.014755970798432827,-0.037044037133455276,-0.05639070272445679,-0.2598196268081665,0.9640092849731445,1,0.050557926297187805,-0.08343488723039627,-0.039275873452425,-0.05498456209897995,-0.11744434386491776,0.9915561676025391
P001,P001_S01,P001_S01_ST1TR_TR04_R01,TR04,R01,Gridworld_Requested_Gaze,Study 1,Gridworld,Requested Feedback,Eye Gaze,1,1787856676.1879992,1787856683.4338992,2026-08-27T18:51:23.433899+00:00,7.24589991569519,548410.203,645,839135482066,1,1,0.05038822442293167,-0.04482728987932205,-0.038074251264333725,-0.056742481887340546,-0.20017100870609283,0.9781165719032288,1,0.05026839300990105,-0.014707066118717194,-0.037042222917079926,-0.05640859156847,-0.25588470697402954,0.9650602340698242,1,0.050553616136312485,-0.08338844031095505,-0.039243798702955246,-0.05494250729680061,-0.11367285251617432,0.9919979572296143
P001,P001_S01,P001_S01_ST1TR_TR04_R01,TR04,R01,Gridworld_Requested_Gaze,Study 1,Gridworld,Requested Feedback,Eye Gaze,1,1787856676.1879992,1787856683.463436,2026-08-27T18:51:23.463436+00:00,7.275436639785767,548410.234,646,839135593181,1,1,0.05038793385028839,-0.04491483420133591,-0.03806823864579201,-0.05645422637462616,-0.19543583691120148,0.9790902733802795,1,0.050261013209819794,-0.014625458046793938,-0.03708036616444588,-0.05662822723388672,-0.24926401674747467,0.9667784571647644,1,0.05054017901420593,-0.08333821594715118,-0.03920277580618858,-0.05518670752644539,-0.11027424037456512,0.9923679828643799
P001,P001_S01,P001_S01_ST1TR_TR04_R01,TR04,R01,Gridworld_Requested_Gaze,Study 1,Gridworld,Requested Feedback,Eye Gaze,1,1787856676.1879992,1787856683.463436,2026-08-27T18:51:23.463436+00:00,7.275436639785767,548410.234,647,839135704295,1,1,0.05038585886359215,-0.04480531066656113,-0.038058824837207794,-0.05617804825305939,-0.19110830128192902,0.9799600839614868,1,0.05025193467736244,-0.014544926583766937,-0.03714006394147873,-0.05647408589720726,-0.24370813369750977,0.968203067779541,1,0.05053011700510979,-0.08325448632240295,-0.03912688046693802,-0.05477919057011604,-0.10409057885408401,0.9930580854415894
P001,P001_S01,P001_S01_ST1TR_TR04_R01,TR04,R01,Gridworld_Requested_Gaze,Study 1,Gridworld,Requested Feedback,Eye Gaze,1,1787856676.1879992,1787856683.4694324,2026-08-27T18:51:23.469432+00:00,7.28143310546875,548410.234,648,839135815409,1,1,0.05037849396467209,-0.04631425067782402,-0.038054611533880234,-0.0537581592798233,-0.17362266778945923,0.9833438992500305,1,0.050251554697752,-0.014454489573836327,-0.0372031144797802,-0.054446835070848465,-0.23752836883068085,0.9698535203933716,1,0.05052536725997925,-0.0831751748919487,-0.03903977572917938,-0.052675068378448486,-0.09876108914613724,0.9937160611152649
P001,P001_S01,P001_S01_ST1TR_TR04_R01,TR04,R01,Gridworld_Requested_Gaze,Study 1,Gridworld,Requested Feedback,Eye Gaze,1,1787856676.1879992,1787856683.4734325,2026-08-27T18:51:23.473433+00:00,7.285433292388916,548410.25,649,839135926523,1,1,0.05037524551153183,-0.04627372324466705,-0.0380500964820385,-0.05412488803267479,-0.17200620472431183,0.9836078882217407,1,0.05024509131908417,-0.014411927200853825,-0.03719862550497055,-0.055481620132923126,-0.23273718357086182,0.9709557890892029,1,0.05051916092634201,-0.08313477039337158,-0.03902776539325714,-0.05373087897896767,-0.09419688582420349,0.9941025972366333
P001,P001_S01,P001_S01_ST1TR_TR04_R01,TR04,R01,Gridworld_Requested_Gaze,Study 1,Gridworld,Requested Feedback,Eye Gaze,1,1787856676.1879992,1787856683.5054305,2026-08-27T18:51:23.505430+00:00,7.317431211471558,548410.281,650,839136037638,1,1,0.05037156492471695,-0.04595721513032913,-0.03804336488246918,-0.054276857525110245,-0.17062464356422424,0.9838401079177856,1,0.05024021118879318,-0.014365876093506813,-0.03720483183860779,-0.05514419078826904,-0.22874858975410461,0.9719223976135254,1,0.05051558464765549,-0.08311823755502701,-0.03903714194893837,-0.05348636209964752,-0.0934298112988472,0.9941881895065308
P001,P001_S01,P001_S01_ST1TR_TR04_R01,TR04,R01,Gridworld_Requested_Gaze,Study 1,Gridworld,Requested Feedback,Eye Gaze,1,1787856676.1879992,1787856683.5054305,2026-08-27T18:51:23.505430+00:00,7.317431211471558,548410.281,651,839136148751,1,1,0.05036424472928047,-0.04510022699832916,-0.03801976889371872,-0.055302880704402924,-0.17040212452411652,0.9838215112686157,1,0.05022991821169853,-0.014318649657070637,-0.037215378135442734,-0.057693641632795334,-0.22637107968330383,0.9723309278488159,1,0.050503700971603394,-0.08304953575134277,-0.03900271654129028,-0.05606968328356743,-0.08868622779846191,0.994480311870575
P001,P001_S01,P001_S01_ST1TR_TR04_R01,TR04,R01,Gridworld_Requested_Gaze,Study 1,Gridworld,Requested Feedback,Eye Gaze,1,1787856676.1879992,1787856683.5354402,2026-08-27T18:51:23.535440+00:00,7.347440958023071,548410.312,652,839136259867,1,1,0.050361040979623795,-0.04446512833237648,-0.038005560636520386,-0.05540243536233902,-0.16921885311603546,0.9840201735496521,1,0.05023356154561043,-0.0142521308735013,-0.03724540024995804,-0.056052763015031815,-0.2212642878293991,0.9736016392707825,1,0.0505184605717659,-0.08300961554050446,-0.03899287432432175,-0.05423954874277115,-0.08624301105737686,0.9947965741157532
P001,P001_S01,P001_S01_ST1TR_TR04_R01,TR04,R01,Gridworld_Requested_Gaze,Study 1,Gridworld,Requested Feedback,Eye Gaze,1,1787856676.1879992,1787856683.5689394,2026-08-27T18:51:23.568939+00:00,7.380940198898315,548410.343,653,839136370981,1,0,0.0,0.0,0.0,0.0,0.0,0.0,1,0.0502297542989254,-0.014269080013036728,-0.03716926649212837,-0.05881806090474129,-0.21983197331428528,0.9737629890441895,1,0.050510209053754807,-0.08299272507429123,-0.03901858627796173,-0.05706216022372246,-0.0811668187379837,0.9950657486915588
P001,P001_S01,P001_S01_ST1TR_TR04_R01,TR04,R01,Gridworld_Requested_Gaze,Study 1,Gridworld,Requested Feedback,Eye Gaze,1,1787856676.1879992,1787856683.5689394,2026-08-27T18:51:23.568939+00:00,7.380940198898315,548410.343,654,839136482094,1,1,0.05036114528775215,-0.044870611280202866,-0.038014572113752365,-0.05610974133014679,-0.16273874044418335,0.9850725531578064,1,0.050232596695423126,-0.014242482371628284,-0.03714828938245773,-0.05791526287794113,-0.2151523232460022,0.974861741065979,1,0.050504326820373535,-0.08299227058887482,-0.03906698897480965,-0.05628511309623718,-0.07947277277708054,0.9952467083930969
P001,P001_S01,P001_S01_ST1TR_TR04_R01,TR04,R01,Gridworld_Requested_Gaze,Study 1,Gridworld,Requested Feedback,Eye Gaze,1,1787856676.1879992,1787856683.5689394,2026-08-27T18:51:23.568939+00:00,7.380940198898315,548410.343,655,839136593210,1,1,0.05036230385303497,-0.045221708714962006,-0.03802231326699257,-0.05648477375507355,-0.1576254963874817,0.9858822226524353,1,0.05023719370365143,-0.01424206793308258,-0.0371413417160511,-0.05768740549683571,-0.214563250541687,0.9750049710273743,1,0.05051157996058464,-0.08298175036907196,-0.039068132638931274,-0.05593050271272659,-0.077771857380867,0.9954010248184204
P001,P001_S01,P001_S01_ST1TR_TR04_R01,TR04,R01,Gridworld_Requested_Gaze,Study 1,Gridworld,Requested Feedback,Eye Gaze,1,1787856676.1879992,1787856683.5689394,2026-08-27T18:51:23.568939+00:00,7.380940198898315,548410.343,656,839136704323,1,1,0.05036400258541107,-0.045124154537916183,-0.03801858797669411,-0.05687381699681282,-0.16062435507774353,0.985375702381134,1,0.05025145784020424,-0.014381182380020618,-0.037121351808309555,-0.057940561324357986,-0.22814272344112396,0.971902072429657,1,0.05053592100739479,-0.0830957368016243,-0.03911267966032028,-0.05631348490715027,-0.08874541521072388,0.9944612383842468
P001,P001_S01,P001_S01_ST1TR_TR04_R01,TR04,R01,Gridworld_Requested_Gaze,Study 1,Gridworld,Requested Feedback,Eye Gaze,1,1787856676.1879992,1787856683.570942,2026-08-27T18:51:23.570942+00:00,7.3829426765441895,548410.343,657,839136815438,1,1,0.05036729946732521,-0.04513357952237129,-0.03801814466714859,-0.055973608046770096,-0.16028636693954468,0.9854823350906372,1,0.05026669800281525,-0.014326333068311214,-0.03716178983449936,-0.05471992492675781,-0.22272859513759613,0.9733434915542603,1,0.05054924637079239,-0.08304661512374878,-0.03905956447124481,-0.05293915420770645,-0.0838169977068901,0.9950739741325378
P001,P001_S01,P001_S01_ST1TR_TR04_R01,TR04,R01,Gridworld_Requested_Gaze,Study 1,Gridworld,Requested Feedback,Eye Gaze,1,1787856676.1879992,1787856683.570942,2026-08-27T18:51:23.570942+00:00,7.3829426765441895,548410.343,658,839136926553,1,1,0.05037052556872368,-0.04519885033369064,-0.03801831230521202,-0.05511535704135895,-0.15881943702697754,0.9857681393623352,1,0.05027102679014206,-0.014291180297732353,-0.03715676814317703,-0.05404140055179596,-0.219878152012825,0.9740293025970459,1,0.05055147409439087,-0.08302155882120132,-0.03904016315937042,-0.05228981748223305,-0.08207664638757706,0.9952533841133118
P001,P001_S01,P001_S01_ST1TR_TR04_R01,TR04,R01,Gridworld_Requested_Gaze,Study 1,Gridworld,Requested Feedback,Eye Gaze,1,1787856676.1879992,1787856683.5878446,2026-08-27T18:51:23.587845+00:00,7.399845361709595,548410.359,659,839137037667,1,1,0.05037330463528633,-0.045248646289110184,-0.038015518337488174,-0.05360676348209381,-0.1568026840686798,0.9861740469932556,1,0.050274066627025604,-0.01427359227091074,-0.03714943304657936,-0.051508910953998566,-0.22041209042072296,0.9740459322929382,1,0.05055326595902443,-0.08297717571258545,-0.03900168091058731,-0.04961107298731804,-0.07969663292169571,0.9955838322639465
P001,P001_S01,P001_S01_ST1TR_TR04_R01,TR04,R01,Gridworld_Requested_Gaze,Study 1,Gridworld,Requested Feedback,Eye Gaze,1,1787856676.1879992,1787856683.6053507,2026-08-27T18:51:23.605351+00:00,7.417351484298706,548410.375,660,839137148782,1,1,0.050377216190099716,-0.04541067034006119,-0.03801631182432175,-0.05239248648285866,-0.15446418523788452,0.9866083860397339,1,0.05027329921722412,-0.014264353550970554,-0.03714920952916145,-0.05105946958065033,-0.21978020668029785,0.9742122888565063,1,0.05055518448352814,-0.08296768367290497,-0.03899887949228287,-0.04907019063830376,-0.07903732359409332,0.9956632256507874
P001,P001_S01,P001_S01_ST1TR_TR04_R01,TR04,R01,Gridworld_Requested_Gaze,Study 1,Gridworld,Requested Feedback,Eye Gaze,1,1787856676.1879992,1787856683.6053507,2026-08-27T18:51:23.605351+00:00,7.417351484298706,548410.375,661,839137259897,1,1,0.05038129538297653,-0.04561661556363106,-0.038017358630895615,-0.05174582451581955,-0.15251970291137695,0.9869449138641357,1,0.05027131736278534,-0.014244455844163895,-0.037152308970689774,-0.051450878381729126,-0.21788427233695984,0.9746174812316895,1,0.050548434257507324,-0.08294666558504105,-0.03899339586496353,-0.049691930413246155,-0.07697907090187073,0.9957935810089111
P001,P001_S01,P001_S01_ST1TR_TR04_R01,TR04,R01,Gridworld_Requested_Gaze,Study 1,Gridworld,Requested Feedback,Eye Gaze,1,1787856676.1879992,1787856683.6183593,2026-08-27T18:51:23.618359+00:00,7.4303600788116455,548410.39,662,839137371010,1,1,0.050386179238557816,-0.046021975576877594,-0.03802477940917015,-0.05197814851999283,-0.15117059648036957,0.9871402382850647,1,0.05026010796427727,-0.014228776097297668,-0.03714534267783165,-0.05342724546790123,-0.21537715196609497,0.975068211555481,1,0.05053836852312088,-0.08294525742530823,-0.03900982812047005,-0.05149342864751816,-0.07609010487794876,0.9957703948020935
P001,P001_S01,P001_S01_ST1TR_TR04_R01,TR04,R01,Gridworld_Requested_Gaze,Study 1,Gridworld,Requested Feedback,Eye Gaze,1,1787856676.1879992,1787856683.634352,2026-08-27T18:51:23.634352+00:00,7.44635272026062,548410.406,663,839137482124,1,1,0.05039035528898239,-0.0466860793530941,-0.038038380444049835,-0.052640002220869064,-0.1480455994606018,0.9875786900520325,1,0.05025321617722511,-0.01420649979263544,-0.03714767470955849,-0.054769862443208694,-0.21231046319007874,0.9756662845611572,1,0.05052686110138893,-0.08293676376342773,-0.03902199864387512,-0.053112272173166275,-0.07455334067344666,0.9958016872406006
P001,P001_S01,P001_S01_ST1TR_TR04_R01,TR04,R01,Gridworld_Requested_Gaze,Study 1,Gridworld,Requested Feedback,Eye Gaze,1,1787856676.1879992,1787856683.6523607,2026-08-27T18:51:23.652361+00:00,7.4643614292144775,548410.421,664,839137593239,1,1,0.05039411038160324,-0.04706641659140587,-0.03804748132824898,-0.052736762911081314,-0.14407524466514587,0.9881605505943298,1,0.05025261268019676,-0.01419023796916008,-0.037152890115976334,-0.05387106165289879,-0.21056395769119263,0.976094663143158,1,0.0505286306142807,-0.08293330669403076,-0.03903154283761978,-0.052084632217884064,-0.07419813424348831,0.995882511138916
P001,P001_S01,P001_S01_ST1TR_TR04_R01,TR04,R01,Gridworld_Requested_Gaze,Study 1,Gridworld,Requested Feedback,Eye Gaze,1,1787856676.1879992,1787856683.6523607,2026-08-27T18:51:23.652361+00:00,7.4643614292144775,548410.421,665,839137704353,1,1,0.050396665930747986,-0.04730706661939621,-0.03805194050073624,-0.0526554100215435,-0.14144305884838104,0.9885451197624207,1,0.05025128647685051,-0.014185547828674316,-0.037148963660001755,-0.05350625514984131,-0.2102489173412323,0.9761825203895569,1,0.05052870512008667,-0.08290372788906097,-0.03901320695877075,-0.05154458433389664,-0.07108938694000244,0.996137261390686
P001,P001_S01,P001_S01_ST1TR_TR04_R01,TR04,R01,Gridworld_Requested_Gaze,Study 1,Gridworld,Requested Feedback,Eye Gaze,1,1787856676.1879992,1787856683.6726587,2026-08-27T18:51:23.672659+00:00,7.484659433364868,548410.437,666,839137815468,1,1,0.0503985621035099,-0.04788568615913391,-0.03806506469845772,-0.052364282310009,-0.13856762647628784,0.988967776298523,1,0.05024907737970352,-0.01416584849357605,-0.037156254053115845,-0.05287104845046997,-0.20839135348796844,0.9766153693199158,1,0.05052684247493744,-0.08287953585386276,-0.03899967297911644,-0.050856150686740875,-0.0687003880739212,0.9963403344154358
P001,P001_S01,P001_S01_ST1TR_TR04_R01,TR04,R01,Gridworld_Requested_Gaze,Study 1,Gridworld,Requested Feedback,Eye Gaze,1,1787856676.1879992,1787856683.6726587,2026-08-27T18:51:23.672659+00:00,7.484659433364868,548410.437,667,839137926581,1,1,0.05039796233177185,-0.048278048634529114,-0.03807280212640762,-0.05234772339463234,-0.1369505077600479,0.989193856716156,1,0.050246741622686386,-0.014149786904454231,-0.037159908562898636,-0.053303081542253494,-0.2069285660982132,0.976902961730957,1,0.050523605197668076,-0.08286592364311218,-0.03899088501930237,-0.05138719454407692,-0.06752269715070724,0.9963935613632202
P001,P001_S01,P001_S01_ST1TR_TR04_R01,TR04,R01,Gridworld_Requested_Gaze,Study 1,Gridworld,Requested Feedback,Eye Gaze,1,1787856676.1879992,1787856683.720662,2026-08-27T18:51:23.720662+00:00,7.532662868499756,548410.484,668,839138037696,1,1,0.050397809594869614,-0.04891015961766243,-0.03808705881237984,-0.05255381017923355,-0.13352707028388977,0.9896509051322937,1,0.05024607479572296,-0.014157244004309177,-0.03714635968208313,-0.053989578038454056,-0.2074935883283615,0.9767454266548157,1,0.0505211316049099,-0.0828530415892601,-0.03898543119430542,-0.052084363996982574,-0.06580807268619537,0.9964721202850342
P001,P001_S01,P001_S01_ST1TR_TR04_R01,TR04,R01,Gridworld_Requested_Gaze,Study 1,Gridworld,Requested Feedback,Eye Gaze,1,1787856676.1879992,1787856683.721661,2026-08-27T18:51:23.721661+00:00,7.533661842346191,548410.484,669,839138148810,1,1,0.050396353006362915,-0.04922851175069809,-0.038094643503427505,-0.0523688904941082,-0.13193117082118988,0.9898746609687805,1,0.05024738237261772,-0.014142874628305435,-0.03714628890156746,-0.05303611606359482,-0.20541401207447052,0.9772369861602783,1,0.05052395910024643,-0.08283527940511703,-0.038978371769189835,-0.05105379596352577,-0.06324386596679688,0.9966914057731628
P001,P001_S01,P001_S01_ST1TR_TR04_R01,TR04,R01,Gridworld_Requested_Gaze,Study 1,Gridworld,Requested Feedback,Eye Gaze,1,1787856676.1879992,1787856683.721661,2026-08-27T18:51:23.721661+00:00,7.533661842346191,548410.484,670,839138259925,1,1,0.050394076853990555,-0.04947216063737869,-0.03810075670480728,-0.05271235480904579,-0.13040779531002045,0.9900583028793335,1,0.05024132877588272,-0.014137016609311104,-0.03714358061552048,-0.05432327091693878,-0.20429733395576477,0.9774004817008972,1,0.05052068084478378,-0.08283515274524689,-0.038988906890153885,-0.05244751274585724,-0.06282949447631836,0.9966453313827515
P001,P001_S01,P001_S01_ST1TR_TR04_R01,TR04,R01,Gridworld_Requested_Gaze,Study 1,Gridworld,Requested Feedback,Eye Gaze,1,1787856676.1879992,1787856683.7506602,2026-08-27T18:51:23.750660+00:00,7.5626609325408936,548410.515,671,839138371039,1,1,0.05039174109697342,-0.04978135973215103,-0.03810936585068703,-0.05342649668455124,-0.12925559282302856,0.9901710748672485,1,0.050232648849487305,-0.014131426811218262,-0.03714287653565407,-0.055656105279922485,-0.2034144103527069,0.9775095582008362,1,0.05051429197192192,-0.08284412324428558,-0.03900245949625969,-0.0538494810461998,-0.06349346786737442,0.9965284466743469
P001,P001_S01,P001_S01_ST1TR_TR04_R01,TR04,R01,Gridworld_Requested_Gaze,Study 1,Gridworld,Requested Feedback,Eye Gaze,1,1787856676.1879992,1787856683.7506602,2026-08-27T18:51:23.750660+00:00,7.5626609325408936,548410.515,672,839138482153,1,1,0.050390418618917465,-0.05012094974517822,-0.03811867907643318,-0.053712621331214905,-0.12866224348545074,0.9902328848838806,1,0.05023255944252014,-0.014117993414402008,-0.03714858368039131,-0.05505649000406265,-0.20231211185455322,0.9777721762657166,1,0.05051104351878166,-0.0828397274017334,-0.03900311514735222,-0.053270675241947174,-0.0634123682975769,0.9965646862983704
P001,P001_S01,P001_S01_ST1TR_TR04_R01,TR04,R01,Gridworld_Requested_Gaze,Study 1,Gridworld,Requested Feedback,Eye Gaze,1,1787856676.1879992,1787856683.7506602,2026-08-27T18:51:23.750660+00:00,7.5626609325408936,548410.515,673,839138593268,1,1,0.05038813129067421,-0.05011957883834839,-0.03811798244714737,-0.05428550764918327,-0.12946289777755737,0.9900972843170166,1,0.05023002251982689,-0.01412278600037098,-0.037141378968954086,-0.05599088594317436,-0.20276965200901031,0.9776244163513184,1,0.05050373449921608,-0.08284304291009903,-0.03901023417711258,-0.054410796612501144,-0.06378018856048584,0.9964796304702759
P001,P001_S01,P001_S01_ST1TR_TR04_R01,TR04,R01,Gridworld_Requested_Gaze,Study 1,Gridworld,Requested Feedback,Eye Gaze,1,1787856676.1879992,1787856683.7506602,2026-08-27T18:51:23.750660+00:00,7.5626609325408936,548410.515,674,839138704383,1,1,0.050385482609272,-0.04988821595907211,-0.038110122084617615,-0.0537542998790741,-0.12979072332382202,0.9900833368301392,1,0.050231996923685074,-0.014106913469731808,-0.03715315833687782,-0.05356437340378761,-0.20183904469013214,0.9779528379440308,1,0.050514135509729385,-0.08282610028982162,-0.038995254784822464,-0.0515735037624836,-0.06261417269706726,0.9967043995857239
P001,P001_S01,P001_S01_ST1TR_TR04_R01,TR04,R01,Gridworld_Requested_Gaze,Study 1,Gridworld,Requested Feedback,Eye Gaze,1,1787856676.1879992,1787856683.7621737,2026-08-27T18:51:23.762174+00:00,7.574174404144287,548410.531,675,839138815496,1,1,0.05038326978683472,-0.049891840666532516,-0.03810941427946091,-0.053699981421232224,-0.12922771275043488,0.9901599287986755,1,0.05022846534848213,-0.01410728134214878,-0.03714660927653313,-0.05440941080451012,-0.20218700170516968,0.9778343439102173,1,0.05050627887248993,-0.08282764256000519,-0.03899579122662544,-0.05256820470094681,-0.06314875185489655,0.9966187477111816
P001,P001_S01,P001_S01_ST1TR_TR04_R01,TR04,R01,Gridworld_Requested_Gaze,Study 1,Gridworld,Requested Feedback,Eye Gaze,1,1787856676.1879992,1787856683.7781737,2026-08-27T18:51:23.778174+00:00,7.590174436569214,548410.546,676,839138926612,1,1,0.050379786640405655,-0.04945174977183342,-0.0380968302488327,-0.053235821425914764,-0.13115856051445007,0.989931046962738,1,0.05023045837879181,-0.01409422792494297,-0.0371570885181427,-0.053162045776844025,-0.2013358175754547,0.9780785441398621,1,0.05051105096936226,-0.0828031525015831,-0.03897760808467865,-0.05115296319127083,-0.06097622588276863,0.9968276619911194
P001,P001_S01,P001_S01_ST1TR_TR04_R01,TR04,R01,Gridworld_Requested_Gaze,Study 1,Gridworld,Requested Feedback,Eye Gaze,1,1787856676.1879992,1787856683.7921932,2026-08-27T18:51:23.792193+00:00,7.604193925857544,548410.562,677,839139037725,1,1,0.050378650426864624,-0.049584709107875824,-0.0380997434258461,-0.052719369530677795,-0.12886804342269897,0.9902595281600952,1,0.050229549407958984,-0.01407906599342823,-0.03717219457030296,-0.05271649360656738,-0.20043055713176727,0.9782885909080505,1,0.05050676316022873,-0.0827886238694191,-0.038964394479990005,-0.05073288828134537,-0.060104865580797195,0.9969020485877991
P001,P001_S01,P001_S01_ST1TR_TR04_R01,TR04,R01,Gridworld_Requested_Gaze,Study 1,Gridworld,Requested Feedback,Eye Gaze,1,1787856676.1879992,1787856683.796199,2026-08-27T18:51:23.796199+00:00,7.608199834823608,548410.562,678,839139148839,1,1,0.05037571117281914,-0.049337320029735565,-0.03809269145131111,-0.05233439803123474,-0.1278184950351715,0.9904159903526306,1,0.05022907629609108,-0.014074659906327724,-0.03718017414212227,-0.05250876396894455,-0.20098447799682617,0.9781860709190369,1,0.05049865320324898,-0.08276966214179993,-0.03894134610891342,-0.05069306120276451,-0.05900438129901886,0.9969698190689087
P001,P001_S01,P001_S01_ST1TR_TR04_R01,TR04,R01,Gridworld_Requested_Gaze,Study 1,Gridworld,Requested Feedback,Eye Gaze,1,1787856676.1879992,1787856683.8348508,2026-08-27T18:51:23.834851+00:00,7.646851539611816,548410.609,679,839139259955,1,1,0.050372716039419174,-0.049283336848020554,-0.038091015070676804,-0.052317265421152115,-0.12752029299736023,0.9904553294181824,1,0.05022375285625458,-0.014073933474719524,-0.03718359395861626,-0.05317569524049759,-0.2018771767616272,0.9779661893844604,1,0.05049172043800354,-0.08276580274105072,-0.038934990763664246,-0.051405925303697586,-0.05958251282572746,0.996898889541626
P001,P001_S01,P001_S01_ST1TR_TR04_R01,TR04,R01,Gridworld_Requested_Gaze,Study 1,Gridworld,Requested Feedback,Eye Gaze,1,1787856676.1879992,1787856683.8348508,2026-08-27T18:51:23.834851+00:00,7.646851539611816,548410.609,680,839139371069,1,1,0.050370026379823685,-0.049187347292900085,-0.03808756545186043,-0.051977138966321945,-0.12694630026817322,0.9905469417572021,1,0.050219420343637466,-0.014062950387597084,-0.0371917299926281,-0.05242711678147316,-0.200871080160141,0.9782137870788574,1,0.05049607902765274,-0.08274855464696884,-0.038922227919101715,-0.050273142755031586,-0.057833511382341385,0.99705970287323
P001,P001_S01,P001_S01_ST1TR_TR04_R01,TR04,R01,Gridworld_Requested_Gaze,Study 1,Gridworld,Requested Feedback,Eye Gaze,1,1787856676.1879992,1787856683.8348508,2026-08-27T18:51:23.834851+00:00,7.646851539611816,548410.609,681,839139482183,1,1,0.05036892741918564,-0.04939034581184387,-0.03808864206075668,-0.05133643373847008,-0.1231566071510315,0.9910586476325989,1,0.05021997168660164,-0.014025234617292881,-0.0371968038380146,-0.05136552080512047,-0.19977867603302002,0.9784937500953674,1,0.05048869177699089,-0.08267858624458313,-0.03887459635734558,-0.04918944090604782,-0.05322931334376335,0.9973700642585754
P001,P001_S01,P001_S01_ST1TR_TR04_R01,TR04,R01,Gridworld_Requested_Gaze,Study 1,Gridworld,Requested Feedback,Eye Gaze,1,1787856676.1879992,1787856683.8643699,2026-08-27T18:51:23.864370+00:00,7.676370620727539,548410.64,682,839139593297,1,1,0.05036286264657974,-0.052245281636714935,-0.03813740238547325,-0.04791259765625,-0.10907381772994995,0.9928783774375916,1,0.050213299691677094,-0.013915255665779114,-0.037238866090774536,-0.04924870654940605,-0.1895330548286438,0.9806384444236755,1,0.05048125237226486,-0.08258641511201859,-0.03884867951273918,-0.04662984982132912,-0.04487193003296852,0.9979038238525391
P001,P001_S01,P001_S01_ST1TR_TR04_R01,TR04,R01,Gridworld_Requested_Gaze,Study 1,Gridworld,Requested Feedback,Eye Gaze,1,1787856676.1879992,1787856683.8643699,2026-08-27T18:51:23.864370+00:00,7.676370620727539,548410.64,683,839139704412,1,1,0.050358422100543976,-0.052162423729896545,-0.03813564032316208,-0.0486752912402153,-0.1099085658788681,0.9927492141723633,1,0.05020929500460625,-0.013925950042903423,-0.0372285358607769,-0.05128250643610954,-0.19152100384235382,0.9801478385925293,1,0.05046972259879112,-0.08259691298007965,-0.03885802626609802,-0.04890235513448715,-0.04689360782504082,0.9977021217346191
P001,P001_S01,P001_S01_ST1TR_TR04_R01,TR04,R01,Gridworld_Requested_Gaze,Study 1,Gridworld,Requested Feedback,Eye Gaze,1,1787856676.1879992,1787856683.8944073,2026-08-27T18:51:23.894407+00:00,7.7064080238342285,548410.671,684,839139815525,1,1,0.05035597085952759,-0.05197027698159218,-0.03812938556075096,-0.0497995987534523,-0.11076519638299942,0.992598295211792,1,0.05020657926797867,-0.013922560028731823,-0.037224747240543365,-0.052987851202487946,-0.19087530672550201,0.9801830649375916,1,0.05047006905078888,-0.08260118961334229,-0.038851525634527206,-0.05060586333274841,-0.04702124372124672,0.9976112246513367
P001,P001_S01,P001_S01_ST1TR_TR04_R01,TR04,R01,Gridworld_Requested_Gaze,Study 1,Gridworld,Requested Feedback,Eye Gaze,1,1787856676.1879992,1787856683.8944073,2026-08-27T18:51:23.894407+00:00,7.7064080238342285,548410.671,685,839139926640,1,1,0.0503559336066246,-0.05170794576406479,-0.03812289610505104,-0.05025612935423851,-0.11184608191251755,0.9924540519714355,1,0.050212562084198,-0.013909767381846905,-0.03723105415701866,-0.05208611860871315,-0.18963855504989624,0.9804714322090149,1,0.050478458404541016,-0.08261023461818695,-0.03885035216808319,-0.049705199897289276,-0.048147063702344894,0.9976027011871338
P001,P001_S01,P001_S01_ST1TR_TR04_R01,TR04,R01,Gridworld_Requested_Gaze,Study 1,Gridworld,Requested Feedback,Eye Gaze,1,1787856676.1879992,1787856683.9079268,2026-08-27T18:51:23.907927+00:00,7.719927549362183,548410.671,686,839140038599,1,1,0.05035703629255295,-0.051648952066898346,-0.03811895474791527,-0.0506463423371315,-0.11164723336696625,0.9924564957618713,1,0.050212398171424866,-0.013907885178923607,-0.0372253879904747,-0.05246170982718468,-0.18903546035289764,0.9805679321289062,1,0.05048537999391556,-0.0825919359922409,-0.038832955062389374,-0.04984544217586517,-0.04565965756773949,0.9977127313613892
P001,P001_S01,P001_S01_ST1TR_TR04_R01,TR04,R01,Gridworld_Requested_Gaze,Study 1,Gridworld,Requested Feedback,Eye Gaze,1,1787856676.1879992,1787856683.9079268,2026-08-27T18:51:23.907927+00:00,7.719927549362183,548410.671,687,839140192403,1,1,0.05035947263240814,-0.05175168067216873,-0.03811898082494736,-0.05047871917486191,-0.11067786812782288,0.9925737977027893,1,0.05021969601511955,-0.013900230638682842,-0.03722582384943962,-0.05118008702993393,-0.18835507333278656,0.9807665348052979,1,0.050491757690906525,-0.08258629590272903,-0.038825083523988724,-0.048722825944423676,-0.045179374516010284,0.9977899789810181
P001,P001_S01,P001_S01_ST1TR_TR04_R01,TR04,R01,Gridworld_Requested_Gaze,Study 1,Gridworld,Requested Feedback,Eye Gaze,1,1787856676.1879992,1787856683.9079268,2026-08-27T18:51:23.907927+00:00,7.719927549362183,548410.671,688,839140299471,1,1,0.05036221072077751,-0.05197138339281082,-0.03812047466635704,-0.05022500827908516,-0.10959196835756302,0.9927068948745728,1,0.05022245645523071,-0.013912864960730076,-0.03721635788679123,-0.050881385803222656,-0.1908387839794159,0.9803017377853394,1,0.05049479007720947,-0.08257504552602768,-0.03880852833390236,-0.04833012819290161,-0.04495496675372124,0.9978192448616028
P001,P001_S01,P001_S01_ST1TR_TR04_R01,TR04,R01,Gridworld_Requested_Gaze,Study 1,Gridworld,Requested Feedback,Eye Gaze,1,1787856676.1879992,1787856683.924616,2026-08-27T18:51:23.924616+00:00,7.736616849899292,548410.687,689,839140409999,1,1,0.050362955778837204,-0.051865339279174805,-0.038116052746772766,-0.050301093608140945,-0.11017163842916489,0.9926390051841736,1,0.05021847039461136,-0.013905311934649944,-0.03721212223172188,-0.051507994532585144,-0.18865114450454712,0.980692446231842,1,0.0504947230219841,-0.08258922398090363,-0.038823191076517105,-0.04898607358336449,-0.045259989798069,0.9977734684944153
P001,P001_S01,P001_S01_ST1TR_TR04_R01,TR04,R01,Gridworld_Requested_Gaze,Study 1,Gridworld,Requested Feedback,Eye Gaze,1,1787856676.1879992,1787856683.9492745,2026-08-27T18:51:23.949275+00:00,7.761275291442871,548410.718,690,839140521115,1,1,0.05036422237753868,-0.051955003291368484,-0.038116276264190674,-0.05044108256697655,-0.1095554381608963,0.9927000999450684,1,0.0502159409224987,-0.013917658478021622,-0.03719723969697952,-0.051879968494176865,-0.18972265720367432,0.9804660677909851,1,0.05049663409590721,-0.08258894830942154,-0.03882893547415733,-0.04925716295838356,-0.04503212496638298,0.9977704882621765
P001,P001_S01,P001_S01_ST1TR_TR04_R01,TR04,R01,Gridworld_Requested_Gaze,Study 1,Gridworld,Requested Feedback,Eye Gaze,1,1787856676.1879992,1787856683.9542718,2026-08-27T18:51:23.954272+00:00,7.76627254486084,548410.718,691,839140632228,1,1,0.050364408642053604,-0.051832299679517746,-0.03811156377196312,-0.05033054202795029,-0.11037606000900269,0.99261474609375,1,0.050218015909194946,-0.013913328759372234,-0.037196338176727295,-0.05113011971116066,-0.1890440434217453,0.980636477470398,1,0.0504942424595356,-0.08258729428052902,-0.03882446512579918,-0.04868599399924278,-0.04458744451403618,0.9978184700012207
P001,P001_S01,P001_S01_ST1TR_TR04_R01,TR04,R01,Gridworld_Requested_Gaze,Study 1,Gridworld,Requested Feedback,Eye Gaze,1,1787856676.1879992,1787856683.9542718,2026-08-27T18:51:23.954272+00:00,7.76627254486084,548410.718,692,839140743343,1,1,0.050364743918180466,-0.051786791533231735,-0.038106828927993774,-0.050612904131412506,-0.11004787683486938,0.9926369190216064,1,0.05021333694458008,-0.013918564654886723,-0.037186939269304276,-0.05220678448677063,-0.18906468152999878,0.9805758595466614,1,0.050490543246269226,-0.08258677273988724,-0.0388244204223156,-0.049742843955755234,-0.04402357339859009,0.9977912902832031
P001,P001_S01,P001_S01_ST1TR_TR04_R01,TR04,R01,Gridworld_Requested_Gaze,Study 1,Gridworld,Requested Feedback,Eye Gaze,1,1787856676.1879992,1787856683.97227,2026-08-27T18:51:23.972270+00:00,7.784270763397217,548410.734,693,839140854458,1,1,0.050366517156362534,-0.051929574459791183,-0.038107432425022125,-0.05038704350590706,-0.10844889283180237,0.9928243160247803,1,0.050214678049087524,-0.013897089287638664,-0.037210166454315186,-0.05103607475757599,-0.18763011693954468,0.980912983417511,1,0.05048706382513046,-0.08258414268493652,-0.03882239758968353,-0.04866344481706619,-0.04463613033294678,0.9978173971176147
P001,P001_S01,P001_S01_ST1TR_TR04_R01,TR04,R01,Gridworld_Requested_Gaze,Study 1,Gridworld,Requested Feedback,Eye Gaze,1,1787856676.1879992,1787856683.9882798,2026-08-27T18:51:23.988280+00:00,7.800280570983887,548410.765,694,839140965572,1,1,0.050367340445518494,-0.051950760185718536,-0.038106150925159454,-0.05053836852312088,-0.10845937579870224,0.9928155541419983,1,0.050207238644361496,-0.013889912515878677,-0.03721769526600838,-0.05192900449037552,-0.18686027824878693,0.9810129404067993,1,0.05048275366425514,-0.08258295059204102,-0.0388239324092865,-0.049424514174461365,-0.04452018812298775,0.9977850914001465
P001,P001_S01,P001_S01_ST1TR_TR04_R01,TR04,R01,Gridworld_Requested_Gaze,Study 1,Gridworld,Requested Feedback,Eye Gaze,1,1787856676.1879992,1787856683.9882798,2026-08-27T18:51:23.988280+00:00,7.800280570983887,548410.765,695,839141076686,1,1,0.05036754906177521,-0.05212865397334099,-0.0381084568798542,-0.05061594396829605,-0.10771797597408295,0.9928921461105347,1,0.05020579323172569,-0.013884913176298141,-0.03722655028104782,-0.05177924409508705,-0.1866934895515442,0.9810527563095093,1,0.05047503113746643,-0.08257678151130676,-0.038819171488285065,-0.04948229715228081,-0.04419379681348801,0.9977968335151672
P001,P001_S01,P001_S01_ST1TR_TR04_R01,TR04,R01,Gridworld_Requested_Gaze,Study 1,Gridworld,Requested Feedback,Eye Gaze,1,1787856676.1879992,1787856684.0208132,2026-08-27T18:51:24.020813+00:00,7.83281397819519,548410.796,696,839141187800,1,1,0.05036621540784836,-0.05220898240804672,-0.03810932859778404,-0.051053084433078766,-0.107503741979599,0.9928930401802063,1,0.05019497498869896,-0.013890276663005352,-0.037225112318992615,-0.053015921264886856,-0.1874525099992752,0.9808419346809387,1,0.05046936124563217,-0.08256673812866211,-0.03881417214870453,-0.050443265587091446,-0.04327499866485596,0.9977889657020569
P001,P001_S01,P001_S01_ST1TR_TR04_R01,TR04,R01,Gridworld_Requested_Gaze,Study 1,Gridworld,Requested Feedback,Eye Gaze,1,1787856676.1879992,1787856684.0208132,2026-08-27T18:51:24.020813+00:00,7.83281397819519,548410.796,697,839141298915,1,1,0.05036318302154541,-0.05221984162926674,-0.038109492510557175,-0.0516754612326622,-0.10721255838871002,0.9928923845291138,1,0.050188928842544556,-0.013878466561436653,-0.037233952432870865,-0.05389610305428505,-0.1864778995513916,0.9809796810150146,1,0.05046089366078377,-0.08256947249174118,-0.0388164147734642,-0.05143028497695923,-0.043903201818466187,0.9977111220359802
P001,P001_S01,P001_S01_ST1TR_TR04_R01,TR04,R01,Gridworld_Requested_Gaze,Study 1,Gridworld,Requested Feedback,Eye Gaze,1,1787856676.1879992,1787856684.0208132,2026-08-27T18:51:24.020813+00:00,7.83281397819519,548410.796,698,839141410030,1,1,0.050358954817056656,-0.052013881504535675,-0.03810592368245125,-0.051943887025117874,-0.10756515711545944,0.9928402900695801,1,0.05019066110253334,-0.01387262623757124,-0.037236254662275314,-0.05339464545249939,-0.1857582926750183,0.981143593788147,1,0.05045851692557335,-0.08256220072507858,-0.03881292790174484,-0.05097123235464096,-0.04303492605686188,0.9977725148200989
P001,P001_S01,P001_S01_ST1TR_TR04_R01,TR04,R01,Gridworld_Requested_Gaze,Study 1,Gridworld,Requested Feedback,Eye Gaze,1,1787856676.1879992,1787856684.038815,2026-08-27T18:51:24.038815+00:00,7.850815773010254,548410.812,699,839141521144,1,1,0.050356075167655945,-0.05215231329202652,-0.038108598440885544,-0.05231989920139313,-0.10675664246082306,0.9929078221321106,1,0.050187744200229645,-0.013884434476494789,-0.037219736725091934,-0.05404575541615486,-0.18662287294864655,0.9809439778327942,1,0.05045733228325844,-0.08255427330732346,-0.038805924355983734,-0.051536720246076584,-0.041734278202056885,0.9977986812591553
P001,P001_S01,P001_S01_ST1TR_TR04_R01,TR04,R01,Gridworld_Requested_Gaze,Study 1,Gridworld,Requested Feedback,Eye Gaze,1,1787856676.1879992,1787856684.0528562,2026-08-27T18:51:24.052856+00:00,7.864856958389282,548410.828,700,839141632258,1,1,0.05035322532057762,-0.05213958024978638,-0.03810818865895271,-0.05183614045381546,-0.10613853484392166,0.9929993748664856,1,0.05019501969218254,-0.013879007659852505,-0.03722529858350754,-0.051913924515247345,-0.1861882358789444,0.9811416268348694,1,0.05046285688877106,-0.08255448192358017,-0.038803696632385254,-0.049470316618680954,-0.041876085102558136,0.9978973269462585
P001,P001_S01,P001_S01_ST1TR_TR04_R01,TR04,R01,Gridworld_Requested_Gaze,Study 1,Gridworld,Requested Feedback,Eye Gaze,1,1787856676.1879992,1787856684.0568466,2026-08-27T18:51:24.056847+00:00,7.868847370147705,548410.828,701,839141743373,1,1,0.05035048723220825,-0.05210692435503006,-0.03810757398605347,-0.05132107436656952,-0.10733450204133987,0.9928975105285645,1,0.05019531771540642,-0.013875622302293777,-0.03722485154867172,-0.05136930197477341,-0.1859864592552185,0.9812085628509521,1,0.050464995205402374,-0.08255531638860703,-0.0388006828725338,-0.048839230090379715,-0.042233631014823914,0.9979133605957031
P001,P001_S01,P001_S01_ST1TR_TR04_R01,TR04,R01,Gridworld_Requested_Gaze,Study 1,Gridworld,Requested Feedback,Eye Gaze,1,1787856676.1879992,1787856684.0703578,2026-08-27T18:51:24.070358+00:00,7.882358551025391,548410.843,702,839141854487,1,1,0.05034862086176872,-0.052194103598594666,-0.03811034560203552,-0.05107112601399422,-0.10686244070529938,0.9929613471031189,1,0.050196509808301926,-0.01387912966310978,-0.03721914067864418,-0.051686082035303116,-0.18628369271755219,0.9811354279518127,1,0.05046404153108597,-0.08257045596837997,-0.03881080076098442,-0.04928053915500641,-0.0438375286757946,0.9978225231170654
P001,P001_S01,P001_S01_ST1TR_TR04_R01,TR04,R01,Gridworld_Requested_Gaze,Study 1,Gridworld,Requested Feedback,Eye Gaze,1,1787856676.1879992,1787856684.1253576,2026-08-27T18:51:24.125358+00:00,7.937358379364014,548410.89,703,839141965601,1,1,0.050346262753009796,-0.05210601165890694,-0.038108061999082565,-0.050819315016269684,-0.10653969645500183,0.9930089712142944,1,0.050192687660455704,-0.01387942023575306,-0.037214282900094986,-0.05157240480184555,-0.18594737350940704,0.9812052845954895,1,0.05046835541725159,-0.08257456123828888,-0.03881482034921646,-0.04897043853998184,-0.043945178389549255,0.9978329539299011
P001,P001_S01,P001_S01_ST1TR_TR04_R01,TR04,R01,Gridworld_Requested_Gaze,Study 1,Gridworld,Requested Feedback,Eye Gaze,1,1787856676.1879992,1787856684.1253576,2026-08-27T18:51:24.125358+00:00,7.937358379364014,548410.89,704,839142076715,1,1,0.05034474655985832,-0.052128203213214874,-0.03810732066631317,-0.05066031217575073,-0.1069098487496376,0.9929773807525635,1,0.05019311606884003,-0.013889044523239136,-0.03720385208725929,-0.05150216817855835,-0.18704654276371002,0.9810000658035278,1,0.05046503618359566,-0.08257266879081726,-0.0388120673596859,-0.04905688017606735,-0.04379768669605255,0.9978352189064026
P001,P001_S01,P001_S01_ST1TR_TR04_R01,TR04,R01,Gridworld_Requested_Gaze,Study 1,Gridworld,Requested Feedback,Eye Gaze,1,1787856676.1879992,1787856684.1253576,2026-08-27T18:51:24.125358+00:00,7.937358379364014,548410.89,705,839142187831,1,1,0.050343796610832214,-0.05211375281214714,-0.038105886429548264,-0.05032546818256378,-0.10668724030256271,0.9930183291435242,1,0.05019336938858032,-0.013882984407246113,-0.037207163870334625,-0.050893109291791916,-0.18612085282802582,0.9812079071998596,1,0.05046882852911949,-0.08257751166820526,-0.038814716041088104,-0.04843061417341232,-0.04408670961856842,0.9978531002998352
P001,P001_S01,P001_S01_ST1TR_TR04_R01,TR04,R01,Gridworld_Requested_Gaze,Study 1,Gridworld,Requested Feedback,Eye Gaze,1,1787856676.1879992,1787856684.1253576,2026-08-27T18:51:24.125358+00:00,7.937358379364014,548410.89,706,839142298945,1,1,0.05034409463405609,-0.05220013111829758,-0.03810708224773407,-0.0502716563642025,-0.10584577172994614,0.9931110143661499,1,0.050191037356853485,-0.013880403712391853,-0.03720306232571602,-0.05141249671578407,-0.18511474132537842,0.9813711047172546,1,0.050471507012844086,-0.08257730305194855,-0.03881668299436569,-0.04895326495170593,-0.04329546540975571,0.9978622794151306
P001,P001_S01,P001_S01_ST1TR_TR04_R01,TR04,R01,Gridworld_Requested_Gaze,Study 1,Gridworld,Requested Feedback,Eye Gaze,1,1787856676.1879992,1787856684.1253576,2026-08-27T18:51:24.125358+00:00,7.937358379364014,548410.89,707,839142410059,1,1,0.050344519317150116,-0.05226023867726326,-0.038106516003608704,-0.050942763686180115,-0.1050366684794426,0.9931627511978149,1,0.050187159329652786,-0.013887499459087849,-0.037192922085523605,-0.053393151611089706,-0.18516580760478973,0.9812557101249695,1,0.05046551302075386,-0.08256813138723373,-0.03881332650780678,-0.05098945274949074,-0.04168139770627022,0.9978289604187012
P001,P001_S01,P001_S01_ST1TR_TR04_R01,TR04,R01,Gridworld_Requested_Gaze,Study 1,Gridworld,Requested Feedback,Eye Gaze,1,1787856676.1879992,1787856684.1548638,2026-08-27T18:51:24.154864+00:00,7.966864585876465,548410.921,708,839142521172,1,1,0.05034594610333443,-0.05245135352015495,-0.03810862824320793,-0.051005490124225616,-0.10436981171369553,0.993229866027832,1,0.05019274726510048,-0.01389069389551878,-0.03719355911016464,-0.05229957401752472,-0.18592800199985504,0.9811704754829407,1,0.050468914210796356,-0.08255995064973831,-0.03880547359585762,-0.04984758421778679,-0.04112939164042473,0.997909665107727
P001,P001_S01,P001_S01_ST1TR_TR04_R01,TR04,R01,Gridworld_Requested_Gaze,Study 1,Gridworld,Requested Feedback,Eye Gaze,1,1787856676.1879992,1787856684.1548638,2026-08-27T18:51:24.154864+00:00,7.966864585876465,548410.921,709,839142632286,1,1,0.050345733761787415,-0.052397411316633224,-0.03810599446296692,-0.051818206906318665,-0.10680613666772842,0.9929287433624268,1,0.050178445875644684,-0.013949301093816757,-0.03719491884112358,-0.05438877269625664,-0.19300320744514465,0.9796895980834961,1,0.0504651702940464,-0.08259657770395279,-0.03880301117897034,-0.052041880786418915,-0.04560845345258713,0.9976028800010681
P001,P001_S01,P001_S01_ST1TR_TR04_R01,TR04,R01,Gridworld_Requested_Gaze,Study 1,Gridworld,Requested Feedback,Eye Gaze,1,1787856676.1879992,1787856684.1548638,2026-08-27T18:51:24.154864+00:00,7.966864585876465,548410.921,710,839142743402,1,1,0.05032733827829361,-0.051084864884614944,-0.0381094254553318,-0.054710738360881805,-0.12708669900894165,0.9903817176818848,1,0.05016621574759483,-0.014099511317908764,-0.03709602728486061,-0.05548020824790001,-0.20304520428180695,0.9775963425636292,1,0.05046546831727028,-0.08279230445623398,-0.038978211581707,-0.05379263311624527,-0.061367399990558624,0.9966647028923035
P001,P001_S01,P001_S01_ST1TR_TR04_R01,TR04,R01,Gridworld_Requested_Gaze,Study 1,Gridworld,Requested Feedback,Eye Gaze,1,1787856676.1879992,1787856684.1848662,2026-08-27T18:51:24.184866+00:00,7.996866941452026,548410.953,711,839142854516,1,1,0.050333235412836075,-0.05194171518087387,-0.03812188655138016,-0.05449356138706207,-0.12461445480585098,0.9907077550888062,1,0.05016915500164032,-0.014091307297348976,-0.03709203004837036,-0.05492030084133148,-0.20150448381900787,0.9779466986656189,1,0.05047069117426872,-0.08275468647480011,-0.038941025733947754,-0.053193122148513794,-0.056398436427116394,0.9969903826713562
P001,P001_S01,P001_S01_ST1TR_TR04_R01,TR04,R01,Gridworld_Requested_Gaze,Study 1,Gridworld,Requested Feedback,Eye Gaze,1,1787856676.1879992,1787856684.1848662,2026-08-27T18:51:24.184866+00:00,7.996866941452026,548410.953,712,839142965629,1,1,0.05033404752612114,-0.05155739188194275,-0.038106147199869156,-0.05454842746257782,-0.1234579011797905,0.990849494934082,1,0.05017192289233208,-0.014063783921301365,-0.03710131347179413,-0.0555981881916523,-0.19835010170936584,0.9785529971122742,1,0.05047811195254326,-0.08273586630821228,-0.03892141208052635,-0.05359391123056412,-0.054122500121593475,0.997094988822937
P001,P001_S01,P001_S01_ST1TR_TR04_R01,TR04,R01,Gridworld_Requested_Gaze,Study 1,Gridworld,Requested Feedback,Eye Gaze,1,1787856676.1879992,1787856684.190868,2026-08-27T18:51:24.190868+00:00,8.00286865234375,548410.953,713,839143076743,1,1,0.05033472552895546,-0.05155663937330246,-0.038104478269815445,-0.055044326931238174,-0.12215926498174667,0.9909829497337341,1,0.05017250031232834,-0.014057549647986889,-0.03710344061255455,-0.05680466070771217,-0.19742867350578308,0.9786701202392578,1,0.050473421812057495,-0.08274737745523453,-0.03892805054783821,-0.05503051355481148,-0.05515962839126587,0.996959924697876
P001,P001_S01,P001_S01_ST1TR_TR04_R01,TR04,R01,Gridworld_Requested_Gaze,Study 1,Gridworld,Requested Feedback,Eye Gaze,1,1787856676.1879992,1787856684.2178657,2026-08-27T18:51:24.217866+00:00,8.029866456985474,548410.984,714,839143187859,1,1,0.05033222958445549,-0.05112113431096077,-0.03809253126382828,-0.05591847002506256,-0.12279832363128662,0.9908550381660461,1,0.050170332193374634,-0.01404823549091816,-0.03710923716425896,-0.05820643529295921,-0.19661632180213928,0.9787511825561523,1,0.05046570673584938,-0.08274922519922256,-0.038928356021642685,-0.05656749755144119,-0.05560839921236038,0.9968489408493042
P001,P001_S01,P001_S01_ST1TR_TR04_R01,TR04,R01,Gridworld_Requested_Gaze,Study 1,Gridworld,Requested Feedback,Eye Gaze,1,1787856676.1879992,1787856684.2208657,2026-08-27T18:51:24.220866+00:00,8.032866477966309,548410.984,715,839143298973,1,1,0.05033153295516968,-0.050971563905477524,-0.03808693587779999,-0.05610549449920654,-0.12268147617578506,0.9908589124679565,1,0.0501769483089447,-0.01405447069555521,-0.03710954263806343,-0.057066258043050766,-0.19799116253852844,0.9785411953926086,1,0.05046387389302254,-0.08273500204086304,-0.038912333548069,-0.05540936812758446,-0.054630838334560394,0.9969680309295654
P001,P001_S01,P001_S01_ST1TR_TR04_R01,TR04,R01,Gridworld_Requested_Gaze,Study 1,Gridworld,Requested Feedback,Eye Gaze,1,1787856676.1879992,1787856684.2208657,2026-08-27T18:51:24.220866+00:00,8.032866477966309,548410.984,716,839143410087,1,1,0.05033247172832489,-0.051009368151426315,-0.03808647394180298,-0.05566415935754776,-0.12197917699813843,0.9909705519676208,1,0.05017804354429245,-0.01405534241348505,-0.037112172693014145,-0.055648092180490494,-0.19854223728179932,0.9785111546516418,1,0.05047370493412018,-0.08273221552371979,-0.038906700909137726,-0.05367058888077736,-0.054761748760938644,0.9970560073852539
P001,P001_S01,P001_S01_ST1TR_TR04_R01,TR04,R01,Gridworld_Requested_Gaze,Study 1,Gridworld,Requested Feedback,Eye Gaze,1,1787856676.1879992,1787856684.2478702,2026-08-27T18:51:24.247870+00:00,8.059870958328247,548411.015,717,839143521202,1,1,0.05033324658870697,-0.0511639304459095,-0.03809035196900368,-0.05576963722705841,-0.12117462605237961,0.9910634160041809,1,0.050174880772829056,-0.014056471176445484,-0.0371088981628418,-0.05670323222875595,-0.19849227368831635,0.9784608483314514,1,0.05046951398253441,-0.08275241404771805,-0.0389232337474823,-0.0549846775829792,-0.05688149482011795,0.9968657493591309
P001,P001_S01,P001_S01_ST1TR_TR04_R01,TR04,R01,Gridworld_Requested_Gaze,Study 1,Gridworld,Requested Feedback,Eye Gaze,1,1787856676.1879992,1787856684.2488706,2026-08-27T18:51:24.248871+00:00,8.060871362686157,548411.015,718,839143632316,1,1,0.050333164632320404,-0.05118957906961441,-0.038090575486421585,-0.05614630877971649,-0.12118744850158691,0.9910405278205872,1,0.050172947347164154,-0.014063743874430656,-0.03710082545876503,-0.05752558633685112,-0.19875070452690125,0.9783602952957153,1,0.050466541200876236,-0.08275209367275238,-0.038925182074308395,-0.05585504323244095,-0.0563262440264225,0.9968488216400146
P001,P001_S01,P001_S01_ST1TR_TR04_R01,TR04,R01,Gridworld_Requested_Gaze,Study 1,Gridworld,Requested Feedback,Eye Gaze,1,1787856676.1879992,1787856684.2488706,2026-08-27T18:51:24.248871+00:00,8.060871362686157,548411.015,719,839143743431,1,1,0.050333697348833084,-0.051281124353408813,-0.03809308260679245,-0.05599908530712128,-0.12083816528320312,0.9910915493965149,1,0.05017375946044922,-0.01406265888363123,-0.03710107132792473,-0.0564710907638073,-0.198648139834404,0.9784425497055054,1,0.050471238791942596,-0.08275959640741348,-0.038933198899030685,-0.05466703325510025,-0.05718182772397995,0.99686598777771
P001,P001_S01,P001_S01_ST1TR_TR04_R01,TR04,R01,Gridworld_Requested_Gaze,Study 1,Gridworld,Requested Feedback,Eye Gaze,1,1787856676.1879992,1787856684.2779567,2026-08-27T18:51:24.277957+00:00,8.089957475662231,548411.046,720,839143854545,1,1,0.050335027277469635,-0.05140729248523712,-0.038094524294137955,-0.05580029636621475,-0.12056230008602142,0.9911363124847412,1,0.05017290636897087,-0.014067787677049637,-0.03709733113646507,-0.05617149546742439,-0.198932945728302,0.9784018993377686,1,0.05047397315502167,-0.0827656090259552,-0.03893958404660225,-0.05442439764738083,-0.057599566876888275,0.9968551993370056
P001,P001_S01,P001_S01_ST1TR_TR04_R01,TR04,R01,Gridworld_Requested_Gaze,Study 1,Gridworld,Requested Feedback,Eye Gaze,1,1787856676.1879992,1787856684.278957,2026-08-27T18:51:24.278957+00:00,8.090957641601562,548411.046,721,839143965660,1,1,0.05033436790108681,-0.05127525329589844,-0.038091208785772324,-0.0561612993478775,-0.12131823599338531,0.9910236597061157,1,0.05016859248280525,-0.014083937741816044,-0.037084221839904785,-0.05753747373819351,-0.2000301629304886,0.9780988693237305,1,0.050469718873500824,-0.08277714997529984,-0.03895232453942299,-0.05584539845585823,-0.05824411287903786,0.9967391490936279
P001,P001_S01,P001_S01_ST1TR_TR04_R01,TR04,R01,Gridworld_Requested_Gaze,Study 1,Gridworld,Requested Feedback,Eye Gaze,1,1787856676.1879992,1787856684.3189542,2026-08-27T18:51:24.318954+00:00,8.13095498085022,548411.093,722,839144076774,1,1,0.050332579761743546,-0.05106065422296524,-0.038086581975221634,-0.05619843676686287,-0.12434209138154984,0.9906467199325562,1,0.05016859620809555,-0.014090710319578648,-0.037084754556417465,-0.05675646662712097,-0.20110882818698883,0.9779232144355774,1,0.05046521872282028,-0.08278706669807434,-0.03896096348762512,-0.05529564619064331,-0.05966633930802345,0.9966857433319092
P001,P001_S01,P001_S01_ST1TR_TR04_R01,TR04,R01,Gridworld_Requested_Gaze,Study 1,Gridworld,Requested Feedback,Eye Gaze,1,1787856676.1879992,1787856684.3199565,2026-08-27T18:51:24.319957+00:00,8.131957292556763,548411.093,723,839144187889,1,1,0.050331637263298035,-0.051045581698417664,-0.03808719664812088,-0.056070975959300995,-0.12415190041065216,0.9906778335571289,1,0.050159577280282974,-0.014083151705563068,-0.03709643706679344,-0.056582845747470856,-0.20045500993728638,0.9780675768852234,1,0.05046839267015457,-0.08277840912342072,-0.038954026997089386,-0.054761871695518494,-0.05886441469192505,0.9967628717422485
P001,P001_S01,P001_S01_ST1TR_TR04_R01,TR04,R01,Gridworld_Requested_Gaze,Study 1,Gridworld,Requested Feedback,Eye Gaze,1,1787856676.1879992,1787856684.3209548,2026-08-27T18:51:24.320955+00:00,8.132955551147461,548411.093,724,839144299002,1,1,0.05033037066459656,-0.05093300715088844,-0.03808462619781494,-0.055948249995708466,-0.1262495070695877,0.9904196262359619,1,0.05015813186764717,-0.014086012728512287,-0.037100695073604584,-0.05622672662138939,-0.20089097321033478,0.977998673915863,1,0.050462547689676285,-0.08277114480733871,-0.03894684091210365,-0.05475102365016937,-0.05811678618192673,0.996807336807251
P001,P001_S01,P001_S01_ST1TR_TR04_R01,TR04,R01,Gridworld_Requested_Gaze,Study 1,Gridworld,Requested Feedback,Eye Gaze,1,1787856676.1879992,1787856684.3209548,2026-08-27T18:51:24.320955+00:00,8.132955551147461,548411.093,725,839144410117,1,1,0.050329096615314484,-0.05099756643176079,-0.03808825463056564,-0.055996231734752655,-0.12596727907657623,0.990452766418457,1,0.05015185475349426,-0.014084654860198498,-0.03710990771651268,-0.056655172258615494,-0.20125634968280792,0.9778987765312195,1,0.05045711621642113,-0.08277232944965363,-0.03894984722137451,-0.055196963250637054,-0.05883710831403732,0.9967403411865234
P001,P001_S01,P001_S01_ST1TR_TR04_R01,TR04,R01,Gridworld_Requested_Gaze,Study 1,Gridworld,Requested Feedback,Eye Gaze,1,1787856676.1879992,1787856684.3494644,2026-08-27T18:51:24.349464+00:00,8.161465167999268,548411.125,726,839144521231,1,1,0.050325989723205566,-0.050904519855976105,-0.0380885973572731,-0.05666056275367737,-0.1264508217573166,0.9903534054756165,1,0.05014527216553688,-0.014086997136473656,-0.0371096171438694,-0.05841003730893135,-0.2011377364397049,0.9778199791908264,1,0.05045214295387268,-0.08278919756412506,-0.03896377608180046,-0.05702614784240723,-0.060368139296770096,0.9965459108352661
P001,P001_S01,P001_S01_ST1TR_TR04_R01,TR04,R01,Gridworld_Requested_Gaze,Study 1,Gridworld,Requested Feedback,Eye Gaze,1,1787856676.1879992,1787856684.3494644,2026-08-27T18:51:24.349464+00:00,8.161465167999268,548411.125,727,839144632345,1,1,0.050322193652391434,-0.05069751292467117,-0.03808555752038956,-0.057526394724845886,-0.12670055031776428,0.9902715682983398,1,0.05013953149318695,-0.014078478328883648,-0.037122663110494614,-0.059530630707740784,-0.2005685567855835,0.9778692126274109,1,0.0504462830722332,-0.08278290182352066,-0.03895830735564232,-0.058253541588783264,-0.05997947230935097,0.9964984059333801
P001,P001_S01,P001_S01_ST1TR_TR04_R01,TR04,R01,Gridworld_Requested_Gaze,Study 1,Gridworld,Requested Feedback,Eye Gaze,1,1787856676.1879992,1787856684.3504717,2026-08-27T18:51:24.350472+00:00,8.162472486495972,548411.125,728,839144743459,1,1,0.05031977966427803,-0.05062836408615112,-0.0380866602063179,-0.05738281458616257,-0.12698352336883545,0.9902435541152954,1,0.05014153569936752,-0.014079924672842026,-0.03713220730423927,-0.05751859396696091,-0.20181189477443695,0.9777339100837708,1,0.05045454949140549,-0.0827879086136818,-0.038954202085733414,-0.056120771914720535,-0.06152169406414032,0.9965267777442932
P001,P001_S01,P001_S01_ST1TR_TR04_R01,TR04,R01,Gridworld_Requested_Gaze,Study 1,Gridworld,Requested Feedback,Eye Gaze,1,1787856676.1879992,1787856684.3964686,2026-08-27T18:51:24.396469+00:00,8.20846939086914,548411.171,729,839144854574,1,1,0.0503169521689415,-0.05043039098381996,-0.038083892315626144,-0.056968867778778076,-0.12769834697246552,0.9901756048202515,1,0.05014357343316078,-0.014082110486924648,-0.03712841123342514,-0.05667678266763687,-0.20203539729118347,0.9777368903160095,1,0.05046122521162033,-0.08279132843017578,-0.03895759582519531,-0.05516346916556358,-0.06190715730190277,0.9965563416481018
P001,P001_S01,P001_S01_ST1TR_TR04_R01,TR04,R01,Gridworld_Requested_Gaze,Study 1,Gridworld,Requested Feedback,Eye Gaze,1,1787856676.1879992,1787856684.3964686,2026-08-27T18:51:24.396469+00:00,8.20846939086914,548411.171,730,839144965689,1,1,0.050313837826251984,-0.05030013620853424,-0.0380825474858284,-0.05702921748161316,-0.12752851843833923,0.9901940226554871,1,0.05014277622103691,-0.014086203649640083,-0.03712509199976921,-0.057536449283361435,-0.20241641998291016,0.9776078462600708,1,0.05045274645090103,-0.08278865367174149,-0.03895673528313637,-0.05629421025514603,-0.06158978492021561,0.996512770652771
P001,P001_S01,P001_S01_ST1TR_TR04_R01,TR04,R01,Gridworld_Requested_Gaze,Study 1,Gridworld,Requested Feedback,Eye Gaze,1,1787856676.1879992,1787856684.3964686,2026-08-27T18:51:24.396469+00:00,8.20846939086914,548411.171,731,839145077653,1,1,0.05031236633658409,-0.050232455134391785,-0.038082465529441833,-0.05637480318546295,-0.1273256540298462,0.9902576208114624,1,0.05014462023973465,-0.014081072062253952,-0.037131037563085556,-0.05579579621553421,-0.2021813988685608,0.9777573943138123,1,0.05046863481402397,-0.08277580142021179,-0.03894435986876488,-0.05410172790288925,-0.06044875457882881,0.9967040419578552
P001,P001_S01,P001_S01_ST1TR_TR04_R01,TR04,R01,Gridworld_Requested_Gaze,Study 1,Gridworld,Requested Feedback,Eye Gaze,1,1787856676.1879992,1787856684.4254682,2026-08-27T18:51:24.425468+00:00,8.237468957901001,548411.187,732,839145231645,1,1,0.05031203478574753,-0.05040851980447769,-0.03808862343430519,-0.05635609105229378,-0.12774057686328888,0.9902052283287048,1,0.050144635140895844,-0.014093756675720215,-0.03711739182472229,-0.05687135457992554,-0.20278900861740112,0.9775696396827698,1,0.050465941429138184,-0.08279028534889221,-0.03895748406648636,-0.05544315278530121,-0.06130514666438103,0.9965780377388
P001,P001_S01,P001_S01_ST1TR_TR04_R01,TR04,R01,Gridworld_Requested_Gaze,Study 1,Gridworld,Requested Feedback,Eye Gaze,1,1787856676.1879992,1787856684.4254682,2026-08-27T18:51:24.425468+00:00,8.237468957901001,548411.187,733,839145338661,1,1,0.050311047583818436,-0.050442516803741455,-0.03809179738163948,-0.05663812905550003,-0.12733855843544006,0.9902409315109253,1,0.05014133080840111,-0.014091490767896175,-0.03711926192045212,-0.05773279443383217,-0.2023223638534546,0.9776157140731812,1,0.05046278238296509,-0.08280876278877258,-0.03897741809487343,-0.05633201822638512,-0.06316802650690079,0.9964118003845215
P001,P001_S01,P001_S01_ST1TR_TR04_R01,TR04,R01,Gridworld_Requested_Gaze,Study 1,Gridworld,Requested Feedback,Eye Gaze,1,1787856676.1879992,1787856684.426474,2026-08-27T18:51:24.426474+00:00,8.23847484588623,548411.187,734,839145449236,1,1,0.05031147971749306,-0.0506744384765625,-0.03810028359293938,-0.056377723813056946,-0.12751340866088867,0.990233302116394,1,0.050141241401433945,-0.01408480666577816,-0.037130869925022125,-0.05650556832551956,-0.20193204283714294,0.9777681827545166,1,0.0504663810133934,-0.08279191702604294,-0.03896308317780495,-0.05493990331888199,-0.061510130763053894,0.9965932965278625
P001,P001_S01,P001_S01_ST1TR_TR04_R01,TR04,R01,Gridworld_Requested_Gaze,Study 1,Gridworld,Requested Feedback,Eye Gaze,1,1787856676.1879992,1787856684.4550028,2026-08-27T18:51:24.455003+00:00,8.267003536224365,548411.218,735,839145560351,1,1,0.05031123384833336,-0.05075424909591675,-0.03810502961277962,-0.05625930428504944,-0.12701308727264404,0.9903043508529663,1,0.05013559013605118,-0.014074495993554592,-0.037150315940380096,-0.05667377635836601,-0.20146629214286804,0.9778544902801514,1,0.05045965686440468,-0.08279750496149063,-0.03896450251340866,-0.055170055478811264,-0.06279539316892624,0.9965004920959473
P001,P001_S01,P001_S01_ST1TR_TR04_R01,TR04,R01,Gridworld_Requested_Gaze,Study 1,Gridworld,Requested Feedback,Eye Gaze,1,1787856676.1879992,1787856684.4560032,2026-08-27T18:51:24.456003+00:00,8.268003940582275,548411.218,736,839145671465,1,1,0.050310153514146805,-0.050668418407440186,-0.038104232400655746,-0.05608983710408211,-0.12833893299102783,0.9901430010795593,1,0.05012943595647812,-0.014083050191402435,-0.0371570810675621,-0.05645667016506195,-0.20329870283603668,0.9774876832962036,1,0.050453461706638336,-0.08277925103902817,-0.03894819691777229,-0.054780591279268265,-0.061601437628269196,0.9965964555740356
P001,P001_S01,P001_S01_ST1TR_TR04_R01,TR04,R01,Gridworld_Requested_Gaze,Study 1,Gridworld,Requested Feedback,Eye Gaze,1,1787856676.1879992,1787856684.478004,2026-08-27T18:51:24.478004+00:00,8.29000473022461,548411.25,737,839145782580,1,1,0.050309307873249054,-0.05071443319320679,-0.03810791298747063,-0.055898409336805344,-0.12874679267406464,0.9901009202003479,1,0.05012313276529312,-0.014068741351366043,-0.03717833012342453,-0.05623294413089752,-0.20276980102062225,0.9776105284690857,1,0.05044097080826759,-0.08279158174991608,-0.0389554388821125,-0.05464199185371399,-0.06405123323202133,0.9964495897293091
P001,P001_S01,P001_S01_ST1TR_TR04_R01,TR04,R01,Gridworld_Requested_Gaze,Study 1,Gridworld,Requested Feedback,Eye Gaze,1,1787856676.1879992,1787856684.479004,2026-08-27T18:51:24.479004+00:00,8.291004657745361,548411.25,738,839145893693,1,1,0.05035204440355301,-0.05403028056025505,-0.038162946701049805,-0.04675256833434105,-0.10948596894741058,0.9928882718086243,1,0.050191186368465424,-0.01400409359484911,-0.03714979812502861,-0.04801437258720398,-0.1957682967185974,0.9794740080833435,1,0.050467006862163544,-0.08263616263866425,-0.03888702392578125,-0.045632362365722656,-0.0473104864358902,0.9978373646736145
P001,P001_S01,P001_S01_ST1TR_TR04_R01,TR04,R01,Gridworld_Requested_Gaze,Study 1,Gridworld,Requested Feedback,Eye Gaze,1,1787856676.1879992,1787856684.4840033,2026-08-27T18:51:24.484003+00:00,8.296004056930542,548411.25,739,839146004808,1,0,0.0,0.0,0.0,0.0,0.0,0.0,1,0.05053677782416344,-0.013402428478002548,-0.037490323185920715,-0.004376894794404507,-0.1422511488199234,0.9898208975791931,1,0.05078507214784622,-0.08173742890357971,-0.038594163954257965,-0.0002913283824454993,0.0389837920665741,0.9992398023605347
P001,P001_S01,P001_S01_ST1TR_TR04_R01,TR04,R01,Gridworld_Requested_Gaze,Study 1,Gridworld,Requested Feedback,Eye Gaze,1,1787856676.1879992,1787856684.5110025,2026-08-27T18:51:24.511003+00:00,8.32300329208374,548411.281,740,839146115923,1,0,0.0,0.0,0.0,0.0,0.0,0.0,1,0.05080249160528183,-0.012730097398161888,-0.037722643464803696,0.028229106217622757,-0.06140265241265297,0.9977138042449951,1,0.05106471851468086,-0.08109160512685776,-0.038766611367464066,0.03204227611422539,0.11298638582229614,0.9930797219276428
P001,P001_S01,P001_S01_ST1TR_TR04_R01,TR04,R01,Gridworld_Requested_Gaze,Study 1,Gridworld,Requested Feedback,Eye Gaze,1,1787856676.1879992,1787856684.5120025,2026-08-27T18:51:24.512002+00:00,8.324003219604492,548411.281,741,839146227038,1,0,0.0,0.0,0.0,0.0,0.0,0.0,1,0.05089839920401573,-0.012336685322225094,-0.03781161829829216,0.03629069775342941,-0.01683538593351841,0.999199390411377,1,0.05111737549304962,-0.08088502287864685,-0.03890054672956467,0.039314839988946915,0.13455185294151306,0.990126371383667
P001,P001_S01,P001_S01_ST1TR_TR04_R01,TR04,R01,Gridworld_Requested_Gaze,Study 1,Gridworld,Requested Feedback,Eye Gaze,1,1787856676.1879992,1787856684.5200078,2026-08-27T18:51:24.520008+00:00,8.332008600234985,548411.296,742,839146338153,1,1,0.05100233107805252,-0.04809453710913658,-0.03836698457598686,0.03964018449187279,0.06733739376068115,0.9969425797462463,1,0.050874918699264526,-0.012250524945557117,-0.037788648158311844,0.03816245123744011,-0.004129348788410425,0.9992629885673523,1,0.051119040697813034,-0.0809277668595314,-0.038896746933460236,0.04081590101122856,0.13249894976615906,0.9903424978256226
P001,P001_S01,P001_S01_ST1TR_TR04_R01,TR04,R01,Gridworld_Requested_Gaze,Study 1,Gridworld,Requested Feedback,Eye Gaze,1,1787856676.1879992,1787856684.5240068,2026-08-27T18:51:24.524007+00:00,8.336007595062256,548411.296,743,839146449267,1,1,0.05100930482149124,-0.047477513551712036,-0.03832443431019783,0.040462296456098557,0.06754574179649353,0.996895432472229,1,0.05089878290891647,-0.012290626764297485,-0.03769100084900856,0.040548380464315414,-0.0029361234046518803,0.9991732835769653,1,0.051132094115018845,-0.08093202859163284,-0.03886425867676735,0.04320231080055237,0.13744543492794037,0.9895667433738708
P001,P001_S01,P001_S01_ST1TR_TR04_R01,TR04,R01,Gridworld_Requested_Gaze,Study 1,Gridworld,Requested Feedback,Eye Gaze,1,1787856676.1879992,1787856684.5382528,2026-08-27T18:51:24.538253+00:00,8.350253582000732,548411.312,744,839146560381,1,1,0.05101572349667549,-0.04772506654262543,-0.03831285610795021,0.04117756709456444,0.06793176382780075,0.9968399405479431,1,0.050904564559459686,-0.012301350012421608,-0.03766617178916931,0.040951699018478394,-0.003928791265934706,0.9991533160209656,1,0.051141586154699326,-0.08096189051866531,-0.0388580784201622,0.04358191043138504,0.13445399701595306,0.9899610280990601
P001,P001_S01,P001_S01_ST1TR_TR04_R01,TR04,R01,Gridworld_Requested_Gaze,Study 1,Gridworld,Requested Feedback,Eye Gaze,1,1787856676.1879992,1787856684.5637913,2026-08-27T18:51:24.563791+00:00,8.375792026519775,548411.328,745,839146671496,1,1,0.05101578310132027,-0.04726254940032959,-0.038288891315460205,0.04036518186330795,0.06530927121639252,0.9970483183860779,1,0.05090103670954704,-0.012329845689237118,-0.03762952983379364,0.0372370146214962,-0.008067673072218895,0.9992738962173462,1,0.05113625526428223,-0.08098014444112778,-0.038831789046525955,0.04007069393992424,0.13171418011188507,0.9904775023460388
P001,P001_S01,P001_S01_ST1TR_TR04_R01,TR04,R01,Gridworld_Requested_Gaze,Study 1,Gridworld,Requested Feedback,Eye Gaze,1,1787856676.1879992,1787856684.5637913,2026-08-27T18:51:24.563791+00:00,8.375792026519775,548411.328,746,839146782610,1,1,0.05101557448506355,-0.04690822213888168,-0.03826523572206497,0.0396171435713768,0.06299585849046707,0.9972272515296936,1,0.0509016253054142,-0.012384233996272087,-0.03756707161664963,0.036691416054964066,-0.010777209885418415,0.9992684721946716,1,0.05113603174686432,-0.08099622279405594,-0.038817889988422394,0.03955131396651268,0.1332879662513733,0.9902878403663635
P001,P001_S01,P001_S01_ST1TR_TR04_R01,TR04,R01,Gridworld_Requested_Gaze,Study 1,Gridworld,Requested Feedback,Eye Gaze,1,1787856676.1879992,1787856684.5647929,2026-08-27T18:51:24.564793+00:00,8.376793622970581,548411.328,747,839146893724,1,1,0.0510154627263546,-0.04655997455120087,-0.03824285417795181,0.040015969425439835,0.05907081812620163,0.9974515438079834,1,0.05089808255434036,-0.012436258606612682,-0.037513457238674164,0.03939475119113922,-0.016620902344584465,0.9990854263305664,1,0.05114555358886719,-0.08103766292333603,-0.03882158175110817,0.04208141937851906,0.12883171439170837,0.9907732605934143
P001,P001_S01,P001_S01_ST1TR_TR04_R01,TR04,R01,Gridworld_Requested_Gaze,Study 1,Gridworld,Requested Feedback,Eye Gaze,1,1787856676.1879992,1787856684.5878832,2026-08-27T18:51:24.587883+00:00,8.39988398551941,548411.359,748,839147004838,1,1,0.05101384222507477,-0.046010274440050125,-0.038219891488552094,0.04032674431800842,0.05400596559047699,0.9977259635925293,1,0.0508892796933651,-0.01245073787868023,-0.03749881312251091,0.039589378982782364,-0.01790620945394039,0.9990555644035339,1,0.05114973336458206,-0.08107373118400574,-0.03882158175110817,0.042279958724975586,0.1252521425485611,0.9912236928939819
P001,P001_S01,P001_S01_ST1TR_TR04_R01,TR04,R01,Gridworld_Requested_Gaze,Study 1,Gridworld,Requested Feedback,Eye Gaze,1,1787856676.1879992,1787856684.5878832,2026-08-27T18:51:24.587883+00:00,8.39988398551941,548411.359,749,839147115952,1,1,0.0510139986872673,-0.04596567898988724,-0.03820784389972687,0.040558576583862305,0.05081697553396225,0.9978842735290527,1,0.05088384449481964,-0.01249642577022314,-0.037458717823028564,0.03955140337347984,-0.022408436983823776,0.9989662170410156,1,0.05115552991628647,-0.08113525807857513,-0.03883494809269905,0.04221081733703613,0.11910833418369293,0.9919836521148682
P001,P001_S01,P001_S01_ST1TR_TR04_R01,TR04,R01,Gridworld_Requested_Gaze,Study 1,Gridworld,Requested Feedback,Eye Gaze,1,1787856676.1879992,1787856684.617694,2026-08-27T18:51:24.617694+00:00,8.429694652557373,548411.39,750,839147227068,1,1,0.05101264640688896,-0.045624811202287674,-0.038192085921764374,0.040223658084869385,0.04605654254555702,0.9981287121772766,1,0.05088111013174057,-0.012498835101723671,-0.03747265413403511,0.03818223997950554,-0.023902488872408867,0.9989848732948303,1,0.05115374177694321,-0.08114264160394669,-0.038812462240457535,0.0410093329846859,0.1170794665813446,0.9922754764556885
P001,P001_S01,P001_S01_ST1TR_TR04_R01,TR04,R01,Gridworld_Requested_Gaze,Study 1,Gridworld,Requested Feedback,Eye Gaze,1,1787856676.1879992,1787856684.617694,2026-08-27T18:51:24.617694+00:00,8.429694652557373,548411.39,751,839147338182,1,1,0.05101202428340912,-0.04548291489481926,-0.03818199038505554,0.04031188040971756,0.042941898107528687,0.9982640743255615,1,0.05087950453162193,-0.012515398673713207,-0.037473998963832855,0.03909071534872055,-0.025817325338721275,0.9989020824432373,1,0.0511544868350029,-0.08116890490055084,-0.038810908794403076,0.04180315509438515,0.11426856368780136,0.9925699830055237
P001,P001_S01,P001_S01_ST1TR_TR04_R01,TR04,R01,Gridworld_Requested_Gaze,Study 1,Gridworld,Requested Feedback,Eye Gaze,1,1787856676.1879992,1787856684.6480134,2026-08-27T18:51:24.648013+00:00,8.46001410484314,548411.421,752,839147449295,1,1,0.051012568175792694,-0.04525703564286232,-0.03815919905900955,0.04043043032288551,0.04108882695436478,0.9983372688293457,1,0.05087575316429138,-0.01254476048052311,-0.03747861459851265,0.03923789784312248,-0.026920054107904434,0.9988671541213989,1,0.05114804208278656,-0.0812242180109024,-0.03884126618504524,0.041872698813676834,0.11018497496843338,0.9930287599563599
P001,P001_S01,P001_S01_ST1TR_TR04_R01,TR04,R01,Gridworld_Requested_Gaze,Study 1,Gridworld,Requested Feedback,Eye Gaze,1,1787856676.1879992,1787856684.6480134,2026-08-27T18:51:24.648013+00:00,8.46001410484314,548411.421,753,839147560409,1,1,0.05101313069462776,-0.045100659132003784,-0.038142841309309006,0.04081054404377937,0.03857670724391937,0.9984219670295715,1,0.05089781433343887,-0.012538773007690907,-0.037496138364076614,0.04008869826793671,-0.03056706115603447,0.9987284541130066,1,0.05115791782736778,-0.08120162785053253,-0.038800179958343506,0.04276787117123604,0.10871384292840958,0.9931526184082031
P001,P001_S01,P001_S01_ST1TR_TR04_R01,TR04,R01,Gridworld_Requested_Gaze,Study 1,Gridworld,Requested Feedback,Eye Gaze,1,1787856676.1879992,1787856684.649516,2026-08-27T18:51:24.649516+00:00,8.461516857147217,548411.421,754,839147671524,1,1,0.051117949187755585,-0.044514622539281845,-0.038120318204164505,0.055910155177116394,0.06790686398744583,0.9961238503456116,1,0.05099087208509445,-0.012348570860922337,-0.03750702738761902,0.054790738970041275,-0.0011430979939177632,0.9984971284866333,1,0.05126180499792099,-0.08092568069696426,-0.03881455585360527,0.05685513839125633,0.14567817747592926,0.9876970648765564
P001,P001_S01,P001_S01_ST1TR_TR04_R01,TR04,R01,Gridworld_Requested_Gaze,Study 1,Gridworld,Requested Feedback,Eye Gaze,1,1787856676.1879992,1787856684.6784434,2026-08-27T18:51:24.678443+00:00,8.49044418334961,548411.453,755,839147782639,1,1,0.05111865699291229,-0.04417724162340164,-0.038126979023218155,0.056125298142433167,0.06878712028265,0.9960513710975647,1,0.050983428955078125,-0.012265248224139214,-0.03754686191678047,0.05539565905928612,0.003473450429737568,0.9984584450721741,1,0.0512787364423275,-0.08085520565509796,-0.03882153332233429,0.05752524361014366,0.14850319921970367,0.9872373342514038
P001,P001_S01,P001_S01_ST1TR_TR04_R01,TR04,R01,Gridworld_Requested_Gaze,Study 1,Gridworld,Requested Feedback,Eye Gaze,1,1787856676.1879992,1787856684.679445,2026-08-27T18:51:24.679445+00:00,8.491445779800415,548411.453,756,839147893753,1,1,0.05111232399940491,-0.04348393529653549,-0.03810478374361992,0.05481455847620964,0.06594427675008774,0.9963166117668152,1,0.05097411200404167,-0.012352442368865013,-0.03744722530245781,0.05126288905739784,-0.0026288945227861404,0.9986817240715027,1,0.051263611763715744,-0.08094049245119095,-0.03886113315820694,0.05347466096282005,0.14276081323623657,0.9883116483688354
P001,P001_S01,P001_S01_ST1TR_TR04_R01,TR04,R01,Gridworld_Requested_Gaze,Study 1,Gridworld,Requested Feedback,Eye Gaze,1,1787856676.1879992,1787856684.679445,2026-08-27T18:51:24.679445+00:00,8.491445779800415,548411.453,757,839148004867,1,1,0.05111558735370636,-0.04434720054268837,-0.038114577531814575,0.053888238966464996,0.06702133268117905,0.9962952733039856,1,0.05097281560301781,-0.012369124218821526,-0.0374259389936924,0.05105192959308624,-0.003288367297500372,0.9986906051635742,1,0.05127560347318649,-0.0809745192527771,-0.03885093703866005,0.053201232105493546,0.14023520052433014,0.9886879324913025
P001,P001_S01,P001_S01_ST1TR_TR04_R01,TR04,R01,Gridworld_Requested_Gaze,Study 1,Gridworld,Requested Feedback,Eye Gaze,1,1787856676.1879992,1787856684.6932771,2026-08-27T18:51:24.693277+00:00,8.505277872085571,548411.468,758,839148115983,1,1,0.05111748352646828,-0.04467282071709633,-0.038111165165901184,0.053960416465997696,0.0669398158788681,0.9962969422340393,1,0.05097861960530281,-0.012378291226923466,-0.03741206228733063,0.05306617543101311,-0.004056040197610855,0.9985827803611755,1,0.05127762258052826,-0.08097507059574127,-0.038811638951301575,0.05524982884526253,0.1403900384902954,0.988553524017334
P001,P001_S01,P001_S01_ST1TR_TR04_R01,TR04,R01,Gridworld_Requested_Gaze,Study 1,Gridworld,Requested Feedback,Eye Gaze,1,1787856676.1879992,1787856684.7187903,2026-08-27T18:51:24.718790+00:00,8.53079104423523,548411.484,759,839148227097,1,1,0.051119521260261536,-0.04527726769447327,-0.03811681643128395,0.05388226732611656,0.06751865148544312,0.9962620139122009,1,0.05097401887178421,-0.012394320219755173,-0.037409454584121704,0.0525817796587944,-0.005898014642298222,0.9985991716384888,1,0.05127160996198654,-0.08101256191730499,-0.038815293461084366,0.054848987609148026,0.1362839788198471,0.98915034532547
P001,P001_S01,P001_S01_ST1TR_TR04_R01,TR04,R01,Gridworld_Requested_Gaze,Study 1,Gridworld,Requested Feedback,Eye Gaze,1,1787856676.1879992,1787856684.7207885,2026-08-27T18:51:24.720788+00:00,8.53278923034668,548411.484,760,839148338211,1,1,0.051117416471242905,-0.04516181722283363,-0.03810785710811615,0.05343511328101158,0.0647304356098175,0.9964712262153625,1,0.05096643418073654,-0.012410297989845276,-0.03740375116467476,0.051631275564432144,-0.007770082447677851,0.9986359477043152,1,0.05126248672604561,-0.08101527392864227,-0.038795456290245056,0.05377628281712532,0.13601429760456085,0.9892463088035583
P001,P001_S01,P001_S01_ST1TR_TR04_R01,TR04,R01,Gridworld_Requested_Gaze,Study 1,Gridworld,Requested Feedback,Eye Gaze,1,1787856676.1879992,1787856684.7207885,2026-08-27T18:51:24.720788+00:00,8.53278923034668,548411.484,761,839148449325,1,1,0.05111522227525711,-0.04504764825105667,-0.03810033202171326,0.0532340444624424,0.061827193945646286,0.9966662526130676,1,0.050960734486579895,-0.012424666434526443,-0.03740239143371582,0.05185281112790108,-0.009717561304569244,0.9986073970794678,1,0.051260706037282944,-0.0810386911034584,-0.03879363462328911,0.054162103682756424,0.13320259749889374,0.9896078109741211
P001,P001_S01,P001_S01_ST1TR_TR04_R01,TR04,R01,Gridworld_Requested_Gaze,Study 1,Gridworld,Requested Feedback,Eye Gaze,1,1787856676.1879992,1787856684.7357633,2026-08-27T18:51:24.735763+00:00,8.54776406288147,548411.5,762,839148560439,1,1,0.051112864166498184,-0.044812776148319244,-0.03809066116809845,0.05346246063709259,0.058260247111320496,0.996868908405304,1,0.050960611552000046,-0.012442421168088913,-0.03739609569311142,0.052909623831510544,-0.01172665599733591,0.9985303282737732,1,0.051260806620121,-0.08105271309614182,-0.03878488391637802,0.055263057351112366,0.1317518800497055,0.9897410869598389
P001,P001_S01,P001_S01_ST1TR_TR04_R01,TR04,R01,Gridworld_Requested_Gaze,Study 1,Gridworld,Requested Feedback,Eye Gaze,1,1787856676.1879992,1787856684.751351,2026-08-27T18:51:24.751351+00:00,8.56335186958313,548411.515,763,839148671554,1,1,0.05111078917980194,-0.04458696022629738,-0.038082223385572433,0.05389723554253578,0.05517549440264702,0.9970210194587708,1,0.05095653608441353,-0.012449242174625397,-0.03739701583981514,0.0536377914249897,-0.012326845899224281,0.9984843134880066,1,0.05126553773880005,-0.08106903731822968,-0.038785792887210846,0.05615682154893875,0.1301015019416809,0.9899091124534607
P001,P001_S01,P001_S01_ST1TR_TR04_R01,TR04,R01,Gridworld_Requested_Gaze,Study 1,Gridworld,Requested Feedback,Eye Gaze,1,1787856676.1879992,1787856684.784647,2026-08-27T18:51:24.784647+00:00,8.5966477394104,548411.546,764,839148782668,1,1,0.051107242703437805,-0.04438107833266258,-0.03807071968913078,0.053007375448942184,0.05202322080731392,0.9972382187843323,1,0.05095036327838898,-0.012456459924578667,-0.03740290179848671,0.05028479918837547,-0.01468154601752758,0.9986269474029541,1,0.05125260353088379,-0.08108798414468765,-0.03878093883395195,0.05273190885782242,0.12674394249916077,0.9905329346656799
P001,P001_S01,P001_S01_ST1TR_TR04_R01,TR04,R01,Gridworld_Requested_Gaze,Study 1,Gridworld,Requested Feedback,Eye Gaze,1,1787856676.1879992,1787856684.7876465,2026-08-27T18:51:24.787647+00:00,8.599647283554077,548411.562,765,839148893783,1,1,0.0511038675904274,-0.04443671926856041,-0.03806186839938164,0.052198220044374466,0.05073811486363411,0.9973469972610474,1,0.050944313406944275,-0.012461068108677864,-0.0374046191573143,0.04960991069674492,-0.01567203924059868,0.9986457228660583,1,0.05124804750084877,-0.08110509812831879,-0.03878144174814224,0.052113939076662064,0.12452886253595352,0.9908464550971985
P001,P001_S01,P001_S01_ST1TR_TR04_R01,TR04,R01,Gridworld_Requested_Gaze,Study 1,Gridworld,Requested Feedback,Eye Gaze,1,1787856676.1879992,1787856684.7899783,2026-08-27T18:51:24.789978+00:00,8.60197901725769,548411.562,766,839149004897,1,1,0.05110275372862816,-0.044769540429115295,-0.03806275501847267,0.05181990936398506,0.050014447420835495,0.9974033236503601,1,0.05094552040100098,-0.0124600725248456,-0.03741715848445892,0.05018629506230354,-0.016570836305618286,0.9986023902893066,1,0.05124334245920181,-0.08112113177776337,-0.03877533972263336,0.05242941901087761,0.1219329908490181,0.9911525845527649
P001,P001_S01,P001_S01_ST1TR_TR04_R01,TR04,R01,Gridworld_Requested_Gaze,Study 1,Gridworld,Requested Feedback,Eye Gaze,1,1787856676.1879992,1787856684.7899783,2026-08-27T18:51:24.789978+00:00,8.60197901725769,548411.562,767,839149116012,1,1,0.05109715089201927,-0.0444423072040081,-0.038050681352615356,0.050899870693683624,0.048269230872392654,0.9975366592407227,1,0.050936177372932434,-0.01246575452387333,-0.03741742670536041,0.04834388196468353,-0.0174933560192585,0.9986775517463684,1,0.051229268312454224,-0.0811111256480217,-0.03875027596950531,0.05058135464787483,0.12284542620182037,0.9911359548568726
P001,P001_S01,P001_S01_ST1TR_TR04_R01,TR04,R01,Gridworld_Requested_Gaze,Study 1,Gridworld,Requested Feedback,Eye Gaze,1,1787856676.1879992,1787856684.8158536,2026-08-27T18:51:24.815854+00:00,8.627854347229004,548411.578,768,839149227126,1,1,0.0510932020843029,-0.044620223343372345,-0.03805059939622879,0.05096349120140076,0.050151459872722626,0.9974405765533447,1,0.05093008279800415,-0.012477755546569824,-0.03740467503666878,0.0501357801258564,-0.01756354048848152,0.998587965965271,1,0.05123259499669075,-0.08111598342657089,-0.03875124454498291,0.0524289570748806,0.12358005344867706,0.9909487366676331
P001,P001_S01,P001_S01_ST1TR_TR04_R01,TR04,R01,Gridworld_Requested_Gaze,Study 1,Gridworld,Requested Feedback,Eye Gaze,1,1787856676.1879992,1787856684.8178537,2026-08-27T18:51:24.817854+00:00,8.629854440689087,548411.593,769,839149338241,1,1,0.05108637362718582,-0.044183775782585144,-0.03803765028715134,0.05062921717762947,0.04827612265944481,0.9975501298904419,1,0.050922196358442307,-0.012494919821619987,-0.037393346428871155,0.04912693426012993,-0.019345533102750778,0.9986051917076111,1,0.05122612789273262,-0.08112221956253052,-0.038751594722270966,0.051510509103536606,0.12306679785251617,0.9910606741905212
P001,P001_S01,P001_S01_ST1TR_TR04_R01,TR04,R01,Gridworld_Requested_Gaze,Study 1,Gridworld,Requested Feedback,Eye Gaze,1,1787856676.1879992,1787856684.8474998,2026-08-27T18:51:24.847500+00:00,8.65950059890747,548411.609,770,839149449354,1,1,0.05108242481946945,-0.04445124417543411,-0.038039691746234894,0.0497983917593956,0.049420226365327835,0.9975359439849854,1,0.050910718739032745,-0.012495997361838818,-0.03739124909043312,0.047277674078941345,-0.01926589570939541,0.9986960291862488,1,0.05121692642569542,-0.0811215192079544,-0.03874453902244568,0.04966523498296738,0.12336012721061707,0.9911183714866638
P001,P001_S01,P001_S01_ST1TR_TR04_R01,TR04,R01,Gridworld_Requested_Gaze,Study 1,Gridworld,Requested Feedback,Eye Gaze,1,1787856676.1879992,1787856684.8485,2026-08-27T18:51:24.848500+00:00,8.660500764846802,548411.625,771,839149560468,1,1,0.05107787624001503,-0.04453914240002632,-0.03803884983062744,0.04950830712914467,0.04882596433162689,0.9975796341896057,1,0.05090457573533058,-0.012488520704209805,-0.03739291429519653,0.04810415953397751,-0.018179191276431084,0.9986767768859863,1,0.05121959000825882,-0.08113038539886475,-0.03875211626291275,0.05053232982754707,0.12260273844003677,0.9911685585975647
P001,P001_S01,P001_S01_ST1TR_TR04_R01,TR04,R01,Gridworld_Requested_Gaze,Study 1,Gridworld,Requested Feedback,Eye Gaze,1,1787856676.1879992,1787856684.8485,2026-08-27T18:51:24.848500+00:00,8.660500764846802,548411.625,772,839149671583,1,1,0.05107388645410538,-0.04478202760219574,-0.038041599094867706,0.04925030469894409,0.04805545508861542,0.9976298213005066,1,0.050906699150800705,-0.01250501535832882,-0.037383608520030975,0.04802469164133072,-0.0199274942278862,0.9986473917961121,1,0.051214613020420074,-0.08114384859800339,-0.038756463676691055,0.050200916826725006,0.12126810103654861,0.9913495779037476
P001,P001_S01,P001_S01_ST1TR_TR04_R01,TR04,R01,Gridworld_Requested_Gaze,Study 1,Gridworld,Requested Feedback,Eye Gaze,1,1787856676.1879992,1787856684.877599,2026-08-27T18:51:24.877599+00:00,8.689599752426147,548411.64,773,839149782697,1,1,0.05106915533542633,-0.044905614107847214,-0.038041193038225174,0.04898369684815407,0.0463661290705204,0.9977229237556458,1,0.05090292915701866,-0.012509600259363651,-0.03737541288137436,0.04774560406804085,-0.020493239164352417,0.9986492395401001,1,0.05121415853500366,-0.08114004135131836,-0.03875066712498665,0.050029587000608444,0.12163888663053513,0.9913128614425659
P001,P001_S01,P001_S01_ST1TR_TR04_R01,TR04,R01,Gridworld_Requested_Gaze,Study 1,Gridworld,Requested Feedback,Eye Gaze,1,1787856676.1879992,1787856684.9065988,2026-08-27T18:51:24.906599+00:00,8.718599557876587,548411.671,774,839149893812,1,1,0.05106666684150696,-0.04530244320631027,-0.03804522752761841,0.04878319054841995,0.04702073335647583,0.9977021217346191,1,0.050904788076877594,-0.01251995749771595,-0.03736862540245056,0.047585777938365936,-0.021686870604753494,0.9986316561698914,1,0.05121402442455292,-0.08113512396812439,-0.03873863443732262,0.049858830869197845,0.12213387340307236,0.9912605285644531
P001,P001_S01,P001_S01_ST1TR_TR04_R01,TR04,R01,Gridworld_Requested_Gaze,Study 1,Gridworld,Requested Feedback,Eye Gaze,1,1787856676.1879992,1787856684.9065988,2026-08-27T18:51:24.906599+00:00,8.718599557876587,548411.671,775,839150004927,1,1,0.051063526421785355,-0.04540547356009483,-0.038043975830078125,0.0489058680832386,0.047009434551000595,0.997696578502655,1,0.05090245231986046,-0.012505188584327698,-0.037374213337898254,0.048374298959970474,-0.019755272194743156,0.9986338019371033,1,0.05121886730194092,-0.08114281296730042,-0.03874697908759117,0.05057937279343605,0.12153615057468414,0.9912974834442139
P001,P001_S01,P001_S01_ST1TR_TR04_R01,TR04,R01,Gridworld_Requested_Gaze,Study 1,Gridworld,Requested Feedback,Eye Gaze,1,1787856676.1879992,1787856684.9065988,2026-08-27T18:51:24.906599+00:00,8.718599557876587,548411.671,776,839150116840,1,1,0.05106031894683838,-0.04541473835706711,-0.03804130479693413,0.04932485148310661,0.047260742634534836,0.9976641535758972,1,0.05090164393186569,-0.012506815604865551,-0.03736834228038788,0.049278151243925095,-0.018752194941043854,0.9986089468002319,1,0.05122353136539459,-0.08115243911743164,-0.038770221173763275,0.051544759422540665,0.12150469422340393,0.9912515878677368
