participant_code,session_id,trial_id,condition_code,run_code,condition_name,study,environment,feedback_timing,modality,practice,trial_started_at_epoch,host_time_epoch,host_time_iso_utc,trial_elapsed_s,host_monotonic,pv_frame_index,pv_timestamp_hl2ss,eet_timestamp_hl2ss,pv_eet_delta_ms,eye_calibration_valid,combined_gaze_valid,projection_valid,pointer_in_frame,gaze_pixel_x_raw,gaze_pixel_y_raw,overlay_pixel_x_drawn,overlay_pixel_y_drawn,assumed_projection_distance_m,combined_origin_x,combined_origin_y,combined_origin_z,combined_direction_x,combined_direction_y,combined_direction_z
P001,P001_S01,P001_S01_ST1TR_TR04_R01,TR04,R01,Gridworld_Requested_Gaze,Study 1,Gridworld,Requested Feedback,Eye Gaze,1,1787856676.1879992,1787856676.2259998,2026-08-27T18:51:16.226000+00:00,0.03800058364868164,548403.0,1,839062912332,839062896129,,1,0,0,0,,,,,1.5,0.0,0.0,0.0,0.0,0.0,0.0
P001,P001_S01,P001_S01_ST1TR_TR04_R01,TR04,R01,Gridworld_Requested_Gaze,Study 1,Gridworld,Requested Feedback,Eye Gaze,1,1787856676.1879992,1787856676.248003,2026-08-27T18:51:16.248003+00:00,0.06000375747680664,548403.015,2,839063245532,839063229468,1.6064,1,1,1,1,819.3217444339598,318.6938607131807,819.3217444339598,318.6938607131807,1.5,0.04984435439109802,-0.044023845344781876,-0.038025494664907455,-0.08723200857639313,-0.19868427515029907,0.9761738777160645
P001,P001_S01,P001_S01_ST1TR_TR04_R01,TR04,R01,Gridworld_Requested_Gaze,Study 1,Gridworld,Requested Feedback,Eye Gaze,1,1787856676.1879992,1787856676.2793598,2026-08-27T18:51:16.279360+00:00,0.09136056900024414,548403.046,3,839063578731,839063562806,1.5925,1,1,1,1,816.8863310108648,319.1218503635054,818.29887079626,318.8736163663171,1.5,0.04984315112233162,-0.044428661465644836,-0.03802408277988434,-0.08695942163467407,-0.19620156288146973,0.9767001867294312
P001,P001_S01,P001_S01_ST1TR_TR04_R01,TR04,R01,Gridworld_Requested_Gaze,Study 1,Gridworld,Requested Feedback,Eye Gaze,1,1787856676.1879992,1787856676.315794,2026-08-27T18:51:16.315794+00:00,0.12779474258422852,548403.078,4,839063911932,839063896144,1.5788,1,1,1,1,811.1098724177205,319.33684665535225,815.2794914772735,319.0681730877119,1.5,0.049845315515995026,-0.045450303703546524,-0.03803902491927147,-0.08703392744064331,-0.1902238130569458,0.9778753519058228
P001,P001_S01,P001_S01_ST1TR_TR04_R01,TR04,R01,Gridworld_Requested_Gaze,Study 1,Gridworld,Requested Feedback,Eye Gaze,1,1787856676.1879992,1787856676.3538108,2026-08-27T18:51:16.353811+00:00,0.16581153869628906,548403.125,5,839064245131,839064229482,1.5649,1,1,1,1,803.1008622356053,320.19256308084897,810.1644671957729,319.5404168848295,1.5,0.049846939742565155,-0.04648274555802345,-0.03805422782897949,-0.08662380278110504,-0.1821279525756836,0.9794517755508423
P001,P001_S01,P001_S01_ST1TR_TR04_R01,TR04,R01,Gridworld_Requested_Gaze,Study 1,Gridworld,Requested Feedback,Eye Gaze,1,1787856676.1879992,1787856676.3816078,2026-08-27T18:51:16.381608+00:00,0.19360852241516113,548403.156,6,839064578331,839064606556,2.8225,1,1,1,1,803.5266464841116,320.5015056940136,807.3765824968752,319.9440741846868,1.5,0.04984276741743088,-0.047201383858919144,-0.0380588062107563,-0.08643877506256104,-0.18177597224712372,0.9795335531234741
P001,P001_S01,P001_S01_ST1TR_TR04_R01,TR04,R01,Gridworld_Requested_Gaze,Study 1,Gridworld,Requested Feedback,Eye Gaze,1,1787856676.1879992,1787856676.4160721,2026-08-27T18:51:16.416072+00:00,0.2280728816986084,548403.187,7,839064911531,839064935230,2.3699,1,1,1,1,800.1483583775948,319.9326561631539,804.3407283667775,319.93927861564305,1.5,0.04983384907245636,-0.04720687493681908,-0.03805379942059517,-0.08710558712482452,-0.17872732877731323,0.9800353050231934
P001,P001_S01,P001_S01_ST1TR_TR04_R01,TR04,R01,Gridworld_Requested_Gaze,Study 1,Gridworld,Requested Feedback,Eye Gaze,1,1787856676.1879992,1787856676.449493,2026-08-27T18:51:16.449493+00:00,0.2614936828613281,548403.218,8,839065244730,839065268566,2.3836,1,1,1,1,797.6336554154113,318.5775705097632,801.5237577272037,319.3673612111735,1.5,0.04982275143265724,-0.046662118285894394,-0.03803398460149765,-0.08849066495895386,-0.17680957913398743,0.980259120464325
P001,P001_S01,P001_S01_ST1TR_TR04_R01,TR04,R01,Gridworld_Requested_Gaze,Study 1,Gridworld,Requested Feedback,Eye Gaze,1,1787856676.1879992,1787856676.4833648,2026-08-27T18:51:16.483365+00:00,0.295365571975708,548403.25,9,839065577931,839065601900,2.3969,1,1,1,1,794.8908317918008,319.34555431265966,798.7379288343345,319.35820231379773,1.5,0.049816012382507324,-0.046399377286434174,-0.03802337124943733,-0.08787854015827179,-0.17440460622310638,0.9807448983192444
P001,P001_S01,P001_S01_ST1TR_TR04_R01,TR04,R01,Gridworld_Requested_Gaze,Study 1,Gridworld,Requested Feedback,Eye Gaze,1,1787856676.1879992,1787856676.5132995,2026-08-27T18:51:16.513299+00:00,0.3253002166748047,548403.281,10,839065911130,839065935234,2.4104,1,1,1,1,789.7860945917613,320.32600536441305,794.9781584524538,319.76467959505624,1.5,0.049817681312561035,-0.04705464094877243,-0.038031239062547684,-0.08720190823078156,-0.16917602717876434,0.9817207455635071
P001,P001_S01,P001_S01_ST1TR_TR04_R01,TR04,R01,Gridworld_Requested_Gaze,Study 1,Gridworld,Requested Feedback,Eye Gaze,1,1787856676.1879992,1787856676.5564404,2026-08-27T18:51:16.556440+00:00,0.368441104888916,548403.328,11,839066244330,839066268567,2.4237,1,1,1,1,786.2125414285902,322.1904392596027,791.2965993024311,320.7834986541658,1.5,0.04982348904013634,-0.04779443517327309,-0.03803958371281624,-0.08559449017047882,-0.16527318954467773,0.9825266003608704
P001,P001_S01,P001_S01_ST1TR_TR04_R01,TR04,R01,Gridworld_Requested_Gaze,Study 1,Gridworld,Requested Feedback,Eye Gaze,1,1787856676.1879992,1787856676.5978634,2026-08-27T18:51:16.597863+00:00,0.4098641872406006,548403.359,12,839066577530,839066601903,2.4373,1,1,1,1,784.3166382920208,323.5976003444725,788.3650156780589,321.9654213640946,1.5,0.049830880016088486,-0.04833971709012985,-0.03804656118154526,-0.08434641361236572,-0.16308896243572235,0.9829994440078735
P001,P001_S01,P001_S01_ST1TR_TR04_R01,TR04,R01,Gridworld_Requested_Gaze,Study 1,Gridworld,Requested Feedback,Eye Gaze,1,1787856676.1879992,1787856676.6168797,2026-08-27T18:51:16.616880+00:00,0.4288804531097412,548403.39,13,839066910729,839066935236,2.4507,1,1,1,1,780.2434604514916,324.96527372412766,784.9539624829007,323.2253593553085,1.5,0.049840547144412994,-0.049280740320682526,-0.03806662932038307,-0.08326677978038788,-0.15860985219478607,0.9838240146636963
P001,P001_S01,P001_S01_ST1TR_TR04_R01,TR04,R01,Gridworld_Requested_Gaze,Study 1,Gridworld,Requested Feedback,Eye Gaze,1,1787856676.1879992,1787856676.647004,2026-08-27T18:51:16.647004+00:00,0.45900464057922363,548403.421,14,839067243929,839067268571,,1,0,0,0,,,,,1.5,0.0,0.0,0.0,0.0,0.0,0.0
P001,P001_S01,P001_S01_ST1TR_TR04_R01,TR04,R01,Gridworld_Requested_Gaze,Study 1,Gridworld,Requested Feedback,Eye Gaze,1,1787856676.1879992,1787856676.6795197,2026-08-27T18:51:16.679520+00:00,0.49152040481567383,548403.453,15,839067577129,839067601903,,1,0,0,0,,,,,1.5,0.0,0.0,0.0,0.0,0.0,0.0
P001,P001_S01,P001_S01_ST1TR_TR04_R01,TR04,R01,Gridworld_Requested_Gaze,Study 1,Gridworld,Requested Feedback,Eye Gaze,1,1787856676.1879992,1787856676.720867,2026-08-27T18:51:16.720867+00:00,0.5328676700592041,548403.484,16,839067910329,839067935238,2.4909,1,1,1,1,867.9796635091519,307.4251869486517,867.9796635091519,307.4251869486517,1.5,0.04982070252299309,-0.050195012241601944,-0.03834965452551842,-0.09543929994106293,-0.23868395388126373,0.9663960933685303
P001,P001_S01,P001_S01_ST1TR_TR04_R01,TR04,R01,Gridworld_Requested_Gaze,Study 1,Gridworld,Requested Feedback,Eye Gaze,1,1787856676.1879992,1787856676.7566984,2026-08-27T18:51:16.756698+00:00,0.5686991214752197,548403.531,17,839068243529,839068268571,2.5042,1,1,1,1,864.221050158126,310.28402222236946,866.4010459017211,308.6258977636132,1.5,0.04982517659664154,-0.050770875066518784,-0.03835543245077133,-0.09296868741512299,-0.23487217724323273,0.9675701856613159
P001,P001_S01,P001_S01_ST1TR_TR04_R01,TR04,R01,Gridworld_Requested_Gaze,Study 1,Gridworld,Requested Feedback,Eye Gaze,1,1787856676.1879992,1787856676.780959,2026-08-27T18:51:16.780959+00:00,0.5929596424102783,548403.546,18,839068576728,839068601907,2.5179,1,1,1,1,859.1906790102148,310.80299967799186,863.3726918072884,309.54028056765225,1.5,0.049825504422187805,-0.05105297267436981,-0.038349900394678116,-0.09270741790533066,-0.23014403879642487,0.9687307476997375
P001,P001_S01,P001_S01_ST1TR_TR04_R01,TR04,R01,Gridworld_Requested_Gaze,Study 1,Gridworld,Requested Feedback,Eye Gaze,1,1787856676.1879992,1787856676.8146641,2026-08-27T18:51:16.814664+00:00,0.6266648769378662,548403.578,19,839068909928,839068935240,2.5312,1,1,1,1,852.8776427579595,311.5511803499605,858.9647712065704,310.3848584762217,1.5,0.04982820153236389,-0.05125559866428375,-0.03833814710378647,-0.09229637682437897,-0.2242869883775711,0.9701427221298218
P001,P001_S01,P001_S01_ST1TR_TR04_R01,TR04,R01,Gridworld_Requested_Gaze,Study 1,Gridworld,Requested Feedback,Eye Gaze,1,1787856676.1879992,1787856676.8477643,2026-08-27T18:51:16.847764+00:00,0.6597650051116943,548403.609,20,839069243128,839069268575,2.5447,1,1,1,1,842.8807260351275,313.702038822429,852.2094722345644,311.7780742216288,1.5,0.0498369075357914,-0.05192149057984352,-0.03832423686981201,-0.09077899158000946,-0.21475383639335632,0.9724403619766235
P001,P001_S01,P001_S01_ST1TR_TR04_R01,TR04,R01,Gridworld_Requested_Gaze,Study 1,Gridworld,Requested Feedback,Eye Gaze,1,1787856676.1879992,1787856676.8864005,2026-08-27T18:51:16.886400+00:00,0.6984012126922607,548403.656,21,839069576328,839069645654,6.9326,1,1,1,1,839.1579929640554,317.51157891860817,846.7278509409507,314.18614619436016,1.5,0.04984952509403229,-0.05148664116859436,-0.03827783092856407,-0.08717526495456696,-0.21091420948505402,0.9736096262931824
P001,P001_S01,P001_S01_ST1TR_TR04_R01,TR04,R01,Gridworld_Requested_Gaze,Study 1,Gridworld,Requested Feedback,Eye Gaze,1,1787856676.1879992,1787856676.915249,2026-08-27T18:51:16.915249+00:00,0.7272498607635498,548403.687,22,839069909528,839069863264,4.6264,1,1,1,1,835.6521511292106,320.5702140855194,842.0760570200199,316.8674547086471,1.5,0.04985715076327324,-0.05047321692109108,-0.038225118070840836,-0.08503361791372299,-0.20992812514305115,0.9740121364593506
P001,P001_S01,P001_S01_ST1TR_TR04_R01,TR04,R01,Gridworld_Requested_Gaze,Study 1,Gridworld,Requested Feedback,Eye Gaze,1,1787856676.1879992,1787856676.951658,2026-08-27T18:51:16.951658+00:00,0.7636587619781494,548403.718,23,839070242728,839070196598,,1,0,0,0,,,,,1.5,0.0,0.0,0.0,0.0,0.0,0.0
P001,P001_S01,P001_S01_ST1TR_TR04_R01,TR04,R01,Gridworld_Requested_Gaze,Study 1,Gridworld,Requested Feedback,Eye Gaze,1,1787856676.1879992,1787856676.9830797,2026-08-27T18:51:16.983080+00:00,0.7950804233551025,548403.75,24,839070575927,839070529931,4.5996,1,1,1,1,832.2297393171685,332.16209818513374,832.2297393171685,332.16209818513374,1.5,0.04988272115588188,-0.04680297151207924,-0.03808024153113365,-0.07476653158664703,-0.20860619843006134,0.9751377701759338
P001,P001_S01,P001_S01_ST1TR_TR04_R01,TR04,R01,Gridworld_Requested_Gaze,Study 1,Gridworld,Requested Feedback,Eye Gaze,1,1787856676.1879992,1787856677.021233,2026-08-27T18:51:17.021233+00:00,0.8332338333129883,548403.796,25,839070909127,839070863266,,1,0,0,0,,,,,1.5,0.0,0.0,0.0,0.0,0.0,0.0
P001,P001_S01,P001_S01_ST1TR_TR04_R01,TR04,R01,Gridworld_Requested_Gaze,Study 1,Gridworld,Requested Feedback,Eye Gaze,1,1787856676.1879992,1787856677.0459507,2026-08-27T18:51:17.045951+00:00,0.8579514026641846,548403.812,26,839071242327,839071196600,,1,0,0,0,,,,,1.5,0.0,0.0,0.0,0.0,0.0,0.0
P001,P001_S01,P001_S01_ST1TR_TR04_R01,TR04,R01,Gridworld_Requested_Gaze,Study 1,Gridworld,Requested Feedback,Eye Gaze,1,1787856676.1879992,1787856677.078834,2026-08-27T18:51:17.078834+00:00,0.8908348083496094,548403.843,27,839071575527,839071529934,,1,0,0,0,,,,,1.5,0.0,0.0,0.0,0.0,0.0,0.0
P001,P001_S01,P001_S01_ST1TR_TR04_R01,TR04,R01,Gridworld_Requested_Gaze,Study 1,Gridworld,Requested Feedback,Eye Gaze,1,1787856676.1879992,1787856677.1136825,2026-08-27T18:51:17.113683+00:00,0.9256832599639893,548403.89,28,839071908727,839071863268,,1,0,0,0,,,,,1.5,0.0,0.0,0.0,0.0,0.0,0.0
P001,P001_S01,P001_S01_ST1TR_TR04_R01,TR04,R01,Gridworld_Requested_Gaze,Study 1,Gridworld,Requested Feedback,Eye Gaze,1,1787856676.1879992,1787856677.150042,2026-08-27T18:51:17.150042+00:00,0.9620428085327148,548403.921,29,839072241927,839072196602,,1,0,0,0,,,,,1.5,0.0,0.0,0.0,0.0,0.0,0.0
P001,P001_S01,P001_S01_ST1TR_TR04_R01,TR04,R01,Gridworld_Requested_Gaze,Study 1,Gridworld,Requested Feedback,Eye Gaze,1,1787856676.1879992,1787856677.1799188,2026-08-27T18:51:17.179919+00:00,0.9919195175170898,548403.953,30,839072575126,839072529936,,1,0,0,0,,,,,1.5,0.0,0.0,0.0,0.0,0.0,0.0
P001,P001_S01,P001_S01_ST1TR_TR04_R01,TR04,R01,Gridworld_Requested_Gaze,Study 1,Gridworld,Requested Feedback,Eye Gaze,1,1787856676.1879992,1787856677.2147524,2026-08-27T18:51:17.214752+00:00,1.0267531871795654,548403.984,31,839072908326,839072863271,,1,0,0,0,,,,,1.5,0.0,0.0,0.0,0.0,0.0,0.0
P001,P001_S01,P001_S01_ST1TR_TR04_R01,TR04,R01,Gridworld_Requested_Gaze,Study 1,Gridworld,Requested Feedback,Eye Gaze,1,1787856676.1879992,1787856677.2473307,2026-08-27T18:51:17.247331+00:00,1.0593314170837402,548404.015,32,839073241526,839073196604,4.4922,1,1,1,1,704.8855165467572,190.9421752123976,704.8855165467572,190.9421752123976,1.5,0.04937131330370903,-0.043617166578769684,-0.03781583532691002,-0.21571099758148193,-0.09504643827676773,0.9718204736709595
P001,P001_S01,P001_S01_ST1TR_TR04_R01,TR04,R01,Gridworld_Requested_Gaze,Study 1,Gridworld,Requested Feedback,Eye Gaze,1,1787856676.1879992,1787856677.2787282,2026-08-27T18:51:17.278728+00:00,1.090728998184204,548404.046,33,839073574725,839073529939,4.4786,1,1,1,1,701.8443912501286,215.28694771874774,703.6082439221732,201.16697966506467,1.5,0.04957650601863861,-0.04520351067185402,-0.037779927253723145,-0.19273844361305237,-0.0905575156211853,0.9770626425743103
P001,P001_S01,P001_S01_ST1TR_TR04_R01,TR04,R01,Gridworld_Requested_Gaze,Study 1,Gridworld,Requested Feedback,Eye Gaze,1,1787856676.1879992,1787856677.3173065,2026-08-27T18:51:17.317307+00:00,1.1293072700500488,548404.093,34,839073907926,839073863273,,1,0,0,0,,,,,1.5,0.0,0.0,0.0,0.0,0.0,0.0
P001,P001_S01,P001_S01_ST1TR_TR04_R01,TR04,R01,Gridworld_Requested_Gaze,Study 1,Gridworld,Requested Feedback,Eye Gaze,1,1787856676.1879992,1787856677.3542967,2026-08-27T18:51:17.354297+00:00,1.166297435760498,548404.125,35,839074241125,839074196607,,1,0,0,0,,,,,1.5,0.0,0.0,0.0,0.0,0.0,0.0
P001,P001_S01,P001_S01_ST1TR_TR04_R01,TR04,R01,Gridworld_Requested_Gaze,Study 1,Gridworld,Requested Feedback,Eye Gaze,1,1787856676.1879992,1787856677.3792796,2026-08-27T18:51:17.379280+00:00,1.1912803649902344,548404.156,36,839074574325,839074530755,4.357,1,1,1,1,700.2605710502103,268.71370777102027,700.2605710502103,268.71370777102027,1.5,0.04997972398996353,-0.05244524031877518,-0.03782345727086067,-0.14142052829265594,-0.08269873261451721,0.9864894151687622
P001,P001_S01,P001_S01_ST1TR_TR04_R01,TR04,R01,Gridworld_Requested_Gaze,Study 1,Gridworld,Requested Feedback,Eye Gaze,1,1787856676.1879992,1787856677.41218,2026-08-27T18:51:17.412180+00:00,1.2241806983947754,548404.187,37,839074907525,839074902192,0.5333,1,1,1,1,695.5029076545018,273.0533149345323,698.2623524240128,270.53634277969536,1.5,0.05000365525484085,-0.05299263447523117,-0.037816621363162994,-0.13708949089050293,-0.07759414613246918,0.9875149130821228
P001,P001_S01,P001_S01_ST1TR_TR04_R01,TR04,R01,Gridworld_Requested_Gaze,Study 1,Gridworld,Requested Feedback,Eye Gaze,1,1787856676.1879992,1787856677.4521654,2026-08-27T18:51:17.452165+00:00,1.2641661167144775,548404.218,38,839075240724,839075235526,,1,0,0,0,,,,,1.5,0.0,0.0,0.0,0.0,0.0,0.0
P001,P001_S01,P001_S01_ST1TR_TR04_R01,TR04,R01,Gridworld_Requested_Gaze,Study 1,Gridworld,Requested Feedback,Eye Gaze,1,1787856676.1879992,1787856677.4909327,2026-08-27T18:51:17.490933+00:00,1.3029334545135498,548404.265,39,839075573924,839075568860,0.5064,1,1,1,1,692.8395702530122,275.2054235765818,692.8395702530122,275.2054235765818,1.5,0.050023190677165985,-0.05450651794672012,-0.03782258555293083,-0.13517634570598602,-0.07392708212137222,0.9880598783493042
P001,P001_S01,P001_S01_ST1TR_TR04_R01,TR04,R01,Gridworld_Requested_Gaze,Study 1,Gridworld,Requested Feedback,Eye Gaze,1,1787856676.1879992,1787856677.5146456,2026-08-27T18:51:17.514646+00:00,1.326646327972412,548404.281,40,839075907124,839075902195,0.4929,1,1,1,1,699.1327586600905,275.13765001130264,695.4827093839851,275.17695867916456,1.5,0.05001595988869667,-0.05523467808961868,-0.037835825234651566,-0.1349484920501709,-0.07948440313339233,0.9876594543457031
P001,P001_S01,P001_S01_ST1TR_TR04_R01,TR04,R01,Gridworld_Requested_Gaze,Study 1,Gridworld,Requested Feedback,Eye Gaze,1,1787856676.1879992,1787856677.5457401,2026-08-27T18:51:17.545740+00:00,1.357740879058838,548404.312,41,839076240323,839076235529,,1,0,0,0,,,,,1.5,0.0,0.0,0.0,0.0,0.0,0.0
P001,P001_S01,P001_S01_ST1TR_TR04_R01,TR04,R01,Gridworld_Requested_Gaze,Study 1,Gridworld,Requested Feedback,Eye Gaze,1,1787856676.1879992,1787856677.5800517,2026-08-27T18:51:17.580052+00:00,1.392052412033081,548404.343,42,839076573524,839076568862,,1,0,0,0,,,,,1.5,0.0,0.0,0.0,0.0,0.0,0.0
P001,P001_S01,P001_S01_ST1TR_TR04_R01,TR04,R01,Gridworld_Requested_Gaze,Study 1,Gridworld,Requested Feedback,Eye Gaze,1,1787856676.1879992,1787856677.6120374,2026-08-27T18:51:17.612037+00:00,1.4240381717681885,548404.375,43,839076906723,839076902197,,1,0,0,0,,,,,1.5,0.0,0.0,0.0,0.0,0.0,0.0
P001,P001_S01,P001_S01_ST1TR_TR04_R01,TR04,R01,Gridworld_Requested_Gaze,Study 1,Gridworld,Requested Feedback,Eye Gaze,1,1787856676.1879992,1787856677.6460614,2026-08-27T18:51:17.646061+00:00,1.4580621719360352,548404.421,44,839077239923,839077235531,0.4392,1,1,1,1,732.6526337171903,305.54346340914014,732.6526337171903,305.54346340914014,1.5,0.050206612795591354,-0.049445297569036484,-0.03765615448355675,-0.10439987480640411,-0.11440982669591904,0.9879328012466431
P001,P001_S01,P001_S01_ST1TR_TR04_R01,TR04,R01,Gridworld_Requested_Gaze,Study 1,Gridworld,Requested Feedback,Eye Gaze,1,1787856676.1879992,1787856677.6861486,2026-08-27T18:51:17.686149+00:00,1.4981493949890137,548404.453,45,839077573123,839077568865,0.4258,1,1,1,1,730.3069012475486,306.30312187646865,731.6674260799407,305.86251996541813,1.5,0.050212837755680084,-0.049797747284173965,-0.03765447437763214,-0.10379298776388168,-0.11192137002944946,0.988281786441803
P001,P001_S01,P001_S01_ST1TR_TR04_R01,TR04,R01,Gridworld_Requested_Gaze,Study 1,Gridworld,Requested Feedback,Eye Gaze,1,1787856676.1879992,1787856677.7209337,2026-08-27T18:51:17.720934+00:00,1.5329344272613525,548404.484,46,839077906322,839077902199,0.4123,1,1,1,1,731.7140258727727,306.2228758145805,731.6869979929302,306.01386942206636,1.5,0.050213683396577835,-0.04958730563521385,-0.037645790725946426,-0.10381186008453369,-0.1134006604552269,0.9881110787391663
P001,P001_S01,P001_S01_ST1TR_TR04_R01,TR04,R01,Gridworld_Requested_Gaze,Study 1,Gridworld,Requested Feedback,Eye Gaze,1,1787856676.1879992,1787856677.7456856,2026-08-27T18:51:17.745686+00:00,1.5576863288879395,548404.515,47,839078239522,839078235533,0.3989,1,1,1,1,729.7845698980055,306.8339467371262,730.8879781930618,306.3583018943915,1.5,0.050223447382450104,-0.04988252744078636,-0.03764577955007553,-0.10331998765468597,-0.11135043948888779,0.9883956909179688
P001,P001_S01,P001_S01_ST1TR_TR04_R01,TR04,R01,Gridworld_Requested_Gaze,Study 1,Gridworld,Requested Feedback,Eye Gaze,1,1787856676.1879992,1787856677.7801726,2026-08-27T18:51:17.780173+00:00,1.5921733379364014,548404.546,48,839078572722,839078568867,0.3855,1,1,1,1,728.6737394547114,308.63392433013325,729.9579979229547,307.31406331740305,1.5,0.05023748427629471,-0.050103530287742615,-0.03764394298195839,-0.10166126489639282,-0.11008826643228531,0.9887090921401978
P001,P001_S01,P001_S01_ST1TR_TR04_R01,TR04,R01,Gridworld_Requested_Gaze,Study 1,Gridworld,Requested Feedback,Eye Gaze,1,1787856676.1879992,1787856677.8142364,2026-08-27T18:51:17.814236+00:00,1.626237154006958,548404.578,49,839078905922,839078902202,0.372,1,1,1,1,725.4619390474304,308.9837556176428,728.0696531952347,308.0153340835038,1.5,0.05025269091129303,-0.050410717725753784,-0.03764406219124794,-0.10148610174655914,-0.10681232810020447,0.9890863299369812
P001,P001_S01,P001_S01_ST1TR_TR04_R01,TR04,R01,Gridworld_Requested_Gaze,Study 1,Gridworld,Requested Feedback,Eye Gaze,1,1787856676.1879992,1787856677.8449068,2026-08-27T18:51:17.844907+00:00,1.656907558441162,548404.609,50,839079239121,839079235535,,1,0,0,0,,,,,1.5,0.0,0.0,0.0,0.0,0.0,0.0
P001,P001_S01,P001_S01_ST1TR_TR04_R01,TR04,R01,Gridworld_Requested_Gaze,Study 1,Gridworld,Requested Feedback,Eye Gaze,1,1787856676.1879992,1787856677.8796663,2026-08-27T18:51:17.879666+00:00,1.691667079925537,548404.64,51,839079572321,839079569722,0.2599,1,1,1,1,857.8021044272282,290.8827431027891,857.8021044272282,290.8827431027891,1.5,0.05019473284482956,-0.047700319439172745,-0.03788662329316139,-0.11171755194664001,-0.23192793130874634,0.9662964344024658
P001,P001_S01,P001_S01_ST1TR_TR04_R01,TR04,R01,Gridworld_Requested_Gaze,Study 1,Gridworld,Requested Feedback,Eye Gaze,1,1787856676.1879992,1787856677.9181912,2026-08-27T18:51:17.918191+00:00,1.730191946029663,548404.687,52,839079905521,839079941082,3.5561,1,1,1,1,853.4134319997704,293.12268456313944,855.958862007696,291.8235185161363,1.5,0.05021938681602478,-0.04786713793873787,-0.037860363721847534,-0.10989698767662048,-0.22739368677139282,0.9675819873809814
P001,P001_S01,P001_S01_ST1TR_TR04_R01,TR04,R01,Gridworld_Requested_Gaze,Study 1,Gridworld,Requested Feedback,Eye Gaze,1,1787856676.1879992,1787856677.9535136,2026-08-27T18:51:17.953514+00:00,1.7655143737792969,548404.718,53,839080238721,839080274417,3.5696,1,1,1,1,847.9547015840852,293.9542239729442,852.5971146297795,292.7184148079956,1.5,0.05024334788322449,-0.04823239520192146,-0.0378447100520134,-0.10942602157592773,-0.2221754491329193,0.9688467979431152
P001,P001_S01,P001_S01_ST1TR_TR04_R01,TR04,R01,Gridworld_Requested_Gaze,Study 1,Gridworld,Requested Feedback,Eye Gaze,1,1787856676.1879992,1787856677.9769514,2026-08-27T18:51:17.976951+00:00,1.788952112197876,548404.75,54,839080571921,839080607751,3.583,1,1,1,1,846.5412194608311,293.4911119501615,850.0536386588212,293.0429476077053,1.5,0.05027154088020325,-0.04752222076058388,-0.03778677061200142,-0.10988768190145493,-0.22132402658462524,0.968989372253418
P001,P001_S01,P001_S01_ST1TR_TR04_R01,TR04,R01,Gridworld_Requested_Gaze,Study 1,Gridworld,Requested Feedback,Eye Gaze,1,1787856676.1879992,1787856678.0132618,2026-08-27T18:51:18.013262+00:00,1.8252625465393066,548404.781,55,839080905120,839080941085,3.5965,1,1,1,1,843.2088400691375,294.32266995299193,847.1788232511542,293.5804309927257,1.5,0.05030299723148346,-0.046808209270238876,-0.037723440676927567,-0.1093830019235611,-0.2187998741865158,0.9696195721626282
P001,P001_S01,P001_S01_ST1TR_TR04_R01,TR04,R01,Gridworld_Requested_Gaze,Study 1,Gridworld,Requested Feedback,Eye Gaze,1,1787856676.1879992,1787856678.0506237,2026-08-27T18:51:18.050624+00:00,1.8626244068145752,548404.812,56,839081238320,839081274419,3.6099,1,1,1,1,835.2367274284979,294.683766340484,842.1631430056386,294.04383183878423,1.5,0.05031682923436165,-0.04588640108704567,-0.03766382113099098,-0.10951262712478638,-0.2122211754322052,0.9710660576820374
P001,P001_S01,P001_S01_ST1TR_TR04_R01,TR04,R01,Gridworld_Requested_Gaze,Study 1,Gridworld,Requested Feedback,Eye Gaze,1,1787856676.1879992,1787856678.0792413,2026-08-27T18:51:18.079241+00:00,1.8912420272827148,548404.843,57,839081571520,839081607752,3.6232,1,1,1,1,829.1624919793958,296.44236715845045,836.7028695746167,295.05121667304405,1.5,0.05032265558838844,-0.04589971899986267,-0.03763435035943985,-0.10818001627922058,-0.2067268341779709,0.9723997116088867
P001,P001_S01,P001_S01_ST1TR_TR04_R01,TR04,R01,Gridworld_Requested_Gaze,Study 1,Gridworld,Requested Feedback,Eye Gaze,1,1787856676.1879992,1787856678.1177006,2026-08-27T18:51:18.117701+00:00,1.929701328277588,548404.89,58,839081904720,839081941086,3.6366,1,1,1,1,823.9376549216308,297.2913091439621,831.3414794203627,295.9920555108297,1.5,0.05032223463058472,-0.04683149605989456,-0.0376366563141346,-0.1077059879899025,-0.20145541429519653,0.9735581278800964
P001,P001_S01,P001_S01_ST1TR_TR04_R01,TR04,R01,Gridworld_Requested_Gaze,Study 1,Gridworld,Requested Feedback,Eye Gaze,1,1787856676.1879992,1787856678.1474304,2026-08-27T18:51:18.147430+00:00,1.9594311714172363,548404.921,59,839082237920,839082274420,3.65,1,1,1,1,820.5780790776929,295.78643606257185,826.8208512764415,295.90569534256144,1.5,0.050312310457229614,-0.0476241409778595,-0.03764718398451805,-0.10925900936126709,-0.19798670709133148,0.9740964770317078
P001,P001_S01,P001_S01_ST1TR_TR04_R01,TR04,R01,Gridworld_Requested_Gaze,Study 1,Gridworld,Requested Feedback,Eye Gaze,1,1787856676.1879992,1787856678.1778147,2026-08-27T18:51:18.177815+00:00,1.9898154735565186,548404.953,60,839082571119,839082607755,3.6636,1,1,1,1,820.0912584383848,294.5626532223215,823.9944222844578,295.3416176520607,1.5,0.05030098557472229,-0.04776088148355484,-0.03764629736542702,-0.11042685806751251,-0.19757086038589478,0.9740492701530457
P001,P001_S01,P001_S01_ST1TR_TR04_R01,TR04,R01,Gridworld_Requested_Gaze,Study 1,Gridworld,Requested Feedback,Eye Gaze,1,1787856676.1879992,1787856678.2126422,2026-08-27T18:51:18.212642+00:00,2.0246429443359375,548404.984,61,839082904319,839082941089,3.677,1,1,1,1,817.38086268367,294.63968569281195,821.2167272521269,295.04680622917624,1.5,0.05029135197401047,-0.04802446812391281,-0.03765702247619629,-0.11047866940498352,-0.19498176872730255,0.9745649099349976
P001,P001_S01,P001_S01_ST1TR_TR04_R01,TR04,R01,Gridworld_Requested_Gaze,Study 1,Gridworld,Requested Feedback,Eye Gaze,1,1787856676.1879992,1787856678.2447479,2026-08-27T18:51:18.244748+00:00,2.056748628616333,548405.015,62,839083237519,839083274423,,1,0,0,0,,,,,1.5,0.0,0.0,0.0,0.0,0.0,0.0
P001,P001_S01,P001_S01_ST1TR_TR04_R01,TR04,R01,Gridworld_Requested_Gaze,Study 1,Gridworld,Requested Feedback,Eye Gaze,1,1787856676.1879992,1787856678.2791443,2026-08-27T18:51:18.279144+00:00,2.0911450386047363,548405.046,63,839083570719,839083607758,,1,0,0,0,,,,,1.5,0.0,0.0,0.0,0.0,0.0,0.0
P001,P001_S01,P001_S01_ST1TR_TR04_R01,TR04,R01,Gridworld_Requested_Gaze,Study 1,Gridworld,Requested Feedback,Eye Gaze,1,1787856676.1879992,1787856678.3162773,2026-08-27T18:51:18.316277+00:00,2.1282780170440674,548405.093,64,839083903919,839083941091,3.7172,1,1,1,1,682.3227146657439,306.57379155025586,682.3227146657439,306.57379155025586,1.5,0.05030231550335884,-0.05751115083694458,-0.037824977189302444,-0.10585959255695343,-0.06073962152004242,0.9925243258476257
P001,P001_S01,P001_S01_ST1TR_TR04_R01,TR04,R01,Gridworld_Requested_Gaze,Study 1,Gridworld,Requested Feedback,Eye Gaze,1,1787856676.1879992,1787856678.3480954,2026-08-27T18:51:18.348095+00:00,2.1600961685180664,548405.125,65,839084237118,839084274425,3.7307,1,1,1,1,675.9694960658676,306.1657730594958,679.6543628537959,306.40242378413666,1.5,0.050301432609558105,-0.05873905494809151,-0.03782394528388977,-0.10646802186965942,-0.05383111536502838,0.9928578734397888
P001,P001_S01,P001_S01_ST1TR_TR04_R01,TR04,R01,Gridworld_Requested_Gaze,Study 1,Gridworld,Requested Feedback,Eye Gaze,1,1787856676.1879992,1787856678.382372,2026-08-27T18:51:18.382372+00:00,2.1943726539611816,548405.156,66,839084570318,839084608537,3.8219,1,1,1,1,673.27095324461,306.0390184248955,676.973330817938,306.2497935332554,1.5,0.05029839277267456,-0.05871102586388588,-0.03780336305499077,-0.1066664606332779,-0.05130695924162865,0.9929702877998352
P001,P001_S01,P001_S01_ST1TR_TR04_R01,TR04,R01,Gridworld_Requested_Gaze,Study 1,Gridworld,Requested Feedback,Eye Gaze,1,1787856676.1879992,1787856678.413373,2026-08-27T18:51:18.413373+00:00,2.2253737449645996,548405.187,67,839084903518,839084869368,3.415,1,1,1,1,669.2221718140793,306.81085701819944,673.7178440363173,306.4854401969319,1.5,0.05029934272170067,-0.05909670889377594,-0.037798523902893066,-0.10618622601032257,-0.047057103365659714,0.9932321906089783
P001,P001_S01,P001_S01_ST1TR_TR04_R01,TR04,R01,Gridworld_Requested_Gaze,Study 1,Gridworld,Requested Feedback,Eye Gaze,1,1787856676.1879992,1787856678.4460757,2026-08-27T18:51:18.446076+00:00,2.2580764293670654,548405.218,68,839085236718,839085202173,3.4545,1,1,1,1,669.0767489552036,307.3555392147737,671.7685841022496,306.8508817844255,1.5,0.050298724323511124,-0.05968829616904259,-0.03777843341231346,-0.10565069317817688,-0.046487100422382355,0.9933161735534668
P001,P001_S01,P001_S01_ST1TR_TR04_R01,TR04,R01,Gridworld_Requested_Gaze,Study 1,Gridworld,Requested Feedback,Eye Gaze,1,1787856676.1879992,1787856678.4799116,2026-08-27T18:51:18.479912+00:00,2.291912317276001,548405.25,69,839085569918,839085535508,3.441,1,1,1,1,670.7286654375516,307.8132048293341,671.3318182630765,307.25505746328713,1.5,0.05029647797346115,-0.05889689922332764,-0.037747424095869064,-0.10510364174842834,-0.04861566424369812,0.9932723045349121
P001,P001_S01,P001_S01_ST1TR_TR04_R01,TR04,R01,Gridworld_Requested_Gaze,Study 1,Gridworld,Requested Feedback,Eye Gaze,1,1787856676.1879992,1787856678.515309,2026-08-27T18:51:18.515309+00:00,2.3273098468780518,548405.281,70,839085903117,839085868843,3.4274,1,1,1,1,667.4398630991833,308.2573935395258,669.6971970942413,307.6760386153074,1.5,0.050296369940042496,-0.05931191146373749,-0.03775804862380028,-0.10476855933666229,-0.04515543580055237,0.9934710264205933
P001,P001_S01,P001_S01_ST1TR_TR04_R01,TR04,R01,Gridworld_Requested_Gaze,Study 1,Gridworld,Requested Feedback,Eye Gaze,1,1787856676.1879992,1787856678.5529065,2026-08-27T18:51:18.552907+00:00,2.3649072647094727,548405.328,71,839086236317,839086202176,3.4141,1,1,1,1,672.2291879372968,308.68815873498124,670.7606332483247,308.10112906557043,1.5,0.05028947442770004,-0.05835796892642975,-0.037748485803604126,-0.10416703671216965,-0.05043541640043259,0.9932802319526672
P001,P001_S01,P001_S01_ST1TR_TR04_R01,TR04,R01,Gridworld_Requested_Gaze,Study 1,Gridworld,Requested Feedback,Eye Gaze,1,1787856676.1879992,1787856678.5800383,2026-08-27T18:51:18.580038+00:00,2.3920390605926514,548405.343,72,839086569517,839086535509,3.4008,1,1,1,1,673.144383061831,307.9444415831856,671.7618081699974,308.0353203229688,1.5,0.05028197169303894,-0.058185476809740067,-0.03775457292795181,-0.10481785237789154,-0.05147993564605713,0.993158221244812
P001,P001_S01,P001_S01_ST1TR_TR04_R01,TR04,R01,Gridworld_Requested_Gaze,Study 1,Gridworld,Requested Feedback,Eye Gaze,1,1787856676.1879992,1787856678.614041,2026-08-27T18:51:18.614041+00:00,2.426041841506958,548405.39,73,839086902717,839086868843,3.3874,1,1,1,1,672.3065388849391,307.14220607747734,671.990595070273,307.66021233986237,1.5,0.050271499902009964,-0.05751791223883629,-0.03774518892168999,-0.10568754374980927,-0.05112175643444061,0.9930845499038696
P001,P001_S01,P001_S01_ST1TR_TR04_R01,TR04,R01,Gridworld_Requested_Gaze,Study 1,Gridworld,Requested Feedback,Eye Gaze,1,1787856676.1879992,1787856678.6483123,2026-08-27T18:51:18.648312+00:00,2.460313081741333,548405.421,74,839087235916,839087202177,3.3739,1,1,1,1,674.7083879695798,306.42852102480435,673.1320680879819,307.14290198753804,1.5,0.050262514501810074,-0.05711991339921951,-0.03774138167500496,-0.10625758767127991,-0.05369794741272926,0.9928876757621765
P001,P001_S01,P001_S01_ST1TR_TR04_R01,TR04,R01,Gridworld_Requested_Gaze,Study 1,Gridworld,Requested Feedback,Eye Gaze,1,1787856676.1879992,1787856678.679829,2026-08-27T18:51:18.679829+00:00,2.4918296337127686,548405.453,75,839087569117,839087535512,3.3605,1,1,1,1,677.387349308121,305.0230473224417,674.9192862004404,306.2525630281976,1.5,0.0502534918487072,-0.05631750449538231,-0.03772512078285217,-0.1074264645576477,-0.0568566620349884,0.9925860166549683
P001,P001_S01,P001_S01_ST1TR_TR04_R01,TR04,R01,Gridworld_Requested_Gaze,Study 1,Gridworld,Requested Feedback,Eye Gaze,1,1787856676.1879992,1787856678.7168298,2026-08-27T18:51:18.716830+00:00,2.5288305282592773,548405.484,76,839087902316,839087868847,3.3469,1,1,1,1,675.6283221716562,304.34038148023086,675.2170813083511,305.4494467780516,1.5,0.05024776607751846,-0.05646909773349762,-0.03773589804768562,-0.10818806290626526,-0.055086392909288406,0.9926031231880188
P001,P001_S01,P001_S01_ST1TR_TR04_R01,TR04,R01,Gridworld_Requested_Gaze,Study 1,Gridworld,Requested Feedback,Eye Gaze,1,1787856676.1879992,1787856678.7468324,2026-08-27T18:51:18.746832+00:00,2.558833122253418,548405.515,77,839088235516,839088202180,3.3336,1,1,1,1,678.7944254776891,303.87995874671566,676.719565859473,304.7902618048905,1.5,0.050240855664014816,-0.05602061003446579,-0.037732064723968506,-0.10851637274026871,-0.05844217166304588,0.992375373840332
P001,P001_S01,P001_S01_ST1TR_TR04_R01,TR04,R01,Gridworld_Requested_Gaze,Study 1,Gridworld,Requested Feedback,Eye Gaze,1,1787856676.1879992,1787856678.7832458,2026-08-27T18:51:18.783246+00:00,2.5952465534210205,548405.546,78,839088568716,839088535514,3.3202,1,1,1,1,680.6691580526046,302.47873876903907,678.3783945805883,303.8194221298329,1.5,0.05023110285401344,-0.05557655170559883,-0.03772636875510216,-0.10977110266685486,-0.06059198081493378,0.9921083450317383
P001,P001_S01,P001_S01_ST1TR_TR04_R01,TR04,R01,Gridworld_Requested_Gaze,Study 1,Gridworld,Requested Feedback,Eye Gaze,1,1787856676.1879992,1787856678.8116894,2026-08-27T18:51:18.811689+00:00,2.623690128326416,548405.578,79,839088901915,839088868848,3.3067,1,1,1,1,680.9074985904874,301.9639251157469,679.4406182647459,303.04011338391683,1.5,0.05022488906979561,-0.05555296689271927,-0.03773185983300209,-0.11026761680841446,-0.06086225435137749,0.992036759853363
P001,P001_S01,P001_S01_ST1TR_TR04_R01,TR04,R01,Gridworld_Requested_Gaze,Study 1,Gridworld,Requested Feedback,Eye Gaze,1,1787856676.1879992,1787856678.8456929,2026-08-27T18:51:18.845693+00:00,2.65769362449646,548405.609,80,839089235115,839089202183,3.2932,1,1,1,1,680.2294246510783,302.4591362719874,679.7719169470056,302.7961029969065,1.5,0.05021916702389717,-0.05489131808280945,-0.037714943289756775,-0.10979720205068588,-0.06063219532370567,0.9921030402183533
P001,P001_S01,P001_S01_ST1TR_TR04_R01,TR04,R01,Gridworld_Requested_Gaze,Study 1,Gridworld,Requested Feedback,Eye Gaze,1,1787856676.1879992,1787856678.8809562,2026-08-27T18:51:18.880956+00:00,2.6929569244384766,548405.656,81,839089568315,839089535518,3.2797,1,1,1,1,681.0526019768826,303.0570086737536,680.309804659554,302.90568338118226,1.5,0.050217583775520325,-0.054853346198797226,-0.03771039843559265,-0.10914774984121323,-0.06142263114452362,0.9921261072158813
P001,P001_S01,P001_S01_ST1TR_TR04_R01,TR04,R01,Gridworld_Requested_Gaze,Study 1,Gridworld,Requested Feedback,Eye Gaze,1,1787856676.1879992,1787856678.9159582,2026-08-27T18:51:18.915958+00:00,2.727958917617798,548405.687,82,839089901515,839089908293,0.6778,1,1,1,1,684.5336908849927,302.54174534873647,682.0838368742382,302.75282940755505,1.5,0.05021250247955322,-0.05454305559396744,-0.03770771995186806,-0.10953186452388763,-0.06505327671766281,0.991852343082428
P001,P001_S01,P001_S01_ST1TR_TR04_R01,TR04,R01,Gridworld_Requested_Gaze,Study 1,Gridworld,Requested Feedback,Eye Gaze,1,1787856676.1879992,1787856678.9489691,2026-08-27T18:51:18.948969+00:00,2.760969877243042,548405.718,83,839090234714,839090241136,0.6422,1,1,1,1,683.634933023021,301.8809364529719,682.7352972567269,302.3866343666301,1.5,0.05020606890320778,-0.05484010651707649,-0.037725456058979034,-0.1101984828710556,-0.06401031464338303,0.9918462634086609
P001,P001_S01,P001_S01_ST1TR_TR04_R01,TR04,R01,Gridworld_Requested_Gaze,Study 1,Gridworld,Requested Feedback,Eye Gaze,1,1787856676.1879992,1787856678.9802392,2026-08-27T18:51:18.980239+00:00,2.7922399044036865,548405.75,84,839090567914,839090574472,0.6558,1,1,1,1,685.3541034854806,301.3625385688083,683.8351958728035,301.95651413154496,1.5,0.05019788816571236,-0.0547456219792366,-0.03774009644985199,-0.11061057448387146,-0.06574542075395584,0.9916868805885315
P001,P001_S01,P001_S01_ST1TR_TR04_R01,TR04,R01,Gridworld_Requested_Gaze,Study 1,Gridworld,Requested Feedback,Eye Gaze,1,1787856676.1879992,1787856679.013521,2026-08-27T18:51:19.013521+00:00,2.82552170753479,548405.781,85,839090901114,839090907806,0.6692,1,1,1,1,687.2685396471164,300.86834598986184,685.277200258015,301.49948351203807,1.5,0.05019185692071915,-0.05521209537982941,-0.03776368871331215,-0.11099150776863098,-0.06729377806186676,0.9915405511856079
P001,P001_S01,P001_S01_ST1TR_TR04_R01,TR04,R01,Gridworld_Requested_Gaze,Study 1,Gridworld,Requested Feedback,Eye Gaze,1,1787856676.1879992,1787856679.0447183,2026-08-27T18:51:19.044718+00:00,2.8567190170288086,548405.812,86,839091234314,839091241140,0.6826,1,1,1,1,686.4905460196612,301.39558223510255,685.7868054779065,301.4558449757252,1.5,0.05018777772784233,-0.054644208401441574,-0.03775283321738243,-0.11052849888801575,-0.06690415740013123,0.9916186332702637
P001,P001_S01,P001_S01_ST1TR_TR04_R01,TR04,R01,Gridworld_Requested_Gaze,Study 1,Gridworld,Requested Feedback,Eye Gaze,1,1787856676.1879992,1787856679.0781832,2026-08-27T18:51:19.078183+00:00,2.890183925628662,548405.843,87,839091567513,839091574473,0.696,1,1,1,1,686.0773337685399,301.57029463717373,685.9088273599725,301.5039138335336,1.5,0.05018585920333862,-0.05512259900569916,-0.03776993602514267,-0.1103789359331131,-0.066182941198349,0.9916835427284241
P001,P001_S01,P001_S01_ST1TR_TR04_R01,TR04,R01,Gridworld_Requested_Gaze,Study 1,Gridworld,Requested Feedback,Eye Gaze,1,1787856676.1879992,1787856679.1189888,2026-08-27T18:51:19.118989+00:00,2.9309895038604736,548405.89,88,839091900713,839091907808,0.7095,1,1,1,1,687.5786319301772,301.685233721191,686.6101452794585,301.58006818634976,1.5,0.05018215999007225,-0.0556502491235733,-0.037789735943078995,-0.110188327729702,-0.06727969646453857,0.991631031036377
P001,P001_S01,P001_S01_ST1TR_TR04_R01,TR04,R01,Gridworld_Requested_Gaze,Study 1,Gridworld,Requested Feedback,Eye Gaze,1,1787856676.1879992,1787856679.1513395,2026-08-27T18:51:19.151340+00:00,2.9633402824401855,548405.921,89,839092233913,839092241141,0.7228,1,1,1,1,689.7523579443722,301.50559226951486,687.9298745987223,301.5487883012791,1.5,0.05017709732055664,-0.055903948843479156,-0.037800904363393784,-0.11027292907238007,-0.0692107155919075,0.9914886951446533
P001,P001_S01,P001_S01_ST1TR_TR04_R01,TR04,R01,Gridworld_Requested_Gaze,Study 1,Gridworld,Requested Feedback,Eye Gaze,1,1787856676.1879992,1787856679.178186,2026-08-27T18:51:19.178186+00:00,2.9901866912841797,548405.953,90,839092567113,839092574475,0.7362,1,1,1,1,690.0927240090647,301.42863416621014,688.8382713510662,301.49832356455016,1.5,0.050171349197626114,-0.05589086562395096,-0.037798941135406494,-0.11033421754837036,-0.06954436004161835,0.991458535194397
P001,P001_S01,P001_S01_ST1TR_TR04_R01,TR04,R01,Gridworld_Requested_Gaze,Study 1,Gridworld,Requested Feedback,Eye Gaze,1,1787856676.1879992,1787856679.2131982,2026-08-27T18:51:19.213198+00:00,3.0251989364624023,548405.984,91,839092900313,839092907810,0.7497,1,1,1,1,693.3323905019838,300.51841398192346,690.7258013944515,301.086761539847,1.5,0.050164103507995605,-0.05524038150906563,-0.03778050094842911,-0.1110534816980362,-0.07311566919088364,0.9911212921142578
P001,P001_S01,P001_S01_ST1TR_TR04_R01,TR04,R01,Gridworld_Requested_Gaze,Study 1,Gridworld,Requested Feedback,Eye Gaze,1,1787856676.1879992,1787856679.2437994,2026-08-27T18:51:19.243799+00:00,3.055800199508667,548406.015,92,839093233513,839093241145,0.7632,1,1,1,1,693.8147195670783,299.8876420461873,692.0231470269548,300.5831313525099,1.5,0.05015821009874344,-0.05506155639886856,-0.03777248412370682,-0.11162933707237244,-0.07372637093067169,0.9910113215446472
P001,P001_S01,P001_S01_ST1TR_TR04_R01,TR04,R01,Gridworld_Requested_Gaze,Study 1,Gridworld,Requested Feedback,Eye Gaze,1,1787856676.1879992,1787856679.2777176,2026-08-27T18:51:19.277718+00:00,3.0897183418273926,548406.046,93,839093566712,839093574478,0.7766,1,1,1,1,692.5574564533254,299.4332918150341,692.2475569860305,300.1001987467701,1.5,0.05015305429697037,-0.05568760633468628,-0.03778635710477829,-0.11211046576499939,-0.07212307304143906,0.9910749197006226
P001,P001_S01,P001_S01_ST1TR_TR04_R01,TR04,R01,Gridworld_Requested_Gaze,Study 1,Gridworld,Requested Feedback,Eye Gaze,1,1787856676.1879992,1787856679.3115878,2026-08-27T18:51:19.311588+00:00,3.1235885620117188,548406.078,94,839093899911,839093907813,0.7902,1,1,1,1,693.1148292334866,298.87132835728005,692.6118113299622,299.5840731831843,1.5,0.05015093460679054,-0.05608620122075081,-0.03779088333249092,-0.11262279748916626,-0.07242177426815033,0.9909951090812683
P001,P001_S01,P001_S01_ST1TR_TR04_R01,TR04,R01,Gridworld_Requested_Gaze,Study 1,Gridworld,Requested Feedback,Eye Gaze,1,1787856676.1879992,1787856679.3514903,2026-08-27T18:51:19.351490+00:00,3.1634910106658936,548406.125,95,839094233111,839094241147,0.8036,1,1,1,1,691.9520833422139,299.20901087587634,692.334725575108,299.42654701411493,1.5,0.050151895731687546,-0.05672682076692581,-0.03780071437358856,-0.1123633086681366,-0.07086633890867233,0.9911370277404785
P001,P001_S01,P001_S01_ST1TR_TR04_R01,TR04,R01,Gridworld_Requested_Gaze,Study 1,Gridworld,Requested Feedback,Eye Gaze,1,1787856676.1879992,1787856679.3751824,2026-08-27T18:51:19.375182+00:00,3.187183141708374,548406.14,96,839094566311,839094574480,0.8169,1,1,1,1,695.0645511628372,299.2564133504357,693.4812523219543,299.3550908753697,1.5,0.05014602467417717,-0.05623701214790344,-0.037790004163980484,-0.11218681931495667,-0.07417009770870209,0.9909152388572693
P001,P001_S01,P001_S01_ST1TR_TR04_R01,TR04,R01,Gridworld_Requested_Gaze,Study 1,Gridworld,Requested Feedback,Eye Gaze,1,1787856676.1879992,1787856679.4068496,2026-08-27T18:51:19.406850+00:00,3.2188503742218018,548406.171,97,839094899511,839094947524,4.8013,1,1,1,1,695.1787473757997,298.99719558008843,694.1942002445694,299.2047748513516,1.5,0.050143782049417496,-0.05653280019760132,-0.03779970109462738,-0.11259893327951431,-0.07401398569345474,0.9908802509307861
P001,P001_S01,P001_S01_ST1TR_TR04_R01,TR04,R01,Gridworld_Requested_Gaze,Study 1,Gridworld,Requested Feedback,Eye Gaze,1,1787856676.1879992,1787856679.4389255,2026-08-27T18:51:19.438926+00:00,3.2509262561798096,548406.203,98,839095232710,839095280358,4.7648,1,1,1,1,734.5880146253157,333.9166353901434,711.1596022844828,313.78375627764416,1.5,0.050390224903821945,-0.0511716790497303,-0.03772959113121033,-0.07742904871702194,-0.11395587027072906,0.9904639720916748
P001,P001_S01,P001_S01_ST1TR_TR04_R01,TR04,R01,Gridworld_Requested_Gaze,Study 1,Gridworld,Requested Feedback,Eye Gaze,1,1787856676.1879992,1787856679.4702554,2026-08-27T18:51:19.470255+00:00,3.2822561264038086,548406.234,99,839095565910,839095613692,4.7782,1,1,1,1,735.2567269017003,339.65727595988176,721.2803946237143,324.65063454418396,1.5,0.050414156168699265,-0.050973258912563324,-0.037711139768362045,-0.07190781831741333,-0.11457271873950958,0.9908089637756348
P001,P001_S01,P001_S01_ST1TR_TR04_R01,TR04,R01,Gridworld_Requested_Gaze,Study 1,Gridworld,Requested Feedback,Eye Gaze,1,1787856676.1879992,1787856679.5017033,2026-08-27T18:51:19.501703+00:00,3.313704013824463,548406.265,100,839095899110,839095947027,4.7917,1,1,1,1,732.0851818661797,339.7263361709637,725.8184052655498,330.98242922743145,1.5,0.05041933059692383,-0.051207248121500015,-0.03770524635910988,-0.0720984935760498,-0.11148563027381897,0.9911472797393799
P001,P001_S01,P001_S01_ST1TR_TR04_R01,TR04,R01,Gridworld_Requested_Gaze,Study 1,Gridworld,Requested Feedback,Eye Gaze,1,1787856676.1879992,1787856679.5514696,2026-08-27T18:51:19.551470+00:00,3.3634703159332275,548406.328,101,839096232310,839096280361,,1,0,0,0,,,,,1.5,0.0,0.0,0.0,0.0,0.0,0.0
P001,P001_S01,P001_S01_ST1TR_TR04_R01,TR04,R01,Gridworld_Requested_Gaze,Study 1,Gridworld,Requested Feedback,Eye Gaze,1,1787856676.1879992,1787856679.5648503,2026-08-27T18:51:19.564850+00:00,3.3768510818481445,548406.328,102,839096565510,839096613695,4.8185,1,1,1,1,724.6578031914452,337.14093420988377,724.6578031914452,337.14093420988377,1.5,0.05041837319731712,-0.052323807030916214,-0.03771461546421051,-0.07520703971385956,-0.10375326126813889,0.9917557239532471
P001,P001_S01,P001_S01_ST1TR_TR04_R01,TR04,R01,Gridworld_Requested_Gaze,Study 1,Gridworld,Requested Feedback,Eye Gaze,1,1787856676.1879992,1787856679.6121807,2026-08-27T18:51:19.612181+00:00,3.4241814613342285,548406.375,103,839096898709,839096947028,4.8319,1,1,1,1,723.6861850046117,331.1777052561522,724.2497235529752,334.6363780493165,1.5,0.05039247125387192,-0.05293774977326393,-0.03772987052798271,-0.08137828856706619,-0.10261084139347076,0.9913873076438904
P001,P001_S01,P001_S01_ST1TR_TR04_R01,TR04,R01,Gridworld_Requested_Gaze,Study 1,Gridworld,Requested Feedback,Eye Gaze,1,1787856676.1879992,1787856679.6439764,2026-08-27T18:51:19.643976+00:00,3.455977201461792,548406.406,104,839097231909,839097280363,4.8454,1,1,1,1,719.4154188342111,323.34984977499585,722.2193155710943,329.8960361741018,1.5,0.05034465715289116,-0.05391734838485718,-0.03777068480849266,-0.0888524204492569,-0.0981966108083725,0.9911926984786987
P001,P001_S01,P001_S01_ST1TR_TR04_R01,TR04,R01,Gridworld_Requested_Gaze,Study 1,Gridworld,Requested Feedback,Eye Gaze,1,1787856676.1879992,1787856679.6758754,2026-08-27T18:51:19.675875+00:00,3.4878761768341064,548406.453,105,839097565109,839097613697,4.8588,1,1,1,1,717.0640217123997,316.78604037713376,720.0540921504426,324.38983793937524,1.5,0.05027901381254196,-0.05391959100961685,-0.037799689918756485,-0.09506615996360779,-0.09635387361049652,0.9907968640327454
P001,P001_S01,P001_S01_ST1TR_TR04_R01,TR04,R01,Gridworld_Requested_Gaze,Study 1,Gridworld,Requested Feedback,Eye Gaze,1,1787856676.1879992,1787856679.707662,2026-08-27T18:51:19.707662+00:00,3.519662857055664,548406.484,106,839097898309,839097947031,4.8722,1,1,1,1,713.8515504473039,308.87574716533913,717.4490246351244,317.8739198142801,1.5,0.05021297559142113,-0.05454995483160019,-0.037838198244571686,-0.10274183005094528,-0.09329075366258621,0.9903237223625183
P001,P001_S01,P001_S01_ST1TR_TR04_R01,TR04,R01,Gridworld_Requested_Gaze,Study 1,Gridworld,Requested Feedback,Eye Gaze,1,1787856676.1879992,1787856679.7393644,2026-08-27T18:51:19.739364+00:00,3.5513651371002197,548406.515,107,839098231508,839098280364,4.8856,1,1,1,1,714.2829220500424,303.17786310776916,716.11926154939,311.70157599754555,1.5,0.05015778914093971,-0.055189650505781174,-0.03787225857377052,-0.10782976448535919,-0.09351949393749237,0.9897611141204834
P001,P001_S01,P001_S01_ST1TR_TR04_R01,TR04,R01,Gridworld_Requested_Gaze,Study 1,Gridworld,Requested Feedback,Eye Gaze,1,1787856676.1879992,1787856679.7709105,2026-08-27T18:51:19.770911+00:00,3.582911252975464,548406.546,108,839098564708,839098613698,4.899,1,1,1,1,715.1584021465086,299.89382747202393,715.7157006001798,306.7423216168265,1.5,0.050126753747463226,-0.05574015900492668,-0.037888053804636,-0.11083787679672241,-0.09412820637226105,0.9893710613250732
P001,P001_S01,P001_S01_ST1TR_TR04_R01,TR04,R01,Gridworld_Requested_Gaze,Study 1,Gridworld,Requested Feedback,Eye Gaze,1,1787856676.1879992,1787856679.802484,2026-08-27T18:51:19.802484+00:00,3.6144847869873047,548406.578,109,839098897908,839098947032,4.9124,1,1,1,1,719.7517840619631,297.4191140196603,717.4108556541289,302.8265744260167,1.5,0.05010079964995384,-0.055432721972465515,-0.037891291081905365,-0.1128147691488266,-0.09871693700551987,0.9887000918388367
P001,P001_S01,P001_S01_ST1TR_TR04_R01,TR04,R01,Gridworld_Requested_Gaze,Study 1,Gridworld,Requested Feedback,Eye Gaze,1,1787856676.1879992,1787856679.8345647,2026-08-27T18:51:19.834565+00:00,3.6465654373168945,548406.609,110,839099231108,839099280367,,1,0,0,0,,,,,1.5,0.0,0.0,0.0,0.0,0.0,0.0
P001,P001_S01,P001_S01_ST1TR_TR04_R01,TR04,R01,Gridworld_Requested_Gaze,Study 1,Gridworld,Requested Feedback,Eye Gaze,1,1787856676.1879992,1787856679.866451,2026-08-27T18:51:19.866451+00:00,3.6784517765045166,548406.64,111,839099564307,839099613701,4.9394,1,1,1,1,516.9802398432269,298.4849912775018,516.9802398432269,298.4849912775018,1.5,0.049989260733127594,-0.0562979094684124,-0.03807125985622406,-0.11946411430835724,0.09654413908720016,0.9881334900856018
P001,P001_S01,P001_S01_ST1TR_TR04_R01,TR04,R01,Gridworld_Requested_Gaze,Study 1,Gridworld,Requested Feedback,Eye Gaze,1,1787856676.1879992,1787856679.9139872,2026-08-27T18:51:19.913987+00:00,3.7259879112243652,548406.687,112,839099897507,839099879403,1.8104,1,1,1,1,523.3193067877962,298.6754245408483,519.6426479599461,298.5649732481074,1.5,0.049992918968200684,-0.05450953543186188,-0.03800998255610466,-0.11917450278997421,0.090275339782238,0.9887608289718628
P001,P001_S01,P001_S01_ST1TR_TR04_R01,TR04,R01,Gridworld_Requested_Gaze,Study 1,Gridworld,Requested Feedback,Eye Gaze,1,1787856676.1879992,1787856679.9515824,2026-08-27T18:51:19.951582+00:00,3.763583183288574,548406.718,113,839100230707,839100208031,2.2676,1,1,1,1,530.2493053552536,298.9177042415811,524.0974440659753,298.71312026536634,1.5,0.04999277740716934,-0.053802553564310074,-0.037979722023010254,-0.11864927411079407,0.0834759771823883,0.9894211888313293
P001,P001_S01,P001_S01_ST1TR_TR04_R01,TR04,R01,Gridworld_Requested_Gaze,Study 1,Gridworld,Requested Feedback,Eye Gaze,1,1787856676.1879992,1787856679.977296,2026-08-27T18:51:19.977296+00:00,3.789296865463257,548406.75,114,839100563907,839100541364,,1,0,0,0,,,,,1.5,0.0,0.0,0.0,0.0,0.0,0.0
P001,P001_S01,P001_S01_ST1TR_TR04_R01,TR04,R01,Gridworld_Requested_Gaze,Study 1,Gridworld,Requested Feedback,Eye Gaze,1,1787856676.1879992,1787856680.0130706,2026-08-27T18:51:20.013071+00:00,3.825071334838867,548406.781,115,839100897106,839100874699,2.2407,1,1,1,1,565.3402382022477,289.6753833405102,565.3402382022477,289.6753833405102,1.5,0.049919985234737396,-0.047524385154247284,-0.03776807337999344,-0.12610994279384613,0.045562565326690674,0.9909694194793701
P001,P001_S01,P001_S01_ST1TR_TR04_R01,TR04,R01,Gridworld_Requested_Gaze,Study 1,Gridworld,Requested Feedback,Eye Gaze,1,1787856676.1879992,1787856680.0516438,2026-08-27T18:51:20.051644+00:00,3.863644599914551,548406.828,116,839101230306,839101208033,,1,0,0,0,,,,,1.5,0.0,0.0,0.0,0.0,0.0,0.0
P001,P001_S01,P001_S01_ST1TR_TR04_R01,TR04,R01,Gridworld_Requested_Gaze,Study 1,Gridworld,Requested Feedback,Eye Gaze,1,1787856676.1879992,1787856680.072459,2026-08-27T18:51:20.072459+00:00,3.8844597339630127,548406.843,117,839101563506,839101541366,2.214,1,1,1,1,471.3022201187363,475.8065625196123,471.3022201187363,475.8065625196123,1.5,0.05147155001759529,-0.055055610835552216,-0.038133468478918076,0.047539666295051575,0.1469624936580658,0.9879990816116333
P001,P001_S01,P001_S01_ST1TR_TR04_R01,TR04,R01,Gridworld_Requested_Gaze,Study 1,Gridworld,Requested Feedback,Eye Gaze,1,1787856676.1879992,1787856680.1039155,2026-08-27T18:51:20.103915+00:00,3.9159162044525146,548406.875,118,839101896706,839101874701,2.2005,1,1,1,1,505.116760429199,471.7126609871426,485.50432704913067,474.08712387597507,1.5,0.05134009197354317,-0.048330020159482956,-0.037971362471580505,0.04554031416773796,0.110903799533844,0.9927873015403748
P001,P001_S01,P001_S01_ST1TR_TR04_R01,TR04,R01,Gridworld_Requested_Gaze,Study 1,Gridworld,Requested Feedback,Eye Gaze,1,1787856676.1879992,1787856680.1357155,2026-08-27T18:51:20.135715+00:00,3.947716236114502,548406.906,119,839102229906,839102208033,2.1873,1,1,1,1,523.0513010349222,459.1050141911003,501.27405612316306,467.79463780832765,1.5,0.051249902695417404,-0.04414913058280945,-0.03782087191939354,0.03440413251519203,0.09072902798652649,0.9952812790870667
P001,P001_S01,P001_S01_ST1TR_TR04_R01,TR04,R01,Gridworld_Requested_Gaze,Study 1,Gridworld,Requested Feedback,Eye Gaze,1,1787856676.1879992,1787856680.1674235,2026-08-27T18:51:20.167423+00:00,3.979424238204956,548406.937,120,839102563105,839102541369,2.1736,1,1,1,1,546.0487034833455,448.44058083879395,520.0794080144398,459.6659338811235,1.5,0.05116897448897362,-0.04393546283245087,-0.03775414451956749,0.02546750009059906,0.06825665384531021,0.9973427057266235
P001,P001_S01,P001_S01_ST1TR_TR04_R01,TR04,R01,Gridworld_Requested_Gaze,Study 1,Gridworld,Requested Feedback,Eye Gaze,1,1787856676.1879992,1787856680.2147105,2026-08-27T18:51:20.214710+00:00,4.0267112255096436,548406.984,121,839102896305,839102874704,2.1601,1,1,1,1,556.0200928376576,441.9893418523833,535.1744956401913,452.24176522905265,1.5,0.05111778527498245,-0.04343748837709427,-0.03772835433483124,0.01984332501888275,0.05807950347661972,0.9981148838996887
P001,P001_S01,P001_S01_ST1TR_TR04_R01,TR04,R01,Gridworld_Requested_Gaze,Study 1,Gridworld,Requested Feedback,Eye Gaze,1,1787856676.1879992,1787856680.246491,2026-08-27T18:51:20.246491+00:00,4.0584917068481445,548407.0,122,839103229505,839103208036,2.1469,1,1,1,1,573.4009943640824,426.1781671002845,551.2296251042255,441.29505401497005,1.5,0.05097260698676109,-0.04359825700521469,-0.03770839422941208,0.005381718277931213,0.040783219039440155,0.9991535544395447
P001,P001_S01,P001_S01_ST1TR_TR04_R01,TR04,R01,Gridworld_Requested_Gaze,Study 1,Gridworld,Requested Feedback,Eye Gaze,1,1787856676.1879992,1787856680.2783105,2026-08-27T18:51:20.278311+00:00,4.090311288833618,548407.046,123,839103562704,839103541370,2.1334,1,1,1,1,593.0527787335996,409.95440859478293,568.7953496285627,428.1319829384915,1.5,0.05083689093589783,-0.03840188682079315,-0.037620652467012405,-0.009516945108771324,0.017560061067342758,0.9998005628585815
P001,P001_S01,P001_S01_ST1TR_TR04_R01,TR04,R01,Gridworld_Requested_Gaze,Study 1,Gridworld,Requested Feedback,Eye Gaze,1,1787856676.1879992,1787856680.310429,2026-08-27T18:51:20.310429+00:00,4.122429847717285,548407.078,124,839103895904,839103874704,2.12,1,1,1,1,609.9184121883566,398.789937290452,586.0670359036761,415.8083237663149,1.5,0.05077278986573219,-0.03638419508934021,-0.03754052147269249,-0.019540224224328995,-0.0007015522569417953,0.9998088479042053
P001,P001_S01,P001_S01_ST1TR_TR04_R01,TR04,R01,Gridworld_Requested_Gaze,Study 1,Gridworld,Requested Feedback,Eye Gaze,1,1787856676.1879992,1787856680.358009,2026-08-27T18:51:20.358009+00:00,4.1700098514556885,548407.125,125,839104229104,839104208040,2.1064,1,1,1,1,618.2128640661348,400.35711563863595,599.5682837319089,409.31881635268974,1.5,0.05073604732751846,-0.03796146810054779,-0.037574898451566696,-0.01768946275115013,-0.007722501177340746,0.9998137950897217
P001,P001_S01,P001_S01_ST1TR_TR04_R01,TR04,R01,Gridworld_Requested_Gaze,Study 1,Gridworld,Requested Feedback,Eye Gaze,1,1787856676.1879992,1787856680.3737829,2026-08-27T18:51:20.373783+00:00,4.185783624649048,548407.14,126,839104562304,839104541373,2.0931,1,1,1,1,623.0297313381674,398.1646691295117,609.4220917265375,404.634074518955,1.5,0.05070305988192558,-0.039683520793914795,-0.03759235516190529,-0.019711153581738472,-0.011405715718865395,0.9997407793998718
P001,P001_S01,P001_S01_ST1TR_TR04_R01,TR04,R01,Gridworld_Requested_Gaze,Study 1,Gridworld,Requested Feedback,Eye Gaze,1,1787856676.1879992,1787856680.4055722,2026-08-27T18:51:20.405572+00:00,4.217572927474976,548407.171,127,839104895503,839104918136,,1,0,0,0,,,,,1.5,0.0,0.0,0.0,0.0,0.0,0.0
P001,P001_S01,P001_S01_ST1TR_TR04_R01,TR04,R01,Gridworld_Requested_Gaze,Study 1,Gridworld,Requested Feedback,Eye Gaze,1,1787856676.1879992,1787856680.45298,2026-08-27T18:51:20.452980+00:00,4.264980792999268,548407.218,128,839105228703,839105246800,1.8097,1,1,1,1,638.0314199020099,374.0329819391836,638.0314199020099,374.0329819391836,1.5,0.05051914229989052,-0.04209310561418533,-0.03765968605875969,-0.04315666854381561,-0.02585260383784771,0.9987338185310364
P001,P001_S01,P001_S01_ST1TR_TR04_R01,TR04,R01,Gridworld_Requested_Gaze,Study 1,Gridworld,Requested Feedback,Eye Gaze,1,1787856676.1879992,1787856680.4847252,2026-08-27T18:51:20.484725+00:00,4.2967259883880615,548407.25,129,839105561903,839105580134,1.8231,1,1,1,1,642.3909009846075,366.3822524498971,639.862401956701,370.8196755536833,1.5,0.05047263205051422,-0.04218032956123352,-0.037665560841560364,-0.05034272372722626,-0.030303649604320526,0.9982722997665405
P001,P001_S01,P001_S01_ST1TR_TR04_R01,TR04,R01,Gridworld_Requested_Gaze,Study 1,Gridworld,Requested Feedback,Eye Gaze,1,1787856676.1879992,1787856680.5006893,2026-08-27T18:51:20.500689+00:00,4.312690019607544,548407.265,130,839105895103,839105913469,,1,0,0,0,,,,,1.5,0.0,0.0,0.0,0.0,0.0,0.0
P001,P001_S01,P001_S01_ST1TR_TR04_R01,TR04,R01,Gridworld_Requested_Gaze,Study 1,Gridworld,Requested Feedback,Eye Gaze,1,1787856676.1879992,1787856680.5519564,2026-08-27T18:51:20.551956+00:00,4.363957166671753,548407.328,131,839106228302,839106246803,,1,0,0,0,,,,,1.5,0.0,0.0,0.0,0.0,0.0,0.0
P001,P001_S01,P001_S01_ST1TR_TR04_R01,TR04,R01,Gridworld_Requested_Gaze,Study 1,Gridworld,Requested Feedback,Eye Gaze,1,1787856676.1879992,1787856680.5801136,2026-08-27T18:51:20.580114+00:00,4.3921144008636475,548407.343,132,839106561502,839106580136,1.8634,1,1,1,1,651.7590829968563,347.5569560718044,651.7590829968563,347.5569560718044,1.5,0.05036778748035431,-0.04417070001363754,-0.03775013983249664,-0.06797026842832565,-0.03889226168394089,0.9969291687011719
P001,P001_S01,P001_S01_ST1TR_TR04_R01,TR04,R01,Gridworld_Requested_Gaze,Study 1,Gridworld,Requested Feedback,Eye Gaze,1,1787856676.1879992,1787856680.611552,2026-08-27T18:51:20.611552+00:00,4.423552751541138,548407.375,133,839106894702,839106913470,,1,0,0,0,,,,,1.5,0.0,0.0,0.0,0.0,0.0,0.0
P001,P001_S01,P001_S01_ST1TR_TR04_R01,TR04,R01,Gridworld_Requested_Gaze,Study 1,Gridworld,Requested Feedback,Eye Gaze,1,1787856676.1879992,1787856680.6587634,2026-08-27T18:51:20.658763+00:00,4.47076416015625,548407.421,134,839107227902,839107246804,,1,0,0,0,,,,,1.5,0.0,0.0,0.0,0.0,0.0,0.0
P001,P001_S01,P001_S01_ST1TR_TR04_R01,TR04,R01,Gridworld_Requested_Gaze,Study 1,Gridworld,Requested Feedback,Eye Gaze,1,1787856676.1879992,1787856680.6744874,2026-08-27T18:51:20.674487+00:00,4.486488103866577,548407.437,135,839107561101,839107580139,1.9038,1,1,1,1,704.8220209368633,471.3277056922364,704.8220209368633,471.3277056922364,1.5,0.05160737782716751,-0.05117875337600708,-0.038310080766677856,0.052240971475839615,-0.07994294166564941,0.9954296350479126
P001,P001_S01,P001_S01_ST1TR_TR04_R01,TR04,R01,Gridworld_Requested_Gaze,Study 1,Gridworld,Requested Feedback,Eye Gaze,1,1787856676.1879992,1787856680.7063532,2026-08-27T18:51:20.706353+00:00,4.5183539390563965,548407.468,136,839107894301,839107913473,,1,0,0,0,,,,,1.5,0.0,0.0,0.0,0.0,0.0,0.0
P001,P001_S01,P001_S01_ST1TR_TR04_R01,TR04,R01,Gridworld_Requested_Gaze,Study 1,Gridworld,Requested Feedback,Eye Gaze,1,1787856676.1879992,1787856680.754154,2026-08-27T18:51:20.754154+00:00,4.566154718399048,548407.531,137,839108227501,839108246807,1.9306,1,1,1,1,711.9550637879956,455.2052701966917,711.9550637879956,455.2052701966917,1.5,0.0515308752655983,-0.05289125815033913,-0.03828639164566994,0.037229206413030624,-0.08614153414964676,0.9955871105194092
P001,P001_S01,P001_S01_ST1TR_TR04_R01,TR04,R01,Gridworld_Requested_Gaze,Study 1,Gridworld,Requested Feedback,Eye Gaze,1,1787856676.1879992,1787856680.785796,2026-08-27T18:51:20.785796+00:00,4.597796678543091,548407.562,138,839108560701,839108580141,,1,0,0,0,,,,,1.5,0.0,0.0,0.0,0.0,0.0,0.0
P001,P001_S01,P001_S01_ST1TR_TR04_R01,TR04,R01,Gridworld_Requested_Gaze,Study 1,Gridworld,Requested Feedback,Eye Gaze,1,1787856676.1879992,1787856680.8014953,2026-08-27T18:51:20.801495+00:00,4.6134960651397705,548407.578,139,839108893900,839108913475,,1,0,0,0,,,,,1.5,0.0,0.0,0.0,0.0,0.0,0.0
P001,P001_S01,P001_S01_ST1TR_TR04_R01,TR04,R01,Gridworld_Requested_Gaze,Study 1,Gridworld,Requested Feedback,Eye Gaze,1,1787856676.1879992,1787856680.8332736,2026-08-27T18:51:20.833274+00:00,4.64527440071106,548407.609,140,839109227100,839109246809,,1,0,0,0,,,,,1.5,0.0,0.0,0.0,0.0,0.0,0.0
P001,P001_S01,P001_S01_ST1TR_TR04_R01,TR04,R01,Gridworld_Requested_Gaze,Study 1,Gridworld,Requested Feedback,Eye Gaze,1,1787856676.1879992,1787856680.8969252,2026-08-27T18:51:20.896925+00:00,4.70892596244812,548407.671,141,839109560300,839109580144,1.9844,1,1,1,1,714.2572332435321,452.7751779963181,714.2572332435321,452.7751779963181,1.5,0.05134059116244316,-0.05141768231987953,-0.0381377637386322,0.035484492778778076,-0.08937648683786392,0.9953657388687134
P001,P001_S01,P001_S01_ST1TR_TR04_R01,TR04,R01,Gridworld_Requested_Gaze,Study 1,Gridworld,Requested Feedback,Eye Gaze,1,1787856676.1879992,1787856680.9126155,2026-08-27T18:51:20.912616+00:00,4.724616289138794,548407.687,142,839109893499,839109957172,6.3673,1,1,1,1,715.7787092242345,448.39669642758236,714.8962531554272,450.93621573744906,1.5,0.05130056291818619,-0.04957999661564827,-0.038065776228904724,0.030801407992839813,-0.09213172644376755,0.9952703714370728
P001,P001_S01,P001_S01_ST1TR_TR04_R01,TR04,R01,Gridworld_Requested_Gaze,Study 1,Gridworld,Requested Feedback,Eye Gaze,1,1787856676.1879992,1787856680.9604163,2026-08-27T18:51:20.960416+00:00,4.772417068481445,548407.734,143,839110226699,839110174709,5.199,1,1,1,1,717.4986993605822,443.3702822142935,715.9892805615923,447.7585236577238,1.5,0.051254626363515854,-0.04830360785126686,-0.038020964711904526,0.027358748018741608,-0.09529129415750504,0.9950735569000244
P001,P001_S01,P001_S01_ST1TR_TR04_R01,TR04,R01,Gridworld_Requested_Gaze,Study 1,Gridworld,Requested Feedback,Eye Gaze,1,1787856676.1879992,1787856680.9763691,2026-08-27T18:51:20.976369+00:00,4.78836989402771,548407.75,144,839110559898,839110508044,,1,0,0,0,,,,,1.5,0.0,0.0,0.0,0.0,0.0,0.0
P001,P001_S01,P001_S01_ST1TR_TR04_R01,TR04,R01,Gridworld_Requested_Gaze,Study 1,Gridworld,Requested Feedback,Eye Gaze,1,1787856676.1879992,1787856681.027938,2026-08-27T18:51:21.027938+00:00,4.839938640594482,548407.796,145,839110893098,839110841377,5.1721,1,1,1,1,705.425291095584,448.14034295959374,705.425291095584,448.14034295959374,1.5,0.05120290443301201,-0.047077953815460205,-0.03799363970756531,0.031443241983652115,-0.08430040627717972,0.9959442019462585
P001,P001_S01,P001_S01_ST1TR_TR04_R01,TR04,R01,Gridworld_Requested_Gaze,Study 1,Gridworld,Requested Feedback,Eye Gaze,1,1787856676.1879992,1787856681.0556731,2026-08-27T18:51:21.055673+00:00,4.867673873901367,548407.828,146,839111226298,839111174711,5.1587,1,1,1,1,696.7583708611601,451.2670092265231,701.7851845971261,449.4535427917041,1.5,0.0511825829744339,-0.046323277056217194,-0.03798459470272064,0.03401632979512215,-0.07620477676391602,0.9965119361877441
P001,P001_S01,P001_S01_ST1TR_TR04_R01,TR04,R01,Gridworld_Requested_Gaze,Study 1,Gridworld,Requested Feedback,Eye Gaze,1,1787856676.1879992,1787856681.103452,2026-08-27T18:51:21.103452+00:00,4.915452718734741,548407.875,147,839111559498,839111508045,5.1453,1,1,1,1,696.7286775960854,449.9785973433537,699.661451656689,449.67406570339693,1.5,0.05117638781666756,-0.04594810679554939,-0.03797626867890358,0.03284022957086563,-0.0762946605682373,0.996544361114502
P001,P001_S01,P001_S01_ST1TR_TR04_R01,TR04,R01,Gridworld_Requested_Gaze,Study 1,Gridworld,Requested Feedback,Eye Gaze,1,1787856676.1879992,1787856681.11935,2026-08-27T18:51:21.119350+00:00,4.9313507080078125,548407.89,148,839111892697,839111841379,5.1318,1,1,1,1,698.9695586645986,446.6181254740464,699.370856600011,448.3905708070697,1.5,0.051166508346796036,-0.04485910385847092,-0.037948545068502426,0.02963435649871826,-0.0791359469294548,0.9964233636856079
P001,P001_S01,P001_S01_ST1TR_TR04_R01,TR04,R01,Gridworld_Requested_Gaze,Study 1,Gridworld,Requested Feedback,Eye Gaze,1,1787856676.1879992,1787856681.1523044,2026-08-27T18:51:21.152304+00:00,4.96430516242981,548407.921,149,839112225897,839112174713,5.1184,1,1,1,1,698.510593583526,443.20117889873393,699.0095461330873,446.2110262055687,1.5,0.05114782974123955,-0.04377548024058342,-0.037913259118795395,0.02632128819823265,-0.07948687672615051,0.9964884519577026
P001,P001_S01,P001_S01_ST1TR_TR04_R01,TR04,R01,Gridworld_Requested_Gaze,Study 1,Gridworld,Requested Feedback,Eye Gaze,1,1787856676.1879992,1787856681.1988356,2026-08-27T18:51:21.198836+00:00,5.010836362838745,548407.968,150,839112559097,839112508048,5.1049,1,1,1,1,698.0776468758567,442.78806507538525,698.6181484450505,444.7733825308917,1.5,0.05113212391734123,-0.04344656690955162,-0.03789035603404045,0.026049643754959106,-0.07939333468675613,0.9965030550956726
P001,P001_S01,P001_S01_ST1TR_TR04_R01,TR04,R01,Gridworld_Requested_Gaze,Study 1,Gridworld,Requested Feedback,Eye Gaze,1,1787856676.1879992,1787856681.2525365,2026-08-27T18:51:21.252537+00:00,5.064537286758423,548408.015,151,839112892297,839112841381,5.0916,1,1,1,1,696.0816471419918,441.1975412372408,697.5528178977659,443.2715291875584,1.5,0.05111699178814888,-0.044073253870010376,-0.03790159523487091,0.024454716593027115,-0.07726240158081055,0.9967108964920044
P001,P001_S01,P001_S01_ST1TR_TR04_R01,TR04,R01,Gridworld_Requested_Gaze,Study 1,Gridworld,Requested Feedback,Eye Gaze,1,1787856676.1879992,1787856681.293366,2026-08-27T18:51:21.293366+00:00,5.1053667068481445,548408.062,152,839113225496,839113174716,5.078,1,1,1,1,697.9301186121091,438.3827049859706,697.7112841977901,441.2182230228915,1.5,0.0511002242565155,-0.04499497264623642,-0.03792091831564903,0.021695487201213837,-0.07869371771812439,0.9966627955436707
P001,P001_S01,P001_S01_ST1TR_TR04_R01,TR04,R01,Gridworld_Requested_Gaze,Study 1,Gridworld,Requested Feedback,Eye Gaze,1,1787856676.1879992,1787856681.3250058,2026-08-27T18:51:21.325006+00:00,5.137006521224976,548408.093,153,839113558696,839113508050,5.0646,1,1,1,1,699.6865912102307,436.9007936468772,698.5409131430151,439.4049026849655,1.5,0.051080238074064255,-0.04541691392660141,-0.037939224392175674,0.02033349499106407,-0.08031027764081955,0.9965626001358032
P001,P001_S01,P001_S01_ST1TR_TR04_R01,TR04,R01,Gridworld_Requested_Gaze,Study 1,Gridworld,Requested Feedback,Eye Gaze,1,1787856676.1879992,1787856681.372588,2026-08-27T18:51:21.372588+00:00,5.184588670730591,548408.14,154,839113891896,839113841384,5.0512,1,1,1,1,695.9564135413891,435.97736780386634,697.4554233103322,437.9653380349039,1.5,0.05106126517057419,-0.04638421908020973,-0.037965308874845505,0.01906445622444153,-0.07617004215717316,0.9969127178192139
P001,P001_S01,P001_S01_ST1TR_TR04_R01,TR04,R01,Gridworld_Requested_Gaze,Study 1,Gridworld,Requested Feedback,Eye Gaze,1,1787856676.1879992,1787856681.4200773,2026-08-27T18:51:21.420077+00:00,5.2320780754089355,548408.187,155,839114225096,839114174718,5.0378,1,1,1,1,694.1364656396661,435.36785834990593,696.0614610886524,436.87439656720477,1.5,0.05104751139879227,-0.04675666242837906,-0.037974681705236435,0.01835768297314644,-0.07413705438375473,0.9970791339874268
P001,P001_S01,P001_S01_ST1TR_TR04_R01,TR04,R01,Gridworld_Requested_Gaze,Study 1,Gridworld,Requested Feedback,Eye Gaze,1,1787856676.1879992,1787856681.4525404,2026-08-27T18:51:21.452540+00:00,5.264541149139404,548408.218,156,839114558295,839114508052,5.0243,1,1,1,1,694.4147068664447,436.21643804805683,695.3698243153252,436.5980539891627,1.5,0.05104709044098854,-0.04749472439289093,-0.037991609424352646,0.01933082565665245,-0.07377821207046509,0.9970873594284058
P001,P001_S01,P001_S01_ST1TR_TR04_R01,TR04,R01,Gridworld_Requested_Gaze,Study 1,Gridworld,Requested Feedback,Eye Gaze,1,1787856676.1879992,1787856681.4835103,2026-08-27T18:51:21.483510+00:00,5.29551100730896,548408.25,157,839114891495,839114842289,4.9206,1,1,1,1,695.1704079639181,436.649373451943,695.2860694477342,436.6196081635304,1.5,0.051044926047325134,-0.04752533882856369,-0.037996236234903336,0.019647859036922455,-0.07440929114818573,0.9970342516899109
P001,P001_S01,P001_S01_ST1TR_TR04_R01,TR04,R01,Gridworld_Requested_Gaze,Study 1,Gridworld,Requested Feedback,Eye Gaze,1,1787856676.1879992,1787856681.5152202,2026-08-27T18:51:21.515220+00:00,5.327220916748047,548408.281,158,839115224695,839115213834,1.0861,1,1,1,1,694.0161756535651,437.1222042782312,694.7527140541833,436.8306985317048,1.5,0.05104803666472435,-0.047678448259830475,-0.03799974545836449,0.02016424760222435,-0.0732441395521164,0.9971103072166443
P001,P001_S01,P001_S01_ST1TR_TR04_R01,TR04,R01,Gridworld_Requested_Gaze,Study 1,Gridworld,Requested Feedback,Eye Gaze,1,1787856676.1879992,1787856681.5627937,2026-08-27T18:51:21.562794+00:00,5.3747944831848145,548408.328,159,839115557895,839115547169,1.0726,1,1,1,1,690.8373907723692,438.1841068678452,693.1082782758215,437.3991300328838,1.5,0.05104885995388031,-0.04738502576947212,-0.0379960872232914,0.021091140806674957,-0.07034485042095184,0.9972997903823853
P001,P001_S01,P001_S01_ST1TR_TR04_R01,TR04,R01,Gridworld_Requested_Gaze,Study 1,Gridworld,Requested Feedback,Eye Gaze,1,1787856676.1879992,1787856681.5943844,2026-08-27T18:51:21.594384+00:00,5.406385183334351,548408.359,160,839115891094,839115880502,1.0592,1,1,1,1,683.7604129995955,439.6624211065393,689.1821748598065,438.34971228381914,1.5,0.051043808460235596,-0.04690714552998543,-0.0379948765039444,0.022229675203561783,-0.06380096077919006,0.9977151155471802
P001,P001_S01,P001_S01_ST1TR_TR04_R01,TR04,R01,Gridworld_Requested_Gaze,Study 1,Gridworld,Requested Feedback,Eye Gaze,1,1787856676.1879992,1787856681.6736772,2026-08-27T18:51:21.673677+00:00,5.48567795753479,548408.437,161,839116224294,839116213836,1.0458,1,1,1,1,681.1072145307352,440.40966423450914,685.7906915215965,439.214892103109,1.5,0.051038917154073715,-0.046656686812639236,-0.03799135237932205,0.022843267768621445,-0.061378005892038345,0.9978532791137695
P001,P001_S01,P001_S01_ST1TR_TR04_R01,TR04,R01,Gridworld_Requested_Gaze,Study 1,Gridworld,Requested Feedback,Eye Gaze,1,1787856676.1879992,1787856681.7210445,2026-08-27T18:51:21.721045+00:00,5.533045291900635,548408.484,162,839116557494,839116547170,1.0324,1,1,1,1,679.2389119350762,442.28230609274783,683.038944095258,440.50320597875736,1.5,0.05102840065956116,-0.04589253291487694,-0.0379774309694767,0.024587184190750122,-0.060000017285346985,0.9978955984115601
P001,P001_S01,P001_S01_ST1TR_TR04_R01,TR04,R01,Gridworld_Requested_Gaze,Study 1,Gridworld,Requested Feedback,Eye Gaze,1,1787856676.1879992,1787856681.7683058,2026-08-27T18:51:21.768306+00:00,5.580306529998779,548408.531,163,839116890693,839116880503,1.019,1,1,1,1,682.6016282160756,441.9162211802596,682.8552714260014,441.0966723633883,1.5,0.05102107301354408,-0.04587671905755997,-0.03796841949224472,0.024354208260774612,-0.06326908618211746,0.9976993799209595
P001,P001_S01,P001_S01_ST1TR_TR04_R01,TR04,R01,Gridworld_Requested_Gaze,Study 1,Gridworld,Requested Feedback,Eye Gaze,1,1787856676.1879992,1787856681.8320847,2026-08-27T18:51:21.832085+00:00,5.64408540725708,548408.609,164,839117223893,839117213839,,1,0,0,0,,,,,1.5,0.0,0.0,0.0,0.0,0.0,0.0
P001,P001_S01,P001_S01_ST1TR_TR04_R01,TR04,R01,Gridworld_Requested_Gaze,Study 1,Gridworld,Requested Feedback,Eye Gaze,1,1787856676.1879992,1787856681.8796873,2026-08-27T18:51:21.879687+00:00,5.691688060760498,548408.656,165,839117557093,839117547173,0.992,1,1,1,1,724.3328767616888,434.709624659823,724.3328767616888,434.709624659823,1.5,0.051017943769693375,-0.046659450978040695,-0.03804905340075493,0.018989209085702896,-0.10309132188558578,0.9944907426834106
P001,P001_S01,P001_S01_ST1TR_TR04_R01,TR04,R01,Gridworld_Requested_Gaze,Study 1,Gridworld,Requested Feedback,Eye Gaze,1,1787856676.1879992,1787856681.9433222,2026-08-27T18:51:21.943322+00:00,5.7553229331970215,548408.718,166,839117890293,839117880506,0.9787,1,1,1,1,718.7870608588113,434.124312921404,722.0036340824803,434.46379372968704,1.5,0.051027677953243256,-0.04790214076638222,-0.038069818168878555,0.018225956708192825,-0.09700293093919754,0.9951173067092896
P001,P001_S01,P001_S01_ST1TR_TR04_R01,TR04,R01,Gridworld_Requested_Gaze,Study 1,Gridworld,Requested Feedback,Eye Gaze,1,1787856676.1879992,1787856681.9911854,2026-08-27T18:51:21.991185+00:00,5.8031861782073975,548408.765,167,839118223492,839118213841,0.9651,1,1,1,1,717.0635379743832,433.6647079880296,719.9287937170795,434.12817771819095,1.5,0.051029182970523834,-0.04780542850494385,-0.038059014827013016,0.01773310825228691,-0.09544378519058228,0.9952768683433533
P001,P001_S01,P001_S01_ST1TR_TR04_R01,TR04,R01,Gridworld_Requested_Gaze,Study 1,Gridworld,Requested Feedback,Eye Gaze,1,1787856676.1879992,1787856682.0544271,2026-08-27T18:51:22.054427+00:00,5.866427898406982,548408.828,168,839118556692,839118547174,0.9518,1,1,1,1,715.3265599402257,435.0200276373806,717.995855530801,434.5027546842506,1.5,0.0510353222489357,-0.04837493598461151,-0.03806094452738762,0.01896895468235016,-0.09334594011306763,0.9954531192779541
P001,P001_S01,P001_S01_ST1TR_TR04_R01,TR04,R01,Gridworld_Requested_Gaze,Study 1,Gridworld,Requested Feedback,Eye Gaze,1,1787856676.1879992,1787856682.1180246,2026-08-27T18:51:22.118025+00:00,5.930025339126587,548408.89,169,839118889892,839118880509,0.9383,1,1,1,1,714.2166792572526,434.7632807538138,716.4086014959107,434.61217563346713,1.5,0.051033951342105865,-0.04830991104245186,-0.03804859519004822,0.01867292821407318,-0.09233842045068741,0.9955527186393738
P001,P001_S01,P001_S01_ST1TR_TR04_R01,TR04,R01,Gridworld_Requested_Gaze,Study 1,Gridworld,Requested Feedback,Eye Gaze,1,1787856676.1879992,1787856682.181327,2026-08-27T18:51:22.181327+00:00,5.993327856063843,548408.953,170,839119223092,839119213843,0.9249,1,1,1,1,713.153848739845,434.7429325369962,715.0416053383631,434.66709353294937,1.5,0.05103304982185364,-0.04885726794600487,-0.0380513072013855,0.018616486340761185,-0.09095947444438934,0.9956806898117065
P001,P001_S01,P001_S01_ST1TR_TR04_R01,TR04,R01,Gridworld_Requested_Gaze,Study 1,Gridworld,Requested Feedback,Eye Gaze,1,1787856676.1879992,1787856682.228728,2026-08-27T18:51:22.228728+00:00,6.040728807449341,548409.0,171,839119556291,839119547177,0.9114,1,1,1,1,711.3010836988362,434.2593915641071,713.4705862497618,434.4958587060356,1.5,0.05102868378162384,-0.049052249640226364,-0.0380529910326004,0.018084339797496796,-0.08907808363437653,0.9958605766296387
P001,P001_S01,P001_S01_ST1TR_TR04_R01,TR04,R01,Gridworld_Requested_Gaze,Study 1,Gridworld,Requested Feedback,Eye Gaze,1,1787856676.1879992,1787856682.2788281,2026-08-27T18:51:22.278828+00:00,6.090828895568848,548409.046,172,839119889491,839119881347,0.8144,1,1,1,1,710.4872201045342,433.3915591827451,712.2175724687663,434.0320529062536,1.5,0.05102560296654701,-0.0491953082382679,-0.03805401921272278,0.017220154404640198,-0.08823942393064499,0.9959505200386047
P001,P001_S01,P001_S01_ST1TR_TR04_R01,TR04,R01,Gridworld_Requested_Gaze,Study 1,Gridworld,Requested Feedback,Eye Gaze,1,1787856676.1879992,1787856682.3556464,2026-08-27T18:51:22.355646+00:00,6.167647123336792,548409.125,173,839120222691,839120252910,3.0219,1,1,1,1,708.7137112925284,433.2709491593317,710.7459507747465,433.7123893325464,1.5,0.051023803651332855,-0.049191784113645554,-0.0380559079349041,0.01706896722316742,-0.0864669606089592,0.9961085915565491
P001,P001_S01,P001_S01_ST1TR_TR04_R01,TR04,R01,Gridworld_Requested_Gaze,Study 1,Gridworld,Requested Feedback,Eye Gaze,1,1787856676.1879992,1787856682.4194112,2026-08-27T18:51:22.419411+00:00,6.231411933898926,548409.187,174,839120555891,839120586243,3.0352,1,1,1,1,706.2502367586471,433.8300774007917,708.8577508879848,433.7618183212095,1.5,0.051021773368120193,-0.049206171184778214,-0.03806053847074509,0.017502691596746445,-0.08405008912086487,0.996307909488678
P001,P001_S01,P001_S01_ST1TR_TR04_R01,TR04,R01,Gridworld_Requested_Gaze,Study 1,Gridworld,Requested Feedback,Eye Gaze,1,1787856676.1879992,1787856682.4834688,2026-08-27T18:51:22.483469+00:00,6.295469522476196,548409.25,175,839120889090,839120919577,3.0487,1,1,1,1,709.0900432613682,434.33258912320815,708.9553136848058,434.0015420580489,1.5,0.05101117491722107,-0.04850522801280022,-0.038054514676332474,0.018093343824148178,-0.08718712627887726,0.9960277676582336
P001,P001_S01,P001_S01_ST1TR_TR04_R01,TR04,R01,Gridworld_Requested_Gaze,Study 1,Gridworld,Requested Feedback,Eye Gaze,1,1787856676.1879992,1787856682.5465682,2026-08-27T18:51:22.546568+00:00,6.358568906784058,548409.312,176,839121222290,839121252913,3.0623,1,1,1,1,708.7557289894467,423.09462855986135,708.8714881127551,429.4206383888102,1.5,0.05098004639148712,-0.04858136922121048,-0.03809771686792374,0.007320404052734375,-0.08730828016996384,0.9961544871330261
P001,P001_S01,P001_S01_ST1TR_TR04_R01,TR04,R01,Gridworld_Requested_Gaze,Study 1,Gridworld,Requested Feedback,Eye Gaze,1,1787856676.1879992,1787856682.6098251,2026-08-27T18:51:22.609825+00:00,6.421825885772705,548409.375,177,839121555490,839121586246,3.0756,1,1,1,1,712.4850980648799,409.8532527085133,710.3892042926475,421.2023364030855,1.5,0.05087286978960037,-0.048703230917453766,-0.03816816583275795,-0.005192834883928299,-0.0913991630077362,0.9958008527755737
P001,P001_S01,P001_S01_ST1TR_TR04_R01,TR04,R01,Gridworld_Requested_Gaze,Study 1,Gridworld,Requested Feedback,Eye Gaze,1,1787856676.1879992,1787856682.673337,2026-08-27T18:51:22.673337+00:00,6.485337734222412,548409.437,178,839121888689,839121919581,3.0892,1,1,1,1,715.5847131929528,398.1340387948338,712.5713180307757,411.5136514076198,1.5,0.05076916143298149,-0.04751920700073242,-0.038188669830560684,-0.016276799142360687,-0.09568453580141068,0.9952787160873413
P001,P001_S01,P001_S01_ST1TR_TR04_R01,TR04,R01,Gridworld_Requested_Gaze,Study 1,Gridworld,Requested Feedback,Eye Gaze,1,1787856676.1879992,1787856682.73648,2026-08-27T18:51:22.736480+00:00,6.548480749130249,548409.5,179,839122221889,839122252914,3.1025,1,1,1,1,712.3600838496452,391.79311890114076,712.482599674701,403.2310277548986,1.5,0.050692785531282425,-0.0481899119913578,-0.03821906819939613,-0.022481031715869904,-0.09246489405632019,0.9954622387886047
P001,P001_S01,P001_S01_ST1TR_TR04_R01,TR04,R01,Gridworld_Requested_Gaze,Study 1,Gridworld,Requested Feedback,Eye Gaze,1,1787856676.1879992,1787856682.8002176,2026-08-27T18:51:22.800218+00:00,6.612218379974365,548409.562,180,839122555089,839122586249,3.116,1,1,1,1,708.1420473654072,390.829504161009,710.6595677047976,398.022387845465,1.5,0.05070517212152481,-0.04774874448776245,-0.03816450014710426,-0.023596376180648804,-0.08878645300865173,0.9957712292671204
P001,P001_S01,P001_S01_ST1TR_TR04_R01,TR04,R01,Gridworld_Requested_Gaze,Study 1,Gridworld,Requested Feedback,Eye Gaze,1,1787856676.1879992,1787856682.8792644,2026-08-27T18:51:22.879264+00:00,6.691265106201172,548409.656,181,839122888289,839122919582,3.1293,1,1,1,1,705.8522516274245,392.5792804407899,708.640494952301,395.7362827355015,1.5,0.050732050091028214,-0.04901742562651634,-0.03817005082964897,-0.022010210901498795,-0.08569274842739105,0.9960785508155823
P001,P001_S01,P001_S01_ST1TR_TR04_R01,TR04,R01,Gridworld_Requested_Gaze,Study 1,Gridworld,Requested Feedback,Eye Gaze,1,1787856676.1879992,1787856682.9107325,2026-08-27T18:51:22.910733+00:00,6.72273325920105,548409.687,182,839123221488,839123252917,3.1429,1,1,1,1,706.5692510229201,394.3374507917433,707.7705725019609,395.1487733191231,1.5,0.0507466159760952,-0.04992825165390968,-0.03818383067846298,-0.020291781052947044,-0.08567945659160614,0.9961162209510803
P001,P001_S01,P001_S01_ST1TR_TR04_R01,TR04,R01,Gridworld_Requested_Gaze,Study 1,Gridworld,Requested Feedback,Eye Gaze,1,1787856676.1879992,1787856683.0379205,2026-08-27T18:51:23.037920+00:00,6.849921226501465,548409.812,183,839123554688,839123586251,3.1563,1,1,1,1,705.9378670929733,396.07989216380446,707.0008362301862,395.5398432338893,1.5,0.05075431242585182,-0.050159353762865067,-0.03818134963512421,-0.018634598702192307,-0.08480005711317062,0.9962238073348999
P001,P001_S01,P001_S01_ST1TR_TR04_R01,TR04,R01,Gridworld_Requested_Gaze,Study 1,Gridworld,Requested Feedback,Eye Gaze,1,1787856676.1879992,1787856683.0698013,2026-08-27T18:51:23.069801+00:00,6.881802082061768,548409.843,184,839123887888,839123919586,3.1698,1,1,1,1,704.144087048525,398.84326305788557,705.8010015738885,396.92727955996776,1.5,0.05076364800333977,-0.05025554075837135,-0.03817363455891609,-0.01607109047472477,-0.08286980539560318,0.9964308738708496
P001,P001_S01,P001_S01_ST1TR_TR04_R01,TR04,R01,Gridworld_Requested_Gaze,Study 1,Gridworld,Requested Feedback,Eye Gaze,1,1787856676.1879992,1787856683.1811256,2026-08-27T18:51:23.181126+00:00,6.993126392364502,548409.953,185,839124221088,839124252919,3.1831,1,1,1,1,702.7870254425505,401.44714916357617,704.5351315987266,398.8256247934833,1.5,0.050772421061992645,-0.05033138766884804,-0.0381636843085289,-0.013613108545541763,-0.08143928647041321,0.9965854287147522
P001,P001_S01,P001_S01_ST1TR_TR04_R01,TR04,R01,Gridworld_Requested_Gaze,Study 1,Gridworld,Requested Feedback,Eye Gaze,1,1787856676.1879992,1787856683.212952,2026-08-27T18:51:23.212952+00:00,7.02495265007019,548409.984,186,839124554287,839124586253,3.1966,1,1,1,1,702.8703561452232,404.5770607698814,703.8359259082553,401.2412279035705,1.5,0.05078400298953056,-0.050555627793073654,-0.03815416991710663,-0.01058519072830677,-0.08126948773860931,0.9966360330581665
P001,P001_S01,P001_S01_ST1TR_TR04_R01,TR04,R01,Gridworld_Requested_Gaze,Study 1,Gridworld,Requested Feedback,Eye Gaze,1,1787856676.1879992,1787856683.2609508,2026-08-27T18:51:23.260951+00:00,7.072951555252075,548410.031,187,839124887487,839124920454,3.2967,1,1,1,1,700.7069834881393,406.9522279237807,702.5217700918066,403.6398479120588,1.5,0.050794098526239395,-0.05067627876996994,-0.03815034031867981,-0.008420448750257492,-0.07903911173343658,0.9968360662460327
P001,P001_S01,P001_S01_ST1TR_TR04_R01,TR04,R01,Gridworld_Requested_Gaze,Study 1,Gridworld,Requested Feedback,Eye Gaze,1,1787856676.1879992,1787856683.3244338,2026-08-27T18:51:23.324434+00:00,7.136434555053711,548410.093,188,839125220686,839125181328,3.9358,1,1,1,1,699.9863900148588,408.6950540171088,701.4569104594885,405.7630344761799,1.5,0.05080180987715721,-0.05114544555544853,-0.03815797343850136,-0.006895367056131363,-0.07796002179384232,0.9969327449798584
P001,P001_S01,P001_S01_ST1TR_TR04_R01,TR04,R01,Gridworld_Requested_Gaze,Study 1,Gridworld,Requested Feedback,Eye Gaze,1,1787856676.1879992,1787856683.400903,2026-08-27T18:51:23.400903+00:00,7.212903738021851,548410.171,189,839125553886,839125514120,3.9766,1,1,1,1,697.7650921095158,409.80458721271015,699.9063467525,407.4604866255226,1.5,0.0508132129907608,-0.05188846215605736,-0.0381740964949131,-0.005959879606962204,-0.07530941069126129,0.9971424341201782
P001,P001_S01,P001_S01_ST1TR_TR04_R01,TR04,R01,Gridworld_Requested_Gaze,Study 1,Gridworld,Requested Feedback,Eye Gaze,1,1787856676.1879992,1787856683.467432,2026-08-27T18:51:23.467432+00:00,7.279432773590088,548410.234,190,839125887086,839125847463,3.9623,1,1,1,1,695.373216581619,410.2575155796427,698.0024320807299,408.63523878625307,1.5,0.050825975835323334,-0.05287884920835495,-0.03820402920246124,-0.005611643195152283,-0.07234564423561096,0.9973638653755188
P001,P001_S01,P001_S01_ST1TR_TR04_R01,TR04,R01,Gridworld_Requested_Gaze,Study 1,Gridworld,Requested Feedback,Eye Gaze,1,1787856676.1879992,1787856683.5354402,2026-08-27T18:51:23.535440+00:00,7.347440958023071,548410.312,191,839126220285,839126180806,3.9479,1,1,1,1,694.6181166690498,410.756889851606,696.5810196078243,409.5263322337013,1.5,0.05083692446351051,-0.05317215248942375,-0.038216158747673035,-0.005142241716384888,-0.07141236215829849,0.9974336624145508
P001,P001_S01,P001_S01_ST1TR_TR04_R01,TR04,R01,Gridworld_Requested_Gaze,Study 1,Gridworld,Requested Feedback,Eye Gaze,1,1787856676.1879992,1787856683.5749407,2026-08-27T18:51:23.574941+00:00,7.386941432952881,548410.343,192,839126553485,839126514150,3.9335,1,1,1,1,689.7396124030521,410.84936119451174,693.70762858182,410.0820043972417,1.5,0.05085472762584686,-0.05420035868883133,-0.03825132176280022,-0.00520407035946846,-0.06602335721254349,0.997804582118988
P001,P001_S01,P001_S01_ST1TR_TR04_R01,TR04,R01,Gridworld_Requested_Gaze,Study 1,Gridworld,Requested Feedback,Eye Gaze,1,1787856676.1879992,1787856683.5868435,2026-08-27T18:51:23.586843+00:00,7.398844242095947,548410.359,193,839126886685,839126847492,3.9193,1,1,1,1,688.4791595961904,407.3392500484848,691.5116716078555,408.9300475707638,1.5,0.05086624622344971,-0.05449499189853668,-0.038257960230112076,-0.008617648854851723,-0.06474511325359344,0.9978646636009216
P001,P001_S01,P001_S01_ST1TR_TR04_R01,TR04,R01,Gridworld_Requested_Gaze,Study 1,Gridworld,Requested Feedback,Eye Gaze,1,1787856676.1879992,1787856683.5983624,2026-08-27T18:51:23.598362+00:00,7.41036319732666,548410.359,194,839127219885,839127180836,3.9049,1,1,1,1,690.4066156187316,409.34121312801284,691.0475480924235,409.1027371048084,1.5,0.050871070474386215,-0.054676320403814316,-0.038259755820035934,-0.006655894219875336,-0.0663713663816452,0.9977729320526123
P001,P001_S01,P001_S01_ST1TR_TR04_R01,TR04,R01,Gridworld_Requested_Gaze,Study 1,Gridworld,Requested Feedback,Eye Gaze,1,1787856676.1879992,1787856683.608356,2026-08-27T18:51:23.608356+00:00,7.420356750488281,548410.375,195,839127553084,839127514179,3.8905,1,1,1,1,678.500610018808,409.98029790946714,685.777834101505,409.4713126427651,1.5,0.050854429602622986,-0.05366744473576546,-0.03824169561266899,-0.006487332284450531,-0.055500950664281845,0.9984377026557922
P001,P001_S01,P001_S01_ST1TR_TR04_R01,TR04,R01,Gridworld_Requested_Gaze,Study 1,Gridworld,Requested Feedback,Eye Gaze,1,1787856676.1879992,1787856683.6223524,2026-08-27T18:51:23.622352+00:00,7.4343531131744385,548410.39,196,839127886284,839127847521,3.8763,1,1,1,1,652.3309218719738,414.3029762681771,671.730130965102,411.5006113654382,1.5,0.05068538710474968,-0.039767440408468246,-0.037947021424770355,-0.003258954733610153,-0.0392816923558712,0.9992229342460632
P001,P001_S01,P001_S01_ST1TR_TR04_R01,TR04,R01,Gridworld_Requested_Gaze,Study 1,Gridworld,Requested Feedback,Eye Gaze,1,1787856676.1879992,1787856683.634352,2026-08-27T18:51:23.634352+00:00,7.44635272026062,548410.406,197,839128219484,839128180865,3.8619,1,1,1,1,653.6707226972516,416.01468172141807,664.1451794926049,413.39652091494975,1.5,0.050682712346315384,-0.03981063514947891,-0.0379418320953846,-0.0015390142798423767,-0.04048903286457062,0.9991788864135742
P001,P001_S01,P001_S01_ST1TR_TR04_R01,TR04,R01,Gridworld_Requested_Gaze,Study 1,Gridworld,Requested Feedback,Eye Gaze,1,1787856676.1879992,1787856683.6453655,2026-08-27T18:51:23.645365+00:00,7.457366228103638,548410.406,198,839128552684,839128514208,3.8476,1,1,1,1,653.0896420168021,418.67305029896625,659.5018537527678,415.6126632562367,1.5,0.05068444460630417,-0.040320850908756256,-0.037946343421936035,0.0010014884173870087,-0.03950105607509613,0.9992191195487976
P001,P001_S01,P001_S01_ST1TR_TR04_R01,TR04,R01,Gridworld_Requested_Gaze,Study 1,Gridworld,Requested Feedback,Eye Gaze,1,1787856676.1879992,1787856683.6556618,2026-08-27T18:51:23.655662+00:00,7.467662572860718,548410.421,199,839128885883,839128847551,3.8332,1,1,1,1,654.0187809747052,419.3676647161784,657.1989631859816,417.1897638694122,1.5,0.050683263689279556,-0.04084660857915878,-0.03794586658477783,0.0017187967896461487,-0.04003417491912842,0.9991968870162964
P001,P001_S01,P001_S01_ST1TR_TR04_R01,TR04,R01,Gridworld_Requested_Gaze,Study 1,Gridworld,Requested Feedback,Eye Gaze,1,1787856676.1879992,1787856683.6656601,2026-08-27T18:51:23.665660+00:00,7.477660894393921,548410.437,200,839129219083,839129180894,3.8189,1,1,1,1,654.852927479996,420.7569349730867,656.2136281894677,418.6879757329555,1.5,0.05068784952163696,-0.04191749542951584,-0.03795527294278145,0.0031443312764167786,-0.04008067399263382,0.9991914629936218
P001,P001_S01,P001_S01_ST1TR_TR04_R01,TR04,R01,Gridworld_Requested_Gaze,Study 1,Gridworld,Requested Feedback,Eye Gaze,1,1787856676.1879992,1787856683.67666,2026-08-27T18:51:23.676660+00:00,7.48866081237793,548410.453,201,839129552283,839129514237,3.8046,1,1,1,1,653.9687578634031,421.6036740301683,655.2707826525207,419.9125690177849,1.5,0.05068926885724068,-0.042592745274305344,-0.037961773574352264,0.003897435963153839,-0.03872418776154518,0.99924236536026
P001,P001_S01,P001_S01_ST1TR_TR04_R01,TR04,R01,Gridworld_Requested_Gaze,Study 1,Gridworld,Requested Feedback,Eye Gaze,1,1787856676.1879992,1787856683.6876626,2026-08-27T18:51:23.687663+00:00,7.499663352966309,548410.453,202,839129885482,839129847580,3.7902,1,1,1,1,653.7668810612781,421.75926877267335,654.6391439841989,420.6881829148381,1.5,0.05069030076265335,-0.04305281490087509,-0.03796926513314247,0.004019524902105331,-0.038167282938957214,0.9992634057998657
P001,P001_S01,P001_S01_ST1TR_TR04_R01,TR04,R01,Gridworld_Requested_Gaze,Study 1,Gridworld,Requested Feedback,Eye Gaze,1,1787856676.1879992,1787856683.7551746,2026-08-27T18:51:23.755175+00:00,7.567175388336182,548410.531,203,839130218682,839130220451,0.1769,1,1,1,1,652.8488975862043,419.52501563894646,653.8872404970411,420.1996526589636,1.5,0.05069141834974289,-0.043455056846141815,-0.037977807223796844,0.0018250122666358948,-0.0371638685464859,0.9993075132369995
P001,P001_S01,P001_S01_ST1TR_TR04_R01,TR04,R01,Gridworld_Requested_Gaze,Study 1,Gridworld,Requested Feedback,Eye Gaze,1,1787856676.1879992,1787856683.7671752,2026-08-27T18:51:23.767175+00:00,7.57917594909668,548410.531,204,839130551882,839130553219,0.1337,1,1,1,1,651.7346667422578,418.99951348229,652.9831595200321,419.6955942047607,1.5,0.05069644749164581,-0.044370390474796295,-0.03800072520971298,0.0012697987258434296,-0.03549732267856598,0.9993690848350525
P001,P001_S01,P001_S01_ST1TR_TR04_R01,TR04,R01,Gridworld_Requested_Gaze,Study 1,Gridworld,Requested Feedback,Eye Gaze,1,1787856676.1879992,1787856683.7781737,2026-08-27T18:51:23.778174+00:00,7.590174436569214,548410.546,205,839130885082,839130886563,0.1481,1,1,1,1,650.8229423284309,417.5568061067976,652.0758682995597,418.79730320361625,1.5,0.05069858953356743,-0.044704411178827286,-0.03801730275154114,-0.00027444586157798767,-0.03443605452775955,0.9994068741798401
P001,P001_S01,P001_S01_ST1TR_TR04_R01,TR04,R01,Gridworld_Requested_Gaze,Study 1,Gridworld,Requested Feedback,Eye Gaze,1,1787856676.1879992,1787856683.7906885,2026-08-27T18:51:23.790689+00:00,7.602689266204834,548410.562,206,839131218281,839131219905,,1,0,0,0,,,,,1.5,0.0,0.0,0.0,0.0,0.0,0.0
P001,P001_S01,P001_S01_ST1TR_TR04_R01,TR04,R01,Gridworld_Requested_Gaze,Study 1,Gridworld,Requested Feedback,Eye Gaze,1,1787856676.1879992,1787856683.8033051,2026-08-27T18:51:23.803305+00:00,7.6153059005737305,548410.578,207,839131551481,839131553248,,1,0,0,0,,,,,1.5,0.0,0.0,0.0,0.0,0.0,0.0
P001,P001_S01,P001_S01_ST1TR_TR04_R01,TR04,R01,Gridworld_Requested_Gaze,Study 1,Gridworld,Requested Feedback,Eye Gaze,1,1787856676.1879992,1787856683.8964,2026-08-27T18:51:23.896400+00:00,7.708400726318359,548410.671,208,839131884681,839131886592,,1,0,0,0,,,,,1.5,0.0,0.0,0.0,0.0,0.0,0.0
P001,P001_S01,P001_S01_ST1TR_TR04_R01,TR04,R01,Gridworld_Requested_Gaze,Study 1,Gridworld,Requested Feedback,Eye Gaze,1,1787856676.1879992,1787856683.909927,2026-08-27T18:51:23.909927+00:00,7.721927642822266,548410.671,209,839132217880,839132219933,,1,0,0,0,,,,,1.5,0.0,0.0,0.0,0.0,0.0,0.0
P001,P001_S01,P001_S01_ST1TR_TR04_R01,TR04,R01,Gridworld_Requested_Gaze,Study 1,Gridworld,Requested Feedback,Eye Gaze,1,1787856676.1879992,1787856683.9214356,2026-08-27T18:51:23.921436+00:00,7.733436346054077,548410.687,210,839132551080,839132553276,0.2196,1,1,1,1,817.5648299932018,297.94966774168483,817.5648299932018,297.94966774168483,1.5,0.04991196095943451,-0.04607074707746506,-0.0382772758603096,-0.10704557597637177,-0.19618810713291168,0.9747059345245361
P001,P001_S01,P001_S01_ST1TR_TR04_R01,TR04,R01,Gridworld_Requested_Gaze,Study 1,Gridworld,Requested Feedback,Eye Gaze,1,1787856676.1879992,1787856683.9351249,2026-08-27T18:51:23.935125+00:00,7.747125625610352,548410.703,211,839132884280,839132886621,0.2341,1,1,1,1,808.1716293441198,303.22833093090776,813.6196857205874,300.1667062811585,1.5,0.04996088519692421,-0.04711639881134033,-0.038239795714616776,-0.10259449481964111,-0.18672135472297668,0.9770412445068359
P001,P001_S01,P001_S01_ST1TR_TR04_R01,TR04,R01,Gridworld_Requested_Gaze,Study 1,Gridworld,Requested Feedback,Eye Gaze,1,1787856676.1879992,1787856683.9482725,2026-08-27T18:51:23.948272+00:00,7.760273218154907,548410.718,212,839133217480,839133219964,0.2484,1,1,1,1,794.5807891148593,305.23404476186937,805.6233491461817,302.2949884430571,1.5,0.049996085464954376,-0.04840974137187004,-0.038234010338783264,-0.10143482685089111,-0.1732397973537445,0.9796423316001892
P001,P001_S01,P001_S01_ST1TR_TR04_R01,TR04,R01,Gridworld_Requested_Gaze,Study 1,Gridworld,Requested Feedback,Eye Gaze,1,1787856676.1879992,1787856683.9602716,2026-08-27T18:51:23.960272+00:00,7.772272348403931,548410.734,213,839133550679,839133553307,0.2628,1,1,1,1,787.7822508850801,307.0387529131349,798.130087876519,304.2873695204898,1.5,0.05004057660698891,-0.04917803779244423,-0.03819470852613449,-0.10010680556297302,-0.16635902225971222,0.9809706807136536
P001,P001_S01,P001_S01_ST1TR_TR04_R01,TR04,R01,Gridworld_Requested_Gaze,Study 1,Gridworld,Requested Feedback,Eye Gaze,1,1787856676.1879992,1787856683.9762726,2026-08-27T18:51:23.976273+00:00,7.788273334503174,548410.75,214,839134550278,839134553335,0.3057,1,1,1,1,767.8262267574469,323.5901811751518,785.4024662065087,312.39455041544784,1.5,0.050049811601638794,-0.044492628425359726,-0.038018107414245605,-0.08529046922922134,-0.15021774172782898,0.9849671721458435
P001,P001_S01,P001_S01_ST1TR_TR04_R01,TR04,R01,Gridworld_Requested_Gaze,Study 1,Gridworld,Requested Feedback,Eye Gaze,1,1787856676.1879992,1787856683.9882798,2026-08-27T18:51:23.988280+00:00,7.800280570983887,548410.765,215,839134883478,839134886679,0.3201,1,1,1,1,833.0819469796568,348.04583128667883,805.427848131231,327.3680883813648,1.5,0.05037369206547737,-0.0461282916367054,-0.03820279613137245,-0.05913583189249039,-0.2087552398443222,0.9761785268783569
P001,P001_S01,P001_S01_ST1TR_TR04_R01,TR04,R01,Gridworld_Requested_Gaze,Study 1,Gridworld,Requested Feedback,Eye Gaze,1,1787856676.1879992,1787856683.9997878,2026-08-27T18:51:23.999788+00:00,7.811788558959961,548410.765,216,839135216678,839135260493,4.3815,1,1,1,1,830.9257455978989,349.4730180940265,816.1369650672316,336.65215886068273,1.5,0.050384584814310074,-0.04495224729180336,-0.03810814395546913,-0.058051787316799164,-0.20613616704940796,0.9767999053001404
P001,P001_S01,P001_S01_ST1TR_TR04_R01,TR04,R01,Gridworld_Requested_Gaze,Study 1,Gridworld,Requested Feedback,Eye Gaze,1,1787856676.1879992,1787856684.011797,2026-08-27T18:51:24.011797+00:00,7.823797702789307,548410.781,217,839135549878,839135593181,4.3303,1,1,1,1,819.35774708754,351.74184874235937,817.4896935157611,342.98982861098693,1.5,0.05038793385028839,-0.04491483420133591,-0.03806823864579201,-0.05645422637462616,-0.19543583691120148,0.9790902733802795
P001,P001_S01,P001_S01_ST1TR_TR04_R01,TR04,R01,Gridworld_Requested_Gaze,Study 1,Gridworld,Requested Feedback,Eye Gaze,1,1787856676.1879992,1787856684.0228145,2026-08-27T18:51:24.022815+00:00,7.834815263748169,548410.796,218,839135883077,839135926523,4.3446,1,1,1,1,794.9844043770237,355.2322057540063,808.0374720774914,348.1316270110551,1.5,0.05037524551153183,-0.04627372324466705,-0.0380500964820385,-0.05412488803267479,-0.17200620472431183,0.9836078882217407
P001,P001_S01,P001_S01_ST1TR_TR04_R01,TR04,R01,Gridworld_Requested_Gaze,Study 1,Gridworld,Requested Feedback,Eye Gaze,1,1787856676.1879992,1787856684.0358138,2026-08-27T18:51:24.035814+00:00,7.847814559936523,548410.812,219,839136216277,839136259867,4.359,1,1,1,1,790.4486795955651,354.01565025346525,800.6501792350823,350.6029167728674,1.5,0.050361040979623795,-0.04446512833237648,-0.038005560636520386,-0.05540243536233902,-0.16921885311603546,0.9840201735496521
P001,P001_S01,P001_S01_ST1TR_TR04_R01,TR04,R01,Gridworld_Requested_Gaze,Study 1,Gridworld,Requested Feedback,Eye Gaze,1,1787856676.1879992,1787856684.0498376,2026-08-27T18:51:24.049838+00:00,7.861838340759277,548410.812,220,839136549477,839136593210,4.3733,1,1,1,1,778.2509554703232,353.3750267562867,791.2425052538836,351.7672029659035,1.5,0.05036230385303497,-0.045221708714962006,-0.03802231326699257,-0.05648477375507355,-0.1576254963874817,0.9858822226524353
P001,P001_S01,P001_S01_ST1TR_TR04_R01,TR04,R01,Gridworld_Requested_Gaze,Study 1,Gridworld,Requested Feedback,Eye Gaze,1,1787856676.1879992,1787856684.0633593,2026-08-27T18:51:24.063359+00:00,7.875360012054443,548410.828,221,839136882676,839136926553,4.3877,1,1,1,1,779.2794176026105,354.7999479072799,786.218008440349,353.04095584128163,1.5,0.05037052556872368,-0.04519885033369064,-0.03801831230521202,-0.05511535704135895,-0.15881943702697754,0.9857681393623352
P001,P001_S01,P001_S01_ST1TR_TR04_R01,TR04,R01,Gridworld_Requested_Gaze,Study 1,Gridworld,Requested Feedback,Eye Gaze,1,1787856676.1879992,1787856684.0733585,2026-08-27T18:51:24.073359+00:00,7.885359287261963,548410.843,222,839137215876,839137259897,4.4021,1,1,1,1,772.8997866197972,358.67747269565467,780.6243552757173,355.40829292011836,1.5,0.05038129538297653,-0.04561661556363106,-0.038017358630895615,-0.05174582451581955,-0.15251970291137695,0.9869449138641357
P001,P001_S01,P001_S01_ST1TR_TR04_R01,TR04,R01,Gridworld_Requested_Gaze,Study 1,Gridworld,Requested Feedback,Eye Gaze,1,1787856676.1879992,1787856684.0843573,2026-08-27T18:51:24.084357+00:00,7.896358013153076,548410.859,223,839137549076,839137593239,4.4163,1,1,1,1,764.8490851350417,357.99912713391785,773.9987418166336,356.49644328991417,1.5,0.05039411038160324,-0.04706641659140587,-0.03804748132824898,-0.052736762911081314,-0.14407524466514587,0.9881605505943298
P001,P001_S01,P001_S01_ST1TR_TR04_R01,TR04,R01,Gridworld_Requested_Gaze,Study 1,Gridworld,Requested Feedback,Eye Gaze,1,1787856676.1879992,1787856684.0953586,2026-08-27T18:51:24.095359+00:00,7.90735936164856,548410.859,224,839137882276,839137926581,4.4305,1,1,1,1,758.0788350246878,358.70451249188403,767.3123809640165,357.42383235474153,1.5,0.05039796233177185,-0.048278048634529114,-0.03807280212640762,-0.05234772339463234,-0.1369505077600479,0.989193856716156
P001,P001_S01,P001_S01_ST1TR_TR04_R01,TR04,R01,Gridworld_Requested_Gaze,Study 1,Gridworld,Requested Feedback,Eye Gaze,1,1787856676.1879992,1787856684.1868668,2026-08-27T18:51:24.186867+00:00,7.998867511749268,548410.953,225,839138215475,839138259925,4.445,1,1,1,1,751.880156465854,358.62539028152486,760.8308466747883,357.92848668399057,1.5,0.050394076853990555,-0.04947216063737869,-0.03810075670480728,-0.05271235480904579,-0.13040779531002045,0.9900583028793335
P001,P001_S01,P001_S01_ST1TR_TR04_R01,TR04,R01,Gridworld_Requested_Gaze,Study 1,Gridworld,Requested Feedback,Eye Gaze,1,1787856676.1879992,1787856684.2028668,2026-08-27T18:51:24.202867+00:00,8.014867544174194,548410.968,226,839138548675,839138593268,4.4593,1,1,1,1,751.152241319698,356.96354932935014,756.7658324256504,357.5232129950416,1.5,0.05038813129067421,-0.05011957883834839,-0.03811798244714737,-0.05428550764918327,-0.12946289777755737,0.9900972843170166
P001,P001_S01,P001_S01_ST1TR_TR04_R01,TR04,R01,Gridworld_Requested_Gaze,Study 1,Gridworld,Requested Feedback,Eye Gaze,1,1787856676.1879992,1787856684.2148666,2026-08-27T18:51:24.214867+00:00,8.026867389678955,548410.984,227,839138881874,839138926612,4.4738,1,1,1,1,752.4839135523437,358.00213084181814,754.9674264988616,357.7243584906878,1.5,0.050379786640405655,-0.04945174977183342,-0.0380968302488327,-0.053235821425914764,-0.13115856051445007,0.989931046962738
P001,P001_S01,P001_S01_ST1TR_TR04_R01,TR04,R01,Gridworld_Requested_Gaze,Study 1,Gridworld,Requested Feedback,Eye Gaze,1,1787856676.1879992,1787856684.226867,2026-08-27T18:51:24.226867+00:00,8.038867712020874,548411.0,228,839139215074,839139259955,4.4881,1,1,1,1,748.5071829055786,359.2134167546728,752.2541241896828,358.3497629615615,1.5,0.050372716039419174,-0.049283336848020554,-0.038091015070676804,-0.052317265421152115,-0.12752029299736023,0.9904553294181824
P001,P001_S01,P001_S01_ST1TR_TR04_R01,TR04,R01,Gridworld_Requested_Gaze,Study 1,Gridworld,Requested Feedback,Eye Gaze,1,1787856676.1879992,1787856684.2378693,2026-08-27T18:51:24.237869+00:00,8.049870014190674,548411.0,229,839139548274,839139593297,4.5023,1,1,1,1,731.3578392914534,364.55278426922547,743.4776845324265,360.95503191078035,1.5,0.05036286264657974,-0.052245281636714935,-0.03813740238547325,-0.04791259765625,-0.10907381772994995,0.9928783774375916
P001,P001_S01,P001_S01_ST1TR_TR04_R01,TR04,R01,Gridworld_Requested_Gaze,Study 1,Gridworld,Requested Feedback,Eye Gaze,1,1787856676.1879992,1787856684.2488706,2026-08-27T18:51:24.248871+00:00,8.060871362686157,548411.015,230,839139881473,839139926640,4.5167,1,1,1,1,733.7646525705832,361.9227355953223,739.3982111084523,361.36146745828796,1.5,0.0503559336066246,-0.05170794576406479,-0.03812289610505104,-0.05025612935423851,-0.11184608191251755,0.9924540519714355
P001,P001_S01,P001_S01_ST1TR_TR04_R01,TR04,R01,Gridworld_Requested_Gaze,Study 1,Gridworld,Requested Feedback,Eye Gaze,1,1787856676.1879992,1787856684.259957,2026-08-27T18:51:24.259957+00:00,8.07195782661438,548411.031,231,839140214673,839140192403,2.227,1,1,1,1,732.5029151707877,361.72587577047904,736.5021868146332,361.5145189494082,1.5,0.05035947263240814,-0.05175168067216873,-0.03811898082494736,-0.05047871917486191,-0.11067786812782288,0.9925737977027893
P001,P001_S01,P001_S01_ST1TR_TR04_R01,TR04,R01,Gridworld_Requested_Gaze,Study 1,Gridworld,Requested Feedback,Eye Gaze,1,1787856676.1879992,1787856684.2709558,2026-08-27T18:51:24.270956+00:00,8.082956552505493,548411.046,232,839140547873,839140521115,2.6758,1,1,1,1,731.4481087275357,361.76671368881813,734.3794740180522,361.6204407399604,1.5,0.05036422237753868,-0.051955003291368484,-0.038116276264190674,-0.05044108256697655,-0.1095554381608963,0.9927000999450684
P001,P001_S01,P001_S01_ST1TR_TR04_R01,TR04,R01,Gridworld_Requested_Gaze,Study 1,Gridworld,Requested Feedback,Eye Gaze,1,1787856676.1879992,1787856684.2819562,2026-08-27T18:51:24.281956+00:00,8.09395694732666,548411.046,233,839140881072,839140854458,2.6614,1,1,1,1,730.2456396571931,361.8338720524656,732.6432635864915,361.71008189121255,1.5,0.050366517156362534,-0.051929574459791183,-0.038107432425022125,-0.05038704350590706,-0.10844889283180237,0.9928243160247803
P001,P001_S01,P001_S01_ST1TR_TR04_R01,TR04,R01,Gridworld_Requested_Gaze,Study 1,Gridworld,Requested Feedback,Eye Gaze,1,1787856676.1879992,1787856684.2919583,2026-08-27T18:51:24.291958+00:00,8.103959083557129,548411.062,234,839141214272,839141187800,2.6472,1,1,1,1,729.4396902567337,361.2295035819687,731.2977627879932,361.50823900133014,1.5,0.05036621540784836,-0.05220898240804672,-0.03810932859778404,-0.051053084433078766,-0.107503741979599,0.9928930401802063
P001,P001_S01,P001_S01_ST1TR_TR04_R01,TR04,R01,Gridworld_Requested_Gaze,Study 1,Gridworld,Requested Feedback,Eye Gaze,1,1787856676.1879992,1787856684.3029594,2026-08-27T18:51:24.302959+00:00,8.114960193634033,548411.078,235,839141547472,839141521144,2.6328,1,1,1,1,728.5988984454797,360.0055109037635,730.1642397641376,360.8770932003522,1.5,0.050356075167655945,-0.05215231329202652,-0.038108598440885544,-0.05231989920139313,-0.10675664246082306,0.9929078221321106
P001,P001_S01,P001_S01_ST1TR_TR04_R01,TR04,R01,Gridworld_Requested_Gaze,Study 1,Gridworld,Requested Feedback,Eye Gaze,1,1787856676.1879992,1787856684.3149562,2026-08-27T18:51:24.314956+00:00,8.126956939697266,548411.078,236,839141880672,839141854487,2.6185,1,1,1,1,728.8041082424893,361.27131014685534,729.5929845250453,361.0426643178836,1.5,0.05034862086176872,-0.052194103598594666,-0.03811034560203552,-0.05107112601399422,-0.10686244070529938,0.9929613471031189
P001,P001_S01,P001_S01_ST1TR_TR04_R01,TR04,R01,Gridworld_Requested_Gaze,Study 1,Gridworld,Requested Feedback,Eye Gaze,1,1787856676.1879992,1787856684.3239563,2026-08-27T18:51:24.323956+00:00,8.13595700263977,548411.093,237,839142213872,839142187831,2.6041,1,1,1,1,728.5871248985404,362.06766709496696,729.1705234819133,361.47316548425863,1.5,0.050343796610832214,-0.05211375281214714,-0.038105886429548264,-0.05032546818256378,-0.10668724030256271,0.9930183291435242
P001,P001_S01,P001_S01_ST1TR_TR04_R01,TR04,R01,Gridworld_Requested_Gaze,Study 1,Gridworld,Requested Feedback,Eye Gaze,1,1787856676.1879992,1787856684.3339553,2026-08-27T18:51:24.333955+00:00,8.145956039428711,548411.109,238,839142547071,839142521172,2.5899,1,1,1,1,726.3611442879509,361.4612783443003,727.9905842204491,361.4681728854762,1.5,0.05034594610333443,-0.05245135352015495,-0.03810862824320793,-0.051005490124225616,-0.10436981171369553,0.993229866027832
P001,P001_S01,P001_S01_ST1TR_TR04_R01,TR04,R01,Gridworld_Requested_Gaze,Study 1,Gridworld,Requested Feedback,Eye Gaze,1,1787856676.1879992,1787856684.3439598,2026-08-27T18:51:24.343960+00:00,8.15596055984497,548411.109,239,839142880271,839142854516,2.5755,1,1,1,1,747.0711983902416,356.8933795762326,736.0044421717621,359.5467596955939,1.5,0.050333235412836075,-0.05194171518087387,-0.03812188655138016,-0.05449356138706207,-0.12461445480585098,0.9907077550888062
P001,P001_S01,P001_S01_ST1TR_TR04_R01,TR04,R01,Gridworld_Requested_Gaze,Study 1,Gridworld,Requested Feedback,Eye Gaze,1,1787856676.1879992,1787856684.353471,2026-08-27T18:51:24.353471+00:00,8.16547179222107,548411.125,240,839143213470,839143187859,2.5611,1,1,1,1,744.5577686137398,355.53266049033584,739.5968392773927,357.8608380293855,1.5,0.05033222958445549,-0.05112113431096077,-0.03809253126382828,-0.05591847002506256,-0.12279832363128662,0.9908550381660461
P001,P001_S01,P001_S01_ST1TR_TR04_R01,TR04,R01,Gridworld_Requested_Gaze,Study 1,Gridworld,Requested Feedback,Eye Gaze,1,1787856676.1879992,1787856684.3634691,2026-08-27T18:51:24.363469+00:00,8.175469875335693,548411.14,241,839143546670,839143521202,2.5468,1,1,1,1,742.9171752634187,355.7477864694137,740.9913803915236,356.97335637419735,1.5,0.05033324658870697,-0.0511639304459095,-0.03809035196900368,-0.05576963722705841,-0.12117462605237961,0.9910634160041809
P001,P001_S01,P001_S01_ST1TR_TR04_R01,TR04,R01,Gridworld_Requested_Gaze,Study 1,Gridworld,Requested Feedback,Eye Gaze,1,1787856676.1879992,1787856684.4570055,2026-08-27T18:51:24.457006+00:00,8.269006252288818,548411.218,242,839143879870,839143854545,2.5325,1,1,1,1,742.4557587203493,355.70631251527914,741.6064192896305,356.4411979534517,1.5,0.050335027277469635,-0.05140729248523712,-0.038094524294137955,-0.05580029636621475,-0.12056230008602142,0.9911363124847412
P001,P001_S01,P001_S01_ST1TR_TR04_R01,TR04,R01,Gridworld_Requested_Gaze,Study 1,Gridworld,Requested Feedback,Eye Gaze,1,1787856676.1879992,1787856684.4690046,2026-08-27T18:51:24.469005+00:00,8.281005382537842,548411.234,243,839144213069,839144187889,2.518,1,1,1,1,745.9697344747442,355.24877725067887,743.4390116673783,355.9403812582871,1.5,0.050331637263298035,-0.051045581698417664,-0.03808719664812088,-0.056070975959300995,-0.12415190041065216,0.9906778335571289
P001,P001_S01,P001_S01_ST1TR_TR04_R01,TR04,R01,Gridworld_Requested_Gaze,Study 1,Gridworld,Requested Feedback,Eye Gaze,1,1787856676.1879992,1787856684.479004,2026-08-27T18:51:24.479004+00:00,8.291004657745361,548411.25,244,839144546269,839144521231,2.5038,1,1,1,1,748.2511881013679,354.55128219570344,745.460125769654,355.356959652002,1.5,0.050325989723205566,-0.050904519855976105,-0.0380885973572731,-0.05666056275367737,-0.1264508217573166,0.9903534054756165
P001,P001_S01,P001_S01_ST1TR_TR04_R01,TR04,R01,Gridworld_Requested_Gaze,Study 1,Gridworld,Requested Feedback,Eye Gaze,1,1787856676.1879992,1787856684.489007,2026-08-27T18:51:24.489007+00:00,8.301007747650146,548411.265,245,839144879469,839144854574,2.4895,1,1,1,1,749.2117119937252,354.2012017825785,747.0357919837639,354.87154134684414,1.5,0.0503169521689415,-0.05043039098381996,-0.038083892315626144,-0.056968867778778076,-0.12769834697246552,0.9901756048202515
P001,P001_S01,P001_S01_ST1TR_TR04_R01,TR04,R01,Gridworld_Requested_Gaze,Study 1,Gridworld,Requested Feedback,Eye Gaze,1,1787856676.1879992,1787856684.498005,2026-08-27T18:51:24.498005+00:00,8.31000566482544,548411.265,246,839145212669,839145231645,1.8976,1,1,1,1,749.2384656390146,354.85692305981325,747.9609149189693,354.8654016662912,1.5,0.05031203478574753,-0.05040851980447769,-0.03808862343430519,-0.05635609105229378,-0.12774057686328888,0.9902052283287048
P001,P001_S01,P001_S01_ST1TR_TR04_R01,TR04,R01,Gridworld_Requested_Gaze,Study 1,Gridworld,Requested Feedback,Eye Gaze,1,1787856676.1879992,1787856684.5080054,2026-08-27T18:51:24.508005+00:00,8.320006132125854,548411.281,247,839145545868,839145560351,1.4483,1,1,1,1,748.7051762662692,355.00231567721625,748.2735046848352,354.9229055508797,1.5,0.05031123384833336,-0.05075424909591675,-0.03810502961277962,-0.05625930428504944,-0.12701308727264404,0.9903043508529663
P001,P001_S01,P001_S01_ST1TR_TR04_R01,TR04,R01,Gridworld_Requested_Gaze,Study 1,Gridworld,Requested Feedback,Eye Gaze,1,1787856676.1879992,1787856684.5190067,2026-08-27T18:51:24.519007+00:00,8.331007480621338,548411.281,248,839145879068,839145893693,1.4625,1,1,1,1,732.9457722868143,365.623925849526,741.8358570776666,359.41733407631114,1.5,0.05035204440355301,-0.05403028056025505,-0.038162946701049805,-0.04675256833434105,-0.10948596894741058,0.9928882718086243
P001,P001_S01,P001_S01_ST1TR_TR04_R01,TR04,R01,Gridworld_Requested_Gaze,Study 1,Gridworld,Requested Feedback,Eye Gaze,1,1787856676.1879992,1787856684.550409,2026-08-27T18:51:24.550409+00:00,8.362409830093384,548411.312,249,839146212268,839146227038,,1,0,0,0,,,,,1.5,0.0,0.0,0.0,0.0,0.0,0.0
P001,P001_S01,P001_S01_ST1TR_TR04_R01,TR04,R01,Gridworld_Requested_Gaze,Study 1,Gridworld,Requested Feedback,Eye Gaze,1,1787856676.1879992,1787856684.5787933,2026-08-27T18:51:24.578793+00:00,8.390794038772583,548411.343,250,839146545467,839146560381,1.4914,1,1,1,1,548.2459063668844,465.47353731775866,548.2459063668844,465.47353731775866,1.5,0.05101572349667549,-0.04772506654262543,-0.03831285610795021,0.04117756709456444,0.06793176382780075,0.9968399405479431
P001,P001_S01,P001_S01_ST1TR_TR04_R01,TR04,R01,Gridworld_Requested_Gaze,Study 1,Gridworld,Requested Feedback,Eye Gaze,1,1787856676.1879992,1787856684.6116958,2026-08-27T18:51:24.611696+00:00,8.423696517944336,548411.375,251,839146878667,839146893724,1.5057,1,1,1,1,556.5861673437765,463.83008742256413,551.7488159771791,464.783288361777,1.5,0.0510154627263546,-0.04655997455120087,-0.03824285417795181,0.040015969425439835,0.05907081812620163,0.9974515438079834
P001,P001_S01,P001_S01_ST1TR_TR04_R01,TR04,R01,Gridworld_Requested_Gaze,Study 1,Gridworld,Requested Feedback,Eye Gaze,1,1787856676.1879992,1787856684.644014,2026-08-27T18:51:24.644014+00:00,8.456014633178711,548411.406,252,839147211867,839147227068,1.5201,1,1,1,1,569.5075868746965,463.4274114623724,559.2074997541364,464.2138200640271,1.5,0.05101264640688896,-0.045624811202287674,-0.038192085921764374,0.040223658084869385,0.04605654254555702,0.9981287121772766
P001,P001_S01,P001_S01_ST1TR_TR04_R01,TR04,R01,Gridworld_Requested_Gaze,Study 1,Gridworld,Requested Feedback,Eye Gaze,1,1787856676.1879992,1787856684.6804452,2026-08-27T18:51:24.680445+00:00,8.492445945739746,548411.453,253,839147545066,839147560409,1.5343,1,1,1,1,576.9740354976143,463.68759217900714,566.6694447663972,463.9928043523188,1.5,0.05101313069462776,-0.045100659132003784,-0.038142841309309006,0.04081054404377937,0.03857670724391937,0.9984219670295715
P001,P001_S01,P001_S01_ST1TR_TR04_R01,TR04,R01,Gridworld_Requested_Gaze,Study 1,Gridworld,Requested Feedback,Eye Gaze,1,1787856676.1879992,1787856684.7157867,2026-08-27T18:51:24.715787+00:00,8.527787446975708,548411.484,254,839147878266,839147893753,1.5487,1,1,1,1,547.87258143706,479.8802891274927,558.7747621680757,470.6655479578918,1.5,0.05111232399940491,-0.04348393529653549,-0.03810478374361992,0.05481455847620964,0.06594427675008774,0.9963166117668152
P001,P001_S01,P001_S01_ST1TR_TR04_R01,TR04,R01,Gridworld_Requested_Gaze,Study 1,Gridworld,Requested Feedback,Eye Gaze,1,1787856676.1879992,1787856684.7523508,2026-08-27T18:51:24.752351+00:00,8.564351558685303,548411.515,255,839148211466,839148227097,1.5631,1,1,1,1,547.473210014648,478.97232504208887,554.0281102636361,474.1543943332546,1.5,0.051119521260261536,-0.04527726769447327,-0.03811681643128395,0.05388226732611656,0.06751865148544312,0.9962620139122009
P001,P001_S01,P001_S01_ST1TR_TR04_R01,TR04,R01,Gridworld_Requested_Gaze,Study 1,Gridworld,Requested Feedback,Eye Gaze,1,1787856676.1879992,1787856684.7816465,2026-08-27T18:51:24.781646+00:00,8.593647241592407,548411.546,256,839148544666,839148560439,1.5773,1,1,1,1,556.8976797766538,478.0385079640233,555.2333294591035,475.7857220581775,1.5,0.051112864166498184,-0.044812776148319244,-0.03809066116809845,0.05346246063709259,0.058260247111320496,0.996868908405304
P001,P001_S01,P001_S01_ST1TR_TR04_R01,TR04,R01,Gridworld_Requested_Gaze,Study 1,Gridworld,Requested Feedback,Eye Gaze,1,1787856676.1879992,1787856684.8118546,2026-08-27T18:51:24.811855+00:00,8.623855352401733,548411.578,257,839148877865,839148893783,1.5918,1,1,1,1,564.5171602067154,476.3241713974883,559.1325383731005,476.011870780688,1.5,0.0511038675904274,-0.04443671926856041,-0.03806186839938164,0.052198220044374466,0.05073811486363411,0.9973469972610474
P001,P001_S01,P001_S01_ST1TR_TR04_R01,TR04,R01,Gridworld_Requested_Gaze,Study 1,Gridworld,Requested Feedback,Eye Gaze,1,1787856676.1879992,1787856684.8434997,2026-08-27T18:51:24.843500+00:00,8.655500411987305,548411.609,258,839149211065,839149227126,1.6061,1,1,1,1,565.259587271188,474.9737999785001,561.7058989102973,475.5758810437691,1.5,0.0510932020843029,-0.044620223343372345,-0.03805059939622879,0.05096349120140076,0.050151459872722626,0.9974405765533447
