timestamp_utc_ns,monotonic_ns,worker_receive_timestamp_utc_ns,sequence_number,trial_id,agent_id,episode,step,phase,action_source,action,reward,done,collision,robot_x,robot_y,robot_orientation,goal_x,goal_y,goal_radius,intervention_id,human_step,human_total_steps
1787856837582770594,255235274033234,1787856837583174330,3,P001_S01_ST1ST_T01_R02,0,1,0,RL,NONE,,,,,5.12780237197876,6.570485591888428,-1.598638653755188,10.69630308,10.69630296,1.28940204,,,
1787856837643967540,255235335231873,1787856837644252118,4,P001_S01_ST1ST_T01_R02,0,1,1,RL,POLICY,5,-9.115150203847852,False,False,5.080676555633545,6.358375072479248,-2.1486387252807617,10.69630308,10.69630296,1.28940204,,,
1787856837650579059,255235341842533,1787856837650817140,5,P001_S01_ST1ST_T01_R02,0,1,2,RL,POLICY,3,-8.571618899179805,False,False,4.900424003601074,6.0819525718688965,-2.1486387252807617,10.69630308,10.69630296,1.28940204,,,
1787856837655540268,255235346803656,1787856837655736094,6,P001_S01_ST1ST_T01_R02,0,1,3,RL,POLICY,0,-5.381928179922917,False,False,4.846541404724121,5.929364204406738,-1.4611387252807617,10.69630308,10.69630296,1.28940204,,,
1787856837659947141,255235351210289,1787856837660095964,7,P001_S01_ST1ST_T01_R02,0,1,4,RL,POLICY,5,-8.641342299511809,False,False,4.828934192657471,5.712796688079834,-2.011138439178467,10.69630308,10.69630296,1.28940204,,,
1787856837665859381,255235357122883,1787856837666010636,8,P001_S01_ST1ST_T01_R02,0,1,5,RL,POLICY,3,-8.2875056071145,False,False,4.688272476196289,5.414277076721191,-2.011138439178467,10.69630308,10.69630296,1.28940204,,,
1787856837671935083,255235363198528,1787856837672158991,9,P001_S01_ST1ST_T01_R02,0,1,6,RL,POLICY,5,-9.617394406577247,False,False,4.56006383895874,5.2388505935668945,-2.56113862991333,10.69630308,10.69630296,1.28940204,,,
1787856837678177999,255235369441222,1787856837678316060,10,P001_S01_ST1ST_T01_R02,0,1,7,RL,POLICY,3,-8.925453563928171,False,False,4.28411340713501,5.057877540588379,-2.56113862991333,10.69630308,10.69630296,1.28940204,,,
1787856837682829231,255235374092374,1787856837682983548,11,P001_S01_ST1ST_T01_R02,0,1,8,RL,POLICY,4,-8.056123867360744,False,False,4.04158353805542,4.930063724517822,-2.8361384868621826,10.69630308,10.69630296,1.28940204,,,
1787856837686722170,255235377985144,1787856837686843275,12,P001_S01_ST1ST_T01_R02,0,1,9,RL,POLICY,3,-8.336529346893744,False,False,3.7268590927124023,4.830824375152588,-2.8361384868621826,10.69630308,10.69630296,1.28940204,,,
1787856837692378974,255235383642423,1787856837692554088,13,P001_S01_ST1ST_T01_R02,0,1,10,RL,POLICY,3,-8.381079564021675,False,False,3.4121346473693848,4.7315850257873535,-2.8361384868621826,10.69630308,10.69630296,1.28940204,,,
1787856837698507306,255235389770708,1787856837698703293,14,P001_S01_ST1ST_T01_R02,0,1,11,RL,POLICY,3,-8.42143431575232,False,False,3.097410202026367,4.632345676422119,-2.8361384868621826,10.69630308,10.69630296,1.28940204,,,
1787856837703989257,255235395252205,1787856837704141061,15,P001_S01_ST1ST_T01_R02,0,1,12,RL,POLICY,3,-8.458086997713023,False,False,2.7826857566833496,4.533106327056885,-2.8361384868621826,10.69630308,10.69630296,1.28940204,,,
1787856837708219263,255235399482528,1787856837708378248,16,P001_S01_ST1ST_T01_R02,0,1,13,RL,POLICY,4,-7.329204692044052,False,False,2.514561414718628,4.475952625274658,-3.1111385822296143,10.69630308,10.69630296,1.28940204,,,
1787856837711933451,255235403196435,1787856837712058502,17,P001_S01_ST1ST_T01_R02,0,1,14,RL,POLICY,0,-10.205321441377453,False,False,2.358551502227783,4.4329705238342285,-2.4236385822296143,10.69630308,10.69630296,1.28940204,,,
1787856837715707708,255235406970703,1787856837715852542,18,P001_S01_ST1ST_T01_R02,0,1,15,RL,POLICY,0,-6.530658406259341,False,False,2.2652587890625,4.300746917724609,-1.7361384630203247,10.69630308,10.69630296,1.28940204,,,
1787856837719423445,255235410686507,1787856837719565777,19,P001_S01_ST1ST_T01_R02,0,1,16,RL,POLICY,3,-6.693731385089425,False,False,2.2109439373016357,3.975247383117676,-1.7361384630203247,10.69630308,10.69630296,1.28940204,,,
1787856837725101502,255235416364573,1787856837725261057,20,P001_S01_ST1ST_T01_R02,0,1,17,RL,POLICY,5,-9.782024341680927,False,False,2.1351897716522217,3.7715981006622314,-2.2861385345458984,10.69630308,10.69630296,1.28940204,,,
1787856837729011025,255235420274106,1787856837729202095,21,P001_S01_ST1ST_T01_R02,0,1,18,RL,POLICY,2,-7.958945308198036,False,False,1.9759215116500854,3.548459529876709,-2.011138439178467,10.69630308,10.69630296,1.28940204,,,
1787856837734704115,255235425967687,1787856837734927721,22,P001_S01_ST1ST_T01_R02,0,1,19,RL,POLICY,5,-9.792836874774459,False,False,1.8477132320404053,3.373033285140991,-2.56113862991333,10.69630308,10.69630296,1.28940204,,,
1787856837740415539,255235431678789,1787856837740597857,23,P001_S01_ST1ST_T01_R02,0,1,20,RL,POLICY,3,-8.956022522767354,False,False,1.5717628002166748,3.1920599937438965,-2.56113862991333,10.69630308,10.69630296,1.28940204,,,
1787856837745449107,255235436712271,1787856837745639516,24,P001_S01_ST1ST_T01_R02,0,1,21,RL,POLICY,5,-7.033549046692493,False,False,1.3707691431045532,3.1095175743103027,-3.1111385822296143,10.69630308,10.69630296,1.28940204,,,
1787856837749506779,255235440769595,1787856837749685046,25,P001_S01_ST1ST_T01_R02,0,1,22,RL,POLICY,3,-7.25917400126956,False,False,1.0409220457077026,3.0994691848754883,-3.1111385822296143,10.69630308,10.69630296,1.28940204,,,
1787856837752916083,255235444178589,1787856837753078740,26,P001_S01_ST1ST_T01_R02,0,1,23,RL,POLICY,0,-10.27208147101598,False,False,0.8849121928215027,3.0564866065979004,-2.4236385822296143,10.69630308,10.69630296,1.28940204,,,
1787856837756548150,255235447811267,1787856837756699302,27,P001_S01_ST1ST_T01_R02,0,1,24,RL,POLICY,0,-6.592138887007864,False,False,0.7916193604469299,2.9242634773254395,-1.7361384630203247,10.69630308,10.69630296,1.28940204,,,
1787856837760245760,255235451508930,1787856837760371783,28,P001_S01_ST1ST_T01_R02,0,1,25,RL,POLICY,1,-3.413456117437984,False,False,0.7971463799476624,2.7070512771606445,-1.1861385107040405,10.69630308,10.69630296,1.28940204,,,
1787856837763724821,255235454987693,1787856837763856945,29,P001_S01_ST1ST_T01_R02,0,1,26,RL,POLICY,5,-6.8051156677377564,False,False,0.8390088081359863,2.4938395023345947,-1.7361383438110352,10.69630308,10.69630296,1.28940204,,,
1787856837767174738,255235458437767,1787856837767298623,30,P001_S01_ST1ST_T01_R02,0,1,27,RL,POLICY,5,-9.857189846182667,False,False,0.7632545828819275,2.2901904582977295,-2.2861385345458984,10.69630308,10.69630296,1.28940204,,,
1787856837770591656,255235461854306,1787856837770722558,31,P001_S01_ST1ST_T01_R02,0,1,28,RL,POLICY,3,-8.909445310562663,False,False,0.5468156337738037,2.041083574295044,-2.2861385345458984,10.69630308,10.69630296,1.28940204,,,
1787856837775363892,255235466626864,1787856837775524241,32,P001_S01_ST1ST_T01_R02,0,1,29,RL,POLICY,5,-8.256870971275575,False,False,0.37578850984573364,1.9070634841918945,-2.8361382484436035,10.69630308,10.69630296,1.28940204,,,
1787856837778968813,255235470231571,1787856837779145371,33,P001_S01_ST1ST_T01_R02,0,1,30,RL,POLICY,2,-20.0,True,True,0.1339142620563507,1.806803584098816,-2.573638439178467,10.69630308,10.69630296,1.28940204,,,
1787856837781148976,255235472411443,1787856837781215228,37,P001_S01_ST1ST_T01_R02,0,1,30,HUMAN,NONE,,,,,1.8477132320404053,3.373033285140991,-2.56113862991333,10.69630308,10.69630296,1.28940204,A0_E1_I1,0,10
1787856841246872899,255238938135707,1787856841246970084,40,P001_S01_ST1ST_T01_R02,0,1,31,HUMAN,HUMAN,3,-8.956022522767354,False,False,1.5717628002166748,3.1920599937438965,-2.56113862991333,10.69630308,10.69630296,1.28940204,A0_E1_I1,1,10
1787856842277746915,255239969010071,1787856842277833789,42,P001_S01_ST1ST_T01_R02,0,1,32,HUMAN,HUMAN,5,-7.033549046692493,False,False,1.3707691431045532,3.1095175743103027,-3.1111385822296143,10.69630308,10.69630296,1.28940204,A0_E1_I1,2,10
1787856843199069412,255240890332080,1787856843199127683,44,P001_S01_ST1ST_T01_R02,0,1,33,HUMAN,HUMAN,5,-4.064001439872764,False,False,1.156273365020752,3.14420485496521,2.622046947479248,10.69630308,10.69630296,1.28940204,A0_E1_I1,3,10
1787856843947560739,255241638823865,1787856843947648871,46,P001_S01_ST1ST_T01_R02,0,1,34,HUMAN,HUMAN,5,0.3263385312161582,False,False,0.9915410280227661,3.285891056060791,2.0720467567443848,10.69630308,10.69630296,1.28940204,A0_E1_I1,4,10
1787856844711551707,255242402815172,1787856844711645011,48,P001_S01_ST1ST_T01_R02,0,1,35,HUMAN,HUMAN,5,4.924714350850529,False,False,0.9251601696014404,3.4927852153778076,1.5220469236373901,10.69630308,10.69630296,1.28940204,A0_E1_I1,5,10
1787856845459606604,255243150869578,1787856845459781781,50,P001_S01_ST1ST_T01_R02,0,1,36,HUMAN,HUMAN,5,8.478614029864943,False,False,0.9767098426818848,3.703864097595215,0.972046971321106,10.69630308,10.69630296,1.28940204,A0_E1_I1,6,10
1787856846269962186,255243961224994,1787856846270027722,52,P001_S01_ST1ST_T01_R02,0,1,37,HUMAN,HUMAN,5,9.164660727135585,False,False,1.1309853792190552,3.856869697570801,0.4220469892024994,10.69630308,10.69630296,1.28940204,A0_E1_I1,7,10
1787856846816598525,255244507861253,1787856846816663640,54,P001_S01_ST1ST_T01_R02,0,1,38,HUMAN,HUMAN,3,8.7990497452829,False,False,1.4320285320281982,3.992047071456909,0.4220469892024994,10.69630308,10.69630296,1.28940204,A0_E1_I1,8,10
1787856847499838137,255245191101569,1787856847499952627,56,P001_S01_ST1ST_T01_R02,0,1,39,HUMAN,HUMAN,3,8.787196002405082,False,False,1.7330716848373413,4.127224922180176,0.4220469892024994,10.69630308,10.69630296,1.28940204,A0_E1_I1,9,10
1787856848218348760,255245909613790,1787856848218503918,58,P001_S01_ST1ST_T01_R02,0,1,40,HUMAN,HUMAN,3,8.774273706925587,False,False,2.0341148376464844,4.2624030113220215,0.4220469892024994,10.69630308,10.69630296,1.28940204,A0_E1_I1,10,10
1787856848227016027,255245918280213,1787856848227296153,61,P001_S01_ST1ST_T01_R02,0,1,41,RL,POLICY,5,5.967820688749027,False,False,2.245612621307373,4.312206268310547,-0.1279529333114624,10.69630308,10.69630296,1.28940204,,,
1787856848233531758,255245924795555,1787856848233807251,62,P001_S01_ST1ST_T01_R02,0,1,42,RL,POLICY,2,7.761457245898906,False,False,2.519615888595581,4.3032941818237305,0.14704705774784088,10.69630308,10.69630296,1.28940204,,,
1787856848240020581,255245931284518,1787856848240273009,63,P001_S01_ST1ST_T01_R02,0,1,43,RL,POLICY,6,3.298297077573583,False,False,2.6807639598846436,4.288534164428711,-0.5404529571533203,10.69630308,10.69630296,1.28940204,,,
1787856848246181387,255245937444950,1787856848246428111,64,P001_S01_ST1ST_T01_R02,0,1,44,RL,POLICY,5,-1.4283569989627631,False,False,2.842498302459717,4.143435478210449,-1.0904529094696045,10.69630308,10.69630296,1.28940204,,,
1787856848251995802,255245943259180,1787856848252178188,65,P001_S01_ST1ST_T01_R02,0,1,45,RL,POLICY,2,-0.19725748905275542,False,False,2.991769313812256,3.91348934173584,-0.8154528141021729,10.69630308,10.69630296,1.28940204,,,
1787856848255844028,255245947107030,1787856848255994882,66,P001_S01_ST1ST_T01_R02,0,1,46,RL,POLICY,2,2.0237636111193726,False,False,3.197873115539551,3.732717275619507,-0.5404528379440308,10.69630308,10.69630296,1.28940204,,,
1787856848259659890,255245950923110,1787856848259837417,67,P001_S01_ST1ST_T01_R02,0,1,47,RL,POLICY,5,-2.086573474816373,False,False,3.359607458114624,3.587618589401245,-1.090452790260315,10.69630308,10.69630296,1.28940204,,,
1787856848263292229,255245954555249,1787856848263421049,68,P001_S01_ST1ST_T01_R02,0,1,48,RL,POLICY,3,-2.8352446233261706,False,False,3.5120954513549805,3.2949628829956055,-1.090452790260315,10.69630308,10.69630296,1.28940204,,,
1787856848266849307,255245958112189,1787856848266973479,69,P001_S01_ST1ST_T01_R02,0,1,49,RL,POLICY,6,-7.871604571557539,False,False,3.550868272781372,3.1378538608551025,-1.7779526710510254,10.69630308,10.69630296,1.28940204,,,
1787856848272458327,255245963721575,1787856848272663061,70,P001_S01_ST1ST_T01_R02,0,1,50,RL,POLICY,4,-9.160300247524631,False,False,3.469172716140747,2.8761610984802246,-2.052952766418457,10.69630308,10.69630296,1.28940204,,,
1787856848278773887,255245970036943,1787856848278921145,71,P001_S01_ST1ST_T01_R02,0,1,51,RL,POLICY,5,-20.0,True,True,3.393953561782837,2.7587199211120605,-2.4029526710510254,10.69630308,10.69630296,1.28940204,,,
1787856848281115490,255245972377961,1787856848281225264,75,P001_S01_ST1ST_T01_R02,0,1,51,HUMAN,NONE,,,,,2.0341148376464844,4.2624030113220215,0.4220469892024994,10.69630308,10.69630296,1.28940204,A0_E1_I2,0,10
1787856852108321520,255249799585401,1787856852108435283,78,P001_S01_ST1ST_T01_R02,0,1,52,HUMAN,HUMAN,3,8.760151644603031,False,False,2.335158348083496,4.397581100463867,0.4220469892024994,10.69630308,10.69630296,1.28940204,A0_E1_I2,1,10
1787856852563966593,255250255230437,1787856852564077046,80,P001_S01_ST1ST_T01_R02,0,1,53,HUMAN,HUMAN,3,8.744681256266142,False,False,2.636201858520508,4.532759189605713,0.4220469892024994,10.69630308,10.69630296,1.28940204,A0_E1_I2,2,10
1787856853027988563,255250719251439,1787856853028053377,82,P001_S01_ST1ST_T01_R02,0,1,54,HUMAN,HUMAN,3,8.727687175348532,False,False,2.9372453689575195,4.667937278747559,0.4220469892024994,10.69630308,10.69630296,1.28940204,A0_E1_I2,3,10
1787856853529045194,255251220308069,1787856853529131265,84,P001_S01_ST1ST_T01_R02,0,1,55,HUMAN,HUMAN,3,8.70896589343641,False,False,3.2382888793945312,4.803115367889404,0.4220469892024994,10.69630308,10.69630296,1.28940204,A0_E1_I2,4,10
1787856854258132143,255251949394960,1787856854258200452,86,P001_S01_ST1ST_T01_R02,0,1,56,HUMAN,HUMAN,3,8.688279394764521,False,False,3.539332389831543,4.93829345703125,0.4220469892024994,10.69630308,10.69630296,1.28940204,A0_E1_I2,5,10
1787856854871586323,255252562849657,1787856854871733209,88,P001_S01_ST1ST_T01_R02,0,1,57,HUMAN,HUMAN,3,8.665348040617102,False,False,3.8403759002685547,5.073471546173096,0.4220469892024994,10.69630308,10.69630296,1.28940204,A0_E1_I2,6,10
1787856855487484739,255253178747550,1787856855487560397,90,P001_S01_ST1ST_T01_R02,0,1,58,HUMAN,HUMAN,3,8.63984172470091,False,False,4.141419410705566,5.208649635314941,0.4220469892024994,10.69630308,10.69630296,1.28940204,A0_E1_I2,7,10
1787856855839164629,255253530427504,1787856855839262365,92,P001_S01_ST1ST_T01_R02,0,1,59,HUMAN,HUMAN,3,8.611368817010943,False,False,4.442462921142578,5.343827724456787,0.4220469892024994,10.69630308,10.69630296,1.28940204,A0_E1_I2,8,10
1787856856491460695,255254182723587,1787856856491545092,94,P001_S01_ST1ST_T01_R02,0,1,60,HUMAN,HUMAN,3,8.579462262785052,False,False,4.74350643157959,5.479005813598633,0.4220469892024994,10.69630308,10.69630296,1.28940204,A0_E1_I2,9,10
1787856857216456567,255254907719824,1787856857216684943,96,P001_S01_ST1ST_T01_R02,0,1,61,HUMAN,HUMAN,3,8.543562000694898,False,False,5.044549942016602,5.6141839027404785,0.4220469892024994,10.69630308,10.69630296,1.28940204,A0_E1_I2,10,10
1787856857224480077,255254915743987,1787856857224727383,99,P001_S01_ST1ST_T01_R02,0,1,62,RL,POLICY,2,9.38813809959696,False,False,5.282802581787109,5.7498040199279785,0.6970470547676086,10.69630308,10.69630296,1.28940204,,,
1787856857228949463,255254920212629,1787856857229141744,100,P001_S01_ST1ST_T01_R02,0,1,63,RL,POLICY,4,7.943228612686214,False,False,5.50881814956665,5.904963493347168,0.42204707860946655,10.69630308,10.69630296,1.28940204,,,
1787856857234398656,255254925661829,1787856857234591732,101,P001_S01_ST1ST_T01_R02,0,1,64,RL,POLICY,5,5.393768753648394,False,False,5.720315933227539,5.954766750335693,-0.12795285880565643,10.69630308,10.69630296,1.28940204,,,
1787856857240861871,255254932125212,1787856857241030097,102,P001_S01_ST1ST_T01_R02,0,1,65,RL,POLICY,3,5.374354418441209,False,False,6.047618389129639,5.912656784057617,-0.12795285880565643,10.69630308,10.69630296,1.28940204,,,
1787856857244746590,255254936009497,1787856857244913057,103,P001_S01_ST1ST_T01_R02,0,1,66,RL,POLICY,6,-0.02985953860379098,False,False,6.198702812194824,5.854691505432129,-0.8154529333114624,10.69630308,10.69630296,1.28940204,,,
1787856857248405581,255254939668491,1787856857248558806,104,P001_S01_ST1ST_T01_R02,0,1,67,RL,POLICY,2,-20.0,True,True,6.258687496185303,5.790988445281982,-0.7279529571533203,10.69630308,10.69630296,1.28940204,,,
1787856857251757274,255254943019756,1787856857251843867,109,P001_S01_ST1ST_T01_R02,0,2,0,RL,NONE,,,,,11.000153541564941,11.349114418029785,3.067807674407959,1.192788132,1.1636960388,1.20218988,,,
1787856857257310053,255254948572949,1787856857257458659,110,P001_S01_ST1ST_T01_R02,0,2,1,RL,POLICY,4,3.632879977647888,False,False,10.729920387268066,11.395285606384277,2.7928075790405273,1.192788132,1.1636960388,1.20218988,,,
1787856857365840566,255255057104018,1787856857366090484,111,P001_S01_ST1ST_T01_R02,0,2,2,RL,POLICY,5,-0.97449151217085,False,False,10.543506622314453,11.506917953491211,2.2428078651428223,1.192788132,1.1636960388,1.20218988,,,
1787856857370126691,255255061390141,1787856857407966660,112,P001_S01_ST1ST_T01_R02,0,2,3,RL,POLICY,4,-3.799784849361143,False,False,10.39405345916748,11.736745834350586,1.967807650566101,1.192788132,1.1636960388,1.20218988,,,
1787856857373750288,255255065012989,1787856857408203196,113,P001_S01_ST1ST_T01_R02,0,2,4,RL,POLICY,4,-20.0,True,True,10.33356761932373,11.900782585144043,1.792807698249817,1.192788132,1.1636960388,1.20218988,,,
1787856857376132029,255255067394736,1787856857408532246,118,P001_S01_ST1ST_T01_R02,0,3,0,RL,NONE,,,,,4.753401279449463,6.010836124420166,-1.5152785778045654,1.22188056,10.78358076,1.20218988,,,
1787856857380956708,255255072219576,1787856857408609783,119,P001_S01_ST1ST_T01_R02,0,3,1,RL,POLICY,2,-9.099572516833192,False,False,4.794628620147705,5.739805698394775,-1.2402786016464233,1.22188056,10.78358076,1.20218988,,,
1787856857384503156,255255075765763,1787856857408695627,120,P001_S01_ST1ST_T01_R02,0,3,2,RL,POLICY,2,-9.745304461145402,False,False,4.907904148101807,5.490154266357422,-0.9652786254882812,1.22188056,10.78358076,1.20218988,,,
1787856857387989323,255255079252001,1787856857408783781,121,P001_S01_ST1ST_T01_R02,0,3,3,RL,POLICY,5,-7.367232162466807,False,False,4.995457649230957,5.291292190551758,-1.5152785778045654,1.22188056,10.78358076,1.20218988,,,
1787856857392932818,255255084195802,1787856857408852433,122,P001_S01_ST1ST_T01_R02,0,3,4,RL,POLICY,5,-4.854849041853822,False,False,4.966156959533691,5.075994968414307,-2.0652785301208496,1.22188056,10.78358076,1.20218988,,,
1787856857399934884,255255091197975,1787856857408943622,123,P001_S01_ST1ST_T01_R02,0,3,5,RL,POLICY,6,0.2408876359270251,False,False,4.85789680480957,4.955718994140625,-2.7527785301208496,1.22188056,10.78358076,1.20218988,,,
1787856857405139367,255255096402659,1787856857409045985,124,P001_S01_ST1ST_T01_R02,0,3,6,RL,POLICY,5,4.975921463795927,False,False,4.644861221313477,4.912970542907715,2.9804067611694336,1.22188056,10.78358076,1.20218988,,,
1787856857410282647,255255101545927,1787856857410464014,125,P001_S01_ST1ST_T01_R02,0,3,7,RL,POLICY,3,5.425945868707505,False,False,4.319138526916504,4.965932369232178,2.9804067611694336,1.22188056,10.78358076,1.20218988,,,
1787856857414810894,255255106074519,1787856857415039053,126,P001_S01_ST1ST_T01_R02,0,3,8,RL,POLICY,3,5.128768740006905,False,False,3.993415594100952,5.018894195556641,2.9804067611694336,1.22188056,10.78358076,1.20218988,,,
1787856857419532264,255255110795899,1787856857456056357,127,P001_S01_ST1ST_T01_R02,0,3,9,RL,POLICY,1,0.6916289660557076,False,False,3.776228189468384,5.0124640464782715,-2.7527785301208496,1.22188056,10.78358076,1.20218988,,,
1787856857424734873,255255115998774,1787856857456399200,128,P001_S01_ST1ST_T01_R02,0,3,10,RL,POLICY,3,-0.21976351430432575,False,False,3.4708595275878906,4.887364387512207,-2.7527785301208496,1.22188056,10.78358076,1.20218988,,,
1787856857429612225,255255120875451,1787856857456493806,129,P001_S01_ST1ST_T01_R02,0,3,11,RL,POLICY,3,-0.6889964637918321,False,False,3.1654908657073975,4.762264728546143,-2.7527785301208496,1.22188056,10.78358076,1.20218988,,,
1787856857434655732,255255125919384,1787856857456585198,130,P001_S01_ST1ST_T01_R02,0,3,12,RL,POLICY,3,-1.1530685770344644,False,False,2.8601222038269043,4.637165069580078,-2.7527785301208496,1.22188056,10.78358076,1.20218988,,,
1787856857439459556,255255130722750,1787856857456690451,131,P001_S01_ST1ST_T01_R02,0,3,13,RL,POLICY,3,-1.6083872390459528,False,False,2.554753541946411,4.512065410614014,-2.7527785301208496,1.22188056,10.78358076,1.20218988,,,
1787856857445898155,255255137161760,1787856857456813656,132,P001_S01_ST1ST_T01_R02,0,3,14,RL,POLICY,3,-2.0516919938330958,False,False,2.249384880065918,4.386965751647949,-2.7527785301208496,1.22188056,10.78358076,1.20218988,,,
1787856857451665748,255255142929115,1787856857456946888,133,P001_S01_ST1ST_T01_R02,0,3,15,RL,POLICY,6,2.605651778662067,False,False,2.0893898010253906,4.362714767456055,2.8429067134857178,1.22188056,10.78358076,1.20218988,,,
1787856857456264068,255255147527622,1787856857457249441,134,P001_S01_ST1ST_T01_R02,0,3,16,RL,POLICY,3,3.376096005972985,False,False,1.774000644683838,4.459821701049805,2.8429067134857178,1.22188056,10.78358076,1.20218988,,,
1787856857461225206,255255152488854,1787856857461510028,135,P001_S01_ST1ST_T01_R02,0,3,17,RL,POLICY,3,2.965006465211131,False,False,1.4586114883422852,4.556928634643555,2.8429067134857178,1.22188056,10.78358076,1.20218988,,,
1787856857465818001,255255157081759,1787856857466131768,136,P001_S01_ST1ST_T01_R02,0,3,18,RL,POLICY,3,2.531628018711495,False,False,1.1432223320007324,4.654035568237305,2.8429067134857178,1.22188056,10.78358076,1.20218988,,,
1787856857470711843,255255161976083,1787856857507010740,137,P001_S01_ST1ST_T01_R02,0,3,19,RL,POLICY,3,2.0778448006652352,False,False,0.8278332948684692,4.751142501831055,2.8429067134857178,1.22188056,10.78358076,1.20218988,,,
1787856857475265796,255255166529193,1787856857507243349,138,P001_S01_ST1ST_T01_R02,0,3,20,RL,POLICY,3,1.6062454961935264,False,False,0.5124443173408508,4.848249435424805,2.8429067134857178,1.22188056,10.78358076,1.20218988,,,
1787856857479717642,255255170981072,1787856857507340417,139,P001_S01_ST1ST_T01_R02,0,3,21,RL,POLICY,6,5.930987154826558,False,False,0.37340474128723145,4.931042194366455,2.1554067134857178,1.22188056,10.78358076,1.20218988,,,
1787856857484511381,255255175774778,1787856857507420386,140,P001_S01_ST1ST_T01_R02,0,3,22,RL,POLICY,6,9.618979318481331,False,False,0.3184906840324402,5.0832624435424805,1.4679067134857178,1.22188056,10.78358076,1.20218988,,,
1787856857488989373,255255180253295,1787856857507494657,141,P001_S01_ST1ST_T01_R02,0,3,23,RL,POLICY,6,6.552054156227187,False,False,0.37265124917030334,5.235752105712891,0.780406653881073,1.22188056,10.78358076,1.20218988,,,
1787856857493737031,255255185006457,1787856857507581937,142,P001_S01_ST1ST_T01_R02,0,3,24,RL,POLICY,6,2.316201781003861,False,False,0.5112795829772949,5.319231033325195,0.09290669858455658,1.22188056,10.78358076,1.20218988,,,
1787856857498642363,255255189905789,1787856857507651889,143,P001_S01_ST1ST_T01_R02,0,3,25,RL,POLICY,3,1.459076664074649,False,False,0.8398563265800476,5.349846363067627,0.09290669858455658,1.22188056,10.78358076,1.20218988,,,
1787856857505130131,255255196393926,1787856857507759456,144,P001_S01_ST1ST_T01_R02,0,3,26,RL,POLICY,3,0.9226598679313984,False,False,1.1684330701828003,5.380461692810059,0.09290669858455658,1.22188056,10.78358076,1.20218988,,,
1787856857510404217,255255201667659,1787856857510674551,145,P001_S01_ST1ST_T01_R02,0,3,27,RL,POLICY,3,0.37545925303208194,False,False,1.4970097541809082,5.41107702255249,0.09290669858455658,1.22188056,10.78358076,1.20218988,,,
1787856857515323664,255255206587384,1787856857515552701,146,P001_S01_ST1ST_T01_R02,0,3,28,RL,POLICY,6,-5.283897538600566,False,False,1.6571229696273804,5.387618064880371,-0.5945932865142822,1.22188056,10.78358076,1.20218988,,,
1787856857520305956,255255211569256,1787856857556085504,147,P001_S01_ST1ST_T01_R02,0,3,29,RL,POLICY,6,-9.84427936537319,False,False,1.7659766674041748,5.267879486083984,-1.2820932865142822,1.22188056,10.78358076,1.20218988,,,
1787856857525654928,255255216918965,1787856857556413490,148,P001_S01_ST1ST_T01_R02,0,3,30,RL,POLICY,6,-8.021329295551245,False,False,1.7741153240203857,5.106261730194092,-1.9695931673049927,1.22188056,10.78358076,1.20218988,,,
1787856857530081751,255255221345319,1787856857556569469,149,P001_S01_ST1ST_T01_R02,0,3,31,RL,POLICY,6,-4.339252116387353,False,False,1.6778414249420166,4.976192951202393,-2.6570932865142822,1.22188056,10.78358076,1.20218988,,,
1787856857535427392,255255226690790,1787856857556696081,150,P001_S01_ST1ST_T01_R02,0,3,32,RL,POLICY,6,0.9921314770782768,False,False,1.520895004272461,4.936767101287842,2.9385921955108643,1.22188056,10.78358076,1.20218988,,,
1787856857540506991,255255231774017,1787856857556823022,151,P001_S01_ST1ST_T01_R02,0,3,33,RL,POLICY,6,6.478532967837539,False,False,1.3745814561843872,5.005897045135498,2.2510921955108643,1.22188056,10.78358076,1.20218988,,,
1787856857546639646,255255237902846,1787856857556945292,152,P001_S01_ST1ST_T01_R02,0,3,34,RL,POLICY,5,9.387991877528428,False,False,1.2724158763885498,5.197662353515625,1.701092004776001,1.22188056,10.78358076,1.20218988,,,
1787856857551777164,255255243040889,1787856857557057930,153,P001_S01_ST1ST_T01_R02,0,3,35,RL,POLICY,5,7.778914932809886,False,False,1.2855504751205444,5.414547443389893,1.1510920524597168,1.22188056,10.78358076,1.20218988,,,
1787856857557525260,255255248788424,1787856857557672891,154,P001_S01_ST1ST_T01_R02,0,3,36,RL,POLICY,5,4.715135319384866,False,False,1.4101110696792603,5.5925822257995605,0.6010921001434326,1.22188056,10.78358076,1.20218988,,,
1787856857563019356,255255254282653,1787856857563256084,155,P001_S01_ST1ST_T01_R02,0,3,37,RL,POLICY,5,0.23944783983038187,False,False,1.609358549118042,5.679254531860352,0.05109214410185814,1.22188056,10.78358076,1.20218988,,,
1787856857567764089,255255259027383,1787856857568052600,156,P001_S01_ST1ST_T01_R02,0,3,38,RL,POLICY,5,-4.909031557219356,False,False,1.8245245218276978,5.649001121520996,-0.49890780448913574,1.22188056,10.78358076,1.20218988,,,
1787856857572783635,255255264046922,1787856857573062902,157,P001_S01_ST1ST_T01_R02,0,3,39,RL,POLICY,5,-8.914079570356762,False,False,1.9921456575393677,5.510744571685791,-1.04890775680542,1.22188056,10.78358076,1.20218988,,,
1787856857577778615,255255269042168,1787856857578033598,158,P001_S01_ST1ST_T01_R02,0,3,40,RL,POLICY,6,-8.983201799944734,False,False,2.0374104976654053,5.355381488800049,-1.7364076375961304,1.22188056,10.78358076,1.20218988,,,
1787856857582484892,255255273748266,1787856857582750238,159,P001_S01_ST1ST_T01_R02,0,3,41,RL,POLICY,6,-5.437620845761234,False,False,1.9737985134124756,5.2065863609313965,-2.42390775680542,1.22188056,10.78358076,1.20218988,,,
1787856857587964829,255255279228419,1787856857588187398,160,P001_S01_ST1ST_T01_R02,0,3,42,RL,POLICY,6,-0.5540916996208205,False,False,1.8302102088928223,5.131960868835449,-3.11140775680542,1.22188056,10.78358076,1.20218988,,,
1787856857592682556,255255283945864,1787856857630022071,161,P001_S01_ST1ST_T01_R02,0,3,43,RL,POLICY,6,5.120618706946672,False,False,1.6718823909759521,5.165409564971924,2.4842777252197266,1.22188056,10.78358076,1.20218988,,,
1787856857597052436,255255288315722,1787856857630296513,162,P001_S01_ST1ST_T01_R02,0,3,44,RL,POLICY,6,9.243080103395556,False,False,1.570747971534729,5.291736125946045,1.7967774868011475,1.22188056,10.78358076,1.20218988,,,
1787856857601356703,255255292620185,1787856857630415176,163,P001_S01_ST1ST_T01_R02,0,3,45,RL,POLICY,5,8.095577602894915,False,False,1.5631014108657837,5.508883953094482,1.2467775344848633,1.22188056,10.78358076,1.20218988,,,
1787856857606267368,255255297531358,1787856857630512374,164,P001_S01_ST1ST_T01_R02,0,3,46,RL,POLICY,5,4.978379291963789,False,False,1.670082926750183,5.698004722595215,0.6967776417732239,1.22188056,10.78358076,1.20218988,,,
1787856857610771751,255255302034923,1787856857630591486,165,P001_S01_ST1ST_T01_R02,0,3,47,RL,POLICY,5,0.6169069672982204,False,False,1.860138177871704,5.803317070007324,0.14677773416042328,1.22188056,10.78358076,1.20218988,,,
1787856857616217420,255255307480721,1787856857630670749,166,P001_S01_ST1ST_T01_R02,0,3,48,RL,POLICY,5,-4.552158082260714,False,False,2.0772104263305664,5.793759346008301,-0.4032222032546997,1.22188056,10.78358076,1.20218988,,,
1787856857622082286,255255313345871,1787856857630787847,167,P001_S01_ST1ST_T01_R02,0,3,49,RL,POLICY,5,-8.697446102777665,False,False,2.2572739124298096,5.672149658203125,-0.9532222151756287,1.22188056,10.78358076,1.20218988,,,
1787856857626643125,255255317906691,1787856857630901726,168,P001_S01_ST1ST_T01_R02,0,3,50,RL,POLICY,5,-9.651613542035854,False,False,2.3472185134887695,5.474357604980469,-1.5032222270965576,1.22188056,10.78358076,1.20218988,,,
1787856857631888625,255255323152049,1787856857632102208,169,P001_S01_ST1ST_T01_R02,0,3,51,RL,POLICY,6,-6.282117700536808,False,False,2.319711446762085,5.314889907836914,-2.1907222270965576,1.22188056,10.78358076,1.20218988,,,
1787856857637444231,255255328708348,1787856857637747261,170,P001_S01_ST1ST_T01_R02,0,3,52,RL,POLICY,6,-1.9618148968295688,False,False,2.197253704071045,5.209104537963867,-2.8782222270965576,1.22188056,10.78358076,1.20218988,,,
1787856857642134761,255255333397928,1787856857642536907,171,P001_S01_ST1ST_T01_R02,0,3,53,RL,POLICY,6,3.7363782195906063,False,False,2.0354814529418945,5.205062389373779,2.7174630165100098,1.22188056,10.78358076,1.20218988,,,
1787856857647271984,255255338535415,1787856857647531118,172,P001_S01_ST1ST_T01_R02,0,3,54,RL,POLICY,6,8.46076885951456,False,False,1.9078930616378784,5.304600238800049,2.0299630165100098,1.22188056,10.78358076,1.20218988,,,
1787856857652104834,255255343368259,1787856857652322668,173,P001_S01_ST1ST_T01_R02,0,3,55,RL,POLICY,5,9.12008057591176,False,False,1.8502752780914307,5.514103889465332,1.4799630641937256,1.22188056,10.78358076,1.20218988,,,
1787856857656755252,255255348018493,1787856857694047781,174,P001_S01_ST1ST_T01_R02,0,3,56,RL,POLICY,5,5.9474715346665645,False,False,1.910659670829773,5.722826957702637,0.9299631714820862,1.22188056,10.78358076,1.20218988,,,
1787856857661356778,255255352619891,1787856857694346304,175,P001_S01_ST1ST_T01_R02,0,3,57,RL,POLICY,5,2.1829250486031864,False,False,2.0712358951568604,5.869206428527832,0.37996307015419006,1.22188056,10.78358076,1.20218988,,,
1787856857665655552,255255356918661,1787856857694480508,176,P001_S01_ST1ST_T01_R02,0,3,58,RL,POLICY,5,-2.8841977255717506,False,False,2.284641742706299,5.910067081451416,-0.17003686726093292,1.22188056,10.78358076,1.20218988,,,
1787856857670609012,255255361872712,1787856857694601536,177,P001_S01_ST1ST_T01_R02,0,3,59,RL,POLICY,5,-7.5878910232311965,False,False,2.4879326820373535,5.833357810974121,-0.7200368642807007,1.22188056,10.78358076,1.20218988,,,
1787856857675094907,255255366358431,1787856857694755051,178,P001_S01_ST1ST_T01_R02,0,3,60,RL,POLICY,5,-10.220330582204376,False,False,2.6211485862731934,5.661703109741211,-1.2700366973876953,1.22188056,10.78358076,1.20218988,,,
1787856857681032489,255255372296272,1787856857694867360,179,P001_S01_ST1ST_T01_R02,0,3,61,RL,POLICY,5,-7.59646307486433,False,False,2.6449966430664062,5.445733547210693,-1.820036768913269,1.22188056,10.78358076,1.20218988,,,
1787856857686107678,255255377371324,1787856857694988133,180,P001_S01_ST1ST_T01_R02,0,3,62,RL,POLICY,5,-5.114785312902393,False,False,2.552443027496338,5.249148845672607,-2.3700366020202637,1.22188056,10.78358076,1.20218988,,,
1787856857690803686,255255382066856,1787856857695085969,181,P001_S01_ST1ST_T01_R02,0,3,63,RL,POLICY,6,-0.13964398267454126,False,False,2.413081407546997,5.166900157928467,-3.0575368404388428,1.22188056,10.78358076,1.20218988,,,
1787856857697751057,255255389017648,1787856857698118474,182,P001_S01_ST1ST_T01_R02,0,3,64,RL,POLICY,6,5.50166870908822,False,False,2.2531824111938477,5.191775321960449,2.5381486415863037,1.22188056,10.78358076,1.20218988,,,
1787856857702955599,255255394219057,1787856857703207973,183,P001_S01_ST1ST_T01_R02,0,3,65,RL,POLICY,6,9.427871324404245,False,False,2.145392894744873,5.312473297119141,1.8506486415863037,1.22188056,10.78358076,1.20218988,,,
1787856857707729353,255255398992853,1787856857745034532,184,P001_S01_ST1ST_T01_R02,0,3,66,RL,POLICY,5,7.710730146729201,False,False,2.126065254211426,5.528894424438477,1.3006486892700195,1.22188056,10.78358076,1.20218988,,,
1787856857712153451,255255403417169,1787856857745300863,185,P001_S01_ST1ST_T01_R02,0,3,67,RL,POLICY,5,4.656620225822594,False,False,2.222708225250244,5.723500728607178,0.7506486773490906,1.22188056,10.78358076,1.20218988,,,
1787856857716556500,255255407819837,1787856857745393913,186,P001_S01_ST1ST_T01_R02,0,3,68,RL,POLICY,5,0.15406155269411625,False,False,2.4068171977996826,5.838893890380859,0.2006487250328064,1.22188056,10.78358076,1.20218988,,,
1787856857721285608,255255412549037,1787856857745484255,187,P001_S01_ST1ST_T01_R02,0,3,69,RL,POLICY,5,-4.9921038275447565,False,False,2.624089241027832,5.841038227081299,-0.34935125708580017,1.22188056,10.78358076,1.20218988,,,
1787856857725976747,255255417239834,1787856857745579439,188,P001_S01_ST1ST_T01_R02,0,3,70,RL,POLICY,5,-8.96507875831209,False,False,2.810439348220825,5.729300498962402,-0.899351179599762,1.22188056,10.78358076,1.20218988,,,
1787856857730634892,255255421898126,1787856857745675317,189,P001_S01_ST1ST_T01_R02,0,3,71,RL,POLICY,5,-9.387623114163535,False,False,2.9109036922454834,5.5366387367248535,-1.449351191520691,1.22188056,10.78358076,1.20218988,,,
1787856857736700678,255255427964894,1787856857745773843,190,P001_S01_ST1ST_T01_R02,0,3,72,RL,POLICY,2,-9.263959281952104,False,False,2.9698967933654785,5.2689127922058105,-1.1743512153625488,1.22188056,10.78358076,1.20218988,,,
1787856857741691826,255255432954692,1787856857745887979,191,P001_S01_ST1ST_T01_R02,0,3,73,RL,POLICY,2,-8.18066714900618,False,False,3.0993735790252686,5.027266502380371,-0.899351179599762,1.22188056,10.78358076,1.20218988,,,
1787856857746443951,255255437707367,1787856857747172307,192,P001_S01_ST1ST_T01_R02,0,3,74,RL,POLICY,6,-8.858634886193105,False,False,3.1672821044921875,4.880382537841797,-1.5868511199951172,1.22188056,10.78358076,1.20218988,,,
1787856857751187637,255255442451442,1787856857751465279,193,P001_S01_ST1ST_T01_R02,0,3,75,RL,POLICY,6,-5.317873088273539,False,False,3.1265506744384766,4.7237701416015625,-2.274351119995117,1.22188056,10.78358076,1.20218988,,,
1787856857755989613,255255447253984,1787856857792038037,194,P001_S01_ST1ST_T01_R02,0,3,76,RL,POLICY,6,-0.35096454191413784,False,False,2.9956843852996826,4.628582954406738,-2.961851119995117,1.22188056,10.78358076,1.20218988,,,
1787856857760815407,255255452078813,1787856857792325324,195,P001_S01_ST1ST_T01_R02,0,3,77,RL,POLICY,6,5.331726751769205,False,False,2.8341403007507324,4.638067722320557,2.63383412361145,1.22188056,10.78358076,1.20218988,,,
1787856857765392286,255255456657894,1787856857792470136,196,P001_S01_ST1ST_T01_R02,0,3,78,RL,POLICY,5,8.808239451966486,False,False,2.6677494049072266,4.777802467346191,2.083834171295166,1.22188056,10.78358076,1.20218988,,,
1787856857770081822,255255461345039,1787856857792594323,197,P001_S01_ST1ST_T01_R02,0,3,79,RL,POLICY,5,8.881675567552035,False,False,2.5989346504211426,4.98390007019043,1.5338342189788818,1.22188056,10.78358076,1.20218988,,,
1787856857774817288,255255466080695,1787856857792721800,198,P001_S01_ST1ST_T01_R02,0,3,80,RL,POLICY,5,5.6608328855215735,False,False,2.6479926109313965,5.195571422576904,0.9838343262672424,1.22188056,10.78358076,1.20218988,,,
1787856857781329481,255255472593496,1787856857792869499,199,P001_S01_ST1ST_T01_R02,0,3,81,RL,POLICY,5,1.7195554074685142,False,False,2.8004539012908936,5.350384712219238,0.4338343143463135,1.22188056,10.78358076,1.20218988,,,
1787856857788060313,255255479323663,1787856857792990202,200,P001_S01_ST1ST_T01_R02,0,3,82,RL,POLICY,5,-3.388128228366173,False,False,3.01134991645813,5.402677536010742,-0.11616558581590652,1.22188056,10.78358076,1.20218988,,,
1787856857792692024,255255483955219,1787856857793263257,201,P001_S01_ST1ST_T01_R02,0,3,83,RL,POLICY,5,-7.892164273800397,False,False,3.2184765338897705,5.337025165557861,-0.6661655306816101,1.22188056,10.78358076,1.20218988,,,
1787856857798320548,255255489584289,1787856857798606272,202,P001_S01_ST1ST_T01_R02,0,3,84,RL,POLICY,5,-10.254711705038991,False,False,3.36074161529541,5.172793388366699,-1.216165542602539,1.22188056,10.78358076,1.20218988,,,
1787856857803135681,255255494399336,1787856857803448649,203,P001_S01_ST1ST_T01_R02,0,3,85,RL,POLICY,5,-7.351509504100855,False,False,3.396184206008911,4.958420753479004,-1.7661653757095337,1.22188056,10.78358076,1.20218988,,,
1787856857807939451,255255499203214,1787856857808238056,204,P001_S01_ST1ST_T01_R02,0,3,86,RL,POLICY,6,-3.9443732068239665,False,False,3.3281731605529785,4.811583995819092,-2.4536654949188232,1.22188056,10.78358076,1.20218988,,,
1787856857812292051,255255503555380,1787856857812583288,205,P001_S01_ST1ST_T01_R02,0,3,87,RL,POLICY,6,1.5120688863552538,False,False,3.1824283599853516,4.7412638664245605,-3.1411654949188232,1.22188056,10.78358076,1.20218988,,,
1787856857817876915,255255509140295,1787856857853057862,206,P001_S01_ST1ST_T01_R02,0,3,88,RL,POLICY,6,6.909278495870084,False,False,3.0251657962799072,4.7794084548950195,2.4545199871063232,1.22188056,10.78358076,1.20218988,,,
1787856857824078326,255255515341950,1787856857853307951,207,P001_S01_ST1ST_T01_R02,0,3,89,RL,POLICY,5,9.574590245700733,False,False,2.8863651752471924,4.9465789794921875,1.904520034790039,1.22188056,10.78358076,1.20218988,,,
1787856857829391027,255255520654726,1787856857853404375,208,P001_S01_ST1ST_T01_R02,0,3,90,RL,POLICY,5,7.248273458574874,False,False,2.855412244796753,5.16164493560791,1.3545202016830444,1.22188056,10.78358076,1.20218988,,,
1787856857834685437,255255525949106,1787856857853487527,209,P001_S01_ST1ST_T01_R02,0,3,91,RL,POLICY,5,4.29026849043517,False,False,2.941436290740967,5.361173629760742,0.8045201897621155,1.22188056,10.78358076,1.20218988,,,
1787856857839999286,255255531262611,1787856857853575791,210,P001_S01_ST1ST_T01_R02,0,3,92,RL,POLICY,5,-0.3224077542338146,False,False,3.1190648078918457,5.4863128662109375,0.2545201778411865,1.22188056,10.78358076,1.20218988,,,
1787856857844176375,255255535439584,1787856857853666697,211,P001_S01_ST1ST_T01_R02,0,3,93,RL,POLICY,5,-5.402302344674306,False,False,3.3359060287475586,5.500153064727783,-0.29547983407974243,1.22188056,10.78358076,1.20218988,,,
1787856857848755105,255255540018962,1787856857853789917,212,P001_S01_ST1ST_T01_R02,0,3,94,RL,POLICY,5,-9.189554520565807,False,False,3.5280025005340576,5.398611545562744,-0.8454796671867371,1.22188056,10.78358076,1.20218988,,,
1787856857853617776,255255544881387,1787856857854082869,213,P001_S01_ST1ST_T01_R02,0,3,95,RL,POLICY,5,-9.129787531824473,False,False,3.638695240020752,5.211638927459717,-1.395479679107666,1.22188056,10.78358076,1.20218988,,,
1787856857858275049,255255549538633,1787856857858535670,214,P001_S01_ST1ST_T01_R02,0,3,96,RL,POLICY,6,-5.850099695463179,False,False,3.628495693206787,5.050137996673584,-2.082979679107666,1.22188056,10.78358076,1.20218988,,,
1787856857863235133,255255554498821,1787856857899058811,215,P001_S01_ST1ST_T01_R02,0,3,97,RL,POLICY,6,-1.1896601184107576,False,False,3.5181238651275635,4.931797504425049,-2.770479679107666,1.22188056,10.78358076,1.20218988,,,
1787856857867628001,255255558891894,1787856857899374656,216,P001_S01_ST1ST_T01_R02,0,3,98,RL,POLICY,6,4.536335602543186,False,False,3.35772442817688,4.9103827476501465,2.8252055644989014,1.22188056,10.78358076,1.20218988,,,
1787856857871975126,255255563238240,1787856857899500273,217,P001_S01_ST1ST_T01_R02,0,3,99,RL,POLICY,6,8.943073501535,False,False,3.220172166824341,4.9956231117248535,2.1377053260803223,1.22188056,10.78358076,1.20218988,,,
1787856857876318090,255255567581781,1787856857899618994,218,P001_S01_ST1ST_T01_R02,0,3,100,RL,POLICY,5,8.609107851005234,False,False,3.14035964012146,5.197716236114502,1.587705373764038,1.22188056,10.78358076,1.20218988,,,
1787856857880810268,255255572073554,1787856857899724684,219,P001_S01_ST1ST_T01_R02,0,3,101,RL,POLICY,5,5.42623886460822,False,False,3.1779491901397705,5.411722660064697,1.0377055406570435,1.22188056,10.78358076,1.20218988,,,
1787856857887836346,255255579099688,1787856857899855039,220,P001_S01_ST1ST_T01_R02,0,3,102,RL,POLICY,5,1.3357959798305856,False,False,3.3218533992767334,5.574520587921143,0.48770564794540405,1.22188056,10.78358076,1.20218988,,,
1787856857894057371,255255585321082,1787856857899959158,221,P001_S01_ST1ST_T01_R02,0,3,103,RL,POLICY,5,-3.792737649801708,False,False,3.529627799987793,5.638092994689941,-0.06229434534907341,1.22188056,10.78358076,1.20218988,,,
1787856857899655849,255255590919746,1787856857900177257,222,P001_S01_ST1ST_T01_R02,0,3,104,RL,POLICY,5,-8.176684101540614,False,False,3.7399892807006836,5.583688735961914,-0.6122943162918091,1.22188056,10.78358076,1.20218988,,,
1787856857905656654,255255596919936,1787856857905907372,223,P001_S01_ST1ST_T01_R02,0,3,105,RL,POLICY,5,-10.068978919199722,False,False,3.8908910751342773,5.42735481262207,-1.1622942686080933,1.22188056,10.78358076,1.20218988,,,
1787856857912328095,255255603591558,1787856857948034620,224,P001_S01_ST1ST_T01_R02,0,3,106,RL,POLICY,6,-6.620587853872364,False,False,3.9182870388031006,5.267868518829346,-1.8497942686080933,1.22188056,10.78358076,1.20218988,,,
1787856857918466761,255255609730430,1787856857948316226,225,P001_S01_ST1ST_T01_R02,0,3,107,RL,POLICY,6,-2.6132249129565635,False,False,3.8382482528686523,5.127225875854492,-2.537294387817383,1.22188056,10.78358076,1.20218988,,,
1787856857925047652,255255616311423,1787856857948453798,226,P001_S01_ST1ST_T01_R02,0,3,108,RL,POLICY,6,3.062341610216425,False,False,3.687138557434082,5.069325923919678,3.0583910942077637,1.22188056,10.78358076,1.20218988,,,
1787856857931243626,255255622507527,1787856857948592811,227,P001_S01_ST1ST_T01_R02,0,3,109,RL,POLICY,6,8.035929167555814,False,False,3.53361177444458,5.120473861694336,2.3708910942077637,1.22188056,10.78358076,1.20218988,,,
1787856857937467357,255255628730895,1787856857948708838,228,P001_S01_ST1ST_T01_R02,0,3,110,RL,POLICY,5,9.388986712935422,False,False,3.4092602729797363,5.298654556274414,1.8208911418914795,1.22188056,10.78358076,1.20218988,,,
1787856857944338947,255255635602464,1787856857948820433,229,P001_S01_ST1ST_T01_R02,0,3,111,RL,POLICY,5,6.30889971613203,False,False,3.3963804244995117,5.515554904937744,1.2708911895751953,1.22188056,10.78358076,1.20218988,,,
1787856857949134240,255255640397477,1787856857949281142,230,P001_S01_ST1ST_T01_R02,0,3,112,RL,POLICY,5,2.8870464094734274,False,False,3.4987704753875732,5.707200050354004,0.7208912968635559,1.22188056,10.78358076,1.20218988,,,
1787856857954837447,255255646100845,1787856857955155028,231,P001_S01_ST1ST_T01_R02,0,3,113,RL,POLICY,5,-2.090550082925997,False,False,3.6862313747406006,5.817063808441162,0.17089134454727173,1.22188056,10.78358076,1.20218988,,,
1787856857959444030,255255650707290,1787856857959895242,232,P001_S01_ST1ST_T01_R02,0,3,114,RL,POLICY,5,-6.916789517961313,False,False,3.903470993041992,5.812742233276367,-0.37910863757133484,1.22188056,10.78358076,1.20218988,,,
1787856857965277901,255255656541104,1787856858000079368,233,P001_S01_ST1ST_T01_R02,0,3,115,RL,POLICY,5,-9.953072472002875,False,False,4.086413860321045,5.695509910583496,-0.9291086792945862,1.22188056,10.78358076,1.20218988,,,
1787856857970588637,255255661852149,1787856858000412880,234,P001_S01_ST1ST_T01_R02,0,3,116,RL,POLICY,5,-8.149740647666855,False,False,4.181101322174072,5.49994421005249,-1.4791086912155151,1.22188056,10.78358076,1.20218988,,,
1787856857975388142,255255666651894,1787856858000560642,235,P001_S01_ST1ST_T01_R02,0,3,117,RL,POLICY,6,-4.8228135926060025,False,False,4.15744686126709,5.339859485626221,-2.1666088104248047,1.22188056,10.78358076,1.20218988,,,
1787856857981247009,255255672510870,1787856858000694236,236,P001_S01_ST1ST_T01_R02,0,3,118,RL,POLICY,6,0.35542177544356923,False,False,4.037575721740723,5.231152057647705,-2.8541088104248047,1.22188056,10.78358076,1.20218988,,,
1787856857986229905,255255677493446,1787856858000834105,237,P001_S01_ST1ST_T01_R02,0,3,119,RL,POLICY,6,5.953753323618341,False,False,3.875948190689087,5.223210334777832,2.741576671600342,1.22188056,10.78358076,1.20218988,,,
1787856857991611109,255255682874839,1787856858000959900,238,P001_S01_ST1ST_T01_R02,0,3,120,RL,POLICY,6,9.630629691189029,False,False,3.7459967136383057,5.319643020629883,2.054076671600342,1.22188056,10.78358076,1.20218988,,,
1787856857996320438,255255687584056,1787856858001069671,239,P001_S01_ST1ST_T01_R02,0,3,121,RL,POLICY,5,7.202287481897755,False,False,3.6833441257476807,5.52769660949707,1.504076600074768,1.22188056,10.78358076,1.20218988,,,
1787856858002057771,255255693321437,1787856858002306013,240,P001_S01_ST1ST_T01_R02,0,3,122,RL,POLICY,5,4.250457783969871,False,False,3.738678216934204,5.7378153800964355,0.9540766477584839,1.22188056,10.78358076,1.20218988,,,
1787856858006680660,255255697944294,1787856858007013261,241,P001_S01_ST1ST_T01_R02,0,3,123,RL,POLICY,5,-0.3786867157294007,False,False,3.8956785202026367,5.888023853302002,0.4040767550468445,1.22188056,10.78358076,1.20218988,,,
1787856858013236295,255255704500778,1787856858013588812,242,P001_S01_ST1ST_T01_R02,0,3,124,RL,POLICY,5,-5.456101640102606,False,False,4.108036994934082,5.934018611907959,-0.1459232121706009,1.22188056,10.78358076,1.20218988,,,
1787856858018496908,255255709760343,1787856858018777743,243,P001_S01_ST1ST_T01_R02,0,3,125,RL,POLICY,6,-9.871514272622196,False,False,4.258055686950684,5.873347759246826,-0.8334231376647949,1.22188056,10.78358076,1.20218988,,,
1787856858023371877,255255714635930,1787856858059093094,244,P001_S01_ST1ST_T01_R02,0,3,126,RL,POLICY,5,-8.43582180783676,False,False,4.3709940910339355,5.687723636627197,-1.383423089981079,1.22188056,10.78358076,1.20218988,,,
1787856858027939111,255255719202500,1787856858059599583,245,P001_S01_ST1ST_T01_R02,0,3,127,RL,POLICY,5,-5.930499547454743,False,False,4.370253086090088,5.470442295074463,-1.9334231615066528,1.22188056,10.78358076,1.20218988,,,
1787856858034337130,255255725600867,1787856858059778843,246,P001_S01_ST1ST_T01_R02,0,3,128,RL,POLICY,6,-1.2912972142237997,False,False,4.278746128082275,5.336977005004883,-2.6209232807159424,1.22188056,10.78358076,1.20218988,,,
1787856858040962039,255255732225391,1787856858059908114,247,P001_S01_ST1ST_T01_R02,0,3,129,RL,POLICY,6,4.435463352391519,False,False,4.12332820892334,5.291901588439941,2.974762201309204,1.22188056,10.78358076,1.20218988,,,
1787856858045404247,255255736667754,1787856858060044802,248,P001_S01_ST1ST_T01_R02,0,3,130,RL,POLICY,6,8.886175529675874,False,False,3.9746103286743164,5.355694770812988,2.287262201309204,1.22188056,10.78358076,1.20218988,,,
1787856858049989793,255255741253313,1787856858060156258,249,P001_S01_ST1ST_T01_R02,0,3,131,RL,POLICY,5,8.694391428746744,False,False,3.86557674407959,5.543639659881592,1.7372621297836304,1.22188056,10.78358076,1.20218988,,,
1787856858054926931,255255746190032,1787856858060264544,250,P001_S01_ST1ST_T01_R02,0,3,132,RL,POLICY,5,5.49685517778369,False,False,3.8708598613739014,5.760857582092285,1.1872621774673462,1.22188056,10.78358076,1.20218988,,,
1787856858059699666,255255750962771,1787856858060516860,251,P001_S01_ST1ST_T01_R02,0,3,133,RL,POLICY,5,1.447146467821094,False,False,3.988900899887085,5.94327974319458,0.6372621655464172,1.22188056,10.78358076,1.20218988,,,
1787856858064884524,255255756147783,1787856858065210950,252,P001_S01_ST1ST_T01_R02,0,3,134,RL,POLICY,5,-3.6796007106557163,False,False,4.184883117675781,6.037100791931152,0.08726224303245544,1.22188056,10.78358076,1.20218988,,,
1787856858069689270,255255760953033,1787856858069996048,253,P001_S01_ST1ST_T01_R02,0,3,135,RL,POLICY,5,-8.100099547253528,False,False,4.401002407073975,6.014647960662842,-0.46273770928382874,1.22188056,10.78358076,1.20218988,,,
1787856858074917854,255255766181930,1787856858111186256,254,P001_S01_ST1ST_T01_R02,0,3,136,RL,POLICY,6,-9.759095507863071,False,False,4.524653911590576,5.91025972366333,-1.1502375602722168,1.22188056,10.78358076,1.20218988,,,
1787856858079364815,255255770628154,1787856858111728064,255,P001_S01_ST1ST_T01_R02,0,3,137,RL,POLICY,5,-6.812742895388538,False,False,4.574141979217529,5.69868803024292,-1.700237512588501,1.22188056,10.78358076,1.20218988,,,
1787856858084216231,255255775480513,1787856858112112485,256,P001_S01_ST1ST_T01_R02,0,3,138,RL,POLICY,5,-3.723376471249682,False,False,4.505745887756348,5.492451190948486,-2.250237464904785,1.22188056,10.78358076,1.20218988,,,
1787856858088763569,255255780026729,1787856858112379153,257,P001_S01_ST1ST_T01_R02,0,3,139,RL,POLICY,6,1.622484468432171,False,False,4.3772125244140625,5.394136428833008,-2.937737464904785,1.22188056,10.78358076,1.20218988,,,
1787856858093491503,255255784754664,1787856858112585723,258,P001_S01_ST1ST_T01_R02,0,3,140,RL,POLICY,6,6.992644253692472,False,False,4.215486526489258,5.399723529815674,2.6579477787017822,1.22188056,10.78358076,1.20218988,,,
1787856858099970113,255255791233884,1787856858112798156,259,P001_S01_ST1ST_T01_R02,0,3,141,RL,POLICY,6,9.592018136531792,False,False,4.094044208526611,5.506673812866211,1.9704477787017822,1.22188056,10.78358076,1.20218988,,,
1787856858108083407,255255799346989,1787856858113001849,260,P001_S01_ST1ST_T01_R02,0,3,142,RL,POLICY,5,6.42983569127216,False,False,4.048989772796631,5.719233989715576,1.420447826385498,1.22188056,10.78358076,1.20218988,,,
1787856858113256997,255255804520269,1787856858113529017,261,P001_S01_ST1ST_T01_R02,0,3,143,RL,POLICY,5,3.136090076640375,False,False,4.121682167053223,5.9239959716796875,0.8704479932785034,1.22188056,10.78358076,1.20218988,,,
1787856858119209779,255255810474094,1787856858119498783,262,P001_S01_ST1ST_T01_R02,0,3,144,RL,POLICY,5,-1.789878708101614,False,False,4.2906813621521,6.0605645179748535,0.3204479515552521,1.22188056,10.78358076,1.20218988,,,
1787856858126140606,255255817404440,1787856858126499232,263,P001_S01_ST1ST_T01_R02,0,3,145,RL,POLICY,5,-6.670139555521544,False,False,4.506140232086182,6.088659763336182,-0.2295520156621933,1.22188056,10.78358076,1.20218988,,,
1787856858132491309,255255823755142,1787856858132799621,264,P001_S01_ST1ST_T01_R02,0,3,146,RL,POLICY,6,-10.405763215351541,False,False,4.650566577911377,6.015670299530029,-0.9170520305633545,1.22188056,10.78358076,1.20218988,,,
1787856858137852525,255255829115951,1787856858138152266,265,P001_S01_ST1ST_T01_R02,0,3,147,RL,POLICY,5,-7.570623787955676,False,False,4.747605323791504,5.821260452270508,-1.4670519828796387,1.22188056,10.78358076,1.20218988,,,
1787856858144296041,255255835560144,1787856858144570400,266,P001_S01_ST1ST_T01_R02,0,3,148,RL,POLICY,3,-7.987654944633768,False,False,4.781780242919922,5.493034839630127,-1.4670519828796387,1.22188056,10.78358076,1.20218988,,,
1787856858151239607,255255842502924,1787856858185145388,267,P001_S01_ST1ST_T01_R02,0,3,149,RL,POLICY,6,-4.373792890015185,False,False,4.7600579261779785,5.332676887512207,-2.1545519828796387,1.22188056,10.78358076,1.20218988,,,
1787856858157646601,255255848910111,1787856858185400608,268,P001_S01_ST1ST_T01_R02,0,3,150,RL,POLICY,6,0.9690487487348439,False,False,4.641505718231201,5.222531318664551,-2.8420519828796387,1.22188056,10.78358076,1.20218988,,,
1787856858162772840,255255854036028,1787856858185512860,269,P001_S01_ST1ST_T01_R02,0,3,151,RL,POLICY,6,6.478457120666502,False,False,4.47998571395874,5.21264123916626,2.7536332607269287,1.22188056,10.78358076,1.20218988,,,
1787856858169356896,255255860620603,1787856858185620282,270,P001_S01_ST1ST_T01_R02,0,3,152,RL,POLICY,5,9.395656906625225,False,False,4.2980875968933105,5.331488132476807,2.2036333084106445,1.22188056,10.78358076,1.20218988,,,
1787856858174961129,255255866224742,1787856858185703953,271,P001_S01_ST1ST_T01_R02,0,3,153,RL,POLICY,5,7.763746701635741,False,False,4.205134868621826,5.527884483337402,1.6536333560943604,1.22188056,10.78358076,1.20218988,,,
1787856858180166942,255255871430351,1787856858185792320,272,P001_S01_ST1ST_T01_R02,0,3,154,RL,POLICY,5,4.72372275202552,False,False,4.228543758392334,5.743902683258057,1.1036335229873657,1.22188056,10.78358076,1.20218988,,,
1787856858184962886,255255876226376,1787856858185990873,273,P001_S01_ST1ST_T01_R02,0,3,155,RL,POLICY,6,-0.7299720345453786,False,False,4.333477973937988,5.867090702056885,0.4161335527896881,1.22188056,10.78358076,1.20218988,,,
1787856858189386614,255255880650606,1787856858189666505,274,P001_S01_ST1ST_T01_R02,0,3,156,RL,POLICY,5,-5.854492317897318,False,False,4.545266151428223,5.915642261505127,-0.13386648893356323,1.22188056,10.78358076,1.20218988,,,
1787856858193764087,255255885027691,1787856858194079615,275,P001_S01_ST1ST_T01_R02,0,3,157,RL,POLICY,6,-10.059837636758722,False,False,4.696004867553711,5.856784820556641,-0.821366548538208,1.22188056,10.78358076,1.20218988,,,
1787856858198692600,255255889955805,1787856858199048756,276,P001_S01_ST1ST_T01_R02,0,3,158,RL,POLICY,5,-8.183951012421158,False,False,4.811173439025879,5.672535419464111,-1.3713665008544922,1.22188056,10.78358076,1.20218988,,,
1787856858203721480,255255894985599,1787856858239991048,277,P001_S01_ST1ST_T01_R02,0,3,159,RL,POLICY,3,-8.352714408859278,False,False,4.87654972076416,5.3490753173828125,-1.3713665008544922,1.22188056,10.78358076,1.20218988,,,
1787856858209351275,255255900614639,1787856858240403227,278,P001_S01_ST1ST_T01_R02,0,3,160,RL,POLICY,6,-4.974956218761516,False,False,4.870246887207031,5.187375545501709,-2.058866500854492,1.22188056,10.78358076,1.20218988,,,
1787856858214071704,255255905335215,1787856858240542219,279,P001_S01_ST1ST_T01_R02,0,3,161,RL,POLICY,6,0.1565063306923864,False,False,4.762760162353516,5.066408157348633,-2.746366500854492,1.22188056,10.78358076,1.20218988,,,
1787856858219027279,255255910291421,1787856858240662836,280,P001_S01_ST1ST_T01_R02,0,3,162,RL,POLICY,6,5.79440038630071,False,False,4.60292387008667,5.041131973266602,2.849318742752075,1.22188056,10.78358076,1.20218988,,,
1787856858223592471,255255914856952,1787856858240783377,281,P001_S01_ST1ST_T01_R02,0,3,163,RL,POLICY,6,9.56799256946259,False,False,4.463356018066406,5.123030662536621,2.161818742752075,1.22188056,10.78358076,1.20218988,,,
1787856858228044246,255255919307677,1787856858240897976,282,P001_S01_ST1ST_T01_R02,0,3,164,RL,POLICY,5,7.375517641570654,False,False,4.378693580627441,5.323140621185303,1.611818790435791,1.22188056,10.78358076,1.20218988,,,
1787856858232761149,255255924025096,1787856858241003727,283,P001_S01_ST1ST_T01_R02,0,3,165,RL,POLICY,6,3.476863238003122,False,False,4.410425186157227,5.4818220138549805,0.9243187308311462,1.22188056,10.78358076,1.20218988,,,
1787856858237264388,255255928527619,1787856858241135088,284,P001_S01_ST1ST_T01_R02,0,3,166,RL,POLICY,6,-2.32759025340743,False,False,4.535648345947266,5.584319591522217,0.23681865632534027,1.22188056,10.78358076,1.20218988,,,
1787856858241849786,255255933113414,1787856858242069413,285,P001_S01_ST1ST_T01_R02,0,3,167,RL,POLICY,5,-7.176412531895233,False,False,4.752700328826904,5.594318866729736,-0.31318122148513794,1.22188056,10.78358076,1.20218988,,,
1787856858246318510,255255937582049,1787856858246596256,286,P001_S01_ST1ST_T01_R02,0,3,168,RL,POLICY,6,-10.352244883634892,False,False,4.8905253410339355,5.509520053863525,-1.0006812810897827,1.22188056,10.78358076,1.20218988,,,
1787856858250999269,255255942262364,1787856858251252894,287,P001_S01_ST1ST_T01_R02,0,3,169,RL,POLICY,5,-7.272998163322831,False,False,4.9709858894348145,5.307683944702148,-1.5506811141967773,1.22188056,10.78358076,1.20218988,,,
1787856858255837869,255255947101406,1787856858256089087,288,P001_S01_ST1ST_T01_R02,0,3,170,RL,POLICY,5,-4.6338733236920095,False,False,4.934082984924316,5.093558311462402,-2.1006813049316406,1.22188056,10.78358076,1.20218988,,,
1787856858260835373,255255952098670,1787856858298061987,289,P001_S01_ST1ST_T01_R02,0,3,171,RL,POLICY,5,-0.4918660425884751,False,False,4.790701389312744,4.930299758911133,-2.6506810188293457,1.22188056,10.78358076,1.20218988,,,
1787856858266684570,255255957947837,1787856858298409547,290,P001_S01_ST1ST_T01_R02,0,3,172,RL,POLICY,5,4.050498170584808,False,False,4.583131790161133,4.866061687469482,3.0825042724609375,1.22188056,10.78358076,1.20218988,,,
1787856858272504488,255255963767669,1787856858298573711,291,P001_S01_ST1ST_T01_R02,0,3,173,RL,POLICY,5,7.840123880956025,False,False,4.3725972175598145,4.919790744781494,2.5325043201446533,1.22188056,10.78358076,1.20218988,,,
1787856858278346045,255255969609829,1787856858298698471,292,P001_S01_ST1ST_T01_R02,0,3,174,RL,POLICY,5,9.54755004359848,False,False,4.221194744110107,5.0756402015686035,1.9825042486190796,1.22188056,10.78358076,1.20218988,,,
1787856858283713482,255255974977074,1787856858298816058,293,P001_S01_ST1ST_T01_R02,0,3,175,RL,POLICY,5,6.531697875260351,False,False,4.173581123352051,5.287641525268555,1.4325042963027954,1.22188056,10.78358076,1.20218988,,,
1787856858290391122,255255981655124,1787856858298992592,294,P001_S01_ST1ST_T01_R02,0,3,176,RL,POLICY,5,3.3657345991193317,False,False,4.243799686431885,5.493265151977539,0.882504403591156,1.22188056,10.78358076,1.20218988,,,
1787856858295106219,255255986369608,1787856858299143706,295,P001_S01_ST1ST_T01_R02,0,3,177,RL,POLICY,5,-1.4891776979954523,False,False,4.411139488220215,5.631862163543701,0.3325044810771942,1.22188056,10.78358076,1.20218988,,,
1787856858299532623,255255990795788,1787856858299811286,296,P001_S01_ST1ST_T01_R02,0,3,178,RL,POLICY,5,-6.402869313367494,False,False,4.626243591308594,5.662552833557129,-0.21749551594257355,1.22188056,10.78358076,1.20218988,,,
1787856858304482437,255255995745912,1787856858304769522,297,P001_S01_ST1ST_T01_R02,0,3,179,RL,POLICY,3,-6.737627034111796,False,False,4.9484686851501465,5.591343879699707,-0.21749551594257355,1.22188056,10.78358076,1.20218988,,,
1787856858311487203,255256002751491,1787856858311805040,298,P001_S01_ST1ST_T01_R02,0,3,180,RL,POLICY,3,-6.9330373549047195,False,False,5.270693778991699,5.520134925842285,-0.21749551594257355,1.22188056,10.78358076,1.20218988,,,
1787856858318397745,255256009661933,1787856858353149298,299,P001_S01_ST1ST_T01_R02,0,3,181,RL,POLICY,6,-10.483869887265868,False,False,5.415989875793457,5.448891639709473,-0.9049955606460571,1.22188056,10.78358076,1.20218988,,,
1787856858325212919,255256016476683,1787856858353509073,300,P001_S01_ST1ST_T01_R02,0,3,182,RL,POLICY,6,-6.797685762340942,False,False,5.483067989349365,5.301626682281494,-1.5924954414367676,1.22188056,10.78358076,1.20218988,,,
1787856858331406076,255256022670562,1787856858353657167,301,P001_S01_ST1ST_T01_R02,0,3,183,RL,POLICY,6,-2.988362176763511,False,False,5.441452980041504,5.145246505737305,-2.2799954414367676,1.22188056,10.78358076,1.20218988,,,
1787856858337368440,255256028632028,1787856858353802686,302,P001_S01_ST1ST_T01_R02,0,3,184,RL,POLICY,5,1.6626233337102898,False,False,5.271252155303955,5.010178565979004,-2.829995632171631,1.22188056,10.78358076,1.20218988,,,
1787856858342590763,255256033854267,1787856858353947770,303,P001_S01_ST1ST_T01_R02,0,3,185,RL,POLICY,5,5.998636384241764,False,False,5.055553913116455,4.9839911460876465,2.9031898975372314,1.22188056,10.78358076,1.20218988,,,
1787856858347551226,255256038814953,1787856858354067558,304,P001_S01_ST1ST_T01_R02,0,3,186,RL,POLICY,5,9.061208324026037,False,False,4.857977390289307,5.074408531188965,2.3531899452209473,1.22188056,10.78358076,1.20218988,,,
1787856858352501260,255256043766014,1787856858354211346,305,P001_S01_ST1ST_T01_R02,0,3,187,RL,POLICY,5,8.47664760651228,False,False,4.736799240112305,5.254762649536133,1.8031898736953735,1.22188056,10.78358076,1.20218988,,,
1787856858357662771,255256048926629,1787856858357972232,306,P001_S01_ST1ST_T01_R02,0,3,188,RL,POLICY,5,5.328388015680495,False,False,4.727760314941406,5.471857070922852,1.253190040588379,1.22188056,10.78358076,1.20218988,,,
1787856858363639184,255256054903120,1787856858364010009,307,P001_S01_ST1ST_T01_R02,0,3,189,RL,POLICY,5,1.2079029018020018,False,False,4.833527088165283,5.661659240722656,0.7031900882720947,1.22188056,10.78358076,1.20218988,,,
1787856858368736458,255256060005578,1787856858369180597,308,P001_S01_ST1ST_T01_R02,0,3,190,RL,POLICY,5,-3.8910660142047475,False,False,5.022902965545654,5.768187522888184,0.1531900316476822,1.22188056,10.78358076,1.20218988,,,
1787856858373989094,255256065252982,1787856858374732377,309,P001_S01_ST1ST_T01_R02,0,3,191,RL,POLICY,3,-4.648847467124658,False,False,5.349038124084473,5.818542957305908,0.1531900316476822,1.22188056,10.78358076,1.20218988,,,
1787856858382048168,255256073312167,1787856858382353043,310,P001_S01_ST1ST_T01_R02,0,3,192,RL,POLICY,3,-4.975879258239931,False,False,5.675173282623291,5.868898391723633,0.1531900316476822,1.22188056,10.78358076,1.20218988,,,
1787856858389272685,255256080536675,1787856858422981551,311,P001_S01_ST1ST_T01_R02,0,3,193,RL,POLICY,3,-5.277012074343659,False,False,6.001308441162109,5.919253826141357,0.1531900316476822,1.22188056,10.78358076,1.20218988,,,
1787856858396371843,255256087635880,1787856858423249468,312,P001_S01_ST1ST_T01_R02,0,3,194,RL,POLICY,3,-5.553545839508814,False,False,6.327443599700928,5.969609260559082,0.1531900316476822,1.22188056,10.78358076,1.20218988,,,
1787856858403856201,255256095119696,1787856858423356708,313,P001_S01_ST1ST_T01_R02,0,3,195,RL,POLICY,3,-5.80697199327049,False,False,6.653578758239746,6.019964694976807,0.1531900316476822,1.22188056,10.78358076,1.20218988,,,
1787856858410953654,255256102217872,1787856858423444236,314,P001_S01_ST1ST_T01_R02,0,3,196,RL,POLICY,6,-9.911539219641952,False,False,6.814814567565918,6.006194114685059,-0.5343099236488342,1.22188056,10.78358076,1.20218988,,,
1787856858418192769,255256109456843,1787856858423550390,315,P001_S01_ST1ST_T01_R02,0,3,197,RL,POLICY,3,-8.895926016302758,False,False,7.098818778991699,5.838141918182373,-0.5343099236488342,1.22188056,10.78358076,1.20218988,,,
1787856858423476674,255256114740209,1787856858423819183,316,P001_S01_ST1ST_T01_R02,0,3,198,RL,POLICY,6,-7.875529938068364,False,False,7.214688777923584,5.7251787185668945,-1.2218098640441895,1.22188056,10.78358076,1.20218988,,,
1787856858428413851,255256119677668,1787856858428681200,317,P001_S01_ST1ST_T01_R02,0,3,199,RL,POLICY,6,-20.0,True,True,7.232640743255615,5.675843238830566,-1.4405598640441895,1.22188056,10.78358076,1.20218988,,,
1787856858430894604,255256122157301,1787856858431054504,321,P001_S01_ST1ST_T01_R02,0,3,199,HUMAN,NONE,,,,,4.727760314941406,5.471857070922852,1.253190040588379,1.22188056,10.78358076,1.20218988,A0_E3_I1,0,10
1787856859479419622,255257170682926,1787856859479620430,324,P001_S01_ST1ST_T01_R02,0,3,200,HUMAN,HUMAN,3,5.2624655521637695,False,False,4.830816745758057,5.78535270690918,1.253190040588379,1.22188056,10.78358076,1.20218988,A0_E3_I1,1,10
1787856860095083761,255257786350172,1787856860095371100,326,P001_S01_ST1ST_T01_R02,0,3,201,HUMAN,HUMAN,1,8.123169332071816,False,False,4.858299732208252,6.000889778137207,1.803189992904663,1.22188056,10.78358076,1.20218988,A0_E3_I1,2,10
1787856861016320598,255258707583666,1787856861016435838,328,P001_S01_ST1ST_T01_R02,0,3,202,HUMAN,HUMAN,1,9.405130312414899,False,False,4.769071102142334,6.199005603790283,2.3531899452209473,1.22188056,10.78358076,1.20218988,A0_E3_I1,3,10
1787856861488789077,255259180052319,1787856861489016825,330,P001_S01_ST1ST_T01_R02,0,3,203,HUMAN,HUMAN,3,8.903051310871122,False,False,4.536427974700928,6.433051109313965,2.3531899452209473,1.22188056,10.78358076,1.20218988,A0_E3_I1,4,10
1787856862222114411,255259913377197,1787856862222220671,332,P001_S01_ST1ST_T01_R02,0,3,204,HUMAN,HUMAN,5,7.857510096004438,False,False,4.415249824523926,6.613405227661133,1.8031898736953735,1.22188056,10.78358076,1.20218988,A0_E3_I1,5,10
1787856862713955530,255260405219226,1787856862714175018,334,P001_S01_ST1ST_T01_R02,0,3,205,HUMAN,HUMAN,3,8.064146510960441,False,False,4.339248180389404,6.934535026550293,1.8031898736953735,1.22188056,10.78358076,1.20218988,A0_E3_I1,6,10
1787856863457704352,255261148967541,1787856863457887121,336,P001_S01_ST1ST_T01_R02,0,3,206,HUMAN,HUMAN,3,7.937125656080284,False,False,4.263246536254883,7.255664825439453,1.8031898736953735,1.22188056,10.78358076,1.20218988,A0_E3_I1,7,10
1787856864087400208,255261778663280,1787856864087501403,338,P001_S01_ST1ST_T01_R02,0,3,207,HUMAN,HUMAN,1,9.579727790154354,False,False,4.174017906188965,7.453780651092529,2.3531899452209473,1.22188056,10.78358076,1.20218988,A0_E3_I1,8,10
1787856864750696888,255262441960695,1787856864750910560,340,P001_S01_ST1ST_T01_R02,0,3,208,HUMAN,HUMAN,3,8.970072141403502,False,False,3.9413750171661377,7.687826156616211,2.3531899452209473,1.22188056,10.78358076,1.20218988,A0_E3_I1,9,10
1787856865517335053,255263208597814,1787856865517410359,342,P001_S01_ST1ST_T01_R02,0,3,209,HUMAN,HUMAN,1,6.539928038925264,False,False,3.7617526054382324,7.810085773468018,2.9031898975372314,1.22188056,10.78358076,1.20218988,A0_E3_I1,10,10
1787856865523270071,255263214533997,1787856865523532468,345,P001_S01_ST1ST_T01_R02,0,3,210,RL,POLICY,3,6.947644700018727,False,False,3.4410860538482666,7.888016223907471,2.9031898975372314,1.22188056,10.78358076,1.20218988,,,
1787856865528659193,255263219922880,1787856865528905674,346,P001_S01_ST1ST_T01_R02,0,3,211,RL,POLICY,3,6.5898375640156175,False,False,3.120419502258301,7.965946674346924,2.9031898975372314,1.22188056,10.78358076,1.20218988,,,
1787856865534145479,255263225409218,1787856865534424288,347,P001_S01_ST1ST_T01_R02,0,3,212,RL,POLICY,3,6.14818819040304,False,False,2.799752950668335,8.043875694274902,2.9031898975372314,1.22188056,10.78358076,1.20218988,,,
1787856865539178839,255263230442679,1787856865539436134,348,P001_S01_ST1ST_T01_R02,0,3,213,RL,POLICY,3,5.602670593503703,False,False,2.479086399078369,8.121804237365723,2.9031898975372314,1.22188056,10.78358076,1.20218988,,,
1787856865545272178,255263236535858,1787856865545529273,349,P001_S01_ST1ST_T01_R02,0,3,214,RL,POLICY,3,4.931616501687558,False,False,2.1584198474884033,8.199732780456543,2.9031898975372314,1.22188056,10.78358076,1.20218988,,,
1787856865550359469,255263241622764,1787856865550585683,350,P001_S01_ST1ST_T01_R02,0,3,215,RL,POLICY,3,4.115326598318026,False,False,1.8377535343170166,8.277661323547363,2.9031898975372314,1.22188056,10.78358076,1.20218988,,,
1787856865556047464,255263247310892,1787856865556297059,351,P001_S01_ST1ST_T01_R02,0,3,216,RL,POLICY,3,3.142745976172268,False,False,1.5170873403549194,8.355589866638184,2.9031898975372314,1.22188056,10.78358076,1.20218988,,,
1787856865560564563,255263251827800,1787856865560796531,352,P001_S01_ST1ST_T01_R02,0,3,217,RL,POLICY,6,7.005964551632573,False,False,1.3733124732971191,8.429855346679688,2.2156898975372314,1.22188056,10.78358076,1.20218988,,,
1787856865565905935,255263257169385,1787856865566168001,353,P001_S01_ST1ST_T01_R02,0,3,218,RL,POLICY,6,9.613881502848594,False,False,1.3093273639678955,8.5784912109375,1.5281898975372314,1.22188056,10.78358076,1.20218988,,,
1787856865570286763,255263261550074,1787856865570534297,354,P001_S01_ST1ST_T01_R02,0,3,219,RL,POLICY,3,8.918849076535077,False,False,1.3233833312988281,8.90819263458252,1.5281898975372314,1.22188056,10.78358076,1.20218988,,,
1787856865575845432,255263267108484,1787856865576141345,355,P001_S01_ST1ST_T01_R02,0,3,220,RL,POLICY,5,6.287806470428582,False,False,1.3736352920532227,9.119584083557129,0.978190004825592,1.22188056,10.78358076,1.20218988,,,
1787856865580259739,255263271523200,1787856865580534965,356,P001_S01_ST1ST_T01_R02,0,3,221,RL,POLICY,5,2.304623603125055,False,False,1.526968002319336,9.273534774780273,0.4281899333000183,1.22188056,10.78358076,1.20218988,,,
1787856865584493543,255263275756618,1787856865584723723,357,P001_S01_ST1ST_T01_R02,0,3,222,RL,POLICY,5,-3.2148760856020013,False,False,1.738155722618103,9.32463550567627,-0.12180987745523453,1.22188056,10.78358076,1.20218988,,,
1787856865588980396,255263280243497,1787856865589215444,358,P001_S01_ST1ST_T01_R02,0,3,223,RL,POLICY,5,-8.538446757576779,False,False,1.944908618927002,9.257816314697266,-0.6718097925186157,1.22188056,10.78358076,1.20218988,,,
1787856865594058662,255263285321737,1787856865594609706,359,P001_S01_ST1ST_T01_R02,0,3,224,RL,POLICY,3,-20.0,True,True,2.1092748641967773,9.127111434936523,-0.6718097925186157,1.22188056,10.78358076,1.20218988,,,
1787856865596932031,255263288194728,1787856865596995091,363,P001_S01_ST1ST_T01_R02,0,3,224,HUMAN,NONE,,,,,2.479086399078369,8.121804237365723,2.9031898975372314,1.22188056,10.78358076,1.20218988,A0_E3_I2,0,10
1787856866853042886,255264544306044,1787856866853448015,366,P001_S01_ST1ST_T01_R02,0,3,225,HUMAN,HUMAN,3,4.931616501687558,False,False,2.1584198474884033,8.199732780456543,2.9031898975372314,1.22188056,10.78358076,1.20218988,A0_E3_I2,1,10
1787856867466032813,255265157295693,1787856867466118310,368,P001_S01_ST1ST_T01_R02,0,3,226,HUMAN,HUMAN,5,7.700667863261976,False,False,1.9608436822891235,8.290151596069336,2.3531899452209473,1.22188056,10.78358076,1.20218988,A0_E3_I2,2,10
1787856867965099482,255265656362196,1787856867965185518,370,P001_S01_ST1ST_T01_R02,0,3,227,HUMAN,HUMAN,5,9.631596961106071,False,False,1.8396652936935425,8.470505714416504,1.803189992904663,1.22188056,10.78358076,1.20218988,A0_E3_I2,3,10
1787856868528574741,255266219838022,1787856868528667893,372,P001_S01_ST1ST_T01_R02,0,3,228,HUMAN,HUMAN,3,8.981790778108522,False,False,1.7636637687683105,8.791635513305664,1.803189992904663,1.22188056,10.78358076,1.20218988,A0_E3_I2,4,10
1787856869217555605,255266908818740,1787856869217736459,374,P001_S01_ST1ST_T01_R02,0,3,229,HUMAN,HUMAN,3,8.974805616467231,False,False,1.6876622438430786,9.112765312194824,1.803189992904663,1.22188056,10.78358076,1.20218988,A0_E3_I2,5,10
1787856869924657925,255267615921126,1787856869924937405,376,P001_S01_ST1ST_T01_R02,0,3,230,HUMAN,HUMAN,3,8.962848254053196,False,False,1.6116607189178467,9.433895111083984,1.803189992904663,1.22188056,10.78358076,1.20218988,A0_E3_I2,6,10
1787856870527912272,255268219175759,1787856870528392809,378,P001_S01_ST1ST_T01_R02,0,3,231,HUMAN,HUMAN,3,20.0,False,False,1.5356591939926147,9.755024909973145,1.803189992904663,1.192788132,1.1636960388,1.20218988,A0_E3_I2,7,10
1787856871528272524,255269219536061,1787856871528444680,380,P001_S01_ST1ST_T01_R02,0,3,232,HUMAN,HUMAN,1,-6.370788633231436,False,False,1.4464304447174072,9.953140258789062,2.3531899452209473,1.192788132,1.1636960388,1.20218988,A0_E3_I2,8,10
1787856872489632589,255270180896177,1787856872489848041,382,P001_S01_ST1ST_T01_R02,0,3,233,HUMAN,HUMAN,0,-1.94837013034685,False,False,1.308474063873291,10.037724494934082,3.0406899452209473,1.192788132,1.1636960388,1.20218988,A0_E3_I2,9,10
1787856872996385643,255270687649394,1787856872996607946,384,P001_S01_ST1ST_T01_R02,0,3,234,HUMAN,HUMAN,0,3.8329492340768962,False,False,1.1481784582138062,10.015545845031738,-2.554995536804199,1.192788132,1.1636960388,1.20218988,A0_E3_I2,10,10
1787856873003795095,255270695058570,1787856873004058647,387,P001_S01_ST1ST_T01_R02,0,3,235,RL,POLICY,6,-0.5134142534792958,False,False,0.9960676431655884,9.96033000946045,3.0406899452209473,1.192788132,1.1636960388,1.20218988,,,
1787856873008900555,255270700165049,1787856873009183735,388,P001_S01_ST1ST_T01_R02,0,3,236,RL,POLICY,6,-6.494073704960076,False,False,0.8434703946113586,10.014187812805176,2.3531899452209473,1.192788132,1.1636960388,1.20218988,,,
1787856873013953245,255270705216754,1787856873014284001,389,P001_S01_ST1ST_T01_R02,0,3,237,RL,POLICY,6,-10.350235370938075,False,False,0.7597162127494812,10.152649879455566,1.6656899452209473,1.192788132,1.1636960388,1.20218988,,,
1787856873019901678,255270711165147,1787856873020196452,390,P001_S01_ST1ST_T01_R02,0,3,238,RL,POLICY,6,-7.121799521437961,False,False,0.7828571200370789,10.312809944152832,0.9781899452209473,1.192788132,1.1636960388,1.20218988,,,
1787856873025471742,255270716736519,1787856873025808227,391,P001_S01_ST1ST_T01_R02,0,3,239,RL,POLICY,5,-4.199752461590421,False,False,0.9361898899078369,10.466760635375977,0.42819011211395264,1.192788132,1.1636960388,1.20218988,,,
1787856873031854796,255270723118636,1787856873032119181,392,P001_S01_ST1ST_T01_R02,0,3,240,RL,POLICY,5,0.11710457118681106,False,False,1.147377610206604,10.517861366271973,-0.12180984020233154,1.192788132,1.1636960388,1.20218988,,,
1787856873038346585,255270729610375,1787856873038632376,393,P001_S01_ST1ST_T01_R02,0,3,241,RL,POLICY,5,4.691175233058697,False,False,1.3541306257247925,10.451042175292969,-0.6718098521232605,1.192788132,1.1636960388,1.20218988,,,
1787856873043692448,255270734955972,1787856873043968411,394,P001_S01_ST1ST_T01_R02,0,3,242,RL,POLICY,5,8.309250086596556,False,False,1.4954665899276733,10.286009788513184,-1.2218097448349,1.192788132,1.1636960388,1.20218988,,,
1787856873048556235,255270739819737,1787856873048856885,395,P001_S01_ST1ST_T01_R02,0,3,243,RL,POLICY,3,8.27743939752173,False,False,1.6083086729049683,9.975900650024414,-1.2218097448349,1.192788132,1.1636960388,1.20218988,,,
1787856873053128637,255270744392648,1787856873053411939,396,P001_S01_ST1ST_T01_R02,0,3,244,RL,POLICY,3,8.22338976455954,False,False,1.7211507558822632,9.665791511535645,-1.2218097448349,1.192788132,1.1636960388,1.20218988,,,
1787856873058895400,255270750158961,1787856873059159918,397,P001_S01_ST1ST_T01_R02,0,3,245,RL,POLICY,3,8.163343153707164,False,False,1.833992838859558,9.355682373046875,-1.2218097448349,1.192788132,1.1636960388,1.20218988,,,
1787856873064002456,255270755265909,1787856873064315151,398,P001_S01_ST1ST_T01_R02,0,3,246,RL,POLICY,3,8.096430627886743,False,False,1.946834921836853,9.045573234558105,-1.2218097448349,1.192788132,1.1636960388,1.20218988,,,
1787856873069705151,255270760968688,1787856873070029036,399,P001_S01_ST1ST_T01_R02,0,3,247,RL,POLICY,5,9.479839410057686,False,False,1.9810668230056763,8.83100414276123,-1.771809697151184,1.192788132,1.1636960388,1.20218988,,,
1787856873076613874,255270767878021,1787856873077001466,400,P001_S01_ST1ST_T01_R02,0,3,248,RL,POLICY,3,8.940491708788596,False,False,1.9151784181594849,8.507647514343262,-1.771809697151184,1.192788132,1.1636960388,1.20218988,,,
1787856873083480044,255270774744042,1787856873083839701,401,P001_S01_ST1ST_T01_R02,0,3,249,RL,POLICY,3,8.93490483363517,False,False,1.8492900133132935,8.184290885925293,-1.771809697151184,1.192788132,1.1636960388,1.20218988,,,
1787856873089355633,255270780618998,1787856873089796720,402,P001_S01_ST1ST_T01_R02,0,3,250,RL,POLICY,3,8.928494817727703,False,False,1.783401608467102,7.860935211181641,-1.771809697151184,1.192788132,1.1636960388,1.20218988,,,
1787856873096065674,255270787330248,1787856873130041315,403,P001_S01_ST1ST_T01_R02,0,3,251,RL,POLICY,3,8.921093032808706,False,False,1.7175132036209106,7.5375800132751465,-1.771809697151184,1.192788132,1.1636960388,1.20218988,,,
1787856873102789516,255270794053494,1787856873130409565,404,P001_S01_ST1ST_T01_R02,0,3,252,RL,POLICY,3,8.912484606811109,False,False,1.6516247987747192,7.214224815368652,-1.771809697151184,1.192788132,1.1636960388,1.20218988,,,
1787856873108568053,255270799831445,1787856873130548988,405,P001_S01_ST1ST_T01_R02,0,3,253,RL,POLICY,3,8.902393191969178,False,False,1.5857363939285278,6.890869617462158,-1.771809697151184,1.192788132,1.1636960388,1.20218988,,,
1787856873113879284,255270805142879,1787856873130690588,406,P001_S01_ST1ST_T01_R02,0,3,254,RL,POLICY,3,8.89045932789604,False,False,1.5198479890823364,6.567514419555664,-1.771809697151184,1.192788132,1.1636960388,1.20218988,,,
1787856873119378087,255270810641722,1787856873130823348,407,P001_S01_ST1ST_T01_R02,0,3,255,RL,POLICY,3,8.876208328184852,False,False,1.453959584236145,6.24415922164917,-1.771809697151184,1.192788132,1.1636960388,1.20218988,,,
1787856873125883059,255270817146400,1787856873130934482,408,P001_S01_ST1ST_T01_R02,0,3,256,RL,POLICY,3,8.859003259802481,False,False,1.3880711793899536,5.920804023742676,-1.771809697151184,1.192788132,1.1636960388,1.20218988,,,
1787856873131359837,255270822623389,1787856873131508670,409,P001_S01_ST1ST_T01_R02,0,3,257,RL,POLICY,3,8.837974107064962,False,False,1.3221827745437622,5.597448825836182,-1.771809697151184,1.192788132,1.1636960388,1.20218988,,,
1787856873136465157,255270827728993,1787856873136718095,410,P001_S01_ST1ST_T01_R02,0,3,258,RL,POLICY,3,8.81190841246191,False,False,1.2562943696975708,5.2740936279296875,-1.771809697151184,1.192788132,1.1636960388,1.20218988,,,
1787856873141375620,255270832639970,1787856873177986918,411,P001_S01_ST1ST_T01_R02,0,3,259,RL,POLICY,3,8.77907775494399,False,False,1.1904059648513794,4.950738430023193,-1.771809697151184,1.192788132,1.1636960388,1.20218988,,,
1787856873146325445,255270837589138,1787856873178259655,412,P001_S01_ST1ST_T01_R02,0,3,260,RL,POLICY,3,8.73695381552998,False,False,1.124517560005188,4.627383232116699,-1.771809697151184,1.192788132,1.1636960388,1.20218988,,,
1787856873151288764,255270842552591,1787856873178426805,413,P001_S01_ST1ST_T01_R02,0,3,261,RL,POLICY,3,8.681727373837742,False,False,1.0586291551589966,4.304028034210205,-1.771809697151184,1.192788132,1.1636960388,1.20218988,,,
1787856873156361821,255270847625641,1787856873178557368,414,P001_S01_ST1ST_T01_R02,0,3,262,RL,POLICY,3,8.6074601760591,False,False,0.9927406311035156,3.980672836303711,-1.771809697151184,1.192788132,1.1636960388,1.20218988,,,
1787856873161603581,255270852867079,1787856873178681386,415,P001_S01_ST1ST_T01_R02,0,3,263,RL,POLICY,3,8.504526582772275,False,False,0.9268519878387451,3.657317638397217,-1.771809697151184,1.192788132,1.1636960388,1.20218988,,,
1787856873166427658,255270857691637,1787856873178811075,416,P001_S01_ST1ST_T01_R02,0,3,264,RL,POLICY,3,8.356595558147848,False,False,0.8609633445739746,3.3339624404907227,-1.771809697151184,1.192788132,1.1636960388,1.20218988,,,
1787856873171916874,255270863180354,1787856873178923169,417,P001_S01_ST1ST_T01_R02,0,3,265,RL,POLICY,6,4.118595672628284,False,False,0.7921244502067566,3.187511920928955,-2.4593098163604736,1.192788132,1.1636960388,1.20218988,,,
1787856873176686898,255270867950230,1787856873179030644,418,P001_S01_ST1ST_T01_R02,0,3,266,RL,POLICY,6,-1.8676917094562437,False,False,0.6459848284721375,3.1180155277252197,3.136375665664673,1.192788132,1.1636960388,1.20218988,,,
1787856873181668973,255270872932216,1787856873181906221,419,P001_S01_ST1ST_T01_R02,0,3,267,RL,POLICY,6,-7.974024646542468,False,False,0.4889400601387024,3.1570472717285156,2.448875665664673,1.192788132,1.1636960388,1.20218988,,,
1787856873186680447,255270877943882,1787856873186988486,420,P001_S01_ST1ST_T01_R02,0,3,268,RL,POLICY,5,-10.156535608238416,False,False,0.35108503699302673,3.3249988555908203,1.8988755941390991,1.192788132,1.1636960388,1.20218988,,,
1787856873191030748,255270882293963,1787856873191276869,421,P001_S01_ST1ST_T01_R02,0,3,269,RL,POLICY,5,-7.310268478386832,False,False,0.3213462829589844,3.540236711502075,1.3488757610321045,1.192788132,1.1636960388,1.20218988,,,
1787856873195718233,255270886981580,1787856873196046208,422,P001_S01_ST1ST_T01_R02,0,3,270,RL,POLICY,5,-4.9064347320068356,False,False,0.40849533677101135,3.739276170730591,0.7988757491111755,1.192788132,1.1636960388,1.20218988,,,
1787856873201044338,255270892307934,1787856873201307285,423,P001_S01_ST1ST_T01_R02,0,3,271,RL,POLICY,3,-5.167284432571666,False,False,0.6386745572090149,3.97574520111084,0.7988757491111755,1.192788132,1.1636960388,1.20218988,,,
1787856873207297033,255270898560333,1787856873207523988,424,P001_S01_ST1ST_T01_R02,0,3,272,RL,POLICY,3,-5.81096870081774,False,False,0.8688538074493408,4.21221399307251,0.7988757491111755,1.192788132,1.1636960388,1.20218988,,,
1787856873213301248,255270904564846,1787856873213591183,425,P001_S01_ST1ST_T01_R02,0,3,273,RL,POLICY,3,-6.332846316953422,False,False,1.099032998085022,4.44868278503418,0.7988757491111755,1.192788132,1.1636960388,1.20218988,,,
1787856873218748463,255270910011832,1787856873255091101,426,P001_S01_ST1ST_T01_R02,0,3,274,RL,POLICY,3,-6.754016156968989,False,False,1.3292121887207031,4.68515157699585,0.7988757491111755,1.192788132,1.1636960388,1.20218988,,,
1787856873225136725,255270916400201,1787856873255442585,427,P001_S01_ST1ST_T01_R02,0,3,275,RL,POLICY,5,-3.7105163163311454,False,False,1.5075443983078003,4.809286117553711,0.24887590110301971,1.192788132,1.1636960388,1.20218988,,,
1787856873229746908,255270921012905,1787856873255569563,428,P001_S01_ST1ST_T01_R02,0,3,276,RL,POLICY,3,-3.6706977117156407,False,False,1.8273769617080688,4.890570163726807,0.24887590110301971,1.192788132,1.1636960388,1.20218988,,,
1787856873235093528,255270926357119,1787856873255676619,429,P001_S01_ST1ST_T01_R02,0,3,277,RL,POLICY,3,-4.29841164337509,False,False,2.147209644317627,4.971854209899902,0.24887590110301971,1.192788132,1.1636960388,1.20218988,,,
1787856873239855837,255270931119415,1787856873255795428,430,P001_S01_ST1ST_T01_R02,0,3,278,RL,POLICY,3,-4.855448089054983,False,False,2.4670422077178955,5.053138256072998,0.24887590110301971,1.192788132,1.1636960388,1.20218988,,,
1787856873246297910,255270937561696,1787856873255899872,431,P001_S01_ST1ST_T01_R02,0,3,279,RL,POLICY,3,-5.344507413379981,False,False,2.786874771118164,5.134422302246094,0.24887590110301971,1.192788132,1.1636960388,1.20218988,,,
1787856873252415628,255270943679509,1787856873256004293,432,P001_S01_ST1ST_T01_R02,0,3,280,RL,POLICY,3,-5.770696457446245,False,False,3.1067073345184326,5.2157063484191895,0.24887590110301971,1.192788132,1.1636960388,1.20218988,,,
1787856873257559464,255270948822522,1787856873257830359,433,P001_S01_ST1ST_T01_R02,0,3,281,RL,POLICY,3,-6.1403552296857224,False,False,3.426539897918701,5.296990394592285,0.24887590110301971,1.192788132,1.1636960388,1.20218988,,,
1787856873262405742,255270953668946,1787856873262726137,434,P001_S01_ST1ST_T01_R02,0,3,282,RL,POLICY,3,-6.4601948457606095,False,False,3.7463724613189697,5.378274440765381,0.24887590110301971,1.192788132,1.1636960388,1.20218988,,,
1787856873267893123,255270959156697,1787856873268209675,435,P001_S01_ST1ST_T01_R02,0,3,283,RL,POLICY,3,-6.736737876323727,False,False,4.066205024719238,5.459558486938477,0.24887590110301971,1.192788132,1.1636960388,1.20218988,,,
1787856873274834337,255270966098259,1787856873275134060,436,P001_S01_ST1ST_T01_R02,0,3,284,RL,POLICY,3,-6.976000464926354,False,False,4.386038303375244,5.540842533111572,0.24887590110301971,1.192788132,1.1636960388,1.20218988,,,
1787856873282436992,255270973700695,1787856873315963122,437,P001_S01_ST1ST_T01_R02,0,3,285,RL,POLICY,3,-7.1833534448809,False,False,4.70587158203125,5.622126579284668,0.24887590110301971,1.192788132,1.1636960388,1.20218988,,,
1787856873287404179,255270978667604,1787856873316292452,438,P001_S01_ST1ST_T01_R02,0,3,286,RL,POLICY,3,-7.363476959419827,False,False,5.025704860687256,5.703410625457764,0.24887590110301971,1.192788132,1.1636960388,1.20218988,,,
1787856873292664562,255270983928223,1787856873316422276,439,P001_S01_ST1ST_T01_R02,0,3,287,RL,POLICY,3,-7.520395491245804,False,False,5.345538139343262,5.784694671630859,0.24887590110301971,1.192788132,1.1636960388,1.20218988,,,
1787856873297187979,255270988452082,1787856873316546498,440,P001_S01_ST1ST_T01_R02,0,3,288,RL,POLICY,6,-3.683234234319068,False,False,5.507351875305176,5.786391258239746,-0.43862414360046387,1.192788132,1.1636960388,1.20218988,,,
1787856873301894610,255270993158955,1787856873316701711,441,P001_S01_ST1ST_T01_R02,0,3,289,RL,POLICY,6,1.8326522846082272,False,False,5.63348388671875,5.685014724731445,-1.1261242628097534,1.192788132,1.1636960388,1.20218988,,,
1787856873307468724,255270998732325,1787856873316818273,442,P001_S01_ST1ST_T01_R02,0,3,290,RL,POLICY,3,2.6526519137541866,False,False,5.775437355041504,5.387106418609619,-1.1261242628097534,1.192788132,1.1636960388,1.20218988,,,
1787856873312535615,255271003799393,1787856873316924628,443,P001_S01_ST1ST_T01_R02,0,3,291,RL,POLICY,3,-20.0,True,True,5.82060432434082,5.2923173904418945,-1.1261242628097534,1.192788132,1.1636960388,1.20218988,,,
1787856873315817236,255271007080221,1787856873317735583,447,P001_S01_ST1ST_T01_R02,0,3,291,HUMAN,NONE,,,,,3.1067073345184326,5.2157063484191895,0.24887582659721375,1.192788132,1.1636960388,1.20218988,A0_E3_I3,0,10
1787856875145889285,255272837152097,1787856875145985782,450,P001_S01_ST1ST_T01_R02,0,3,292,HUMAN,HUMAN,1,-9.289192882789042,False,False,3.303325653076172,5.308188438415527,0.7988758087158203,1.192788132,1.1636960388,1.20218988,A0_E3_I3,1,10
1787856876518312731,255274209575953,1787856876518397775,452,P001_S01_ST1ST_T01_R02,0,3,293,HUMAN,HUMAN,0,-8.589321027352607,False,False,3.3856253623962402,5.4475202560424805,1.4863758087158203,1.192788132,1.1636960388,1.20218988,A0_E3_I3,2,10
1787856876979518184,255274670781218,1787856876979809422,454,P001_S01_ST1ST_T01_R02,0,3,294,HUMAN,HUMAN,0,-5.030181060633937,False,False,3.3608081340789795,5.607428550720215,2.1738758087158203,1.192788132,1.1636960388,1.20218988,A0_E3_I3,3,10
1787856877529436795,255275220699848,1787856877529717816,456,P001_S01_ST1ST_T01_R02,0,3,295,HUMAN,HUMAN,0,0.01678243964563708,False,False,3.24014949798584,5.715261936187744,2.8613758087158203,1.192788132,1.1636960388,1.20218988,A0_E3_I3,4,10
1787856877993211736,255275684475355,1787856877993382844,458,P001_S01_ST1ST_T01_R02,0,3,296,HUMAN,HUMAN,0,5.610702704860718,False,False,3.0784685611724854,5.722028732299805,-2.734309434890747,1.192788132,1.1636960388,1.20218988,A0_E3_I3,5,10
1787856879140482245,255276831745162,1787856879140695370,460,P001_S01_ST1ST_T01_R02,0,3,297,HUMAN,HUMAN,0,9.467376558801627,False,False,2.949221134185791,5.624654293060303,-2.046809673309326,1.192788132,1.1636960388,1.20218988,A0_E3_I3,6,10
1787856879805378076,255277496641405,1787856879805572543,462,P001_S01_ST1ST_T01_R02,0,3,298,HUMAN,HUMAN,0,6.9606354405967465,False,False,2.911128520965576,5.467379093170166,-1.3593095541000366,1.192788132,1.1636960388,1.20218988,A0_E3_I3,7,10
1787856881291842092,255278983105333,1787856881292135379,464,P001_S01_ST1ST_T01_R02,0,3,299,HUMAN,HUMAN,4,8.547564043666243,False,False,2.9428718090057373,5.195075035095215,-1.6343095302581787,1.192788132,1.1636960388,1.20218988,A0_E3_I3,8,10
1787856881906570115,255279597833579,1787856881906730421,466,P001_S01_ST1ST_T01_R02,0,3,300,HUMAN,HUMAN,4,9.305904302859796,False,False,2.8994786739349365,4.92438268661499,-1.9093095064163208,1.192788132,1.1636960388,1.20218988,A0_E3_I3,9,10
1787856882519829474,255280211092511,1787856882519936195,468,P001_S01_ST1ST_T01_R02,0,3,301,HUMAN,HUMAN,4,8.645320797740599,False,False,2.784210443496704,4.675644397735596,-2.184309482574463,1.192788132,1.1636960388,1.20218988,A0_E3_I3,10,10
1787856882525220149,255280216483369,1787856882525436760,471,P001_S01_ST1ST_T01_R02,0,3,302,RL,POLICY,3,8.768897959002192,False,False,2.594214677810669,4.405826568603516,-2.184309482574463,1.192788132,1.1636960388,1.20218988,,,
1787856882529868923,255280221132271,1787856882530104989,472,P001_S01_ST1ST_T01_R02,0,3,303,RL,POLICY,3,8.721318670110847,False,False,2.404218912124634,4.1360087394714355,-2.184309482574463,1.192788132,1.1636960388,1.20218988,,,
1787856882534263766,255280225527176,1787856882534494817,473,P001_S01_ST1ST_T01_R02,0,3,304,RL,POLICY,3,8.657644534922973,False,False,2.2142231464385986,3.8661906719207764,-2.184309482574463,1.192788132,1.1636960388,1.20218988,,,
1787856882539074600,255280230338089,1787856882539290425,474,P001_S01_ST1ST_T01_R02,0,3,305,RL,POLICY,3,8.569876818956896,False,False,2.0242273807525635,3.596372604370117,-2.184309482574463,1.192788132,1.1636960388,1.20218988,,,
1787856882543775513,255280235038565,1787856882543988125,475,P001_S01_ST1ST_T01_R02,0,3,306,RL,POLICY,3,8.444526478905086,False,False,1.8342320919036865,3.326554536819458,-2.184309482574463,1.192788132,1.1636960388,1.20218988,,,
1787856882548408203,255280239671413,1787856882548634202,476,P001_S01_ST1ST_T01_R02,0,3,307,RL,POLICY,3,8.25758793987038,False,False,1.6442368030548096,3.056736469268799,-2.184309482574463,1.192788132,1.1636960388,1.20218988,,,
1787856882553053628,255280244316655,1787856882553228976,477,P001_S01_ST1ST_T01_R02,0,3,308,RL,POLICY,3,7.963718471641762,False,False,1.4542415142059326,2.7869184017181396,-2.184309482574463,1.192788132,1.1636960388,1.20218988,,,
1787856882557590775,255280248854163,1787856882557794942,478,P001_S01_ST1ST_T01_R02,0,3,309,RL,POLICY,3,7.471597586622681,False,False,1.2642462253570557,2.5171003341674805,-2.184309482574463,1.192788132,1.1636960388,1.20218988,,,
1787856882562124537,255280253387726,1787856882562382000,479,P001_S01_ST1ST_T01_R02,0,3,310,RL,POLICY,3,20.0,False,False,1.0742509365081787,2.2472822666168213,-2.184309482574463,10.69630308,10.69630296,1.28940204,,,
1787856882566469062,255280257732165,1787856882566729109,480,P001_S01_ST1ST_T01_R02,0,3,311,RL,POLICY,6,-8.272190340304206,False,False,0.9524739384651184,2.1407134532928467,-2.871809482574463,10.69630308,10.69630296,1.28940204,,,
1787856882571971602,255280263234951,1787856882572260006,481,P001_S01_ST1ST_T01_R02,0,3,312,RL,POLICY,5,-5.388415072649943,False,False,0.7358690500259399,2.123565912246704,2.8613758087158203,10.69630308,10.69630296,1.28940204,,,
1787856882576368605,255280267631727,1787856882576643011,482,P001_S01_ST1ST_T01_R02,0,3,313,RL,POLICY,5,-1.384246194257123,False,False,0.5422452092170715,2.222163677215576,2.311375856399536,10.69630308,10.69630296,1.28940204,,,
1787856882581030922,255280272294042,1787856882581348977,483,P001_S01_ST1ST_T01_R02,0,3,314,RL,POLICY,5,3.298081140421815,False,False,0.4287118911743164,2.4074254035949707,1.7613757848739624,10.69630308,10.69630296,1.28940204,,,
1787856882585406134,255280276669139,1787856882585674536,484,P001_S01_ST1ST_T01_R02,0,3,315,RL,POLICY,5,7.378869000751661,False,False,0.42875587940216064,2.6247079372406006,1.2113758325576782,10.69630308,10.69630296,1.28940204,,,
1787856882590569348,255280281832748,1787856882590855645,485,P001_S01_ST1ST_T01_R02,0,3,316,RL,POLICY,5,9.709357089140306,False,False,0.5423641800880432,2.8099236488342285,0.6613759398460388,10.69630308,10.69630296,1.28940204,,,
1787856882595358475,255280286621673,1787856882595602390,486,P001_S01_ST1ST_T01_R02,0,3,317,RL,POLICY,5,6.790905026758643,False,False,0.7360278367996216,2.908442974090576,0.11137600243091583,10.69630308,10.69630296,1.28940204,,,
1787856882599870333,255280291133440,1787856882635974834,487,P001_S01_ST1ST_T01_R02,0,3,318,RL,POLICY,3,7.575906216480088,False,False,1.0639832019805908,2.9451212882995605,0.11137600243091583,10.69630308,10.69630296,1.28940204,,,
1787856882604663164,255280295926552,1787856882636198023,488,P001_S01_ST1ST_T01_R02,0,3,319,RL,POLICY,3,7.5040190184695765,False,False,1.3919386863708496,2.981799602508545,0.11137600243091583,10.69630308,10.69630296,1.28940204,,,
1787856882609320232,255280300583566,1787856882636290800,489,P001_S01_ST1ST_T01_R02,0,3,320,RL,POLICY,3,7.427079114898076,False,False,1.7198941707611084,3.0184779167175293,0.11137600243091583,10.69630308,10.69630296,1.28940204,,,
1787856882613909084,255280305172743,1787856882636374982,490,P001_S01_ST1ST_T01_R02,0,3,321,RL,POLICY,6,2.732816264526231,False,False,1.880413293838501,2.9979796409606934,-0.5761241316795349,10.69630308,10.69630296,1.28940204,,,
1787856882620672955,255280311936502,1787856882636458987,491,P001_S01_ST1ST_T01_R02,0,3,322,RL,POLICY,6,-3.150257211384084,False,False,1.991459846496582,2.8802714347839355,-1.2636240720748901,10.69630308,10.69630296,1.28940204,,,
1787856882625348189,255280316611528,1787856882636538732,492,P001_S01_ST1ST_T01_R02,0,3,323,RL,POLICY,6,-8.516700598857984,False,False,2.00258207321167,2.7188313007354736,-1.9511240720748901,10.69630308,10.69630296,1.28940204,,,
1787856882629996576,255280321260057,1787856882636614038,493,P001_S01_ST1ST_T01_R02,0,3,324,RL,POLICY,6,-20.0,True,True,1.9151817560195923,2.5908255577087402,-2.6073741912841797,10.69630308,10.69630296,1.28940204,,,
1787856882632717804,255280323980641,1787856882636911193,497,P001_S01_ST1ST_T01_R02,0,3,324,HUMAN,NONE,,,,,0.5422452092170715,2.222163677215576,2.311375856399536,10.69630308,10.69630296,1.28940204,A0_E3_I4,0,10
1787856884056929211,255281748192518,1787856884057046480,500,P001_S01_ST1ST_T01_R02,0,3,325,HUMAN,HUMAN,3,-0.6297762798974123,False,False,0.3195890188217163,2.4657294750213623,2.311375856399536,10.69630308,10.69630296,1.28940204,A0_E3_I4,1,10
1787856884520083196,255282211346815,1787856884520302309,502,P001_S01_ST1ST_T01_R02,0,3,326,HUMAN,HUMAN,5,3.083330120961227,False,False,0.20605570077896118,2.650991201400757,1.761375904083252,10.69630308,10.69630296,1.28940204,A0_E3_I4,2,10
1787856885283586438,255282974849477,1787856885283819259,504,P001_S01_ST1ST_T01_R02,0,3,327,HUMAN,HUMAN,5,7.219881288667226,False,False,0.20609964430332184,2.8682734966278076,1.2113759517669678,10.69630308,10.69630296,1.28940204,A0_E3_I4,3,10
1787856885754269181,255283445533243,1787856885754432241,506,P001_S01_ST1ST_T01_R02,0,3,328,HUMAN,HUMAN,5,9.652575439081792,False,False,0.31970787048339844,3.0534892082214355,0.6613760590553284,10.69630308,10.69630296,1.28940204,A0_E3_I4,4,10
1787856886229890992,255283921154220,1787856886230101415,508,P001_S01_ST1ST_T01_R02,0,3,329,HUMAN,HUMAN,3,8.994625883454193,False,False,0.5801265835762024,3.256175994873047,0.6613760590553284,10.69630308,10.69630296,1.28940204,A0_E3_I4,5,10
1787856886731197111,255284422459867,1787856886731276381,510,P001_S01_ST1ST_T01_R02,0,3,330,HUMAN,HUMAN,3,8.994335104200871,False,False,0.8405453562736511,3.458862781524658,0.6613760590553284,10.69630308,10.69630296,1.28940204,A0_E3_I4,6,10
1787856887231762788,255284923027898,1787856887231967508,512,P001_S01_ST1ST_T01_R02,0,3,331,HUMAN,HUMAN,3,8.994020015272344,False,False,1.100964069366455,3.6615495681762695,0.6613760590553284,10.69630308,10.69630296,1.28940204,A0_E3_I4,7,10
1787856888050166977,255285741429806,1787856888050328987,514,P001_S01_ST1ST_T01_R02,0,3,332,HUMAN,HUMAN,3,8.99367789421051,False,False,1.3613827228546143,3.864236354827881,0.6613760590553284,10.69630308,10.69630296,1.28940204,A0_E3_I4,8,10
1787856888527760023,255286219023288,1787856888527914187,516,P001_S01_ST1ST_T01_R02,0,3,333,HUMAN,HUMAN,3,8.99330558850045,False,False,1.6218013763427734,4.066923141479492,0.6613760590553284,10.69630308,10.69630296,1.28940204,A0_E3_I4,9,10
1787856889223732364,255286914995619,1787856889223893892,518,P001_S01_ST1ST_T01_R02,0,3,334,HUMAN,HUMAN,3,8.992899406351919,False,False,1.8822200298309326,4.2696099281311035,0.6613760590553284,10.69630308,10.69630296,1.28940204,A0_E3_I4,10,10
1787856889228890198,255286920153428,1787856889229049069,521,P001_S01_ST1ST_T01_R02,0,3,335,RL,POLICY,5,7.0515334912459835,False,False,2.0758838653564453,4.368128776550293,0.11137610673904419,10.69630308,10.69630296,1.28940204,,,
1787856889232899029,255286924162291,1787856889233078088,522,P001_S01_ST1ST_T01_R02,0,3,336,RL,POLICY,5,4.222645762758051,False,False,2.2924816608428955,4.350893020629883,-0.43862384557724,10.69630308,10.69630296,1.28940204,,,
1787856889237027203,255286928290624,1787856889237207677,523,P001_S01_ST1ST_T01_R02,0,3,337,RL,POLICY,5,-0.27708798874307927,False,False,2.468127965927124,4.222986698150635,-0.9886237382888794,10.69630308,10.69630296,1.28940204,,,
1787856889241081620,255286932344756,1787856889241248185,524,P001_S01_ST1ST_T01_R02,0,3,338,RL,POLICY,6,-6.174815979562156,False,False,2.5226707458496094,4.070633411407471,-1.6761237382888794,10.69630308,10.69630296,1.28940204,,,
1787856889245134164,255286936397079,1787856889245307140,525,P001_S01_ST1ST_T01_R02,0,3,339,RL,POLICY,6,-10.214534241765676,False,False,2.4681384563446045,3.918276309967041,-2.363623857498169,10.69630308,10.69630296,1.28940204,,,
1787856889249673272,255286940936264,1787856889249881592,526,P001_S01_ST1ST_T01_R02,0,3,340,RL,POLICY,3,-8.97386180172539,False,False,2.2330660820007324,3.686671018600464,-2.363623857498169,10.69630308,10.69630296,1.28940204,,,
1787856889253761934,255286945025352,1787856889253953629,527,P001_S01_ST1ST_T01_R02,0,3,341,RL,POLICY,3,-8.975374468505175,True,False,1.99799382686615,3.4550657272338867,-2.363623857498169,10.69630308,10.69630296,1.28940204,,,
1787856889257025310,255286948287980,1787856889257103154,530,P001_S01_ST1ST_T01_R02,0,4,0,RL,NONE,,,,,1.1330511569976807,10.475149154663086,-1.608837604522705,4.94570688,6.2451672,1.29909228,,,
1787856889262352923,255286953616824,1787856889262580022,531,P001_S01_ST1ST_T01_R02,0,4,1,RL,POLICY,6,1.2548762610675488,False,False,1.0888862609863281,10.319470405578613,-2.296337604522705,4.94570688,6.2451672,1.29909228,,,
1787856889266435763,255286957699064,1787856889266655126,532,P001_S01_ST1ST_T01_R02,0,4,2,RL,POLICY,6,-4.899158580913603,False,False,0.9559589624404907,10.22718334197998,-2.983837604522705,4.94570688,6.2451672,1.29909228,,,
1787856889270612186,255286961876151,1787856889270836106,533,P001_S01_ST1ST_T01_R02,0,4,3,RL,POLICY,6,-9.643175449064799,False,False,0.7946621775627136,10.240218162536621,2.6118478775024414,4.94570688,6.2451672,1.29909228,,,
1787856889274781964,255286966045125,1787856889274971081,534,P001_S01_ST1ST_T01_R02,0,4,4,RL,POLICY,6,-8.271227422349586,False,False,0.678277850151062,10.352651596069336,1.9243477582931519,4.94570688,6.2451672,1.29909228,,,
1787856889279008745,255286970272081,1787856889279176611,535,P001_S01_ST1ST_T01_R02,0,4,5,RL,POLICY,6,-4.624730855958311,False,False,0.6596828699111938,10.513401985168457,1.2368477582931519,4.94570688,6.2451672,1.29909228,,,
1787856889283176159,255286974439308,1787856889283319931,536,P001_S01_ST1ST_T01_R02,0,4,6,RL,POLICY,5,-0.4042997163786344,False,False,0.7685370445251465,10.70145034790039,0.6868478059768677,4.94570688,6.2451672,1.29909228,,,
1787856889287365511,255286978628430,1787856889324097526,537,P001_S01_ST1ST_T01_R02,0,4,7,RL,POLICY,5,4.102937887367428,False,False,0.9596286416053772,10.80487060546875,0.1368478536605835,4.94570688,6.2451672,1.29909228,,,
1787856889291833256,255286983096249,1787856889324407410,538,P001_S01_ST1ST_T01_R02,0,4,8,RL,POLICY,3,4.566051892420612,False,False,1.2865434885025024,10.849889755249023,0.1368478536605835,4.94570688,6.2451672,1.29909228,,,
1787856889295933276,255286987196368,1787856889324522471,539,P001_S01_ST1ST_T01_R02,0,4,9,RL,POLICY,3,4.178458647586189,False,False,1.613458275794983,10.894908905029297,0.1368478536605835,4.94570688,6.2451672,1.29909228,,,
1787856889300247886,255286991511091,1787856889324604333,540,P001_S01_ST1ST_T01_R02,0,4,10,RL,POLICY,5,7.253043251783909,False,False,1.8304249048233032,10.883194923400879,-0.4131520688533783,4.94570688,6.2451672,1.29909228,,,
1787856889304234333,255286995497347,1787856889324681953,541,P001_S01_ST1ST_T01_R02,0,4,11,RL,POLICY,5,9.634870060184785,False,False,2.0092718601226807,10.759804725646973,-0.9631519317626953,4.94570688,6.2451672,1.29909228,,,
1787856889308947370,255287000210367,1787856889324766254,542,P001_S01_ST1ST_T01_R02,0,4,12,RL,POLICY,5,7.031007260191708,False,False,2.097248077392578,10.561129570007324,-1.5131518840789795,4.94570688,6.2451672,1.29909228,,,
1787856889313025218,255287004288108,1787856889324848883,543,P001_S01_ST1ST_T01_R02,0,4,13,RL,POLICY,3,7.579533308186435,False,False,2.116260528564453,10.231677055358887,-1.5131518840789795,4.94570688,6.2451672,1.29909228,,,
1787856889317360969,255287008624016,1787856889324918169,544,P001_S01_ST1ST_T01_R02,0,4,14,RL,POLICY,3,-20.0,True,True,2.128359317779541,10.022025108337402,-1.5131518840789795,4.94570688,6.2451672,1.29909228,,,
1787856889319754844,255287011017396,1787856889325196203,548,P001_S01_ST1ST_T01_R02,0,4,14,HUMAN,NONE,,,,,0.7946621775627136,10.240218162536621,2.6118478775024414,4.94570688,6.2451672,1.29909228,A0_E4_I1,0,10
1787856891319233537,255289010496445,1787856891319369108,551,P001_S01_ST1ST_T01_R02,0,4,15,HUMAN,HUMAN,0,-5.841047375655368,False,False,0.6396597027778625,10.286703109741211,-2.983837366104126,4.94570688,6.2451672,1.29909228,A0_E4_I1,1,10
1787856891735651015,255289426914129,1787856891735819513,553,P001_S01_ST1ST_T01_R02,0,4,16,HUMAN,HUMAN,0,-1.1834878155019117,False,False,0.4903692901134491,10.224262237548828,-2.296337366104126,4.94570688,6.2451672,1.29909228,A0_E4_I1,2,10
1787856892226491564,255289917754807,1787856892226640245,555,P001_S01_ST1ST_T01_R02,0,4,17,HUMAN,HUMAN,0,4.531859091654176,False,False,0.4146180748939514,10.081265449523926,-1.608837366104126,4.94570688,6.2451672,1.29909228,A0_E4_I1,3,10
1787856892798964462,255290490227560,1787856892799105542,557,P001_S01_ST1ST_T01_R02,0,4,18,HUMAN,HUMAN,0,8.935910703793205,False,False,0.4468221962451935,9.922679901123047,-0.921337366104126,4.94570688,6.2451672,1.29909228,A0_E4_I1,4,10
1787856893886149170,255291577412573,1787856893886370812,559,P001_S01_ST1ST_T01_R02,0,4,19,HUMAN,HUMAN,3,8.688220728325167,False,False,0.6463915705680847,9.659865379333496,-0.921337366104126,4.94570688,6.2451672,1.29909228,A0_E4_I1,5,10
1787856894357560248,255292048822991,1787856894357688144,561,P001_S01_ST1ST_T01_R02,0,4,20,HUMAN,HUMAN,3,8.64874737574741,False,False,0.8459609150886536,9.397050857543945,-0.921337366104126,4.94570688,6.2451672,1.29909228,A0_E4_I1,6,10
1787856895115166642,255292806429891,1787856895115275800,563,P001_S01_ST1ST_T01_R02,0,4,21,HUMAN,HUMAN,1,8.820189551023965,False,False,1.007793664932251,9.25206184387207,-0.3713374733924866,4.94570688,6.2451672,1.29909228,A0_E4_I1,7,10
1787856895720347938,255293411611110,1787856895720548049,565,P001_S01_ST1ST_T01_R02,0,4,22,HUMAN,HUMAN,3,8.555017471336207,False,False,1.3153018951416016,9.132318496704102,-0.3713374733924866,4.94570688,6.2451672,1.29909228,A0_E4_I1,8,10
1787856896342974919,255294034238498,1787856896343159204,567,P001_S01_ST1ST_T01_R02,0,4,23,HUMAN,HUMAN,3,8.488031112802911,False,False,1.6228101253509521,9.012575149536133,-0.3713374733924866,4.94570688,6.2451672,1.29909228,A0_E4_I1,9,10
1787856896961195488,255294652458559,1787856896961326763,569,P001_S01_ST1ST_T01_R02,0,4,24,HUMAN,HUMAN,3,8.405223892749408,False,False,1.9303183555603027,8.892831802368164,-0.3713374733924866,4.94570688,6.2451672,1.29909228,A0_E4_I1,10,10
1787856896967097647,255294658361133,1787856896967322744,572,P001_S01_ST1ST_T01_R02,0,4,25,RL,POLICY,3,8.301410203598246,False,False,2.237826108932495,8.773088455200195,-0.3713374733924866,4.94570688,6.2451672,1.29909228,,,
1787856896971631715,255294662894946,1787856896971857564,573,P001_S01_ST1ST_T01_R02,0,4,26,RL,POLICY,3,8.169208696851296,False,False,2.5453338623046875,8.653345108032227,-0.3713374733924866,4.94570688,6.2451672,1.29909228,,,
1787856896976038210,255294667301326,1787856896976270564,574,P001_S01_ST1ST_T01_R02,0,4,27,RL,POLICY,3,7.997928855491728,False,False,2.85284161567688,8.533601760864258,-0.3713374733924866,4.94570688,6.2451672,1.29909228,,,
1787856896982827834,255294674091614,1787856896983188496,575,P001_S01_ST1ST_T01_R02,0,4,28,RL,POLICY,3,7.771801360278156,False,False,3.1603493690490723,8.413858413696289,-0.3713374733924866,4.94570688,6.2451672,1.29909228,,,
1787856896987555570,255294678819050,1787856896987801928,576,P001_S01_ST1ST_T01_R02,0,4,29,RL,POLICY,3,7.467222150477004,False,False,3.4678571224212646,8.29411506652832,-0.3713374733924866,4.94570688,6.2451672,1.29909228,,,
1787856896993469796,255294684733861,1787856896993816621,577,P001_S01_ST1ST_T01_R02,0,4,30,RL,POLICY,3,7.048604107938905,False,False,3.775364875793457,8.174371719360352,-0.3713374733924866,4.94570688,6.2451672,1.29909228,,,
1787856896999021823,255294690285100,1787856896999244213,578,P001_S01_ST1ST_T01_R02,0,4,31,RL,POLICY,3,6.4628131276046386,False,False,4.0828728675842285,8.054628372192383,-0.3713374733924866,4.94570688,6.2451672,1.29909228,,,
1787856897003581358,255294694845192,1787856897003811309,579,P001_S01_ST1ST_T01_R02,0,4,32,RL,POLICY,3,5.634199903953981,False,False,4.390381336212158,7.9348835945129395,-0.3713374733924866,4.94570688,6.2451672,1.29909228,,,
1787856897008149963,255294699414377,1787856897008450712,580,P001_S01_ST1ST_T01_R02,0,4,33,RL,POLICY,3,4.468607915844549,False,False,4.697889804840088,7.815138339996338,-0.3713374733924866,4.94570688,6.2451672,1.29909228,,,
1787856897013059489,255294704322735,1787856897013350830,581,P001_S01_ST1ST_T01_R02,0,4,34,RL,POLICY,3,2.8879000405590456,False,False,5.005398273468018,7.695393085479736,-0.3713374733924866,4.94570688,6.2451672,1.29909228,,,
1787856897018121330,255294709384244,1787856897018417723,582,P001_S01_ST1ST_T01_R02,0,4,35,RL,POLICY,5,5.469051473261972,False,False,5.189246654510498,7.579585552215576,-0.9213374257087708,4.94570688,6.2451672,1.29909228,,,
1787856897022682230,255294713945673,1787856897022946915,583,P001_S01_ST1ST_T01_R02,0,4,36,RL,POLICY,5,20.0,False,False,5.285451412200928,7.384761810302734,-1.4713373184204102,10.78358088,1.2024858288,1.20218988,,,
1787856897027700558,255294718963710,1787856897027998464,584,P001_S01_ST1ST_T01_R02,0,4,37,RL,POLICY,3,7.127329502236131,False,False,5.318219184875488,7.056392192840576,-1.4713373184204102,10.78358088,1.2024858288,1.20218988,,,
1787856897033337097,255294724600847,1787856897033644220,585,P001_S01_ST1ST_T01_R02,0,4,38,RL,POLICY,3,6.983606041566343,False,False,5.350986957550049,6.728022575378418,-1.4713373184204102,10.78358088,1.2024858288,1.20218988,,,
1787856897038140559,255294729404053,1787856897038403626,586,P001_S01_ST1ST_T01_R02,0,4,39,RL,POLICY,3,6.825012923431805,False,False,5.383754730224609,6.39965295791626,-1.4713373184204102,10.78358088,1.2024858288,1.20218988,,,
1787856897042607414,255294733870951,1787856897042860513,587,P001_S01_ST1ST_T01_R02,0,4,40,RL,POLICY,3,6.649828677093415,False,False,5.41652250289917,6.071283340454102,-1.4713373184204102,10.78358088,1.2024858288,1.20218988,,,
1787856897048222546,255294739486594,1787856897084035920,588,P001_S01_ST1ST_T01_R02,0,4,41,RL,POLICY,3,6.456164884144961,False,False,5.4492902755737305,5.742913722991943,-1.4713373184204102,10.78358088,1.2024858288,1.20218988,,,
1787856897054065935,255294745329680,1787856897084331898,589,P001_S01_ST1ST_T01_R02,0,4,42,RL,POLICY,3,6.241972590122498,False,False,5.482058048248291,5.414544105529785,-1.4713373184204102,10.78358088,1.2024858288,1.20218988,,,
1787856897058493266,255294749756306,1787856897084477399,590,P001_S01_ST1ST_T01_R02,0,4,43,RL,POLICY,3,6.005061024464338,False,False,5.514825820922852,5.086174488067627,-1.4713373184204102,10.78358088,1.2024858288,1.20218988,,,
1787856897063589287,255294754852390,1787856897084630222,591,P001_S01_ST1ST_T01_R02,0,4,44,RL,POLICY,3,5.743133629360934,False,False,5.547593593597412,4.757804870605469,-1.4713373184204102,10.78358088,1.2024858288,1.20218988,,,
1787856897068455316,255294759718360,1787856897084777008,592,P001_S01_ST1ST_T01_R02,0,4,45,RL,POLICY,3,5.453847329927871,False,False,5.580361366271973,4.4294352531433105,-1.4713373184204102,10.78358088,1.2024858288,1.20218988,,,
1787856897075026763,255294766290835,1787856897084907350,593,P001_S01_ST1ST_T01_R02,0,4,46,RL,POLICY,3,5.134901503025834,False,False,5.613129138946533,4.101065635681152,-1.4713373184204102,10.78358088,1.2024858288,1.20218988,,,
1787856897079656236,255294770919347,1787856897085027891,594,P001_S01_ST1ST_T01_R02,0,4,47,RL,POLICY,5,0.6788309367429441,False,False,5.593314170837402,3.88468861579895,-2.0213370323181152,10.78358088,1.2024858288,1.20218988,,,
1787856897085286986,255294776550169,1787856897085527671,595,P001_S01_ST1ST_T01_R02,0,4,48,RL,POLICY,3,-0.24876010331771908,False,False,5.449615001678467,3.587618827819824,-2.0213370323181152,10.78358088,1.2024858288,1.20218988,,,
1787856897089839405,255294781102364,1787856897090196607,596,P001_S01_ST1ST_T01_R02,0,4,49,RL,POLICY,3,-0.776760813205305,False,False,5.305915832519531,3.2905490398406982,-2.0213370323181152,10.78358088,1.2024858288,1.20218988,,,
1787856897094490184,255294785752993,1787856897094723810,597,P001_S01_ST1ST_T01_R02,0,4,50,RL,POLICY,6,-6.279983684988562,False,False,5.203042984008789,3.1656339168548584,-2.7088372707366943,10.78358088,1.2024858288,1.20218988,,,
1787856897100430568,255294791694445,1787856897135139200,598,P001_S01_ST1ST_T01_R02,0,4,51,RL,POLICY,3,-6.721584810797972,False,False,4.903465270996094,3.027240514755249,-2.7088372707366943,10.78358088,1.2024858288,1.20218988,,,
1787856897105121201,255294796384702,1787856897135419991,599,P001_S01_ST1ST_T01_R02,0,4,52,RL,POLICY,5,-9.826646842579889,False,False,4.6925129890441895,2.975175619125366,3.024348020553589,10.78358088,1.2024858288,1.20218988,,,
1787856897109526122,255294800789520,1787856897135552529,600,P001_S01_ST1ST_T01_R02,0,4,53,RL,POLICY,5,-8.346114034944542,False,False,4.485456943511963,3.041050910949707,2.4743480682373047,10.78358088,1.2024858288,1.20218988,,,
1787856897113984412,255294805247860,1787856897135672801,601,P001_S01_ST1ST_T01_R02,0,4,54,RL,POLICY,5,-5.82957302916285,False,False,4.343369007110596,3.2054364681243896,1.9243481159210205,10.78358088,1.2024858288,1.20218988,,,
1787856897118862927,255294810126222,1787856897135813506,602,P001_S01_ST1ST_T01_R02,0,4,55,RL,POLICY,5,-2.1188766472490985,False,False,4.3081583976745605,3.419847011566162,1.3743482828140259,10.78358088,1.2024858288,1.20218988,,,
1787856897123451636,255294814715030,1787856897135919266,603,P001_S01_ST1ST_T01_R02,0,4,56,RL,POLICY,3,-1.621619832580685,False,False,4.372569561004639,3.743499517440796,1.3743482828140259,10.78358088,1.2024858288,1.20218988,,,
1787856897127833668,255294819097220,1787856897136023616,604,P001_S01_ST1ST_T01_R02,0,4,57,RL,POLICY,3,-2.0338660567889297,False,False,4.436980724334717,4.06715202331543,1.3743482828140259,10.78358088,1.2024858288,1.20218988,,,
1787856897132216719,255294823480315,1787856897136139442,605,P001_S01_ST1ST_T01_R02,0,4,58,RL,POLICY,3,-2.4333529298321026,False,False,4.501391887664795,4.390805244445801,1.3743482828140259,10.78358088,1.2024858288,1.20218988,,,
1787856897137538871,255294828802232,1787856897137680851,606,P001_S01_ST1ST_T01_R02,0,4,59,RL,POLICY,3,-2.818181695383753,False,False,4.565803050994873,4.714458465576172,1.3743482828140259,10.78358088,1.2024858288,1.20218988,,,
1787856897142432940,255294833696417,1787856897142645455,607,P001_S01_ST1ST_T01_R02,0,4,60,RL,POLICY,3,-3.1868631193873367,False,False,4.630214214324951,5.038111686706543,1.3743482828140259,10.78358088,1.2024858288,1.20218988,,,
1787856897147067947,255294838331089,1787856897147303083,608,P001_S01_ST1ST_T01_R02,0,4,61,RL,POLICY,3,-3.538307923403484,False,False,4.694625377655029,5.361764907836914,1.3743482828140259,10.78358088,1.2024858288,1.20218988,,,
1787856897151783986,255294843047162,1787856897152010944,609,P001_S01_ST1ST_T01_R02,0,4,62,RL,POLICY,3,-3.8718113560307446,False,False,4.759036540985107,5.685418128967285,1.3743482828140259,10.78358088,1.2024858288,1.20218988,,,
1787856897156118049,255294847381223,1787856897156316851,610,P001_S01_ST1ST_T01_R02,0,4,63,RL,POLICY,3,-4.187020595150464,False,False,4.8234477043151855,6.009071350097656,1.3743482828140259,10.78358088,1.2024858288,1.20218988,,,
1787856897160644743,255294851908018,1787856897196967114,611,P001_S01_ST1ST_T01_R02,0,4,64,RL,POLICY,3,-4.483892328992777,False,False,4.887858867645264,6.332724571228027,1.3743482828140259,10.78358088,1.2024858288,1.20218988,,,
1787856897166846147,255294858109493,1787856897197248917,612,P001_S01_ST1ST_T01_R02,0,4,65,RL,POLICY,3,-4.762645114164149,False,False,4.952270030975342,6.656377792358398,1.3743482828140259,10.78358088,1.2024858288,1.20218988,,,
1787856897170962580,255294862226019,1787856897197345354,613,P001_S01_ST1ST_T01_R02,0,4,66,RL,POLICY,3,-5.023710433792916,False,False,5.01668119430542,6.9800310134887695,1.3743482828140259,10.78358088,1.2024858288,1.20218988,,,
1787856897175289750,255294866553158,1787856897197429700,614,P001_S01_ST1ST_T01_R02,0,4,67,RL,POLICY,3,-5.267685491985418,False,False,5.081092357635498,7.303684234619141,1.3743482828140259,10.78358088,1.2024858288,1.20218988,,,
1787856897180791357,255294872054711,1787856897197521392,615,P001_S01_ST1ST_T01_R02,0,4,68,RL,POLICY,3,-5.495289854550222,False,False,5.145503520965576,7.627337455749512,1.3743482828140259,10.78358088,1.2024858288,1.20218988,,,
1787856897185484996,255294876748644,1787856897197634436,616,P001_S01_ST1ST_T01_R02,0,4,69,RL,POLICY,3,-5.707327200862203,False,False,5.209914684295654,7.950990676879883,1.3743482828140259,10.78358088,1.2024858288,1.20218988,,,
1787856897189761927,255294881025466,1787856897197722825,617,P001_S01_ST1ST_T01_R02,0,4,70,RL,POLICY,3,-5.9046527550394945,False,False,5.274325847625732,8.274643898010254,1.3743482828140259,10.78358088,1.2024858288,1.20218988,,,
1787856897194042979,255294885306775,1787856897197822496,618,P001_S01_ST1ST_T01_R02,0,4,71,RL,POLICY,3,-6.0881464398151,False,False,5.3387370109558105,8.598297119140625,1.3743482828140259,10.78358088,1.2024858288,1.20218988,,,
1787856897198376894,255294889640497,1787856897198564588,619,P001_S01_ST1ST_T01_R02,0,4,72,RL,POLICY,3,-6.2586914369401985,False,False,5.403148174285889,8.921950340270996,1.3743482828140259,10.78358088,1.2024858288,1.20218988,,,
1787856897202818187,255294894081504,1787856897203030131,620,P001_S01_ST1ST_T01_R02,0,4,73,RL,POLICY,3,-20.0,True,True,5.444137096405029,9.127911567687988,1.3743482828140259,10.78358088,1.2024858288,1.20218988,,,
1787856897205455727,255294896718400,1787856897205557870,624,P001_S01_ST1ST_T01_R02,0,4,73,HUMAN,NONE,,,,,4.759036540985107,5.685418128967285,1.3743482828140259,10.78358088,1.2024858288,1.20218988,A0_E4_I2,0,10
1787856899457905757,255297149168495,1787856899458059034,627,P001_S01_ST1ST_T01_R02,0,4,74,HUMAN,HUMAN,6,0.7146850995436121,False,False,4.827206134796143,5.832181453704834,0.6868483424186707,10.78358088,1.2024858288,1.20218988,A0_E4_I2,1,10
1787856900517531170,255298208794116,1787856900517618371,629,P001_S01_ST1ST_T01_R02,0,4,75,HUMAN,HUMAN,3,1.610743644406133,False,False,5.082377910614014,6.041435241699219,0.6868483424186707,10.78358088,1.2024858288,1.20218988,A0_E4_I2,2,10
1787856901217836699,255298909100065,1787856901217982188,631,P001_S01_ST1ST_T01_R02,0,4,76,HUMAN,HUMAN,3,1.2229651049532952,False,False,5.337549686431885,6.2506890296936035,0.6868483424186707,10.78358088,1.2024858288,1.20218988,A0_E4_I2,3,10
1787856901712622980,255299403886511,1787856901712773632,633,P001_S01_ST1ST_T01_R02,0,4,77,HUMAN,HUMAN,5,4.728858116030864,False,False,5.528641223907471,6.354108810424805,0.1368483304977417,10.78358088,1.2024858288,1.20218988,A0_E4_I2,4,10
1787856902307785260,255299999048579,1787856902307974647,635,P001_S01_ST1ST_T01_R02,0,4,78,HUMAN,HUMAN,3,5.223672804447516,False,False,5.855555534362793,6.39912748336792,0.1368483304977417,10.78358088,1.2024858288,1.20218988,A0_E4_I2,5,10
1787856903102390592,255300793654069,1787856903102549957,637,P001_S01_ST1ST_T01_R02,0,4,79,HUMAN,HUMAN,5,8.109831127945444,False,False,6.072521686553955,6.387414932250977,-0.41315168142318726,10.78358088,1.2024858288,1.20218988,A0_E4_I2,6,10
1787856903576240214,255301267503182,1787856903576355779,639,P001_S01_ST1ST_T01_R02,0,4,80,HUMAN,HUMAN,3,8.107563461530802,False,False,6.374754905700684,6.254920959472656,-0.41315168142318726,10.78358088,1.2024858288,1.20218988,A0_E4_I2,7,10
1787856904519127162,255302210389908,1787856904519219953,641,P001_S01_ST1ST_T01_R02,0,4,81,HUMAN,HUMAN,3,8.019544659136976,False,False,6.676988124847412,6.122426986694336,-0.41315168142318726,10.78358088,1.2024858288,1.20218988,A0_E4_I2,8,10
1787856905219260113,255302910522975,1787856905219385011,643,P001_S01_ST1ST_T01_R02,0,4,82,HUMAN,HUMAN,3,7.918692413651294,False,False,6.979221343994141,5.989933013916016,-0.41315168142318726,10.78358088,1.2024858288,1.20218988,A0_E4_I2,9,10
1787856906173502289,255303864765465,1787856906173586458,645,P001_S01_ST1ST_T01_R02,0,4,83,HUMAN,HUMAN,5,9.592655721173735,False,False,7.1580681800842285,5.866541385650635,-0.9631516933441162,10.78358088,1.2024858288,1.20218988,A0_E4_I2,10,10
1787856906180276888,255303871541924,1787856906180556095,648,P001_S01_ST1ST_T01_R02,0,4,84,RL,POLICY,6,5.850859483893046,False,False,7.216473579406738,5.715626239776611,-1.6506516933441162,10.78358088,1.2024858288,1.20218988,,,
1787856906184615671,255303875879044,1787856906184851216,649,P001_S01_ST1ST_T01_R02,0,4,85,RL,POLICY,6,-20.0,True,True,7.21228551864624,5.663293361663818,-1.8694016933441162,10.78358088,1.2024858288,1.20218988,,,
1787856906188139916,255303879402748,1787856906188211840,654,P001_S01_ST1ST_T01_R02,0,5,0,RL,NONE,,,,,4.945706844329834,6.245167255401611,-1.6511833667755127,10.69630308,10.69630296,1.28940204,,,
1787856906193531406,255303884794621,1787856906193728272,655,P001_S01_ST1ST_T01_R02,0,5,1,RL,POLICY,3,-6.303331959940836,False,False,4.91920804977417,5.916232585906982,-1.6511833667755127,10.69630308,10.69630296,1.28940204,,,
1787856906198904642,255303890168620,1787856906199164277,656,P001_S01_ST1ST_T01_R02,0,5,2,RL,POLICY,3,-6.49808981222248,False,False,4.892709255218506,5.5872979164123535,-1.6511833667755127,10.69630308,10.69630296,1.28940204,,,
1787856906203553094,255303894816915,1787856906203799539,657,P001_S01_ST1ST_T01_R02,0,5,3,RL,POLICY,3,-6.675556808824816,False,False,4.866210460662842,5.258363246917725,-1.6511833667755127,10.69630308,10.69630296,1.28940204,,,
1787856906209315889,255303900579743,1787856906209597493,658,P001_S01_ST1ST_T01_R02,0,5,4,RL,POLICY,3,-6.837316792904588,False,False,4.839711666107178,4.929428577423096,-1.6511833667755127,10.69630308,10.69630296,1.28940204,,,
1787856906214139833,255303905404072,1787856906214400301,659,P001_S01_ST1ST_T01_R02,0,5,5,RL,POLICY,3,-6.984844223810574,False,False,4.813212871551514,4.600493907928467,-1.6511833667755127,10.69630308,10.69630296,1.28940204,,,
1787856906219375040,255303910638445,1787856906219620259,660,P001_S01_ST1ST_T01_R02,0,5,6,RL,POLICY,3,-7.119497841796553,False,False,4.78671407699585,4.271559238433838,-1.6511833667755127,10.69630308,10.69630296,1.28940204,,,
1787856906224495209,255303915758565,1787856906224791653,661,P001_S01_ST1ST_T01_R02,0,5,7,RL,POLICY,3,-7.242520093848822,False,False,4.7602152824401855,3.942624807357788,-1.6511833667755127,10.69630308,10.69630296,1.28940204,,,
1787856906228833986,255303920097343,1787856906229042194,662,P001_S01_ST1ST_T01_R02,0,5,8,RL,POLICY,3,-7.35503985314279,False,False,4.7337164878845215,3.6136903762817383,-1.6511833667755127,10.69630308,10.69630296,1.28940204,,,
1787856906233131506,255303924394937,1787856906233356759,663,P001_S01_ST1ST_T01_R02,0,5,9,RL,POLICY,3,-7.458078910080605,False,False,4.707217693328857,3.2847559452056885,-1.6511833667755127,10.69630308,10.69630296,1.28940204,,,
1787856906237273383,255303928537487,1787856906237577665,664,P001_S01_ST1ST_T01_R02,0,5,10,RL,POLICY,6,-10.12185169396642,False,False,4.656501770019531,3.1310861110687256,-2.3386833667755127,10.69630308,10.69630296,1.28940204,,,
1787856906241827360,255303933090639,1787856906242037961,665,P001_S01_ST1ST_T01_R02,0,5,11,RL,POLICY,6,-6.452908633710202,False,False,4.519786834716797,3.044509172439575,-3.0261833667755127,10.69630308,10.69630296,1.28940204,,,
1787856906246483737,255303937747233,1787856906246707433,666,P001_S01_ST1ST_T01_R02,0,5,12,RL,POLICY,3,-6.586593386066238,False,False,4.191982269287109,3.0065083503723145,-3.0261833667755127,10.69630308,10.69630296,1.28940204,,,
1787856906250910237,255303942173501,1787856906251157216,667,P001_S01_ST1ST_T01_R02,0,5,13,RL,POLICY,3,-6.71979960767157,False,False,3.864177703857422,2.9685075283050537,-3.0261833667755127,10.69630308,10.69630296,1.28940204,,,
1787856906255359877,255303946622794,1787856906255596645,668,P001_S01_ST1ST_T01_R02,0,5,14,RL,POLICY,5,-3.50072279933425,False,False,3.647512197494507,2.9848692417144775,2.7070021629333496,10.69630308,10.69630296,1.28940204,,,
1787856906260273837,255303951537407,1787856906260560061,669,P001_S01_ST1ST_T01_R02,0,5,15,RL,POLICY,5,0.9727101876103607,False,False,3.471351385116577,3.1120665073394775,2.1570019721984863,10.69630308,10.69630296,1.28940204,,,
1787856906264861679,255303956124971,1787856906265154063,670,P001_S01_ST1ST_T01_R02,0,5,16,RL,POLICY,5,5.478376564146748,False,False,3.3876543045043945,3.312582015991211,1.6070021390914917,10.69630308,10.69630296,1.28940204,,,
1787856906269676061,255303960939589,1787856906269899589,671,P001_S01_ST1ST_T01_R02,0,5,17,RL,POLICY,3,5.988026830815797,False,False,3.375708818435669,3.6423654556274414,1.6070021390914917,10.69630308,10.69630296,1.28940204,,,
1787856906274261559,255303965525095,1787856906310980314,672,P001_S01_ST1ST_T01_R02,0,5,18,RL,POLICY,3,5.821021585958983,False,False,3.3637633323669434,3.972148895263672,1.6070021390914917,10.69630308,10.69630296,1.28940204,,,
1787856906278563926,255303969828500,1787856906311261771,673,P001_S01_ST1ST_T01_R02,0,5,19,RL,POLICY,3,5.6429490485884894,False,False,3.3518178462982178,4.301933288574219,1.6070021390914917,10.69630308,10.69630296,1.28940204,,,
1787856906284070533,255303975333766,1787856906311402280,674,P001_S01_ST1ST_T01_R02,0,5,20,RL,POLICY,3,5.453188273266306,False,False,3.339872360229492,4.631717681884766,1.6070021390914917,10.69630308,10.69630296,1.28940204,,,
1787856906288909339,255303980172737,1787856906311514167,675,P001_S01_ST1ST_T01_R02,0,5,21,RL,POLICY,3,5.251133882609565,False,False,3.3279268741607666,4.9615020751953125,1.6070021390914917,10.69630308,10.69630296,1.28940204,,,
1787856906293884219,255303985147626,1787856906311616795,676,P001_S01_ST1ST_T01_R02,0,5,22,RL,POLICY,3,5.036209464620194,False,False,3.315981388092041,5.291286468505859,1.6070021390914917,10.69630308,10.69630296,1.28940204,,,
1787856906298261065,255303989524798,1787856906311714824,677,P001_S01_ST1ST_T01_R02,0,5,23,RL,POLICY,3,4.807885512743898,False,False,3.3040359020233154,5.621070861816406,1.6070021390914917,10.69630308,10.69630296,1.28940204,,,
1787856906302765939,255303994029492,1787856906311829562,678,P001_S01_ST1ST_T01_R02,0,5,24,RL,POLICY,3,4.565699845394722,False,False,3.29209041595459,5.950855255126953,1.6070021390914917,10.69630308,10.69630296,1.28940204,,,
1787856906307833953,255303999098688,1787856906311946089,679,P001_S01_ST1ST_T01_R02,0,5,25,RL,POLICY,3,-20.0,True,True,3.2844886779785156,6.160717964172363,1.6070021390914917,10.69630308,10.69630296,1.28940204,,,
1787856906311946033,255304003209135,1787856906312459004,683,P001_S01_ST1ST_T01_R02,0,5,25,HUMAN,NONE,,,,,3.647512197494507,2.9848692417144775,2.7070021629333496,10.69630308,10.69630296,1.28940204,A0_E5_I1,0,10
1787856907471542777,255305162806672,1787856907471787685,686,P001_S01_ST1ST_T01_R02,0,5,26,HUMAN,HUMAN,3,-2.9704679385898016,False,False,3.3481884002685547,3.123811721801758,2.7070021629333496,10.69630308,10.69630296,1.28940204,A0_E5_I1,1,10
1787856908017980035,255305709244070,1787856908018233115,688,P001_S01_ST1ST_T01_R02,0,5,27,HUMAN,HUMAN,5,0.710297764957079,False,False,3.172027587890625,3.251008987426758,2.1570022106170654,10.69630308,10.69630296,1.28940204,A0_E5_I1,2,10
1787856908939402346,255306630665809,1787856908939668704,690,P001_S01_ST1ST_T01_R02,0,5,28,HUMAN,HUMAN,5,5.248850359868177,False,False,3.0883305072784424,3.451524496078491,1.6070021390914917,10.69630308,10.69630296,1.28940204,A0_E5_I1,3,10
1787856909528485834,255307219749369,1787856909528659326,692,P001_S01_ST1ST_T01_R02,0,5,29,HUMAN,HUMAN,5,8.666286682714388,False,False,3.121783494949341,3.6662161350250244,1.057002305984497,10.69630308,10.69630296,1.28940204,A0_E5_I1,4,10
1787856910167079582,255307858343020,1787856910167230466,694,P001_S01_ST1ST_T01_R02,0,5,30,HUMAN,HUMAN,3,8.52567830456783,False,False,3.2839736938476562,3.953608512878418,1.057002305984497,10.69630308,10.69630296,1.28940204,A0_E5_I1,5,10
1787856910713168830,255308404431684,1787856910713250925,696,P001_S01_ST1ST_T01_R02,0,5,31,HUMAN,HUMAN,3,8.494114890601105,False,False,3.4461638927459717,4.241001129150391,1.057002305984497,10.69630308,10.69630296,1.28940204,A0_E5_I1,6,10
1787856911218371236,255308909634540,1787856911218486057,698,P001_S01_ST1ST_T01_R02,0,5,32,HUMAN,HUMAN,3,8.459392481617423,False,False,3.608354091644287,4.528393745422363,1.057002305984497,10.69630308,10.69630296,1.28940204,A0_E5_I1,7,10
1787856912009962528,255309701225687,1787856912010060762,700,P001_S01_ST1ST_T01_R02,0,5,33,HUMAN,HUMAN,3,8.42108911872889,False,False,3.7705442905426025,4.815786361694336,1.057002305984497,10.69630308,10.69630296,1.28940204,A0_E5_I1,8,10
1787856912527854137,255310219117400,1787856912527983272,702,P001_S01_ST1ST_T01_R02,0,5,34,HUMAN,HUMAN,3,8.378713857891894,False,False,3.932734489440918,5.103178977966309,1.057002305984497,10.69630308,10.69630296,1.28940204,A0_E5_I1,9,10
1787856913223404838,255310914668182,1787856913223523629,704,P001_S01_ST1ST_T01_R02,0,5,35,HUMAN,HUMAN,3,8.331691027053909,False,False,4.094924449920654,5.390571594238281,1.057002305984497,10.69630308,10.69630296,1.28940204,A0_E5_I1,10,10
1787856913229042975,255310920306560,1787856913229269856,707,P001_S01_ST1ST_T01_R02,0,5,36,RL,POLICY,3,8.279346374958479,False,False,4.257113933563232,5.677964210510254,1.057002305984497,10.69630308,10.69630296,1.28940204,,,
1787856913233711223,255310924974601,1787856913233952661,708,P001_S01_ST1ST_T01_R02,0,5,37,RL,POLICY,3,8.220890291242688,False,False,4.4193034172058105,5.965356826782227,1.057002305984497,10.69630308,10.69630296,1.28940204,,,
1787856913238475665,255310929739252,1787856913238715198,709,P001_S01_ST1ST_T01_R02,0,5,38,RL,POLICY,5,9.381465676214532,False,False,4.560039043426514,6.130901336669922,0.5070022344589233,10.69630308,10.69630296,1.28940204,,,
1787856913243323061,255310934586494,1787856913243550735,710,P001_S01_ST1ST_T01_R02,0,5,39,RL,POLICY,3,8.898266027359774,False,False,4.848526954650879,6.291136264801025,0.5070022344589233,10.69630308,10.69630296,1.28940204,,,
1787856913248081157,255310939344289,1787856913248285890,711,P001_S01_ST1ST_T01_R02,0,5,40,RL,POLICY,3,8.888656453241335,False,False,5.137014865875244,6.451371192932129,0.5070022344589233,10.69630308,10.69630296,1.28940204,,,
1787856913252600668,255310943863822,1787856913252802075,712,P001_S01_ST1ST_T01_R02,0,5,41,RL,POLICY,3,8.87762664825977,False,False,5.425502777099609,6.611606121063232,0.5070022344589233,10.69630308,10.69630296,1.28940204,,,
1787856913257016856,255310948280307,1787856913257208708,713,P001_S01_ST1ST_T01_R02,0,5,42,RL,POLICY,3,8.86488427363231,False,False,5.713990688323975,6.771841049194336,0.5070022344589233,10.69630308,10.69630296,1.28940204,,,
1787856913261534814,255310952798305,1787856913261758325,714,P001_S01_ST1ST_T01_R02,0,5,43,RL,POLICY,3,8.850058310987727,False,False,6.00247859954834,6.9320759773254395,0.5070022344589233,10.69630308,10.69630296,1.28940204,,,
1787856913266306190,255310957569783,1787856913266520097,715,P001_S01_ST1ST_T01_R02,0,5,44,RL,POLICY,3,8.83267244686606,False,False,6.290966510772705,7.092310905456543,0.5070022344589233,10.69630308,10.69630296,1.28940204,,,
1787856913271097178,255310962360573,1787856913271309022,716,P001_S01_ST1ST_T01_R02,0,5,45,RL,POLICY,3,8.812107442249049,False,False,6.57945442199707,7.2525458335876465,0.5070022344589233,10.69630308,10.69630296,1.28940204,,,
1787856913276133225,255310967396745,1787856913276399217,717,P001_S01_ST1ST_T01_R02,0,5,46,RL,POLICY,3,8.787547018977733,False,False,6.8679423332214355,7.41278076171875,0.5070022344589233,10.69630308,10.69630296,1.28940204,,,
1787856913280797862,255310972061556,1787856913281048702,718,P001_S01_ST1ST_T01_R02,0,5,47,RL,POLICY,3,8.75789858853109,False,False,7.156430244445801,7.5730156898498535,0.5070022344589233,10.69630308,10.69630296,1.28940204,,,
1787856913287432469,255310978696182,1787856913287696522,719,P001_S01_ST1ST_T01_R02,0,5,48,RL,POLICY,5,5.903136772263166,False,False,7.362939357757568,7.640585422515869,-0.04299774020910263,10.69630308,10.69630296,1.28940204,,,
1787856913291831744,255310983094906,1787856913292089497,720,P001_S01_ST1ST_T01_R02,0,5,49,RL,POLICY,5,2.0703082047697254,False,False,7.574311256408691,7.590250492095947,-0.592997670173645,10.69630308,10.69630296,1.28940204,,,
1787856913296210780,255310987473967,1787856913296420466,721,P001_S01_ST1ST_T01_R02,0,5,50,RL,POLICY,5,-2.8552979408090797,False,False,7.728201389312744,7.4368577003479,-1.1429977416992188,10.69630308,10.69630296,1.28940204,,,
1787856913300610844,255310991874021,1787856913337023138,722,P001_S01_ST1ST_T01_R02,0,5,51,RL,POLICY,3,-4.106551126294886,False,False,7.865108966827393,7.1365966796875,-1.1429977416992188,10.69630308,10.69630296,1.28940204,,,
1787856913304827055,255310996091293,1787856913337257404,723,P001_S01_ST1ST_T01_R02,0,5,52,RL,POLICY,5,-8.147691224111654,False,False,7.916127681732178,6.925388336181641,-1.6929975748062134,10.69630308,10.69630296,1.28940204,,,
1787856913310500340,255311001763507,1787856913337361358,724,P001_S01_ST1ST_T01_R02,0,5,53,RL,POLICY,5,-10.086892661422743,False,False,7.849226474761963,6.718661308288574,-2.242997646331787,10.69630308,10.69630296,1.28940204,,,
1787856913315282399,255311006545897,1787856913337507140,725,P001_S01_ST1ST_T01_R02,0,5,54,RL,POLICY,5,-7.244758757632451,False,False,7.684138298034668,6.577389717102051,-2.7929975986480713,10.69630308,10.69630296,1.28940204,,,
1787856913320556703,255311011819962,1787856913337632229,726,P001_S01_ST1ST_T01_R02,0,5,55,RL,POLICY,5,-4.608126550959915,False,False,7.4695563316345215,6.543241500854492,2.940187931060791,10.69630308,10.69630296,1.28940204,,,
1787856913325736888,255311017004730,1787856913337759062,727,P001_S01_ST1ST_T01_R02,0,5,56,RL,POLICY,3,-4.444545592313574,False,False,7.14622688293457,6.609256267547607,2.940187931060791,10.69630308,10.69630296,1.28940204,,,
1787856913331245645,255311022508863,1787856913337872750,728,P001_S01_ST1ST_T01_R02,0,5,57,RL,POLICY,3,-4.844999569869582,False,False,6.822897434234619,6.675271034240723,2.940187931060791,10.69630308,10.69630296,1.28940204,,,
1787856913336053392,255311027316687,1787856913337989296,729,P001_S01_ST1ST_T01_R02,0,5,58,RL,POLICY,6,-0.3987114994929142,False,False,6.676473617553711,6.744167327880859,2.252687692642212,10.69630308,10.69630296,1.28940204,,,
1787856913340805047,255311032068733,1787856913341024450,730,P001_S01_ST1ST_T01_R02,0,5,59,RL,POLICY,5,4.32203061307961,False,False,6.574002265930176,6.935769081115723,1.7026878595352173,10.69630308,10.69630296,1.28940204,,,
1787856913345398096,255311036661473,1787856913345612374,731,P001_S01_ST1ST_T01_R02,0,5,60,RL,POLICY,6,8.65870017407187,False,False,6.591203212738037,7.09667444229126,1.0151878595352173,10.69630308,10.69630296,1.28940204,,,
1787856913350749757,255311042013188,1787856913350990516,732,P001_S01_ST1ST_T01_R02,0,5,61,RL,POLICY,3,8.52132984923406,False,False,6.765264511108398,7.377035140991211,1.0151878595352173,10.69630308,10.69630296,1.28940204,,,
1787856913355641186,255311046904746,1787856913355851965,733,P001_S01_ST1ST_T01_R02,0,5,62,RL,POLICY,3,8.457039587537878,False,False,6.93932580947876,7.657395839691162,1.0151878595352173,10.69630308,10.69630296,1.28940204,,,
1787856913360395177,255311051658792,1787856913396002918,734,P001_S01_ST1ST_T01_R02,0,5,63,RL,POLICY,3,8.379343696590308,False,False,7.113387107849121,7.937756538391113,1.0151878595352173,10.69630308,10.69630296,1.28940204,,,
1787856913365030014,255311056293456,1787856913396329388,735,P001_S01_ST1ST_T01_R02,0,5,64,RL,POLICY,3,8.284403912092428,False,False,7.287448406219482,8.218117713928223,1.0151878595352173,10.69630308,10.69630296,1.28940204,,,
1787856913369901878,255311061165291,1787856913396477341,736,P001_S01_ST1ST_T01_R02,0,5,65,RL,POLICY,3,8.166990685391454,False,False,7.461509704589844,8.498478889465332,1.0151878595352173,10.69630308,10.69630296,1.28940204,,,
1787856913375575637,255311066838827,1787856913396601416,737,P001_S01_ST1ST_T01_R02,0,5,66,RL,POLICY,3,8.01986340485111,False,False,7.635571002960205,8.778840065002441,1.0151878595352173,10.69630308,10.69630296,1.28940204,,,
1787856913380347686,255311071611029,1787856913396701927,738,P001_S01_ST1ST_T01_R02,0,5,67,RL,POLICY,3,7.83287544737341,False,False,7.809632301330566,9.05920124053955,1.0151878595352173,10.69630308,10.69630296,1.28940204,,,
1787856913385202649,255311076465765,1787856913396808841,739,P001_S01_ST1ST_T01_R02,0,5,68,RL,POLICY,3,7.591642720433329,False,False,7.983693599700928,9.33956241607666,1.0151878595352173,10.69630308,10.69630296,1.28940204,,,
1787856913391275067,255311082539002,1787856913396929074,740,P001_S01_ST1ST_T01_R02,0,5,69,RL,POLICY,3,7.2756406169861005,False,False,8.157755851745605,9.61992359161377,1.0151878595352173,10.69630308,10.69630296,1.28940204,,,
1787856913397117592,255311088381404,1787856913397314149,741,P001_S01_ST1ST_T01_R02,0,5,70,RL,POLICY,3,6.855601755621031,False,False,8.331818580627441,9.900284767150879,1.0151878595352173,10.69630308,10.69630296,1.28940204,,,
1787856913402426404,255311093689920,1787856913402759963,742,P001_S01_ST1ST_T01_R02,0,5,71,RL,POLICY,3,6.290646765121022,False,False,8.505881309509277,10.180645942687988,1.0151878595352173,10.69630308,10.69630296,1.28940204,,,
1787856913406980836,255311098244540,1787856913407215101,743,P001_S01_ST1ST_T01_R02,0,5,72,RL,POLICY,3,5.526719173463339,False,False,8.679944038391113,10.461007118225098,1.0151878595352173,10.69630308,10.69630296,1.28940204,,,
1787856913411885013,255311103148451,1787856913448042859,744,P001_S01_ST1ST_T01_R02,0,5,73,RL,POLICY,3,4.501229330637719,False,False,8.85400676727295,10.741368293762207,1.0151878595352173,10.69630308,10.69630296,1.28940204,,,
1787856913416530388,255311107793960,1787856913448290242,745,P001_S01_ST1ST_T01_R02,0,5,74,RL,POLICY,3,3.1636016811102983,False,False,9.028069496154785,11.021729469299316,1.0151878595352173,10.69630308,10.69630296,1.28940204,,,
1787856913421818990,255311113082528,1787856913448382374,746,P001_S01_ST1ST_T01_R02,0,5,75,RL,POLICY,3,1.5198335368788638,False,False,9.202132225036621,11.302090644836426,1.0151878595352173,10.69630308,10.69630296,1.28940204,,,
1787856913426921561,255311118184747,1787856913448477095,747,P001_S01_ST1ST_T01_R02,0,5,76,RL,POLICY,3,-0.31828441722698453,False,False,9.376194953918457,11.582451820373535,1.0151878595352173,10.69630308,10.69630296,1.28940204,,,
1787856913431582252,255311122847364,1787856913448553183,748,P001_S01_ST1ST_T01_R02,0,5,77,RL,POLICY,3,-20.0,True,True,9.542346000671387,11.850069046020508,1.0151878595352173,10.69630308,10.69630296,1.28940204,,,
1787856913434110937,255311125373569,1787856913448836909,752,P001_S01_ST1ST_T01_R02,0,5,77,HUMAN,NONE,,,,,7.635571002960205,8.778840065002441,1.0151878595352173,10.69630308,10.69630296,1.28940204,A0_E5_I2,0,10
1787856914160412438,255311851675654,1787856914160527606,755,P001_S01_ST1ST_T01_R02,0,5,78,HUMAN,HUMAN,5,9.52431332015743,False,False,7.783104419708252,8.938356399536133,0.46518799662590027,10.69630308,10.69630296,1.28940204,A0_E5_I2,1,10
1787856914457910944,255312149174855,1787856914458079625,757,P001_S01_ST1ST_T01_R02,0,5,79,HUMAN,HUMAN,3,8.943793630099584,False,False,8.07803726196289,9.08639144897461,0.46518799662590027,10.69630308,10.69630296,1.28940204,A0_E5_I2,2,10
1787856915695821618,255313387085294,1787856915695964879,759,P001_S01_ST1ST_T01_R02,0,5,80,HUMAN,HUMAN,2,8.634678096590477,False,False,8.310218811035156,9.232160568237305,0.74018794298172,10.69630308,10.69630296,1.28940204,A0_E5_I2,3,10
1787856916783226567,255314474489373,1787856916783304066,761,P001_S01_ST1ST_T01_R02,0,5,81,HUMAN,HUMAN,1,5.944757010097656,False,False,8.439949035644531,9.406464576721191,1.2901878356933594,10.69630308,10.69630296,1.28940204,A0_E5_I2,4,10
1787856917473601319,255315164864314,1787856917473683696,763,P001_S01_ST1ST_T01_R02,0,5,82,HUMAN,HUMAN,1,1.9216583724524456,False,False,8.459441184997559,9.622870445251465,1.8401877880096436,10.69630308,10.69630296,1.28940204,A0_E5_I2,5,10
1787856918153864078,255315845127009,1787856918153945390,765,P001_S01_ST1ST_T01_R02,0,5,83,HUMAN,HUMAN,3,0.402939705539757,False,False,8.371612548828125,9.940966606140137,1.8401877880096436,10.69630308,10.69630296,1.28940204,A0_E5_I2,6,10
1787856918753859966,255316445123338,1787856918754039287,767,P001_S01_ST1ST_T01_R02,0,5,84,HUMAN,HUMAN,5,3.523129398082289,False,False,8.354549407958984,10.157578468322754,1.2901878356933594,10.69630308,10.69630296,1.28940204,A0_E5_I2,7,10
1787856919237988487,255316929251488,1787856919238104298,769,P001_S01_ST1ST_T01_R02,0,5,85,HUMAN,HUMAN,5,7.1349849112989485,False,False,8.45322322845459,10.351162910461426,0.7401880025863647,10.69630308,10.69630296,1.28940204,A0_E5_I2,8,10
1787856920307391686,255317998655067,1787856920307623460,771,P001_S01_ST1ST_T01_R02,0,5,86,HUMAN,HUMAN,5,9.496699949691106,False,False,8.638529777526855,10.46462345123291,0.19018806517124176,10.69630308,10.69630296,1.28940204,A0_E5_I2,9,10
1787856920867025449,255318558288919,1787856920867291327,773,P001_S01_ST1ST_T01_R02,0,5,87,HUMAN,HUMAN,3,8.921015876033136,False,False,8.962578773498535,10.527008056640625,0.19018806517124176,10.69630308,10.69630296,1.28940204,A0_E5_I2,10,10
1787856920872842256,255318564107200,1787856920873118149,776,P001_S01_ST1ST_T01_R02,0,5,88,RL,POLICY,5,7.5057305343303256,False,False,9.179861068725586,10.52687931060791,-0.3598118722438812,10.69630308,10.69630296,1.28940204,,,
1787856920878271803,255318569535042,1787856920878490138,777,P001_S01_ST1ST_T01_R02,0,5,89,RL,POLICY,5,3.9157664448672085,False,False,9.365032196044922,10.413198471069336,-0.909811794757843,10.69630308,10.69630296,1.28940204,,,
1787856920883256013,255318574519233,1787856920883464062,778,P001_S01_ST1ST_T01_R02,0,5,90,RL,POLICY,5,-1.8110911069268065,False,False,9.463476181030273,10.21949577331543,-1.459811806678772,10.69630308,10.69630296,1.28940204,,,
1787856920887948922,255318579212106,1787856920888159160,779,P001_S01_ST1ST_T01_R02,0,5,91,RL,POLICY,5,-20.0,True,True,9.471229553222656,10.14992618560791,-1.6348117589950562,10.69630308,10.69630296,1.28940204,,,
1787856920891587023,255318582849759,1787856920891664192,784,P001_S01_ST1ST_T01_R02,0,6,0,RL,NONE,,,,,1.3347364664077759,1.5828418731689453,-0.0040702251717448235,4.94570688,6.2451672,1.29909228,,,
1787856920897334788,255318588597995,1787856920897538901,785,P001_S01_ST1ST_T01_R02,0,6,1,RL,POLICY,6,0.04563749494523428,False,False,1.491825819015503,1.5439900159835815,-0.6915702223777771,4.94570688,6.2451672,1.29909228,,,
1787856920902316788,255318593580021,1787856920902582386,786,P001_S01_ST1ST_T01_R02,0,6,2,RL,POLICY,6,-6.061196987597991,False,False,1.5885742902755737,1.4142738580703735,-1.3790702819824219,4.94570688,6.2451672,1.29909228,,,
1787856920907096047,255318598359613,1787856920942940653,787,P001_S01_ST1ST_T01_R02,0,6,3,RL,POLICY,6,-10.195452248195966,False,False,1.5810260772705078,1.2526273727416992,-2.066570281982422,4.94570688,6.2451672,1.29909228,,,
1787856920912000017,255318603263314,1787856920943176472,788,P001_S01_ST1ST_T01_R02,0,6,4,RL,POLICY,3,-8.975517747846002,False,False,1.4240411520004272,0.9623590111732483,-2.066570281982422,4.94570688,6.2451672,1.29909228,,,
1787856920916675460,255318607939582,1787856920943266210,789,P001_S01_ST1ST_T01_R02,0,6,5,RL,POLICY,3,-8.977904339965216,False,False,1.2670562267303467,0.6720906496047974,-2.066570281982422,4.94570688,6.2451672,1.29909228,,,
1787856920922240234,255318613503431,1787856920943357318,790,P001_S01_ST1ST_T01_R02,0,6,6,RL,POLICY,3,-8.979958634267984,False,False,1.1100713014602661,0.3818223774433136,-2.066570281982422,4.94570688,6.2451672,1.29909228,,,
1787856920927273812,255318618537332,1787856920943431991,791,P001_S01_ST1ST_T01_R02,0,6,7,RL,POLICY,6,-7.371069837005474,False,False,1.0016558170318604,0.26168641448020935,-2.754070281982422,4.94570688,6.2451672,1.29909228,,,
1787856920932410225,255318623673796,1787856920943510354,792,P001_S01_ST1ST_T01_R02,0,6,8,RL,POLICY,6,-3.5895258787948956,False,False,0.8416294455528259,0.23764236271381378,2.8416152000427246,4.94570688,6.2451672,1.29909228,,,
1787856920937108023,255318628372136,1787856920943583656,793,P001_S01_ST1ST_T01_R02,0,6,9,RL,POLICY,3,-3.0265752172221263,False,False,0.5263661742210388,0.33515694737434387,2.8416152000427246,4.94570688,6.2451672,1.29909228,,,
1787856920941467413,255318632730926,1787856920943653106,794,P001_S01_ST1ST_T01_R02,0,6,10,RL,POLICY,5,0.5856491058201447,False,False,0.3347283899784088,0.4375612735748291,2.2916152477264404,4.94570688,6.2451672,1.29909228,,,
1787856920946072203,255318637336338,1787856920946364331,795,P001_S01_ST1ST_T01_R02,0,6,11,RL,POLICY,3,-20.0,True,True,0.1268284022808075,0.6742098927497864,2.2916152477264404,4.94570688,6.2451672,1.29909228,,,
1787856920948978563,255318640241177,1787856920949131464,799,P001_S01_ST1ST_T01_R02,0,6,11,HUMAN,NONE,,,,,1.3347364664077759,1.5828418731689453,-0.0040702251717448235,4.94570688,6.2451672,1.29909228,A0_E6_I1,0,10
1787856922910275927,255320601538779,1787856922910370175,802,P001_S01_ST1ST_T01_R02,0,6,12,HUMAN,HUMAN,0,8.891447606873434,False,False,1.492136836051941,1.6204136610031128,0.6834297776222229,4.94570688,6.2451672,1.29909228,A0_E6_I1,1,10
1787856923439518148,255321130780989,1787856923439614502,804,P001_S01_ST1ST_T01_R02,0,6,13,HUMAN,HUMAN,0,8.126183081247646,False,False,1.5899381637573242,1.7493380308151245,1.3709297180175781,4.94570688,6.2451672,1.29909228,A0_E6_I1,2,10
1787856924243146172,255321934409383,1787856924243313907,806,P001_S01_ST1ST_T01_R02,0,6,14,HUMAN,HUMAN,3,7.989087321927037,False,False,1.6554560661315918,2.0727686882019043,1.3709297180175781,4.94570688,6.2451672,1.29909228,A0_E6_I1,3,10
1787856924962936326,255322654201669,1787856924963188714,808,P001_S01_ST1ST_T01_R02,0,6,15,HUMAN,HUMAN,0,3.557166692595998,False,False,1.649224042892456,2.234471321105957,2.058429718017578,4.94570688,6.2451672,1.29909228,A0_E6_I1,4,10
1787856925528334815,255323219598100,1787856925528511004,810,P001_S01_ST1ST_T01_R02,0,6,16,HUMAN,HUMAN,3,2.9500691819280425,False,False,1.4946069717407227,2.5260074138641357,2.058429718017578,4.94570688,6.2451672,1.29909228,A0_E6_I1,5,10
1787856926142521092,255323833784215,1787856926142720137,812,P001_S01_ST1ST_T01_R02,0,6,17,HUMAN,HUMAN,5,6.186662904608257,False,False,1.4310494661331177,2.7337863445281982,1.508429765701294,4.94570688,6.2451672,1.29909228,A0_E6_I1,6,10
1787856926527490478,255324218753655,1787856926527824764,814,P001_S01_ST1ST_T01_R02,0,6,18,HUMAN,HUMAN,5,9.129490489442851,False,False,1.4854685068130493,2.944143533706665,0.9584298729896545,4.94570688,6.2451672,1.29909228,A0_E6_I1,7,10
1787856927063709855,255324754973088,1787856927063863194,816,P001_S01_ST1ST_T01_R02,0,6,19,HUMAN,HUMAN,5,8.345040069642122,False,False,1.6418131589889526,3.095034122467041,0.4084300398826599,4.94570688,6.2451672,1.29909228,A0_E6_I1,8,10
1787856927930417433,255325621680750,1787856927930568464,818,P001_S01_ST1ST_T01_R02,0,6,20,HUMAN,HUMAN,3,8.307499371411968,False,False,1.944669246673584,3.226099967956543,0.4084300398826599,4.94570688,6.2451672,1.29909228,A0_E6_I1,9,10
1787856928518818178,255326210081317,1787856928518975290,820,P001_S01_ST1ST_T01_R02,0,6,21,HUMAN,HUMAN,3,8.194932506135832,False,False,2.247525215148926,3.357165813446045,0.4084300398826599,4.94570688,6.2451672,1.29909228,A0_E6_I1,10,10
1787856928524691418,255326215955041,1787856928524913087,823,P001_S01_ST1ST_T01_R02,0,6,22,RL,POLICY,6,3.8894749709771625,False,False,2.4070138931274414,3.3845503330230713,-0.27907004952430725,4.94570688,6.2451672,1.29909228,,,
1787856928529577438,255326220841180,1787856928529804176,824,P001_S01_ST1ST_T01_R02,0,6,23,RL,POLICY,6,-1.9050765333223674,False,False,2.5476505756378174,3.304501533508301,-0.9665700197219849,4.94570688,6.2451672,1.29909228,,,
1787856928535601131,255326226864645,1787856928535842579,825,P001_S01_ST1ST_T01_R02,0,6,24,RL,POLICY,6,-7.7854066396410015,False,False,2.6055397987365723,3.1533877849578857,-1.6540700197219849,4.94570688,6.2451672,1.29909228,,,
1787856928540142256,255326231406327,1787856928540366299,826,P001_S01_ST1ST_T01_R02,0,6,25,RL,POLICY,6,-9.95497139510902,False,False,2.5543808937072754,2.9998648166656494,-2.3415699005126953,4.94570688,6.2451672,1.29909228,,,
1787856928544933305,255326236196927,1787856928545138388,827,P001_S01_ST1ST_T01_R02,0,6,26,RL,POLICY,3,-20.0,True,True,2.334923267364502,2.773892641067505,-2.3415699005126953,4.94570688,6.2451672,1.29909228,,,
1787856928548343245,255326239606423,1787856928548482985,832,P001_S01_ST1ST_T01_R02,0,7,0,RL,NONE,,,,,0.5061365962028503,10.522842407226562,-1.4939924478530884,10.69630308,10.69630296,1.28940204,,,
1787856928555361851,255326246626098,1787856928555674523,833,P001_S01_ST1ST_T01_R02,0,7,1,RL,POLICY,6,-5.020680415132058,False,False,0.48010239005088806,10.363126754760742,-2.181492567062378,10.69630308,10.69630296,1.28940204,,,
1787856928560712751,255326251976570,1787856928561041120,834,P001_S01_ST1ST_T01_R02,0,7,2,RL,POLICY,6,-9.663129734315763,False,False,0.3586261570453644,10.25621509552002,-2.868992328643799,10.69630308,10.69630296,1.28940204,,,
1787856928565992587,255326257255985,1787856928566239846,835,P001_S01_ST1ST_T01_R02,0,7,3,RL,POLICY,3,-20.0,True,True,0.1563805639743805,10.199675559997559,-2.868992328643799,10.69630308,10.69630296,1.28940204,,,
1787856928569778889,255326261042172,1787856928570125336,840,P001_S01_ST1ST_T01_R02,0,8,0,RL,NONE,,,,,10.586503028869629,10.464420318603516,3.133272647857666,1.192788132,1.1636960388,1.20218988,,,
1787856928575816412,255326267079919,1787856928576065824,841,P001_S01_ST1ST_T01_R02,0,8,1,RL,POLICY,6,1.2341792987573745,False,False,10.429580688476562,10.503939628601074,2.445772647857666,1.192788132,1.1636960388,1.20218988,,,
1787856928580781336,255326272044596,1787856928581020003,842,P001_S01_ST1ST_T01_R02,0,8,2,RL,POLICY,6,-4.789998405092902,False,False,10.33338451385498,10.634065628051758,1.758272647857666,1.192788132,1.1636960388,1.20218988,,,
1787856928585625625,255326276889600,1787856928585896938,843,P001_S01_ST1ST_T01_R02,0,8,3,RL,POLICY,6,-9.525306489407628,False,False,10.341619491577148,10.795679092407227,1.070772647857666,1.192788132,1.1636960388,1.20218988,,,
1787856928590146753,255326281412436,1787856928590405732,844,P001_S01_ST1ST_T01_R02,0,8,4,RL,POLICY,6,-8.39103171640211,False,False,10.450545310974121,10.915353775024414,0.38327261805534363,1.192788132,1.1636960388,1.20218988,,,
1787856928595408951,255326286672301,1787856928595624208,845,P001_S01_ST1ST_T01_R02,0,8,5,RL,POLICY,6,-4.708115891617054,False,False,10.610671997070312,10.938716888427734,-0.304227352142334,1.192788132,1.1636960388,1.20218988,,,
1787856928599810405,255326291073848,1787856928636075305,846,P001_S01_ST1ST_T01_R02,0,8,6,RL,POLICY,5,-0.36974752221417595,False,False,10.801874160766602,10.83549976348877,-0.8542271852493286,1.192788132,1.1636960388,1.20218988,,,
1787856928604280027,255326295543139,1787856928636364570,847,P001_S01_ST1ST_T01_R02,0,8,7,RL,POLICY,5,4.293753086589961,False,False,10.91092586517334,10.647564888000488,-1.4042271375656128,1.192788132,1.1636960388,1.20218988,,,
1787856928609498309,255326300762010,1787856928636506021,848,P001_S01_ST1ST_T01_R02,0,8,8,RL,POLICY,3,4.970025336884216,False,False,10.965641021728516,10.322131156921387,-1.4042271375656128,1.192788132,1.1636960388,1.20218988,,,
1787856928613670083,255326304933106,1787856928636644532,849,P001_S01_ST1ST_T01_R02,0,8,9,RL,POLICY,3,4.813430948404237,False,False,11.020356178283691,9.996697425842285,-1.4042271375656128,1.192788132,1.1636960388,1.20218988,,,
1787856928618030642,255326309293782,1787856928636802929,850,P001_S01_ST1ST_T01_R02,0,8,10,RL,POLICY,3,4.650436682744617,False,False,11.075071334838867,9.671263694763184,-1.4042271375656128,1.192788132,1.1636960388,1.20218988,,,
1787856928623396254,255326314659560,1787856928636937157,851,P001_S01_ST1ST_T01_R02,0,8,11,RL,POLICY,3,4.480921259140601,False,False,11.129786491394043,9.345829963684082,-1.4042271375656128,1.192788132,1.1636960388,1.20218988,,,
1787856928629901670,255326321164852,1787856928637053601,852,P001_S01_ST1ST_T01_R02,0,8,12,RL,POLICY,3,4.30478642822618,False,False,11.184501647949219,9.02039623260498,-1.4042271375656128,1.192788132,1.1636960388,1.20218988,,,
1787856928635989569,255326327252942,1787856928637352700,853,P001_S01_ST1ST_T01_R02,0,8,13,RL,POLICY,3,4.121960826521259,False,False,11.239216804504395,8.694962501525879,-1.4042271375656128,1.192788132,1.1636960388,1.20218988,,,
1787856928640794498,255326332057667,1787856928641031154,854,P001_S01_ST1ST_T01_R02,0,8,14,RL,POLICY,3,3.932403963032822,False,False,11.29393196105957,8.369528770446777,-1.4042271375656128,1.192788132,1.1636960388,1.20218988,,,
1787856928645393427,255326336656716,1787856928645650799,855,P001_S01_ST1ST_T01_R02,0,8,15,RL,POLICY,1,-0.5354332764813583,False,False,11.369935989379883,8.165972709655762,-0.8542272448539734,1.192788132,1.1636960388,1.20218988,,,
1787856928650609952,255326341873020,1787856928650836212,856,P001_S01_ST1ST_T01_R02,0,8,16,RL,POLICY,5,2.6923822342946466,False,False,11.478987693786621,7.9780378341674805,-1.4042272567749023,1.192788132,1.1636960388,1.20218988,,,
1787856928655250699,255326346514148,1787856928690954203,857,P001_S01_ST1ST_T01_R02,0,8,17,RL,POLICY,3,3.447820761444084,False,False,11.533702850341797,7.6526055335998535,-1.4042272567749023,1.192788132,1.1636960388,1.20218988,,,
1787856928659334190,255326350597091,1787856928691196129,858,P001_S01_ST1ST_T01_R02,0,8,18,RL,POLICY,5,6.746523930472118,False,False,11.5284423828125,7.435386657714844,-1.954227089881897,1.192788132,1.1636960388,1.20218988,,,
1787856928663596728,255326354860019,1787856928691290534,859,P001_S01_ST1ST_T01_R02,0,8,19,RL,POLICY,5,9.45828597297905,False,False,11.410420417785645,7.252951622009277,-2.5042271614074707,1.192788132,1.1636960388,1.20218988,,,
1787856928668145245,255326359408617,1787856928691399739,860,P001_S01_ST1ST_T01_R02,0,8,20,RL,POLICY,5,7.618316695973586,False,False,11.214447975158691,7.159110069274902,-3.054227113723755,1.192788132,1.1636960388,1.20218988,,,
1787856928672813389,255326364076589,1787856928691499178,861,P001_S01_ST1ST_T01_R02,0,8,21,RL,POLICY,3,8.025774297301632,False,False,10.88570499420166,7.13031530380249,-3.054227113723755,1.192788132,1.1636960388,1.20218988,,,
1787856928677571800,255326368835028,1787856928691610623,862,P001_S01_ST1ST_T01_R02,0,8,22,RL,POLICY,3,7.970682157430623,False,False,10.556962013244629,7.101520538330078,-3.054227113723755,1.192788132,1.1636960388,1.20218988,,,
1787856928682055904,255326373319100,1787856928691722548,863,P001_S01_ST1ST_T01_R02,0,8,23,RL,POLICY,3,7.911088227042644,False,False,10.228219032287598,7.072725772857666,-3.054227113723755,1.192788132,1.1636960388,1.20218988,,,
1787856928686909206,255326378172527,1787856928691846612,864,P001_S01_ST1ST_T01_R02,0,8,24,RL,POLICY,3,7.846526806106716,False,False,9.899476051330566,7.043931007385254,-3.054227113723755,1.192788132,1.1636960388,1.20218988,,,
1787856928691204665,255326382467961,1787856928692041665,865,P001_S01_ST1ST_T01_R02,0,8,25,RL,POLICY,3,7.776476563734236,False,False,9.570733070373535,7.015136241912842,-3.054227113723755,1.192788132,1.1636960388,1.20218988,,,
1787856928695498962,255326386762192,1787856928695716983,866,P001_S01_ST1ST_T01_R02,0,8,26,RL,POLICY,3,7.700353604722205,False,False,9.241990089416504,6.98634147644043,-3.054227113723755,1.192788132,1.1636960388,1.20218988,,,
1787856928699903517,255326391166775,1787856928700185700,867,P001_S01_ST1ST_T01_R02,0,8,27,RL,POLICY,3,7.617503812875808,False,False,8.913247108459473,6.957546710968018,-3.054227113723755,1.192788132,1.1636960388,1.20218988,,,
1787856928704907187,255326396170349,1787856928705176685,868,P001_S01_ST1ST_T01_R02,0,8,28,RL,POLICY,3,7.527194481928521,False,False,8.584504127502441,6.9287519454956055,-3.054227113723755,1.192788132,1.1636960388,1.20218988,,,
1787856928709481365,255326400745062,1787856928709754283,869,P001_S01_ST1ST_T01_R02,0,8,29,RL,POLICY,3,7.428605294113311,False,False,8.25576114654541,6.899957180023193,-3.054227113723755,1.192788132,1.1636960388,1.20218988,,,
1787856928713725340,255326404988452,1787856928713973748,870,P001_S01_ST1ST_T01_R02,0,8,30,RL,POLICY,3,7.320820089506112,False,False,7.927019119262695,6.871162414550781,-3.054227113723755,1.192788132,1.1636960388,1.20218988,,,
1787856928718561977,255326409825323,1787856928718964032,871,P001_S01_ST1ST_T01_R02,0,8,31,RL,POLICY,3,7.202813642830504,False,False,7.598278045654297,6.842367649078369,-3.054227113723755,1.192788132,1.1636960388,1.20218988,,,
1787856928723536250,255326414799176,1787856928759038835,872,P001_S01_ST1ST_T01_R02,0,8,32,RL,POLICY,3,7.073443548828282,False,False,7.269536972045898,6.813572883605957,-3.054227113723755,1.192788132,1.1636960388,1.20218988,,,
1787856928728010076,255326419273452,1787856928759324806,873,P001_S01_ST1ST_T01_R02,0,8,33,RL,POLICY,3,6.931444063958682,False,False,6.9407958984375,6.784778118133545,-3.054227113723755,1.192788132,1.1636960388,1.20218988,,,
1787856928732902360,255326424166711,1787856928759460356,874,P001_S01_ST1ST_T01_R02,0,8,34,RL,POLICY,5,2.9945951689370904,False,False,6.724674224853516,6.80720853805542,2.6789584159851074,1.192788132,1.1636960388,1.20218988,,,
1787856928737482808,255326428746184,1787856928759584969,875,P001_S01_ST1ST_T01_R02,0,8,35,RL,POLICY,5,-1.8680699481969343,False,False,6.552149772644043,6.939294815063477,2.128958225250244,1.192788132,1.1636960388,1.20218988,,,
1787856928741734105,255326432998157,1787856928759709296,876,P001_S01_ST1ST_T01_R02,0,8,36,RL,POLICY,5,-6.660209033922818,False,False,6.4741082191467285,7.142078876495361,1.5789583921432495,1.192788132,1.1636960388,1.20218988,,,
1787856928746372107,255326437635488,1787856928759837749,877,P001_S01_ST1ST_T01_R02,0,8,37,RL,POLICY,6,-10.386929429614959,False,False,6.511035442352295,7.299631595611572,0.8914584517478943,1.192788132,1.1636960388,1.20218988,,,
1787856928750860787,255326442124645,1787856928759952187,878,P001_S01_ST1ST_T01_R02,0,8,38,RL,POLICY,6,-7.041060876858866,False,False,6.639558792114258,7.397959232330322,0.2039584368467331,1.192788132,1.1636960388,1.20218988,,,
1787856928756138171,255326447401740,1787856928760078077,879,P001_S01_ST1ST_T01_R02,0,8,39,RL,POLICY,3,-7.325505159515412,False,False,6.962718963623047,7.464799880981445,0.2039584368467331,1.192788132,1.1636960388,1.20218988,,,
1787856928760615759,255326451879097,1787856928760806500,880,P001_S01_ST1ST_T01_R02,0,8,40,RL,POLICY,3,-7.438664516579744,False,False,7.285879135131836,7.531640529632568,0.2039584368467331,1.192788132,1.1636960388,1.20218988,,,
1787856928764909100,255326456172736,1787856928765220577,881,P001_S01_ST1ST_T01_R02,0,8,41,RL,POLICY,5,-4.43949432252203,False,False,7.503142833709717,7.53450345993042,-0.3460415005683899,1.192788132,1.1636960388,1.20218988,,,
1787856928770500663,255326461764325,1787856928770766445,882,P001_S01_ST1ST_T01_R02,0,8,42,RL,POLICY,5,-0.18748192915191408,False,False,7.68986177444458,7.423383712768555,-0.8960415124893188,1.192788132,1.1636960388,1.20218988,,,
1787856928775349961,255326466613974,1787856928775618364,883,P001_S01_ST1ST_T01_R02,0,8,43,RL,POLICY,3,0.49914783623194725,False,False,7.896015167236328,7.1656999588012695,-0.8960415124893188,1.192788132,1.1636960388,1.20218988,,,
1787856928780004042,255326471267798,1787856928780272586,884,P001_S01_ST1ST_T01_R02,0,8,44,RL,POLICY,3,0.16944809780024817,False,False,8.102168083190918,6.908016204833984,-0.8960415124893188,1.192788132,1.1636960388,1.20218988,,,
1787856928784356506,255326475620395,1787856928784625580,885,P001_S01_ST1ST_T01_R02,0,8,45,RL,POLICY,3,-0.16107610375459963,False,False,8.308320045471191,6.650332450866699,-0.8960415124893188,1.192788132,1.1636960388,1.20218988,,,
1787856928788986274,255326480249658,1787856928789218479,886,P001_S01_ST1ST_T01_R02,0,8,46,RL,POLICY,3,-0.49111155427334696,False,False,8.514472007751465,6.392648696899414,-0.8960415124893188,1.192788132,1.1636960388,1.20218988,,,
1787856928793551134,255326484816222,1787856928830111679,887,P001_S01_ST1ST_T01_R02,0,8,47,RL,POLICY,3,-0.8193194362438145,False,False,8.720623970031738,6.134964942932129,-0.8960415124893188,1.192788132,1.1636960388,1.20218988,,,
1787856928798633919,255326489897283,1787856928830458663,888,P001_S01_ST1ST_T01_R02,0,8,48,RL,POLICY,3,-1.1444097599091336,False,False,8.926775932312012,5.877281188964844,-0.8960415124893188,1.192788132,1.1636960388,1.20218988,,,
1787856928802868642,255326494132270,1787856928830605269,889,P001_S01_ST1ST_T01_R02,0,8,49,RL,POLICY,3,-20.0,True,True,9.123557090759277,5.63131046295166,-0.8960415124893188,1.192788132,1.1636960388,1.20218988,,,
1787856928805441386,255326496704182,1787856928830935113,893,P001_S01_ST1ST_T01_R02,0,8,49,HUMAN,NONE,,,,,6.639558792114258,7.397959232330322,0.2039584368467331,1.192788132,1.1636960388,1.20218988,A0_E8_I1,0,10
1787856938836917882,255336528181495,1787856938837196580,897,P001_S01_ST1ST_T01_R02,0,8,50,RL,POLICY,5,-4.132116480397936,False,False,6.856822490692139,7.400822162628174,-0.3460415005683899,1.192788132,1.1636960388,1.20218988,,,
1787856938841769796,255336533033760,1787856938842026875,898,P001_S01_ST1ST_T01_R02,0,8,51,RL,POLICY,3,-3.7360512214114077,False,False,7.167261123657227,7.288893699645996,-0.3460415005683899,1.192788132,1.1636960388,1.20218988,,,
1787856938846953095,255336538216429,1787856938847184826,899,P001_S01_ST1ST_T01_R02,0,8,52,RL,POLICY,3,-4.017976893268491,False,False,7.4776997566223145,7.176965236663818,-0.3460415005683899,1.192788132,1.1636960388,1.20218988,,,
1787856938851647112,255336542910650,1787856938851873211,900,P001_S01_ST1ST_T01_R02,0,8,53,RL,POLICY,3,-4.28598616353165,False,False,7.788138389587402,7.065036773681641,-0.3460415005683899,1.192788132,1.1636960388,1.20218988,,,
1787856938856517425,255336547780880,1787856938856724983,901,P001_S01_ST1ST_T01_R02,0,8,54,RL,POLICY,3,-4.540123702298211,False,False,8.098576545715332,6.953108310699463,-0.3460415005683899,1.192788132,1.1636960388,1.20218988,,,
1787856938861062295,255336552325579,1787856938861278756,902,P001_S01_ST1ST_T01_R02,0,8,55,RL,POLICY,6,0.011824088641229746,False,False,8.233541488647461,6.863826751708984,-1.0335415601730347,1.192788132,1.1636960388,1.20218988,,,
1787856938865619716,255336556883529,1787856938865823355,903,P001_S01_ST1ST_T01_R02,0,8,56,RL,POLICY,6,5.7114942755591205,False,False,8.281188011169434,6.7091779708862305,-1.7210415601730347,1.192788132,1.1636960388,1.20218988,,,
1787856938870570875,255336561835587,1787856938870852447,904,P001_S01_ST1ST_T01_R02,0,8,57,RL,POLICY,3,6.359298303949678,False,False,8.231793403625488,6.3828959465026855,-1.7210415601730347,1.192788132,1.1636960388,1.20218988,,,
1787856938875967378,255336567231360,1787856938876209768,905,P001_S01_ST1ST_T01_R02,0,8,58,RL,POLICY,5,8.937134850469185,False,False,8.1591215133667,6.178126811981201,-2.2710416316986084,1.192788132,1.1636960388,1.20218988,,,
1787856938881471566,255336572735315,1787856938881755908,906,P001_S01_ST1ST_T01_R02,0,8,59,RL,POLICY,5,8.688990725553568,False,False,7.990137100219727,6.041540145874023,-2.8210415840148926,1.192788132,1.1636960388,1.20218988,,,
1787856938888310660,255336579574346,1787856938888591510,907,P001_S01_ST1ST_T01_R02,0,8,60,RL,POLICY,3,8.5344606953868,False,False,7.676947116851807,5.937560558319092,-2.8210415840148926,1.192788132,1.1636960388,1.20218988,,,
1787856938893688754,255336584952366,1787856938893964776,908,P001_S01_ST1ST_T01_R02,0,8,61,RL,POLICY,3,8.495532588654196,False,False,7.363757133483887,5.83358097076416,-2.8210415840148926,1.192788132,1.1636960388,1.20218988,,,
1787856938898935153,255336590199099,1787856938899233756,909,P001_S01_ST1ST_T01_R02,0,8,62,RL,POLICY,3,-20.0,True,True,7.064803123474121,5.734327793121338,-2.8210415840148926,1.192788132,1.1636960388,1.20218988,,,
1787856938902460905,255336593723607,1787856938902608850,913,P001_S01_ST1ST_T01_R02,0,8,62,HUMAN,NONE,,,,,7.167261123657227,7.288893699645996,-0.3460415005683899,1.192788132,1.1636960388,1.20218988,A0_E8_I2,0,10
