2026-08-25 15:10:11 [DEBUG] core.logging_setup: Logging configured from D:\Courses\Independent Study 2\User_Study\Desktop App\hint_study_console_v1.1.3_hololens_study_recording\hint_study_console_v1.1.3_hololens_study_recording\config\logging.yaml
2026-08-25 15:10:11 [INFO] core.application_controller: Starting HINT Study Console v1.1.3 (mode=DEVELOPMENT)
2026-08-25 15:10:11 [DEBUG] core.database: Database schema ready (identifiable=D:\Courses\Independent Study 2\User_Study\Desktop App\hint_study_console_v1.1.3_hololens_study_recording\hint_study_console_v1.1.3_hololens_study_recording\data\identifiable.sqlite3, experimental=D:\Courses\Independent Study 2\User_Study\Desktop App\hint_study_console_v1.1.3_hololens_study_recording\hint_study_console_v1.1.3_hololens_study_recording\data\experimental.sqlite3)
2026-08-25 15:10:11 [INFO] core.event_bus: EVENT APP_STARTED participant=None session=None trial=None value=None
2026-08-25 15:12:48 [INFO] devices.device_manager: Device HoloLens -> Connecting
2026-08-25 15:12:48 [INFO] devices.hololens_device: Opened HoloLens stream workers for 10.136.69.99: PV 1280x720@30, EET 30 Hz.
2026-08-25 15:12:52 [INFO] devices.hololens_device: First HoloLens PV camera frame received.
2026-08-25 15:13:09 [ERROR] devices.hololens_device: Extended Eye Tracking stream error: [WinError 10060] A connection attempt failed because the connected party did not properly respond after a period of time, or established connection failed because connected host has failed to respond
Traceback (most recent call last):
  File "D:\Courses\Independent Study 2\User_Study\Desktop App\hint_study_console_v1.1.3_hololens_study_recording\hint_study_console_v1.1.3_hololens_study_recording\devices\hololens_device.py", line 422, in _eye_worker
    client.open()
  File "D:\Courses\Independent Study 2\User_Study\Desktop App\HL2SS_v1.0.37\viewer\hl2ss.py", line 1848, in open
    super().open()
  File "D:\Courses\Independent Study 2\User_Study\Desktop App\HL2SS_v1.0.37\viewer\hl2ss.py", line 869, in open
    self._client = _connect_client_eet(self.host, self.port, self.sockopt, self.chunk, self.fps)
                   ^^^^^^^^^^^^^^^^^^^^^^^^^^^^^^^^^^^^^^^^^^^^^^^^^^^^^^^^^^^^^^^^^^^^^^^^^^^^^
  File "D:\Courses\Independent Study 2\User_Study\Desktop App\HL2SS_v1.0.37\viewer\hl2ss.py", line 657, in _connect_client_eet
    c.open(host, port, sockopt, chunk_size, StreamMode.MODE_1)
  File "D:\Courses\Independent Study 2\User_Study\Desktop App\HL2SS_v1.0.37\viewer\hl2ss.py", line 443, in open
    self._client.open(host, port, sockopt)
  File "D:\Courses\Independent Study 2\User_Study\Desktop App\HL2SS_v1.0.37\viewer\hl2ss.py", line 338, in open
    self._socket.connect((host, port))
TimeoutError: [WinError 10060] A connection attempt failed because the connected party did not properly respond after a period of time, or established connection failed because connected host has failed to respond
2026-08-25 15:13:09 [INFO] devices.hololens_device: Extended Eye Tracking stream error: [WinError 10060] A connection attempt failed because the connected party did not properly respond after a period of time, or established connection failed because connected host has failed to respond
2026-08-25 15:13:09 [INFO] devices.device_manager: Device HoloLens -> Error
2026-08-25 15:13:09 [INFO] core.event_bus: EVENT DEVICE_ERROR participant=None session=None trial=None value=HoloLens
2026-08-25 15:14:25 [INFO] devices.device_manager: Device HoloLens -> Disconnected
2026-08-25 15:14:25 [INFO] core.event_bus: EVENT DEVICE_DISCONNECTED participant=None session=None trial=None value=HoloLens
2026-08-25 15:14:25 [INFO] devices.hololens_device: HoloLens disconnected.
2026-08-25 15:14:26 [INFO] devices.device_manager: Device HoloLens -> Connecting
2026-08-25 15:14:26 [INFO] devices.hololens_device: Opened HoloLens stream workers for 10.136.69.99: PV 1280x720@30, EET 30 Hz.
2026-08-25 15:14:28 [INFO] devices.hololens_device: First HoloLens PV camera frame received.
2026-08-25 15:14:47 [ERROR] devices.hololens_device: Extended Eye Tracking stream error: [WinError 10060] A connection attempt failed because the connected party did not properly respond after a period of time, or established connection failed because connected host has failed to respond
Traceback (most recent call last):
  File "D:\Courses\Independent Study 2\User_Study\Desktop App\hint_study_console_v1.1.3_hololens_study_recording\hint_study_console_v1.1.3_hololens_study_recording\devices\hololens_device.py", line 422, in _eye_worker
    client.open()
  File "D:\Courses\Independent Study 2\User_Study\Desktop App\HL2SS_v1.0.37\viewer\hl2ss.py", line 1848, in open
    super().open()
  File "D:\Courses\Independent Study 2\User_Study\Desktop App\HL2SS_v1.0.37\viewer\hl2ss.py", line 869, in open
    self._client = _connect_client_eet(self.host, self.port, self.sockopt, self.chunk, self.fps)
                   ^^^^^^^^^^^^^^^^^^^^^^^^^^^^^^^^^^^^^^^^^^^^^^^^^^^^^^^^^^^^^^^^^^^^^^^^^^^^^
  File "D:\Courses\Independent Study 2\User_Study\Desktop App\HL2SS_v1.0.37\viewer\hl2ss.py", line 657, in _connect_client_eet
    c.open(host, port, sockopt, chunk_size, StreamMode.MODE_1)
  File "D:\Courses\Independent Study 2\User_Study\Desktop App\HL2SS_v1.0.37\viewer\hl2ss.py", line 443, in open
    self._client.open(host, port, sockopt)
  File "D:\Courses\Independent Study 2\User_Study\Desktop App\HL2SS_v1.0.37\viewer\hl2ss.py", line 338, in open
    self._socket.connect((host, port))
TimeoutError: [WinError 10060] A connection attempt failed because the connected party did not properly respond after a period of time, or established connection failed because connected host has failed to respond
2026-08-25 15:14:47 [INFO] devices.hololens_device: Extended Eye Tracking stream error: [WinError 10060] A connection attempt failed because the connected party did not properly respond after a period of time, or established connection failed because connected host has failed to respond
2026-08-25 15:14:47 [INFO] devices.device_manager: Device HoloLens -> Error
2026-08-25 15:14:47 [INFO] core.event_bus: EVENT DEVICE_ERROR participant=None session=None trial=None value=HoloLens
2026-08-25 15:14:59 [ERROR] devices.hololens_device: PV camera stream error: timed out
Traceback (most recent call last):
  File "D:\Courses\Independent Study 2\User_Study\Desktop App\hint_study_console_v1.1.3_hololens_study_recording\hint_study_console_v1.1.3_hololens_study_recording\devices\hololens_device.py", line 357, in _pv_worker
    packet = client.get_next_packet()
             ^^^^^^^^^^^^^^^^^^^^^^^^
  File "D:\Courses\Independent Study 2\User_Study\Desktop App\HL2SS_v1.0.37\viewer\hl2ss.py", line 1794, in get_next_packet
    data = super().get_next_packet(wait)
           ^^^^^^^^^^^^^^^^^^^^^^^^^^^^^
  File "D:\Courses\Independent Study 2\User_Study\Desktop App\HL2SS_v1.0.37\viewer\hl2ss.py", line 818, in get_next_packet
    return self._client.get_next_packet(wait)
           ^^^^^^^^^^^^^^^^^^^^^^^^^^^^^^^^^^
  File "D:\Courses\Independent Study 2\User_Study\Desktop App\HL2SS_v1.0.37\viewer\hl2ss.py", line 454, in get_next_packet
    self._unpacker.extend(self._client.recv(self._chunk_size))
                          ^^^^^^^^^^^^^^^^^^^^^^^^^^^^^^^^^^^
  File "D:\Courses\Independent Study 2\User_Study\Desktop App\HL2SS_v1.0.37\viewer\hl2ss.py", line 347, in recv
    chunk = self._socket.recv(chunk_size)
            ^^^^^^^^^^^^^^^^^^^^^^^^^^^^^
TimeoutError: timed out
2026-08-25 15:14:59 [INFO] devices.hololens_device: PV camera stream error: timed out
2026-08-25 15:14:59 [INFO] devices.device_manager: Device HoloLens -> Warning
2026-08-25 15:15:27 [INFO] devices.device_manager: Device HoloLens -> Disconnected
2026-08-25 15:15:27 [INFO] core.event_bus: EVENT DEVICE_DISCONNECTED participant=None session=None trial=None value=HoloLens
2026-08-25 15:15:27 [INFO] devices.hololens_device: HoloLens disconnected.
2026-08-25 15:15:40 [INFO] core.application_controller: Shutting down HINT Study Console
2026-08-25 15:15:40 [INFO] devices.hololens_device: HoloLens disconnected.
2026-08-25 16:33:58 [DEBUG] core.logging_setup: Logging configured from D:\Courses\Independent Study 2\User_Study\Desktop App\hint_study_console_v1.1.3_hololens_study_recording\hint_study_console_v1.1.3_hololens_study_recording\config\logging.yaml
2026-08-25 16:33:58 [INFO] core.application_controller: Starting HINT Study Console v1.1.3 (mode=DEVELOPMENT)
2026-08-25 16:33:58 [DEBUG] core.database: Database schema ready (identifiable=D:\Courses\Independent Study 2\User_Study\Desktop App\hint_study_console_v1.1.3_hololens_study_recording\hint_study_console_v1.1.3_hololens_study_recording\data\identifiable.sqlite3, experimental=D:\Courses\Independent Study 2\User_Study\Desktop App\hint_study_console_v1.1.3_hololens_study_recording\hint_study_console_v1.1.3_hololens_study_recording\data\experimental.sqlite3)
2026-08-25 16:33:58 [INFO] core.event_bus: EVENT APP_STARTED participant=None session=None trial=None value=None
2026-08-25 16:34:15 [INFO] devices.device_manager: Device HoloLens -> Connecting
2026-08-25 16:34:15 [INFO] devices.hololens_device: Opened HoloLens stream workers for 192.168.1.11: PV 1280x720@30, EET 30 Hz.
2026-08-25 16:34:15 [INFO] devices.hololens_device: First HoloLens Extended Eye Tracking packet received.
2026-08-25 16:34:18 [ERROR] devices.hololens_device: PV camera stream error: timed out
Traceback (most recent call last):
  File "D:\Courses\Independent Study 2\User_Study\Desktop App\hint_study_console_v1.1.3_hololens_study_recording\hint_study_console_v1.1.3_hololens_study_recording\devices\hololens_device.py", line 331, in _pv_worker
    lnm.start_subsystem_pv(
  File "D:\Courses\Independent Study 2\User_Study\Desktop App\HL2SS_v1.0.37\viewer\hl2ss_lnm.py", line 54, in start_subsystem_pv
    hl2ss.start_subsystem_pv(host, port, sockopt, enable_mrc, hologram_composition, recording_indicator, video_stabilization, blank_protected, show_mesh, shared, global_opacity, output_width, output_height, video_stabilization_length, hologram_perspective)
  File "D:\Courses\Independent Study 2\User_Study\Desktop App\HL2SS_v1.0.37\viewer\hl2ss.py", line 683, in start_subsystem_pv
    c.open(host, port, sockopt)
  File "D:\Courses\Independent Study 2\User_Study\Desktop App\HL2SS_v1.0.37\viewer\hl2ss.py", line 338, in open
    self._socket.connect((host, port))
TimeoutError: timed out
2026-08-25 16:34:18 [INFO] devices.hololens_device: PV camera stream error: timed out
2026-08-25 16:34:18 [INFO] devices.device_manager: Device HoloLens -> Error
2026-08-25 16:34:18 [INFO] core.event_bus: EVENT DEVICE_ERROR participant=None session=None trial=None value=HoloLens
2026-08-25 16:34:34 [INFO] devices.device_manager: Device HoloLens -> Connecting
2026-08-25 16:34:34 [INFO] devices.hololens_device: Opened HoloLens stream workers for 192.168.1.11: PV 760x428@30, EET 30 Hz.
2026-08-25 16:34:34 [INFO] devices.hololens_device: First HoloLens Extended Eye Tracking packet received.
2026-08-25 16:34:37 [ERROR] devices.hololens_device: PV camera stream error: timed out
Traceback (most recent call last):
  File "D:\Courses\Independent Study 2\User_Study\Desktop App\hint_study_console_v1.1.3_hololens_study_recording\hint_study_console_v1.1.3_hololens_study_recording\devices\hololens_device.py", line 331, in _pv_worker
    lnm.start_subsystem_pv(
  File "D:\Courses\Independent Study 2\User_Study\Desktop App\HL2SS_v1.0.37\viewer\hl2ss_lnm.py", line 54, in start_subsystem_pv
    hl2ss.start_subsystem_pv(host, port, sockopt, enable_mrc, hologram_composition, recording_indicator, video_stabilization, blank_protected, show_mesh, shared, global_opacity, output_width, output_height, video_stabilization_length, hologram_perspective)
  File "D:\Courses\Independent Study 2\User_Study\Desktop App\HL2SS_v1.0.37\viewer\hl2ss.py", line 683, in start_subsystem_pv
    c.open(host, port, sockopt)
  File "D:\Courses\Independent Study 2\User_Study\Desktop App\HL2SS_v1.0.37\viewer\hl2ss.py", line 338, in open
    self._socket.connect((host, port))
TimeoutError: timed out
2026-08-25 16:34:37 [INFO] devices.hololens_device: PV camera stream error: timed out
2026-08-25 16:34:37 [INFO] devices.device_manager: Device HoloLens -> Error
2026-08-25 16:34:37 [INFO] core.event_bus: EVENT DEVICE_ERROR participant=None session=None trial=None value=HoloLens
2026-08-25 16:35:13 [INFO] core.application_controller: Shutting down HINT Study Console
2026-08-25 16:35:13 [INFO] devices.device_manager: Device HoloLens -> Disconnected
2026-08-25 16:35:13 [INFO] core.event_bus: EVENT DEVICE_DISCONNECTED participant=None session=None trial=None value=HoloLens
2026-08-25 16:35:13 [INFO] devices.hololens_device: HoloLens disconnected.
2026-08-25 16:35:13 [INFO] devices.hololens_device: First HoloLens Extended Eye Tracking packet received.
2026-08-25 16:35:59 [DEBUG] core.logging_setup: Logging configured from D:\Courses\Independent Study 2\User_Study\Desktop App\hint_study_console_v1.1.3_hololens_study_recording\hint_study_console_v1.1.3_hololens_study_recording\config\logging.yaml
2026-08-25 16:35:59 [INFO] core.application_controller: Starting HINT Study Console v1.1.3 (mode=DEVELOPMENT)
2026-08-25 16:35:59 [DEBUG] core.database: Database schema ready (identifiable=D:\Courses\Independent Study 2\User_Study\Desktop App\hint_study_console_v1.1.3_hololens_study_recording\hint_study_console_v1.1.3_hololens_study_recording\data\identifiable.sqlite3, experimental=D:\Courses\Independent Study 2\User_Study\Desktop App\hint_study_console_v1.1.3_hololens_study_recording\hint_study_console_v1.1.3_hololens_study_recording\data\experimental.sqlite3)
2026-08-25 16:35:59 [INFO] core.event_bus: EVENT APP_STARTED participant=None session=None trial=None value=None
2026-08-25 16:36:10 [INFO] devices.device_manager: Device HoloLens -> Connecting
2026-08-25 16:36:11 [INFO] devices.hololens_device: Opened HoloLens stream workers for 192.168.1.11: PV 760x428@30, EET 30 Hz.
2026-08-25 16:36:32 [ERROR] devices.hololens_device: Extended Eye Tracking stream error: [WinError 10060] A connection attempt failed because the connected party did not properly respond after a period of time, or established connection failed because connected host has failed to respond
Traceback (most recent call last):
  File "D:\Courses\Independent Study 2\User_Study\Desktop App\hint_study_console_v1.1.3_hololens_study_recording\hint_study_console_v1.1.3_hololens_study_recording\devices\hololens_device.py", line 422, in _eye_worker
    client.open()
  File "D:\Courses\Independent Study 2\User_Study\Desktop App\HL2SS_v1.0.37\viewer\hl2ss.py", line 1848, in open
    super().open()
  File "D:\Courses\Independent Study 2\User_Study\Desktop App\HL2SS_v1.0.37\viewer\hl2ss.py", line 869, in open
    self._client = _connect_client_eet(self.host, self.port, self.sockopt, self.chunk, self.fps)
                   ^^^^^^^^^^^^^^^^^^^^^^^^^^^^^^^^^^^^^^^^^^^^^^^^^^^^^^^^^^^^^^^^^^^^^^^^^^^^^
  File "D:\Courses\Independent Study 2\User_Study\Desktop App\HL2SS_v1.0.37\viewer\hl2ss.py", line 657, in _connect_client_eet
    c.open(host, port, sockopt, chunk_size, StreamMode.MODE_1)
  File "D:\Courses\Independent Study 2\User_Study\Desktop App\HL2SS_v1.0.37\viewer\hl2ss.py", line 443, in open
    self._client.open(host, port, sockopt)
  File "D:\Courses\Independent Study 2\User_Study\Desktop App\HL2SS_v1.0.37\viewer\hl2ss.py", line 338, in open
    self._socket.connect((host, port))
TimeoutError: [WinError 10060] A connection attempt failed because the connected party did not properly respond after a period of time, or established connection failed because connected host has failed to respond
2026-08-25 16:36:32 [INFO] devices.hololens_device: Extended Eye Tracking stream error: [WinError 10060] A connection attempt failed because the connected party did not properly respond after a period of time, or established connection failed because connected host has failed to respond
2026-08-25 16:36:32 [INFO] devices.device_manager: Device HoloLens -> Error
2026-08-25 16:36:32 [INFO] core.event_bus: EVENT DEVICE_ERROR participant=None session=None trial=None value=HoloLens
2026-08-25 16:37:20 [INFO] devices.hololens_device: First HoloLens PV camera frame received.
2026-08-25 16:40:44 [INFO] core.application_controller: Shutting down HINT Study Console
2026-08-25 16:40:44 [INFO] devices.device_manager: Device HoloLens -> Disconnected
2026-08-25 16:40:44 [INFO] core.event_bus: EVENT DEVICE_DISCONNECTED participant=None session=None trial=None value=HoloLens
2026-08-25 16:40:44 [INFO] devices.hololens_device: HoloLens disconnected.
2026-08-26 09:26:39 [DEBUG] core.logging_setup: Logging configured from D:\Courses\Independent Study 2\User_Study\Desktop App\hint_study_console_v1.1.3_hololens_study_recording\hint_study_console_v1.1.3_hololens_study_recording\config\logging.yaml
2026-08-26 09:26:39 [INFO] core.application_controller: Starting HINT Study Console v1.1.3 (mode=DEVELOPMENT)
2026-08-26 09:26:39 [DEBUG] core.database: Database schema ready (identifiable=D:\Courses\Independent Study 2\User_Study\Desktop App\hint_study_console_v1.1.3_hololens_study_recording\hint_study_console_v1.1.3_hololens_study_recording\data\identifiable.sqlite3, experimental=D:\Courses\Independent Study 2\User_Study\Desktop App\hint_study_console_v1.1.3_hololens_study_recording\hint_study_console_v1.1.3_hololens_study_recording\data\experimental.sqlite3)
2026-08-26 09:26:39 [INFO] core.event_bus: EVENT APP_STARTED participant=None session=None trial=None value=None
2026-08-26 09:26:45 [INFO] devices.device_manager: Device HoloLens -> Connecting
2026-08-26 09:26:45 [INFO] devices.hololens_device: Opened HoloLens stream workers for 10.66.3.99: PV 1280x720@30, EET 30 Hz.
2026-08-26 09:26:45 [INFO] devices.hololens_device: First HoloLens Extended Eye Tracking packet received.
2026-08-26 09:26:47 [INFO] devices.hololens_device: First HoloLens PV camera frame received.
2026-08-26 09:26:47 [INFO] devices.hololens_device: HoloLens connection validated by live camera and eye-gaze packets.
2026-08-26 09:26:47 [INFO] devices.device_manager: Device HoloLens -> Receiving Data
2026-08-26 09:27:48 [INFO] devices.device_manager: Device Shimmer -> Connecting
2026-08-26 09:27:48 [INFO] devices.shimmer_device: Shimmer: Opening Bluetooth serial port COM10...
2026-08-26 09:27:48 [INFO] devices.shimmer_device: Shimmer: Opened COM10 at 1,000,000 baud.
2026-08-26 09:27:48 [INFO] devices.shimmer_device: Shimmer: Synchronizing with Shimmer...
2026-08-26 09:27:49 [ERROR] devices.shimmer_device: Shimmer connection/stream failed
Traceback (most recent call last):
  File "D:\Courses\Independent Study 2\User_Study\Desktop App\hint_study_console_v1.1.3_hololens_study_recording\hint_study_console_v1.1.3_hololens_study_recording\devices\shimmer_device.py", line 483, in _connection_worker
    self._write(bytes((proto.GET_SAMPLING_RATE_COMMAND,)))
  File "D:\Courses\Independent Study 2\User_Study\Desktop App\hint_study_console_v1.1.3_hololens_study_recording\hint_study_console_v1.1.3_hololens_study_recording\devices\shimmer_device.py", line 760, in _write
    self._serial.write(payload)
  File "C:\Users\AKHITHA\anaconda3\envs\hint\Lib\site-packages\serial\serialwin32.py", line 325, in write
    raise SerialTimeoutException('Write timeout')
serial.serialutil.SerialTimeoutException: Write timeout
2026-08-26 09:27:49 [INFO] devices.shimmer_device: Shimmer: ERROR: Write timeout
2026-08-26 09:27:49 [INFO] devices.device_manager: Device Shimmer -> Error
2026-08-26 09:27:49 [INFO] core.event_bus: EVENT DEVICE_ERROR participant=None session=None trial=None value=Shimmer
2026-08-26 09:28:02 [INFO] devices.device_manager: Device Shimmer -> Connecting
2026-08-26 09:28:02 [INFO] devices.shimmer_device: Shimmer: Opening Bluetooth serial port COM3...
2026-08-26 09:28:07 [ERROR] devices.shimmer_device: Shimmer connection/stream failed
Traceback (most recent call last):
  File "D:\Courses\Independent Study 2\User_Study\Desktop App\hint_study_console_v1.1.3_hololens_study_recording\hint_study_console_v1.1.3_hololens_study_recording\devices\shimmer_device.py", line 468, in _connection_worker
    self._serial = serial.Serial(
                   ^^^^^^^^^^^^^^
  File "C:\Users\AKHITHA\anaconda3\envs\hint\Lib\site-packages\serial\serialwin32.py", line 33, in __init__
    super(Serial, self).__init__(*args, **kwargs)
  File "C:\Users\AKHITHA\anaconda3\envs\hint\Lib\site-packages\serial\serialutil.py", line 244, in __init__
    self.open()
  File "C:\Users\AKHITHA\anaconda3\envs\hint\Lib\site-packages\serial\serialwin32.py", line 64, in open
    raise SerialException("could not open port {!r}: {!r}".format(self.portstr, ctypes.WinError()))
serial.serialutil.SerialException: could not open port 'COM3': OSError(22, 'The semaphore timeout period has expired.', None, 121)
2026-08-26 09:28:07 [INFO] devices.shimmer_device: Shimmer: ERROR: could not open port 'COM3': OSError(22, 'The semaphore timeout period has expired.', None, 121)
2026-08-26 09:28:07 [INFO] devices.device_manager: Device Shimmer -> Error
2026-08-26 09:28:07 [INFO] core.event_bus: EVENT DEVICE_ERROR participant=None session=None trial=None value=Shimmer
2026-08-26 09:28:13 [INFO] devices.device_manager: Device Shimmer -> Connecting
2026-08-26 09:28:13 [INFO] devices.shimmer_device: Shimmer: Opening Bluetooth serial port COM4...
2026-08-26 09:28:13 [INFO] devices.shimmer_device: Shimmer: Opened COM4 at 1,000,000 baud.
2026-08-26 09:28:13 [INFO] devices.shimmer_device: Shimmer: Synchronizing with Shimmer...
2026-08-26 09:28:14 [ERROR] devices.shimmer_device: Shimmer connection/stream failed
Traceback (most recent call last):
  File "D:\Courses\Independent Study 2\User_Study\Desktop App\hint_study_console_v1.1.3_hololens_study_recording\hint_study_console_v1.1.3_hololens_study_recording\devices\shimmer_device.py", line 483, in _connection_worker
    self._write(bytes((proto.GET_SAMPLING_RATE_COMMAND,)))
  File "D:\Courses\Independent Study 2\User_Study\Desktop App\hint_study_console_v1.1.3_hololens_study_recording\hint_study_console_v1.1.3_hololens_study_recording\devices\shimmer_device.py", line 760, in _write
    self._serial.write(payload)
  File "C:\Users\AKHITHA\anaconda3\envs\hint\Lib\site-packages\serial\serialwin32.py", line 325, in write
    raise SerialTimeoutException('Write timeout')
serial.serialutil.SerialTimeoutException: Write timeout
2026-08-26 09:28:14 [INFO] devices.shimmer_device: Shimmer: ERROR: Write timeout
2026-08-26 09:28:14 [INFO] devices.device_manager: Device Shimmer -> Error
2026-08-26 09:28:14 [INFO] core.event_bus: EVENT DEVICE_ERROR participant=None session=None trial=None value=Shimmer
2026-08-26 09:28:22 [INFO] devices.device_manager: Device Shimmer -> Connecting
2026-08-26 09:28:22 [INFO] devices.shimmer_device: Shimmer: Opening Bluetooth serial port COM5...
2026-08-26 09:28:22 [INFO] devices.shimmer_device: Shimmer: Opened COM5 at 1,000,000 baud.
2026-08-26 09:28:22 [INFO] devices.shimmer_device: Shimmer: Synchronizing with Shimmer...
2026-08-26 09:28:24 [ERROR] devices.shimmer_device: Shimmer connection/stream failed
Traceback (most recent call last):
  File "D:\Courses\Independent Study 2\User_Study\Desktop App\hint_study_console_v1.1.3_hololens_study_recording\hint_study_console_v1.1.3_hololens_study_recording\devices\shimmer_device.py", line 483, in _connection_worker
    self._write(bytes((proto.GET_SAMPLING_RATE_COMMAND,)))
  File "D:\Courses\Independent Study 2\User_Study\Desktop App\hint_study_console_v1.1.3_hololens_study_recording\hint_study_console_v1.1.3_hololens_study_recording\devices\shimmer_device.py", line 760, in _write
    self._serial.write(payload)
  File "C:\Users\AKHITHA\anaconda3\envs\hint\Lib\site-packages\serial\serialwin32.py", line 325, in write
    raise SerialTimeoutException('Write timeout')
serial.serialutil.SerialTimeoutException: Write timeout
2026-08-26 09:28:24 [INFO] devices.shimmer_device: Shimmer: ERROR: Write timeout
2026-08-26 09:28:24 [INFO] devices.device_manager: Device Shimmer -> Error
2026-08-26 09:28:24 [INFO] core.event_bus: EVENT DEVICE_ERROR participant=None session=None trial=None value=Shimmer
2026-08-26 09:28:29 [INFO] devices.device_manager: Device Shimmer -> Connecting
2026-08-26 09:28:29 [INFO] devices.shimmer_device: Shimmer: Opening Bluetooth serial port COM6...
2026-08-26 09:28:29 [INFO] devices.shimmer_device: Shimmer: Opened COM6 at 1,000,000 baud.
2026-08-26 09:28:29 [INFO] devices.shimmer_device: Shimmer: Synchronizing with Shimmer...
2026-08-26 09:28:30 [ERROR] devices.shimmer_device: Shimmer connection/stream failed
Traceback (most recent call last):
  File "D:\Courses\Independent Study 2\User_Study\Desktop App\hint_study_console_v1.1.3_hololens_study_recording\hint_study_console_v1.1.3_hololens_study_recording\devices\shimmer_device.py", line 483, in _connection_worker
    self._write(bytes((proto.GET_SAMPLING_RATE_COMMAND,)))
  File "D:\Courses\Independent Study 2\User_Study\Desktop App\hint_study_console_v1.1.3_hololens_study_recording\hint_study_console_v1.1.3_hololens_study_recording\devices\shimmer_device.py", line 760, in _write
    self._serial.write(payload)
  File "C:\Users\AKHITHA\anaconda3\envs\hint\Lib\site-packages\serial\serialwin32.py", line 325, in write
    raise SerialTimeoutException('Write timeout')
serial.serialutil.SerialTimeoutException: Write timeout
2026-08-26 09:28:30 [INFO] devices.shimmer_device: Shimmer: ERROR: Write timeout
2026-08-26 09:28:30 [INFO] devices.device_manager: Device Shimmer -> Error
2026-08-26 09:28:30 [INFO] core.event_bus: EVENT DEVICE_ERROR participant=None session=None trial=None value=Shimmer
2026-08-26 09:28:35 [INFO] devices.device_manager: Device Shimmer -> Connecting
2026-08-26 09:28:35 [INFO] devices.shimmer_device: Shimmer: Opening Bluetooth serial port COM8...
2026-08-26 09:28:39 [INFO] devices.shimmer_device: Shimmer: Opened COM8 at 1,000,000 baud.
2026-08-26 09:28:39 [INFO] devices.shimmer_device: Shimmer: Synchronizing with Shimmer...
2026-08-26 09:28:40 [INFO] devices.shimmer_device: Shimmer: Identifying Shimmer hardware and firmware...
2026-08-26 09:28:40 [INFO] devices.shimmer_device: Shimmer: Identified hardware=3, firmware=ID 3: v0.16.0.
2026-08-26 09:28:40 [INFO] devices.device_manager: Device Shimmer -> Connected
2026-08-26 09:28:40 [INFO] devices.shimmer_device: Shimmer: Configuring GSR + optical PPG channels...
2026-08-26 09:28:40 [INFO] core.event_bus: EVENT DEVICE_CONNECTED participant=None session=None trial=None value=Shimmer
2026-08-26 09:28:40 [INFO] devices.shimmer_device: Shimmer: Enabling 3 V expansion power for the PPG probe...
2026-08-26 09:28:40 [INFO] devices.shimmer_device: Shimmer: Verifying sensor configuration...
2026-08-26 09:28:41 [INFO] devices.shimmer_device: Shimmer: Verified channels: 0x12, 0x1C at 128.00 Hz.
2026-08-26 09:28:41 [INFO] devices.shimmer_device: Shimmer: Starting realtime Shimmer stream...
2026-08-26 09:28:41 [INFO] devices.shimmer_device: Shimmer: Realtime CSV logging started: D:\Courses\Independent Study 2\User_Study\Desktop App\hint_study_console_v1.1.3_hololens_study_recording\hint_study_console_v1.1.3_hololens_study_recording\data\device_logs\shimmer\shimmer_stream_20260826_092841_COM8.csv
2026-08-26 09:28:41 [INFO] devices.shimmer_device: Shimmer: Waiting for live GSR + PPG samples...
2026-08-26 09:28:41 [INFO] devices.shimmer_device: Shimmer: Connected and receiving live GSR + PPG data.
2026-08-26 09:28:41 [INFO] devices.device_manager: Device Shimmer -> Receiving Data
2026-08-26 09:28:41 [INFO] devices.shimmer_device: Shimmer: SUCCESS: Shimmer is connected and realtime data is reaching the GUI.
2026-08-26 09:28:57 [INFO] devices.device_manager: Device Keyboard -> Connecting
2026-08-26 09:28:57 [INFO] devices.device_manager: Device Keyboard -> Connected
2026-08-26 09:28:57 [INFO] core.event_bus: EVENT DEVICE_CONNECTED participant=None session=None trial=None value=Keyboard
2026-08-26 09:29:03 [INFO] devices.device_manager: Device Microphone -> Connecting
2026-08-26 09:29:03 [INFO] devices.device_manager: Device Microphone -> Connected
2026-08-26 09:29:03 [INFO] core.event_bus: EVENT DEVICE_CONNECTED participant=None session=None trial=None value=Microphone
2026-08-26 09:29:03 [INFO] devices.device_manager: Device Microphone -> Receiving Data
2026-08-26 09:29:31 [INFO] core.participant_manager: Created participant P001
2026-08-26 09:29:43 [INFO] core.session_manager: Created participant session P001_S01 for P001
2026-08-26 09:29:43 [INFO] core.event_bus: EVENT SESSION_CREATED participant=P001 session=P001_S01 trial=None value=None
2026-08-26 09:29:43 [INFO] core.event_bus: EVENT SESSION_STARTED participant=P001 session=P001_S01 trial=None value=None
2026-08-26 09:29:43 [INFO] core.workflow_manager: Started run P001_S1TR_R01 (Study 1 - Training) for P001
2026-08-26 09:29:43 [INFO] core.event_bus: EVENT TRIAL_CREATED participant=P001 session=P001_S01 trial=P001_S01_ST1TR_TR01_R01 value=practice; TR01/R01; Gridworld_Requested_Keyboard
2026-08-26 09:29:43 [INFO] core.event_bus: EVENT TRIAL_STARTED participant=P001 session=P001_S01 trial=P001_S01_ST1TR_TR01_R01 value=TR01/R01
2026-08-26 09:29:43 [INFO] core.event_bus: EVENT PRACTICE_STARTED participant=P001 session=P001_S01 trial=P001_S01_ST1TR_TR01_R01 value=None
2026-08-26 09:29:43 [ERROR] core.application_controller: Could not start HoloLens recording for P001_S01_ST1TR_TR01_R01
Traceback (most recent call last):
  File "D:\Courses\Independent Study 2\User_Study\Desktop App\hint_study_console_v1.1.3_hololens_study_recording\hint_study_console_v1.1.3_hololens_study_recording\core\application_controller.py", line 393, in _start_trial_sensor_recordings
    paths = self.device_manager.start_hololens_trial_recording(trial)
            ^^^^^^^^^^^^^^^^^^^^^^^^^^^^^^^^^^^^^^^^^^^^^^^^^^^^^^^^^
  File "D:\Courses\Independent Study 2\User_Study\Desktop App\hint_study_console_v1.1.3_hololens_study_recording\hint_study_console_v1.1.3_hololens_study_recording\devices\device_manager.py", line 156, in start_hololens_trial_recording
    return self.hololens_device.start_trial_recording(trial)
           ^^^^^^^^^^^^^^^^^^^^^^^^^^^^^^^^^^^^^^^^^^^^^^^^^
  File "D:\Courses\Independent Study 2\User_Study\Desktop App\hint_study_console_v1.1.3_hololens_study_recording\hint_study_console_v1.1.3_hololens_study_recording\devices\hololens_device.py", line 731, in start_trial_recording
    pointer_handle = open(pointer_csv_path, "w", newline="", encoding="utf-8")
                     ^^^^^^^^^^^^^^^^^^^^^^^^^^^^^^^^^^^^^^^^^^^^^^^^^^^^^^^^^
FileNotFoundError: [Errno 2] No such file or directory: 'D:\\Courses\\Independent Study 2\\User_Study\\Desktop App\\hint_study_console_v1.1.3_hololens_study_recording\\hint_study_console_v1.1.3_hololens_study_recording\\data\\P001\\S01\\Training\\Study1\\TR01_Gridworld_Requested_Keyboard\\R01\\sensors\\hololens\\hololens_gaze_pointer.csv'
2026-08-26 09:29:43 [INFO] core.event_bus: EVENT EXPERIMENTER_NOTE participant=P001 session=P001_S01 trial=P001_S01_ST1TR_TR01_R01 value=HoloLens recording NOT started: [Errno 2] No such file or directory: 'D:\\Courses\\Independent Study 2\\User_Study\\Desktop App\\hint_study_console_v1.1.3_hololens_study_recording\\hint_study_console_v1.1.3_hololens_study_recording\\data\\P001\\S01\\Training\\Study1\\TR01_Gridworld_Requested_Keyboard\\R01\\sensors\\hololens\\hololens_gaze_pointer.csv'
2026-08-26 09:29:43 [INFO] core.event_bus: EVENT EPISODE_STARTED participant=P001 session=P001_S01 trial=P001_S01_ST1TR_TR01_R01 value=None
2026-08-26 09:29:44 [INFO] core.event_bus: EVENT COLLISION participant=P001 session=P001_S01 trial=P001_S01_ST1TR_TR01_R01 value=(1, 1)
2026-08-26 09:29:44 [INFO] core.event_bus: EVENT EPISODE_ENDED participant=P001 session=P001_S01 trial=P001_S01_ST1TR_TR01_R01 value=reward=-50.5
2026-08-26 09:29:44 [INFO] core.event_bus: EVENT EPISODE_STARTED participant=P001 session=P001_S01 trial=P001_S01_ST1TR_TR01_R01 value=None
2026-08-26 09:29:44 [INFO] core.event_bus: EVENT COLLISION participant=P001 session=P001_S01 trial=P001_S01_ST1TR_TR01_R01 value=(-1, 0)
2026-08-26 09:29:44 [INFO] core.event_bus: EVENT EPISODE_ENDED participant=P001 session=P001_S01 trial=P001_S01_ST1TR_TR01_R01 value=reward=-52.0
2026-08-26 09:29:44 [INFO] core.event_bus: EVENT EPISODE_STARTED participant=P001 session=P001_S01 trial=P001_S01_ST1TR_TR01_R01 value=None
2026-08-26 09:29:44 [INFO] core.event_bus: EVENT COLLISION participant=P001 session=P001_S01 trial=P001_S01_ST1TR_TR01_R01 value=(-1, 3)
2026-08-26 09:29:44 [INFO] core.event_bus: EVENT EPISODE_ENDED participant=P001 session=P001_S01 trial=P001_S01_ST1TR_TR01_R01 value=reward=-51.5
2026-08-26 09:29:44 [INFO] core.event_bus: EVENT EPISODE_STARTED participant=P001 session=P001_S01 trial=P001_S01_ST1TR_TR01_R01 value=None
2026-08-26 09:29:44 [INFO] core.event_bus: EVENT COLLISION participant=P001 session=P001_S01 trial=P001_S01_ST1TR_TR01_R01 value=(0, -1)
2026-08-26 09:29:44 [INFO] core.event_bus: EVENT EPISODE_ENDED participant=P001 session=P001_S01 trial=P001_S01_ST1TR_TR01_R01 value=reward=-50.0
2026-08-26 09:29:44 [INFO] core.event_bus: EVENT EPISODE_STARTED participant=P001 session=P001_S01 trial=P001_S01_ST1TR_TR01_R01 value=None
2026-08-26 09:29:44 [INFO] core.event_bus: EVENT COLLISION participant=P001 session=P001_S01 trial=P001_S01_ST1TR_TR01_R01 value=(1, 1)
2026-08-26 09:29:44 [INFO] core.event_bus: EVENT EPISODE_ENDED participant=P001 session=P001_S01 trial=P001_S01_ST1TR_TR01_R01 value=reward=-50.5
2026-08-26 09:29:44 [INFO] core.event_bus: EVENT EPISODE_STARTED participant=P001 session=P001_S01 trial=P001_S01_ST1TR_TR01_R01 value=None
2026-08-26 09:29:44 [INFO] core.event_bus: EVENT COLLISION participant=P001 session=P001_S01 trial=P001_S01_ST1TR_TR01_R01 value=(0, -1)
2026-08-26 09:29:44 [INFO] core.event_bus: EVENT EPISODE_ENDED participant=P001 session=P001_S01 trial=P001_S01_ST1TR_TR01_R01 value=reward=-50.0
2026-08-26 09:29:44 [INFO] core.event_bus: EVENT EPISODE_STARTED participant=P001 session=P001_S01 trial=P001_S01_ST1TR_TR01_R01 value=None
2026-08-26 09:29:45 [INFO] core.event_bus: EVENT COLLISION participant=P001 session=P001_S01 trial=P001_S01_ST1TR_TR01_R01 value=(1, -1)
2026-08-26 09:29:45 [INFO] core.event_bus: EVENT EPISODE_ENDED participant=P001 session=P001_S01 trial=P001_S01_ST1TR_TR01_R01 value=reward=-54.5
2026-08-26 09:29:45 [INFO] core.event_bus: EVENT EPISODE_STARTED participant=P001 session=P001_S01 trial=P001_S01_ST1TR_TR01_R01 value=None
2026-08-26 09:29:45 [INFO] core.event_bus: EVENT COLLISION participant=P001 session=P001_S01 trial=P001_S01_ST1TR_TR01_R01 value=(0, -1)
2026-08-26 09:29:45 [INFO] core.event_bus: EVENT EPISODE_ENDED participant=P001 session=P001_S01 trial=P001_S01_ST1TR_TR01_R01 value=reward=-50.0
2026-08-26 09:29:45 [INFO] core.event_bus: EVENT EPISODE_STARTED participant=P001 session=P001_S01 trial=P001_S01_ST1TR_TR01_R01 value=None
2026-08-26 09:29:45 [INFO] core.event_bus: EVENT COLLISION participant=P001 session=P001_S01 trial=P001_S01_ST1TR_TR01_R01 value=(1, 1)
2026-08-26 09:29:45 [INFO] core.event_bus: EVENT EPISODE_ENDED participant=P001 session=P001_S01 trial=P001_S01_ST1TR_TR01_R01 value=reward=-50.5
2026-08-26 09:29:45 [INFO] core.event_bus: EVENT EPISODE_STARTED participant=P001 session=P001_S01 trial=P001_S01_ST1TR_TR01_R01 value=None
2026-08-26 09:29:45 [INFO] core.event_bus: EVENT COLLISION participant=P001 session=P001_S01 trial=P001_S01_ST1TR_TR01_R01 value=(1, 3)
2026-08-26 09:29:45 [INFO] core.event_bus: EVENT EPISODE_ENDED participant=P001 session=P001_S01 trial=P001_S01_ST1TR_TR01_R01 value=reward=-51.5
2026-08-26 09:29:45 [INFO] core.event_bus: EVENT EPISODE_STARTED participant=P001 session=P001_S01 trial=P001_S01_ST1TR_TR01_R01 value=None
2026-08-26 09:29:46 [INFO] core.event_bus: EVENT COLLISION participant=P001 session=P001_S01 trial=P001_S01_ST1TR_TR01_R01 value=(3, 2)
2026-08-26 09:29:46 [INFO] core.event_bus: EVENT EPISODE_ENDED participant=P001 session=P001_S01 trial=P001_S01_ST1TR_TR01_R01 value=reward=-54.0
2026-08-26 09:29:46 [INFO] core.event_bus: EVENT EPISODE_STARTED participant=P001 session=P001_S01 trial=P001_S01_ST1TR_TR01_R01 value=None
2026-08-26 09:29:46 [INFO] core.event_bus: EVENT COLLISION participant=P001 session=P001_S01 trial=P001_S01_ST1TR_TR01_R01 value=(1, 2)
2026-08-26 09:29:46 [INFO] core.event_bus: EVENT EPISODE_ENDED participant=P001 session=P001_S01 trial=P001_S01_ST1TR_TR01_R01 value=reward=-59.0
2026-08-26 09:29:46 [INFO] core.event_bus: EVENT EPISODE_STARTED participant=P001 session=P001_S01 trial=P001_S01_ST1TR_TR01_R01 value=None
2026-08-26 09:29:46 [INFO] core.event_bus: EVENT COLLISION participant=P001 session=P001_S01 trial=P001_S01_ST1TR_TR01_R01 value=(1, 2)
2026-08-26 09:29:46 [INFO] core.event_bus: EVENT EPISODE_ENDED participant=P001 session=P001_S01 trial=P001_S01_ST1TR_TR01_R01 value=reward=-51.0
2026-08-26 09:29:46 [INFO] core.event_bus: EVENT EPISODE_STARTED participant=P001 session=P001_S01 trial=P001_S01_ST1TR_TR01_R01 value=None
2026-08-26 09:29:47 [INFO] core.event_bus: EVENT COLLISION participant=P001 session=P001_S01 trial=P001_S01_ST1TR_TR01_R01 value=(-1, 0)
2026-08-26 09:29:47 [INFO] core.event_bus: EVENT EPISODE_ENDED participant=P001 session=P001_S01 trial=P001_S01_ST1TR_TR01_R01 value=reward=-54.0
2026-08-26 09:29:47 [INFO] core.event_bus: EVENT EPISODE_STARTED participant=P001 session=P001_S01 trial=P001_S01_ST1TR_TR01_R01 value=None
2026-08-26 09:29:47 [INFO] core.event_bus: EVENT CRITICAL_STATE participant=P001 session=P001_S01 trial=P001_S01_ST1TR_TR01_R01 value=state=(0, 2);method=oscillation_pattern
2026-08-26 09:29:47 [INFO] core.event_bus: EVENT FEEDBACK_REQUESTED participant=P001 session=P001_S01 trial=P001_S01_ST1TR_TR01_R01 value=(0, 2)
2026-08-26 09:29:49 [INFO] core.event_bus: EVENT FEEDBACK_RECEIVED participant=P001 session=P001_S01 trial=P001_S01_ST1TR_TR01_R01 value=Keyboard:RIGHT
2026-08-26 09:29:49 [INFO] core.event_bus: EVENT FEEDBACK_APPLIED participant=P001 session=P001_S01 trial=P001_S01_ST1TR_TR01_R01 value=Keyboard:RIGHT
2026-08-26 09:29:49 [INFO] core.event_bus: EVENT COLLISION participant=P001 session=P001_S01 trial=P001_S01_ST1TR_TR01_R01 value=(1, 3)
2026-08-26 09:29:49 [INFO] core.event_bus: EVENT EPISODE_ENDED participant=P001 session=P001_S01 trial=P001_S01_ST1TR_TR01_R01 value=reward=-55.5
2026-08-26 09:29:49 [INFO] core.event_bus: EVENT EPISODE_STARTED participant=P001 session=P001_S01 trial=P001_S01_ST1TR_TR01_R01 value=None
2026-08-26 09:29:50 [INFO] core.event_bus: EVENT COLLISION participant=P001 session=P001_S01 trial=P001_S01_ST1TR_TR01_R01 value=(1, 1)
2026-08-26 09:29:50 [INFO] core.event_bus: EVENT EPISODE_ENDED participant=P001 session=P001_S01 trial=P001_S01_ST1TR_TR01_R01 value=reward=-61.5
2026-08-26 09:29:50 [INFO] core.event_bus: EVENT EPISODE_STARTED participant=P001 session=P001_S01 trial=P001_S01_ST1TR_TR01_R01 value=None
2026-08-26 09:29:50 [INFO] core.event_bus: EVENT COLLISION participant=P001 session=P001_S01 trial=P001_S01_ST1TR_TR01_R01 value=(3, -1)
2026-08-26 09:29:50 [INFO] core.event_bus: EVENT EPISODE_ENDED participant=P001 session=P001_S01 trial=P001_S01_ST1TR_TR01_R01 value=reward=-51.5
2026-08-26 09:29:50 [INFO] core.event_bus: EVENT EPISODE_STARTED participant=P001 session=P001_S01 trial=P001_S01_ST1TR_TR01_R01 value=None
2026-08-26 09:29:50 [INFO] core.event_bus: EVENT PRACTICE_ENDED participant=P001 session=P001_S01 trial=P001_S01_ST1TR_TR01_R01 value=None
2026-08-26 09:29:50 [INFO] core.event_bus: EVENT TRIAL_ENDED participant=P001 session=P001_S01 trial=P001_S01_ST1TR_TR01_R01 value=Valid; TR01/R01
2026-08-26 09:29:50 [INFO] core.workflow_manager: Ended run P001_S1TR_R01 -> Completed
2026-08-26 09:29:56 [INFO] core.workflow_manager: Started run P001_S1TR_R02 (Study 1 - Training) for P001
2026-08-26 09:29:56 [INFO] core.event_bus: EVENT TRIAL_CREATED participant=P001 session=P001_S01 trial=P001_S01_ST1TR_TR02_R01 value=practice; TR02/R01; Gridworld_Requested_Joystick
2026-08-26 09:29:56 [INFO] core.event_bus: EVENT TRIAL_STARTED participant=P001 session=P001_S01 trial=P001_S01_ST1TR_TR02_R01 value=TR02/R01
2026-08-26 09:29:56 [INFO] core.event_bus: EVENT PRACTICE_STARTED participant=P001 session=P001_S01 trial=P001_S01_ST1TR_TR02_R01 value=None
2026-08-26 09:29:56 [ERROR] core.application_controller: Could not start HoloLens recording for P001_S01_ST1TR_TR02_R01
Traceback (most recent call last):
  File "D:\Courses\Independent Study 2\User_Study\Desktop App\hint_study_console_v1.1.3_hololens_study_recording\hint_study_console_v1.1.3_hololens_study_recording\core\application_controller.py", line 393, in _start_trial_sensor_recordings
    paths = self.device_manager.start_hololens_trial_recording(trial)
            ^^^^^^^^^^^^^^^^^^^^^^^^^^^^^^^^^^^^^^^^^^^^^^^^^^^^^^^^^
  File "D:\Courses\Independent Study 2\User_Study\Desktop App\hint_study_console_v1.1.3_hololens_study_recording\hint_study_console_v1.1.3_hololens_study_recording\devices\device_manager.py", line 156, in start_hololens_trial_recording
    return self.hololens_device.start_trial_recording(trial)
           ^^^^^^^^^^^^^^^^^^^^^^^^^^^^^^^^^^^^^^^^^^^^^^^^^
  File "D:\Courses\Independent Study 2\User_Study\Desktop App\hint_study_console_v1.1.3_hololens_study_recording\hint_study_console_v1.1.3_hololens_study_recording\devices\hololens_device.py", line 731, in start_trial_recording
    pointer_handle = open(pointer_csv_path, "w", newline="", encoding="utf-8")
                     ^^^^^^^^^^^^^^^^^^^^^^^^^^^^^^^^^^^^^^^^^^^^^^^^^^^^^^^^^
FileNotFoundError: [Errno 2] No such file or directory: 'D:\\Courses\\Independent Study 2\\User_Study\\Desktop App\\hint_study_console_v1.1.3_hololens_study_recording\\hint_study_console_v1.1.3_hololens_study_recording\\data\\P001\\S01\\Training\\Study1\\TR02_Gridworld_Requested_Joystick\\R01\\sensors\\hololens\\hololens_gaze_pointer.csv'
2026-08-26 09:29:56 [INFO] core.event_bus: EVENT EXPERIMENTER_NOTE participant=P001 session=P001_S01 trial=P001_S01_ST1TR_TR02_R01 value=HoloLens recording NOT started: [Errno 2] No such file or directory: 'D:\\Courses\\Independent Study 2\\User_Study\\Desktop App\\hint_study_console_v1.1.3_hololens_study_recording\\hint_study_console_v1.1.3_hololens_study_recording\\data\\P001\\S01\\Training\\Study1\\TR02_Gridworld_Requested_Joystick\\R01\\sensors\\hololens\\hololens_gaze_pointer.csv'
2026-08-26 09:29:56 [INFO] core.event_bus: EVENT EPISODE_STARTED participant=P001 session=P001_S01 trial=P001_S01_ST1TR_TR02_R01 value=None
2026-08-26 09:29:56 [INFO] core.event_bus: EVENT COLLISION participant=P001 session=P001_S01 trial=P001_S01_ST1TR_TR02_R01 value=(1, 1)
2026-08-26 09:29:56 [INFO] core.event_bus: EVENT EPISODE_ENDED participant=P001 session=P001_S01 trial=P001_S01_ST1TR_TR02_R01 value=reward=-50.5
2026-08-26 09:29:56 [INFO] core.event_bus: EVENT EPISODE_STARTED participant=P001 session=P001_S01 trial=P001_S01_ST1TR_TR02_R01 value=None
2026-08-26 09:29:57 [INFO] core.event_bus: EVENT COLLISION participant=P001 session=P001_S01 trial=P001_S01_ST1TR_TR02_R01 value=(-1, 0)
2026-08-26 09:29:57 [INFO] core.event_bus: EVENT EPISODE_ENDED participant=P001 session=P001_S01 trial=P001_S01_ST1TR_TR02_R01 value=reward=-52.0
2026-08-26 09:29:57 [INFO] core.event_bus: EVENT EPISODE_STARTED participant=P001 session=P001_S01 trial=P001_S01_ST1TR_TR02_R01 value=None
2026-08-26 09:29:57 [INFO] core.event_bus: EVENT COLLISION participant=P001 session=P001_S01 trial=P001_S01_ST1TR_TR02_R01 value=(-1, 3)
2026-08-26 09:29:57 [INFO] core.event_bus: EVENT EPISODE_ENDED participant=P001 session=P001_S01 trial=P001_S01_ST1TR_TR02_R01 value=reward=-51.5
2026-08-26 09:29:57 [INFO] core.event_bus: EVENT EPISODE_STARTED participant=P001 session=P001_S01 trial=P001_S01_ST1TR_TR02_R01 value=None
2026-08-26 09:29:57 [INFO] core.event_bus: EVENT COLLISION participant=P001 session=P001_S01 trial=P001_S01_ST1TR_TR02_R01 value=(0, -1)
2026-08-26 09:29:57 [INFO] core.event_bus: EVENT EPISODE_ENDED participant=P001 session=P001_S01 trial=P001_S01_ST1TR_TR02_R01 value=reward=-50.0
2026-08-26 09:29:57 [INFO] core.event_bus: EVENT EPISODE_STARTED participant=P001 session=P001_S01 trial=P001_S01_ST1TR_TR02_R01 value=None
2026-08-26 09:29:57 [INFO] core.event_bus: EVENT COLLISION participant=P001 session=P001_S01 trial=P001_S01_ST1TR_TR02_R01 value=(1, 1)
2026-08-26 09:29:57 [INFO] core.event_bus: EVENT EPISODE_ENDED participant=P001 session=P001_S01 trial=P001_S01_ST1TR_TR02_R01 value=reward=-50.5
2026-08-26 09:29:57 [INFO] core.event_bus: EVENT EPISODE_STARTED participant=P001 session=P001_S01 trial=P001_S01_ST1TR_TR02_R01 value=None
2026-08-26 09:29:57 [INFO] core.event_bus: EVENT COLLISION participant=P001 session=P001_S01 trial=P001_S01_ST1TR_TR02_R01 value=(0, -1)
2026-08-26 09:29:57 [INFO] core.event_bus: EVENT EPISODE_ENDED participant=P001 session=P001_S01 trial=P001_S01_ST1TR_TR02_R01 value=reward=-50.0
2026-08-26 09:29:57 [INFO] core.event_bus: EVENT EPISODE_STARTED participant=P001 session=P001_S01 trial=P001_S01_ST1TR_TR02_R01 value=None
2026-08-26 09:29:57 [INFO] core.event_bus: EVENT COLLISION participant=P001 session=P001_S01 trial=P001_S01_ST1TR_TR02_R01 value=(1, -1)
2026-08-26 09:29:57 [INFO] core.event_bus: EVENT EPISODE_ENDED participant=P001 session=P001_S01 trial=P001_S01_ST1TR_TR02_R01 value=reward=-54.5
2026-08-26 09:29:57 [INFO] core.event_bus: EVENT EPISODE_STARTED participant=P001 session=P001_S01 trial=P001_S01_ST1TR_TR02_R01 value=None
2026-08-26 09:29:58 [INFO] core.event_bus: EVENT COLLISION participant=P001 session=P001_S01 trial=P001_S01_ST1TR_TR02_R01 value=(0, -1)
2026-08-26 09:29:58 [INFO] core.event_bus: EVENT EPISODE_ENDED participant=P001 session=P001_S01 trial=P001_S01_ST1TR_TR02_R01 value=reward=-50.0
2026-08-26 09:29:58 [INFO] core.event_bus: EVENT EPISODE_STARTED participant=P001 session=P001_S01 trial=P001_S01_ST1TR_TR02_R01 value=None
2026-08-26 09:29:58 [INFO] core.event_bus: EVENT COLLISION participant=P001 session=P001_S01 trial=P001_S01_ST1TR_TR02_R01 value=(1, 1)
2026-08-26 09:29:58 [INFO] core.event_bus: EVENT EPISODE_ENDED participant=P001 session=P001_S01 trial=P001_S01_ST1TR_TR02_R01 value=reward=-50.5
2026-08-26 09:29:58 [INFO] core.event_bus: EVENT EPISODE_STARTED participant=P001 session=P001_S01 trial=P001_S01_ST1TR_TR02_R01 value=None
2026-08-26 09:29:58 [INFO] core.event_bus: EVENT COLLISION participant=P001 session=P001_S01 trial=P001_S01_ST1TR_TR02_R01 value=(1, 3)
2026-08-26 09:29:58 [INFO] core.event_bus: EVENT EPISODE_ENDED participant=P001 session=P001_S01 trial=P001_S01_ST1TR_TR02_R01 value=reward=-51.5
2026-08-26 09:29:58 [INFO] core.event_bus: EVENT EPISODE_STARTED participant=P001 session=P001_S01 trial=P001_S01_ST1TR_TR02_R01 value=None
2026-08-26 09:29:58 [INFO] core.event_bus: EVENT COLLISION participant=P001 session=P001_S01 trial=P001_S01_ST1TR_TR02_R01 value=(3, 2)
2026-08-26 09:29:58 [INFO] core.event_bus: EVENT EPISODE_ENDED participant=P001 session=P001_S01 trial=P001_S01_ST1TR_TR02_R01 value=reward=-54.0
2026-08-26 09:29:58 [INFO] core.event_bus: EVENT EPISODE_STARTED participant=P001 session=P001_S01 trial=P001_S01_ST1TR_TR02_R01 value=None
2026-08-26 09:29:58 [INFO] core.event_bus: EVENT PRACTICE_ENDED participant=P001 session=P001_S01 trial=P001_S01_ST1TR_TR02_R01 value=None
2026-08-26 09:29:58 [INFO] core.event_bus: EVENT TRIAL_ENDED participant=P001 session=P001_S01 trial=P001_S01_ST1TR_TR02_R01 value=Valid; TR02/R01
2026-08-26 09:29:58 [INFO] core.workflow_manager: Ended run P001_S1TR_R02 -> Completed
2026-08-26 09:30:02 [INFO] core.workflow_manager: Started run P001_S1TR_R03 (Study 1 - Training) for P001
2026-08-26 09:30:02 [INFO] core.event_bus: EVENT TRIAL_CREATED participant=P001 session=P001_S01 trial=P001_S01_ST1TR_TR03_R01 value=practice; TR03/R01; Gridworld_Requested_Voice
2026-08-26 09:30:02 [INFO] core.event_bus: EVENT TRIAL_STARTED participant=P001 session=P001_S01 trial=P001_S01_ST1TR_TR03_R01 value=TR03/R01
2026-08-26 09:30:02 [INFO] core.event_bus: EVENT PRACTICE_STARTED participant=P001 session=P001_S01 trial=P001_S01_ST1TR_TR03_R01 value=None
2026-08-26 09:30:02 [ERROR] core.application_controller: Could not start HoloLens recording for P001_S01_ST1TR_TR03_R01
Traceback (most recent call last):
  File "D:\Courses\Independent Study 2\User_Study\Desktop App\hint_study_console_v1.1.3_hololens_study_recording\hint_study_console_v1.1.3_hololens_study_recording\core\application_controller.py", line 393, in _start_trial_sensor_recordings
    paths = self.device_manager.start_hololens_trial_recording(trial)
            ^^^^^^^^^^^^^^^^^^^^^^^^^^^^^^^^^^^^^^^^^^^^^^^^^^^^^^^^^
  File "D:\Courses\Independent Study 2\User_Study\Desktop App\hint_study_console_v1.1.3_hololens_study_recording\hint_study_console_v1.1.3_hololens_study_recording\devices\device_manager.py", line 156, in start_hololens_trial_recording
    return self.hololens_device.start_trial_recording(trial)
           ^^^^^^^^^^^^^^^^^^^^^^^^^^^^^^^^^^^^^^^^^^^^^^^^^
  File "D:\Courses\Independent Study 2\User_Study\Desktop App\hint_study_console_v1.1.3_hololens_study_recording\hint_study_console_v1.1.3_hololens_study_recording\devices\hololens_device.py", line 731, in start_trial_recording
    pointer_handle = open(pointer_csv_path, "w", newline="", encoding="utf-8")
                     ^^^^^^^^^^^^^^^^^^^^^^^^^^^^^^^^^^^^^^^^^^^^^^^^^^^^^^^^^
FileNotFoundError: [Errno 2] No such file or directory: 'D:\\Courses\\Independent Study 2\\User_Study\\Desktop App\\hint_study_console_v1.1.3_hololens_study_recording\\hint_study_console_v1.1.3_hololens_study_recording\\data\\P001\\S01\\Training\\Study1\\TR03_Gridworld_Requested_Voice\\R01\\sensors\\hololens\\hololens_gaze_pointer.csv'
2026-08-26 09:30:02 [INFO] core.event_bus: EVENT EXPERIMENTER_NOTE participant=P001 session=P001_S01 trial=P001_S01_ST1TR_TR03_R01 value=HoloLens recording NOT started: [Errno 2] No such file or directory: 'D:\\Courses\\Independent Study 2\\User_Study\\Desktop App\\hint_study_console_v1.1.3_hololens_study_recording\\hint_study_console_v1.1.3_hololens_study_recording\\data\\P001\\S01\\Training\\Study1\\TR03_Gridworld_Requested_Voice\\R01\\sensors\\hololens\\hololens_gaze_pointer.csv'
2026-08-26 09:30:02 [INFO] core.event_bus: EVENT EPISODE_STARTED participant=P001 session=P001_S01 trial=P001_S01_ST1TR_TR03_R01 value=None
2026-08-26 09:30:02 [INFO] core.event_bus: EVENT COLLISION participant=P001 session=P001_S01 trial=P001_S01_ST1TR_TR03_R01 value=(1, 1)
2026-08-26 09:30:02 [INFO] core.event_bus: EVENT EPISODE_ENDED participant=P001 session=P001_S01 trial=P001_S01_ST1TR_TR03_R01 value=reward=-50.5
2026-08-26 09:30:02 [INFO] core.event_bus: EVENT EPISODE_STARTED participant=P001 session=P001_S01 trial=P001_S01_ST1TR_TR03_R01 value=None
2026-08-26 09:30:02 [INFO] core.event_bus: EVENT COLLISION participant=P001 session=P001_S01 trial=P001_S01_ST1TR_TR03_R01 value=(-1, 0)
2026-08-26 09:30:02 [INFO] core.event_bus: EVENT EPISODE_ENDED participant=P001 session=P001_S01 trial=P001_S01_ST1TR_TR03_R01 value=reward=-52.0
2026-08-26 09:30:02 [INFO] core.event_bus: EVENT EPISODE_STARTED participant=P001 session=P001_S01 trial=P001_S01_ST1TR_TR03_R01 value=None
2026-08-26 09:30:02 [INFO] core.event_bus: EVENT COLLISION participant=P001 session=P001_S01 trial=P001_S01_ST1TR_TR03_R01 value=(-1, 3)
2026-08-26 09:30:02 [INFO] core.event_bus: EVENT EPISODE_ENDED participant=P001 session=P001_S01 trial=P001_S01_ST1TR_TR03_R01 value=reward=-51.5
2026-08-26 09:30:02 [INFO] core.event_bus: EVENT EPISODE_STARTED participant=P001 session=P001_S01 trial=P001_S01_ST1TR_TR03_R01 value=None
2026-08-26 09:30:02 [INFO] core.event_bus: EVENT COLLISION participant=P001 session=P001_S01 trial=P001_S01_ST1TR_TR03_R01 value=(0, -1)
2026-08-26 09:30:02 [INFO] core.event_bus: EVENT EPISODE_ENDED participant=P001 session=P001_S01 trial=P001_S01_ST1TR_TR03_R01 value=reward=-50.0
2026-08-26 09:30:02 [INFO] core.event_bus: EVENT EPISODE_STARTED participant=P001 session=P001_S01 trial=P001_S01_ST1TR_TR03_R01 value=None
2026-08-26 09:30:03 [INFO] core.event_bus: EVENT COLLISION participant=P001 session=P001_S01 trial=P001_S01_ST1TR_TR03_R01 value=(1, 1)
2026-08-26 09:30:03 [INFO] core.event_bus: EVENT EPISODE_ENDED participant=P001 session=P001_S01 trial=P001_S01_ST1TR_TR03_R01 value=reward=-50.5
2026-08-26 09:30:03 [INFO] core.event_bus: EVENT EPISODE_STARTED participant=P001 session=P001_S01 trial=P001_S01_ST1TR_TR03_R01 value=None
2026-08-26 09:30:03 [INFO] core.event_bus: EVENT COLLISION participant=P001 session=P001_S01 trial=P001_S01_ST1TR_TR03_R01 value=(0, -1)
2026-08-26 09:30:03 [INFO] core.event_bus: EVENT EPISODE_ENDED participant=P001 session=P001_S01 trial=P001_S01_ST1TR_TR03_R01 value=reward=-50.0
2026-08-26 09:30:03 [INFO] core.event_bus: EVENT EPISODE_STARTED participant=P001 session=P001_S01 trial=P001_S01_ST1TR_TR03_R01 value=None
2026-08-26 09:30:03 [INFO] core.event_bus: EVENT COLLISION participant=P001 session=P001_S01 trial=P001_S01_ST1TR_TR03_R01 value=(1, -1)
2026-08-26 09:30:03 [INFO] core.event_bus: EVENT EPISODE_ENDED participant=P001 session=P001_S01 trial=P001_S01_ST1TR_TR03_R01 value=reward=-54.5
2026-08-26 09:30:03 [INFO] core.event_bus: EVENT EPISODE_STARTED participant=P001 session=P001_S01 trial=P001_S01_ST1TR_TR03_R01 value=None
2026-08-26 09:30:03 [INFO] core.event_bus: EVENT COLLISION participant=P001 session=P001_S01 trial=P001_S01_ST1TR_TR03_R01 value=(0, -1)
2026-08-26 09:30:03 [INFO] core.event_bus: EVENT EPISODE_ENDED participant=P001 session=P001_S01 trial=P001_S01_ST1TR_TR03_R01 value=reward=-50.0
2026-08-26 09:30:03 [INFO] core.event_bus: EVENT EPISODE_STARTED participant=P001 session=P001_S01 trial=P001_S01_ST1TR_TR03_R01 value=None
2026-08-26 09:30:03 [INFO] core.event_bus: EVENT COLLISION participant=P001 session=P001_S01 trial=P001_S01_ST1TR_TR03_R01 value=(1, 1)
2026-08-26 09:30:03 [INFO] core.event_bus: EVENT EPISODE_ENDED participant=P001 session=P001_S01 trial=P001_S01_ST1TR_TR03_R01 value=reward=-50.5
2026-08-26 09:30:03 [INFO] core.event_bus: EVENT EPISODE_STARTED participant=P001 session=P001_S01 trial=P001_S01_ST1TR_TR03_R01 value=None
2026-08-26 09:30:03 [INFO] core.event_bus: EVENT COLLISION participant=P001 session=P001_S01 trial=P001_S01_ST1TR_TR03_R01 value=(1, 3)
2026-08-26 09:30:03 [INFO] core.event_bus: EVENT EPISODE_ENDED participant=P001 session=P001_S01 trial=P001_S01_ST1TR_TR03_R01 value=reward=-51.5
2026-08-26 09:30:03 [INFO] core.event_bus: EVENT EPISODE_STARTED participant=P001 session=P001_S01 trial=P001_S01_ST1TR_TR03_R01 value=None
2026-08-26 09:30:04 [INFO] core.event_bus: EVENT COLLISION participant=P001 session=P001_S01 trial=P001_S01_ST1TR_TR03_R01 value=(3, 2)
2026-08-26 09:30:04 [INFO] core.event_bus: EVENT EPISODE_ENDED participant=P001 session=P001_S01 trial=P001_S01_ST1TR_TR03_R01 value=reward=-54.0
2026-08-26 09:30:04 [INFO] core.event_bus: EVENT EPISODE_STARTED participant=P001 session=P001_S01 trial=P001_S01_ST1TR_TR03_R01 value=None
2026-08-26 09:30:05 [INFO] core.event_bus: EVENT COLLISION participant=P001 session=P001_S01 trial=P001_S01_ST1TR_TR03_R01 value=(1, 2)
2026-08-26 09:30:05 [INFO] core.event_bus: EVENT EPISODE_ENDED participant=P001 session=P001_S01 trial=P001_S01_ST1TR_TR03_R01 value=reward=-59.0
2026-08-26 09:30:05 [INFO] core.event_bus: EVENT EPISODE_STARTED participant=P001 session=P001_S01 trial=P001_S01_ST1TR_TR03_R01 value=None
2026-08-26 09:30:05 [INFO] core.event_bus: EVENT COLLISION participant=P001 session=P001_S01 trial=P001_S01_ST1TR_TR03_R01 value=(1, 2)
2026-08-26 09:30:05 [INFO] core.event_bus: EVENT EPISODE_ENDED participant=P001 session=P001_S01 trial=P001_S01_ST1TR_TR03_R01 value=reward=-51.0
2026-08-26 09:30:05 [INFO] core.event_bus: EVENT EPISODE_STARTED participant=P001 session=P001_S01 trial=P001_S01_ST1TR_TR03_R01 value=None
2026-08-26 09:30:05 [INFO] core.event_bus: EVENT COLLISION participant=P001 session=P001_S01 trial=P001_S01_ST1TR_TR03_R01 value=(-1, 0)
2026-08-26 09:30:05 [INFO] core.event_bus: EVENT EPISODE_ENDED participant=P001 session=P001_S01 trial=P001_S01_ST1TR_TR03_R01 value=reward=-54.0
2026-08-26 09:30:05 [INFO] core.event_bus: EVENT EPISODE_STARTED participant=P001 session=P001_S01 trial=P001_S01_ST1TR_TR03_R01 value=None
2026-08-26 09:30:05 [INFO] core.event_bus: EVENT CRITICAL_STATE participant=P001 session=P001_S01 trial=P001_S01_ST1TR_TR03_R01 value=state=(0, 2);method=oscillation_pattern
2026-08-26 09:30:05 [INFO] core.event_bus: EVENT FEEDBACK_REQUESTED participant=P001 session=P001_S01 trial=P001_S01_ST1TR_TR03_R01 value=(0, 2)
2026-08-26 09:30:09 [INFO] core.event_bus: EVENT FEEDBACK_RECEIVED participant=P001 session=P001_S01 trial=P001_S01_ST1TR_TR03_R01 value=Keyboard:RIGHT
2026-08-26 09:30:09 [INFO] core.event_bus: EVENT FEEDBACK_APPLIED participant=P001 session=P001_S01 trial=P001_S01_ST1TR_TR03_R01 value=Keyboard:RIGHT
2026-08-26 09:30:09 [INFO] core.event_bus: EVENT COLLISION participant=P001 session=P001_S01 trial=P001_S01_ST1TR_TR03_R01 value=(1, 3)
2026-08-26 09:30:09 [INFO] core.event_bus: EVENT EPISODE_ENDED participant=P001 session=P001_S01 trial=P001_S01_ST1TR_TR03_R01 value=reward=-55.5
2026-08-26 09:30:09 [INFO] core.event_bus: EVENT EPISODE_STARTED participant=P001 session=P001_S01 trial=P001_S01_ST1TR_TR03_R01 value=None
2026-08-26 09:30:10 [INFO] core.event_bus: EVENT COLLISION participant=P001 session=P001_S01 trial=P001_S01_ST1TR_TR03_R01 value=(1, 1)
2026-08-26 09:30:10 [INFO] core.event_bus: EVENT EPISODE_ENDED participant=P001 session=P001_S01 trial=P001_S01_ST1TR_TR03_R01 value=reward=-61.5
2026-08-26 09:30:10 [INFO] core.event_bus: EVENT EPISODE_STARTED participant=P001 session=P001_S01 trial=P001_S01_ST1TR_TR03_R01 value=None
2026-08-26 09:30:10 [INFO] core.event_bus: EVENT COLLISION participant=P001 session=P001_S01 trial=P001_S01_ST1TR_TR03_R01 value=(3, -1)
2026-08-26 09:30:10 [INFO] core.event_bus: EVENT EPISODE_ENDED participant=P001 session=P001_S01 trial=P001_S01_ST1TR_TR03_R01 value=reward=-51.5
2026-08-26 09:30:10 [INFO] core.event_bus: EVENT EPISODE_STARTED participant=P001 session=P001_S01 trial=P001_S01_ST1TR_TR03_R01 value=None
2026-08-26 09:30:11 [INFO] core.event_bus: EVENT COLLISION participant=P001 session=P001_S01 trial=P001_S01_ST1TR_TR03_R01 value=(0, -1)
2026-08-26 09:30:11 [INFO] core.event_bus: EVENT EPISODE_ENDED participant=P001 session=P001_S01 trial=P001_S01_ST1TR_TR03_R01 value=reward=-50.0
2026-08-26 09:30:11 [INFO] core.event_bus: EVENT EPISODE_STARTED participant=P001 session=P001_S01 trial=P001_S01_ST1TR_TR03_R01 value=None
2026-08-26 09:30:11 [INFO] core.event_bus: EVENT PRACTICE_ENDED participant=P001 session=P001_S01 trial=P001_S01_ST1TR_TR03_R01 value=None
2026-08-26 09:30:11 [INFO] core.event_bus: EVENT TRIAL_ENDED participant=P001 session=P001_S01 trial=P001_S01_ST1TR_TR03_R01 value=Valid; TR03/R01
2026-08-26 09:30:11 [INFO] core.workflow_manager: Ended run P001_S1TR_R03 -> Completed
2026-08-26 09:30:14 [INFO] core.workflow_manager: Started run P001_S1TR_R04 (Study 1 - Training) for P001
2026-08-26 09:30:14 [INFO] core.event_bus: EVENT TRIAL_CREATED participant=P001 session=P001_S01 trial=P001_S01_ST1TR_TR04_R01 value=practice; TR04/R01; Gridworld_Requested_Gaze
2026-08-26 09:30:14 [INFO] core.event_bus: EVENT TRIAL_STARTED participant=P001 session=P001_S01 trial=P001_S01_ST1TR_TR04_R01 value=TR04/R01
2026-08-26 09:30:14 [INFO] core.event_bus: EVENT PRACTICE_STARTED participant=P001 session=P001_S01 trial=P001_S01_ST1TR_TR04_R01 value=None
2026-08-26 09:30:14 [ERROR] core.application_controller: Could not start HoloLens recording for P001_S01_ST1TR_TR04_R01
Traceback (most recent call last):
  File "D:\Courses\Independent Study 2\User_Study\Desktop App\hint_study_console_v1.1.3_hololens_study_recording\hint_study_console_v1.1.3_hololens_study_recording\core\application_controller.py", line 393, in _start_trial_sensor_recordings
    paths = self.device_manager.start_hololens_trial_recording(trial)
            ^^^^^^^^^^^^^^^^^^^^^^^^^^^^^^^^^^^^^^^^^^^^^^^^^^^^^^^^^
  File "D:\Courses\Independent Study 2\User_Study\Desktop App\hint_study_console_v1.1.3_hololens_study_recording\hint_study_console_v1.1.3_hololens_study_recording\devices\device_manager.py", line 156, in start_hololens_trial_recording
    return self.hololens_device.start_trial_recording(trial)
           ^^^^^^^^^^^^^^^^^^^^^^^^^^^^^^^^^^^^^^^^^^^^^^^^^
  File "D:\Courses\Independent Study 2\User_Study\Desktop App\hint_study_console_v1.1.3_hololens_study_recording\hint_study_console_v1.1.3_hololens_study_recording\devices\hololens_device.py", line 731, in start_trial_recording
    pointer_handle = open(pointer_csv_path, "w", newline="", encoding="utf-8")
                     ^^^^^^^^^^^^^^^^^^^^^^^^^^^^^^^^^^^^^^^^^^^^^^^^^^^^^^^^^
FileNotFoundError: [Errno 2] No such file or directory: 'D:\\Courses\\Independent Study 2\\User_Study\\Desktop App\\hint_study_console_v1.1.3_hololens_study_recording\\hint_study_console_v1.1.3_hololens_study_recording\\data\\P001\\S01\\Training\\Study1\\TR04_Gridworld_Requested_Gaze\\R01\\sensors\\hololens\\hololens_gaze_pointer.csv'
2026-08-26 09:30:14 [INFO] core.event_bus: EVENT EXPERIMENTER_NOTE participant=P001 session=P001_S01 trial=P001_S01_ST1TR_TR04_R01 value=HoloLens recording NOT started: [Errno 2] No such file or directory: 'D:\\Courses\\Independent Study 2\\User_Study\\Desktop App\\hint_study_console_v1.1.3_hololens_study_recording\\hint_study_console_v1.1.3_hololens_study_recording\\data\\P001\\S01\\Training\\Study1\\TR04_Gridworld_Requested_Gaze\\R01\\sensors\\hololens\\hololens_gaze_pointer.csv'
2026-08-26 09:30:14 [INFO] core.event_bus: EVENT EPISODE_STARTED participant=P001 session=P001_S01 trial=P001_S01_ST1TR_TR04_R01 value=None
2026-08-26 09:30:15 [INFO] core.event_bus: EVENT COLLISION participant=P001 session=P001_S01 trial=P001_S01_ST1TR_TR04_R01 value=(1, 1)
2026-08-26 09:30:15 [INFO] core.event_bus: EVENT EPISODE_ENDED participant=P001 session=P001_S01 trial=P001_S01_ST1TR_TR04_R01 value=reward=-50.5
2026-08-26 09:30:15 [INFO] core.event_bus: EVENT EPISODE_STARTED participant=P001 session=P001_S01 trial=P001_S01_ST1TR_TR04_R01 value=None
2026-08-26 09:30:15 [INFO] core.event_bus: EVENT COLLISION participant=P001 session=P001_S01 trial=P001_S01_ST1TR_TR04_R01 value=(-1, 0)
2026-08-26 09:30:15 [INFO] core.event_bus: EVENT EPISODE_ENDED participant=P001 session=P001_S01 trial=P001_S01_ST1TR_TR04_R01 value=reward=-52.0
2026-08-26 09:30:15 [INFO] core.event_bus: EVENT EPISODE_STARTED participant=P001 session=P001_S01 trial=P001_S01_ST1TR_TR04_R01 value=None
2026-08-26 09:30:15 [INFO] core.event_bus: EVENT COLLISION participant=P001 session=P001_S01 trial=P001_S01_ST1TR_TR04_R01 value=(-1, 3)
2026-08-26 09:30:15 [INFO] core.event_bus: EVENT EPISODE_ENDED participant=P001 session=P001_S01 trial=P001_S01_ST1TR_TR04_R01 value=reward=-51.5
2026-08-26 09:30:15 [INFO] core.event_bus: EVENT EPISODE_STARTED participant=P001 session=P001_S01 trial=P001_S01_ST1TR_TR04_R01 value=None
2026-08-26 09:30:15 [INFO] core.event_bus: EVENT COLLISION participant=P001 session=P001_S01 trial=P001_S01_ST1TR_TR04_R01 value=(0, -1)
2026-08-26 09:30:15 [INFO] core.event_bus: EVENT EPISODE_ENDED participant=P001 session=P001_S01 trial=P001_S01_ST1TR_TR04_R01 value=reward=-50.0
2026-08-26 09:30:15 [INFO] core.event_bus: EVENT EPISODE_STARTED participant=P001 session=P001_S01 trial=P001_S01_ST1TR_TR04_R01 value=None
2026-08-26 09:30:15 [INFO] core.event_bus: EVENT COLLISION participant=P001 session=P001_S01 trial=P001_S01_ST1TR_TR04_R01 value=(1, 1)
2026-08-26 09:30:15 [INFO] core.event_bus: EVENT EPISODE_ENDED participant=P001 session=P001_S01 trial=P001_S01_ST1TR_TR04_R01 value=reward=-50.5
2026-08-26 09:30:15 [INFO] core.event_bus: EVENT EPISODE_STARTED participant=P001 session=P001_S01 trial=P001_S01_ST1TR_TR04_R01 value=None
2026-08-26 09:30:15 [INFO] core.event_bus: EVENT COLLISION participant=P001 session=P001_S01 trial=P001_S01_ST1TR_TR04_R01 value=(0, -1)
2026-08-26 09:30:15 [INFO] core.event_bus: EVENT EPISODE_ENDED participant=P001 session=P001_S01 trial=P001_S01_ST1TR_TR04_R01 value=reward=-50.0
2026-08-26 09:30:15 [INFO] core.event_bus: EVENT EPISODE_STARTED participant=P001 session=P001_S01 trial=P001_S01_ST1TR_TR04_R01 value=None
2026-08-26 09:30:16 [INFO] core.event_bus: EVENT COLLISION participant=P001 session=P001_S01 trial=P001_S01_ST1TR_TR04_R01 value=(1, -1)
2026-08-26 09:30:16 [INFO] core.event_bus: EVENT EPISODE_ENDED participant=P001 session=P001_S01 trial=P001_S01_ST1TR_TR04_R01 value=reward=-54.5
2026-08-26 09:30:16 [INFO] core.event_bus: EVENT EPISODE_STARTED participant=P001 session=P001_S01 trial=P001_S01_ST1TR_TR04_R01 value=None
2026-08-26 09:30:16 [INFO] core.event_bus: EVENT COLLISION participant=P001 session=P001_S01 trial=P001_S01_ST1TR_TR04_R01 value=(0, -1)
2026-08-26 09:30:16 [INFO] core.event_bus: EVENT EPISODE_ENDED participant=P001 session=P001_S01 trial=P001_S01_ST1TR_TR04_R01 value=reward=-50.0
2026-08-26 09:30:16 [INFO] core.event_bus: EVENT EPISODE_STARTED participant=P001 session=P001_S01 trial=P001_S01_ST1TR_TR04_R01 value=None
2026-08-26 09:30:16 [INFO] core.event_bus: EVENT COLLISION participant=P001 session=P001_S01 trial=P001_S01_ST1TR_TR04_R01 value=(1, 1)
2026-08-26 09:30:16 [INFO] core.event_bus: EVENT EPISODE_ENDED participant=P001 session=P001_S01 trial=P001_S01_ST1TR_TR04_R01 value=reward=-50.5
2026-08-26 09:30:16 [INFO] core.event_bus: EVENT EPISODE_STARTED participant=P001 session=P001_S01 trial=P001_S01_ST1TR_TR04_R01 value=None
2026-08-26 09:30:16 [INFO] core.event_bus: EVENT COLLISION participant=P001 session=P001_S01 trial=P001_S01_ST1TR_TR04_R01 value=(1, 3)
2026-08-26 09:30:16 [INFO] core.event_bus: EVENT EPISODE_ENDED participant=P001 session=P001_S01 trial=P001_S01_ST1TR_TR04_R01 value=reward=-51.5
2026-08-26 09:30:16 [INFO] core.event_bus: EVENT EPISODE_STARTED participant=P001 session=P001_S01 trial=P001_S01_ST1TR_TR04_R01 value=None
2026-08-26 09:30:16 [INFO] core.event_bus: EVENT COLLISION participant=P001 session=P001_S01 trial=P001_S01_ST1TR_TR04_R01 value=(3, 2)
2026-08-26 09:30:16 [INFO] core.event_bus: EVENT EPISODE_ENDED participant=P001 session=P001_S01 trial=P001_S01_ST1TR_TR04_R01 value=reward=-54.0
2026-08-26 09:30:16 [INFO] core.event_bus: EVENT EPISODE_STARTED participant=P001 session=P001_S01 trial=P001_S01_ST1TR_TR04_R01 value=None
2026-08-26 09:30:17 [INFO] core.event_bus: EVENT COLLISION participant=P001 session=P001_S01 trial=P001_S01_ST1TR_TR04_R01 value=(1, 2)
2026-08-26 09:30:17 [INFO] core.event_bus: EVENT EPISODE_ENDED participant=P001 session=P001_S01 trial=P001_S01_ST1TR_TR04_R01 value=reward=-59.0
2026-08-26 09:30:17 [INFO] core.event_bus: EVENT EPISODE_STARTED participant=P001 session=P001_S01 trial=P001_S01_ST1TR_TR04_R01 value=None
2026-08-26 09:30:17 [INFO] core.event_bus: EVENT COLLISION participant=P001 session=P001_S01 trial=P001_S01_ST1TR_TR04_R01 value=(1, 2)
2026-08-26 09:30:17 [INFO] core.event_bus: EVENT EPISODE_ENDED participant=P001 session=P001_S01 trial=P001_S01_ST1TR_TR04_R01 value=reward=-51.0
2026-08-26 09:30:17 [INFO] core.event_bus: EVENT EPISODE_STARTED participant=P001 session=P001_S01 trial=P001_S01_ST1TR_TR04_R01 value=None
2026-08-26 09:30:18 [INFO] core.event_bus: EVENT COLLISION participant=P001 session=P001_S01 trial=P001_S01_ST1TR_TR04_R01 value=(-1, 0)
2026-08-26 09:30:18 [INFO] core.event_bus: EVENT EPISODE_ENDED participant=P001 session=P001_S01 trial=P001_S01_ST1TR_TR04_R01 value=reward=-54.0
2026-08-26 09:30:18 [INFO] core.event_bus: EVENT EPISODE_STARTED participant=P001 session=P001_S01 trial=P001_S01_ST1TR_TR04_R01 value=None
2026-08-26 09:30:18 [INFO] core.event_bus: EVENT CRITICAL_STATE participant=P001 session=P001_S01 trial=P001_S01_ST1TR_TR04_R01 value=state=(0, 2);method=oscillation_pattern
2026-08-26 09:30:18 [INFO] core.event_bus: EVENT FEEDBACK_REQUESTED participant=P001 session=P001_S01 trial=P001_S01_ST1TR_TR04_R01 value=(0, 2)
2026-08-26 09:30:18 [INFO] core.event_bus: EVENT PRACTICE_ENDED participant=P001 session=P001_S01 trial=P001_S01_ST1TR_TR04_R01 value=None
2026-08-26 09:30:18 [INFO] core.event_bus: EVENT TRIAL_ENDED participant=P001 session=P001_S01 trial=P001_S01_ST1TR_TR04_R01 value=Valid; TR04/R01
2026-08-26 09:30:18 [INFO] core.workflow_manager: Ended run P001_S1TR_R04 -> Completed
2026-08-26 09:30:24 [INFO] core.workflow_manager: Started run P001_S1TR_R05 (Study 1 - Training) for P001
2026-08-26 09:30:24 [INFO] core.event_bus: EVENT TRIAL_CREATED participant=P001 session=P001_S01 trial=P001_S01_ST1TR_TR05_R01 value=practice; TR05/R01; Gridworld_Anytime_Keyboard
2026-08-26 09:30:24 [INFO] core.event_bus: EVENT TRIAL_STARTED participant=P001 session=P001_S01 trial=P001_S01_ST1TR_TR05_R01 value=TR05/R01
2026-08-26 09:30:24 [INFO] core.event_bus: EVENT PRACTICE_STARTED participant=P001 session=P001_S01 trial=P001_S01_ST1TR_TR05_R01 value=None
2026-08-26 09:30:24 [ERROR] core.application_controller: Could not start HoloLens recording for P001_S01_ST1TR_TR05_R01
Traceback (most recent call last):
  File "D:\Courses\Independent Study 2\User_Study\Desktop App\hint_study_console_v1.1.3_hololens_study_recording\hint_study_console_v1.1.3_hololens_study_recording\core\application_controller.py", line 393, in _start_trial_sensor_recordings
    paths = self.device_manager.start_hololens_trial_recording(trial)
            ^^^^^^^^^^^^^^^^^^^^^^^^^^^^^^^^^^^^^^^^^^^^^^^^^^^^^^^^^
  File "D:\Courses\Independent Study 2\User_Study\Desktop App\hint_study_console_v1.1.3_hololens_study_recording\hint_study_console_v1.1.3_hololens_study_recording\devices\device_manager.py", line 156, in start_hololens_trial_recording
    return self.hololens_device.start_trial_recording(trial)
           ^^^^^^^^^^^^^^^^^^^^^^^^^^^^^^^^^^^^^^^^^^^^^^^^^
  File "D:\Courses\Independent Study 2\User_Study\Desktop App\hint_study_console_v1.1.3_hololens_study_recording\hint_study_console_v1.1.3_hololens_study_recording\devices\hololens_device.py", line 731, in start_trial_recording
    pointer_handle = open(pointer_csv_path, "w", newline="", encoding="utf-8")
                     ^^^^^^^^^^^^^^^^^^^^^^^^^^^^^^^^^^^^^^^^^^^^^^^^^^^^^^^^^
FileNotFoundError: [Errno 2] No such file or directory: 'D:\\Courses\\Independent Study 2\\User_Study\\Desktop App\\hint_study_console_v1.1.3_hololens_study_recording\\hint_study_console_v1.1.3_hololens_study_recording\\data\\P001\\S01\\Training\\Study1\\TR05_Gridworld_Anytime_Keyboard\\R01\\sensors\\hololens\\hololens_gaze_pointer.csv'
2026-08-26 09:30:24 [INFO] core.event_bus: EVENT EXPERIMENTER_NOTE participant=P001 session=P001_S01 trial=P001_S01_ST1TR_TR05_R01 value=HoloLens recording NOT started: [Errno 2] No such file or directory: 'D:\\Courses\\Independent Study 2\\User_Study\\Desktop App\\hint_study_console_v1.1.3_hololens_study_recording\\hint_study_console_v1.1.3_hololens_study_recording\\data\\P001\\S01\\Training\\Study1\\TR05_Gridworld_Anytime_Keyboard\\R01\\sensors\\hololens\\hololens_gaze_pointer.csv'
2026-08-26 09:30:24 [INFO] core.event_bus: EVENT EPISODE_STARTED participant=P001 session=P001_S01 trial=P001_S01_ST1TR_TR05_R01 value=None
2026-08-26 09:30:24 [INFO] core.event_bus: EVENT COLLISION participant=P001 session=P001_S01 trial=P001_S01_ST1TR_TR05_R01 value=(1, 1)
2026-08-26 09:30:24 [INFO] core.event_bus: EVENT EPISODE_ENDED participant=P001 session=P001_S01 trial=P001_S01_ST1TR_TR05_R01 value=reward=-50.5
2026-08-26 09:30:24 [INFO] core.event_bus: EVENT EPISODE_STARTED participant=P001 session=P001_S01 trial=P001_S01_ST1TR_TR05_R01 value=None
2026-08-26 09:30:24 [INFO] core.event_bus: EVENT COLLISION participant=P001 session=P001_S01 trial=P001_S01_ST1TR_TR05_R01 value=(-1, 0)
2026-08-26 09:30:24 [INFO] core.event_bus: EVENT EPISODE_ENDED participant=P001 session=P001_S01 trial=P001_S01_ST1TR_TR05_R01 value=reward=-52.0
2026-08-26 09:30:24 [INFO] core.event_bus: EVENT EPISODE_STARTED participant=P001 session=P001_S01 trial=P001_S01_ST1TR_TR05_R01 value=None
2026-08-26 09:30:25 [INFO] core.event_bus: EVENT COLLISION participant=P001 session=P001_S01 trial=P001_S01_ST1TR_TR05_R01 value=(-1, 3)
2026-08-26 09:30:25 [INFO] core.event_bus: EVENT EPISODE_ENDED participant=P001 session=P001_S01 trial=P001_S01_ST1TR_TR05_R01 value=reward=-51.5
2026-08-26 09:30:25 [INFO] core.event_bus: EVENT EPISODE_STARTED participant=P001 session=P001_S01 trial=P001_S01_ST1TR_TR05_R01 value=None
2026-08-26 09:30:25 [INFO] core.event_bus: EVENT COLLISION participant=P001 session=P001_S01 trial=P001_S01_ST1TR_TR05_R01 value=(0, -1)
2026-08-26 09:30:25 [INFO] core.event_bus: EVENT EPISODE_ENDED participant=P001 session=P001_S01 trial=P001_S01_ST1TR_TR05_R01 value=reward=-50.0
2026-08-26 09:30:25 [INFO] core.event_bus: EVENT EPISODE_STARTED participant=P001 session=P001_S01 trial=P001_S01_ST1TR_TR05_R01 value=None
2026-08-26 09:30:25 [INFO] core.event_bus: EVENT COLLISION participant=P001 session=P001_S01 trial=P001_S01_ST1TR_TR05_R01 value=(1, 1)
2026-08-26 09:30:25 [INFO] core.event_bus: EVENT EPISODE_ENDED participant=P001 session=P001_S01 trial=P001_S01_ST1TR_TR05_R01 value=reward=-50.5
2026-08-26 09:30:25 [INFO] core.event_bus: EVENT EPISODE_STARTED participant=P001 session=P001_S01 trial=P001_S01_ST1TR_TR05_R01 value=None
2026-08-26 09:30:25 [INFO] core.event_bus: EVENT COLLISION participant=P001 session=P001_S01 trial=P001_S01_ST1TR_TR05_R01 value=(0, -1)
2026-08-26 09:30:25 [INFO] core.event_bus: EVENT EPISODE_ENDED participant=P001 session=P001_S01 trial=P001_S01_ST1TR_TR05_R01 value=reward=-50.0
2026-08-26 09:30:25 [INFO] core.event_bus: EVENT EPISODE_STARTED participant=P001 session=P001_S01 trial=P001_S01_ST1TR_TR05_R01 value=None
2026-08-26 09:30:25 [INFO] core.event_bus: EVENT COLLISION participant=P001 session=P001_S01 trial=P001_S01_ST1TR_TR05_R01 value=(1, -1)
2026-08-26 09:30:25 [INFO] core.event_bus: EVENT EPISODE_ENDED participant=P001 session=P001_S01 trial=P001_S01_ST1TR_TR05_R01 value=reward=-54.5
2026-08-26 09:30:25 [INFO] core.event_bus: EVENT EPISODE_STARTED participant=P001 session=P001_S01 trial=P001_S01_ST1TR_TR05_R01 value=None
2026-08-26 09:30:25 [INFO] core.event_bus: EVENT COLLISION participant=P001 session=P001_S01 trial=P001_S01_ST1TR_TR05_R01 value=(0, -1)
2026-08-26 09:30:25 [INFO] core.event_bus: EVENT EPISODE_ENDED participant=P001 session=P001_S01 trial=P001_S01_ST1TR_TR05_R01 value=reward=-50.0
2026-08-26 09:30:25 [INFO] core.event_bus: EVENT EPISODE_STARTED participant=P001 session=P001_S01 trial=P001_S01_ST1TR_TR05_R01 value=None
2026-08-26 09:30:26 [INFO] core.event_bus: EVENT COLLISION participant=P001 session=P001_S01 trial=P001_S01_ST1TR_TR05_R01 value=(1, 1)
2026-08-26 09:30:26 [INFO] core.event_bus: EVENT EPISODE_ENDED participant=P001 session=P001_S01 trial=P001_S01_ST1TR_TR05_R01 value=reward=-50.5
2026-08-26 09:30:26 [INFO] core.event_bus: EVENT EPISODE_STARTED participant=P001 session=P001_S01 trial=P001_S01_ST1TR_TR05_R01 value=None
2026-08-26 09:30:26 [INFO] core.event_bus: EVENT COLLISION participant=P001 session=P001_S01 trial=P001_S01_ST1TR_TR05_R01 value=(1, 3)
2026-08-26 09:30:26 [INFO] core.event_bus: EVENT EPISODE_ENDED participant=P001 session=P001_S01 trial=P001_S01_ST1TR_TR05_R01 value=reward=-51.5
2026-08-26 09:30:26 [INFO] core.event_bus: EVENT EPISODE_STARTED participant=P001 session=P001_S01 trial=P001_S01_ST1TR_TR05_R01 value=None
2026-08-26 09:30:26 [INFO] core.event_bus: EVENT COLLISION participant=P001 session=P001_S01 trial=P001_S01_ST1TR_TR05_R01 value=(3, 2)
2026-08-26 09:30:26 [INFO] core.event_bus: EVENT EPISODE_ENDED participant=P001 session=P001_S01 trial=P001_S01_ST1TR_TR05_R01 value=reward=-54.0
2026-08-26 09:30:26 [INFO] core.event_bus: EVENT EPISODE_STARTED participant=P001 session=P001_S01 trial=P001_S01_ST1TR_TR05_R01 value=None
2026-08-26 09:30:27 [INFO] core.event_bus: EVENT COLLISION participant=P001 session=P001_S01 trial=P001_S01_ST1TR_TR05_R01 value=(1, 2)
2026-08-26 09:30:27 [INFO] core.event_bus: EVENT EPISODE_ENDED participant=P001 session=P001_S01 trial=P001_S01_ST1TR_TR05_R01 value=reward=-59.0
2026-08-26 09:30:27 [INFO] core.event_bus: EVENT EPISODE_STARTED participant=P001 session=P001_S01 trial=P001_S01_ST1TR_TR05_R01 value=None
2026-08-26 09:30:27 [INFO] core.event_bus: EVENT COLLISION participant=P001 session=P001_S01 trial=P001_S01_ST1TR_TR05_R01 value=(1, 2)
2026-08-26 09:30:27 [INFO] core.event_bus: EVENT EPISODE_ENDED participant=P001 session=P001_S01 trial=P001_S01_ST1TR_TR05_R01 value=reward=-51.0
2026-08-26 09:30:27 [INFO] core.event_bus: EVENT EPISODE_STARTED participant=P001 session=P001_S01 trial=P001_S01_ST1TR_TR05_R01 value=None
2026-08-26 09:30:27 [INFO] core.event_bus: EVENT COLLISION participant=P001 session=P001_S01 trial=P001_S01_ST1TR_TR05_R01 value=(-1, 0)
2026-08-26 09:30:27 [INFO] core.event_bus: EVENT EPISODE_ENDED participant=P001 session=P001_S01 trial=P001_S01_ST1TR_TR05_R01 value=reward=-54.0
2026-08-26 09:30:27 [INFO] core.event_bus: EVENT EPISODE_STARTED participant=P001 session=P001_S01 trial=P001_S01_ST1TR_TR05_R01 value=None
2026-08-26 09:30:28 [INFO] core.event_bus: EVENT CRITICAL_STATE participant=P001 session=P001_S01 trial=P001_S01_ST1TR_TR05_R01 value=state=(0, 2);method=oscillation_pattern
2026-08-26 09:30:28 [INFO] core.event_bus: EVENT COLLISION participant=P001 session=P001_S01 trial=P001_S01_ST1TR_TR05_R01 value=(-1, 2)
2026-08-26 09:30:28 [INFO] core.event_bus: EVENT EPISODE_ENDED participant=P001 session=P001_S01 trial=P001_S01_ST1TR_TR05_R01 value=reward=-55.0
2026-08-26 09:30:28 [INFO] core.event_bus: EVENT EPISODE_STARTED participant=P001 session=P001_S01 trial=P001_S01_ST1TR_TR05_R01 value=None
2026-08-26 09:30:28 [INFO] core.event_bus: EVENT COLLISION participant=P001 session=P001_S01 trial=P001_S01_ST1TR_TR05_R01 value=(2, -1)
2026-08-26 09:30:28 [INFO] core.event_bus: EVENT EPISODE_ENDED participant=P001 session=P001_S01 trial=P001_S01_ST1TR_TR05_R01 value=reward=-51.0
2026-08-26 09:30:28 [INFO] core.event_bus: EVENT EPISODE_STARTED participant=P001 session=P001_S01 trial=P001_S01_ST1TR_TR05_R01 value=None
2026-08-26 09:30:28 [INFO] core.event_bus: EVENT COLLISION participant=P001 session=P001_S01 trial=P001_S01_ST1TR_TR05_R01 value=(2, -1)
2026-08-26 09:30:28 [INFO] core.event_bus: EVENT EPISODE_ENDED participant=P001 session=P001_S01 trial=P001_S01_ST1TR_TR05_R01 value=reward=-51.0
2026-08-26 09:30:28 [INFO] core.event_bus: EVENT EPISODE_STARTED participant=P001 session=P001_S01 trial=P001_S01_ST1TR_TR05_R01 value=None
2026-08-26 09:30:29 [INFO] core.event_bus: EVENT COLLISION participant=P001 session=P001_S01 trial=P001_S01_ST1TR_TR05_R01 value=(5, 0)
2026-08-26 09:30:29 [INFO] core.event_bus: EVENT EPISODE_ENDED participant=P001 session=P001_S01 trial=P001_S01_ST1TR_TR05_R01 value=reward=-54.0
2026-08-26 09:30:29 [INFO] core.event_bus: EVENT EPISODE_STARTED participant=P001 session=P001_S01 trial=P001_S01_ST1TR_TR05_R01 value=None
2026-08-26 09:30:29 [INFO] core.event_bus: EVENT COLLISION participant=P001 session=P001_S01 trial=P001_S01_ST1TR_TR05_R01 value=(-1, 1)
2026-08-26 09:30:29 [INFO] core.event_bus: EVENT EPISODE_ENDED participant=P001 session=P001_S01 trial=P001_S01_ST1TR_TR05_R01 value=reward=-50.5
2026-08-26 09:30:29 [INFO] core.event_bus: EVENT EPISODE_STARTED participant=P001 session=P001_S01 trial=P001_S01_ST1TR_TR05_R01 value=None
2026-08-26 09:30:29 [INFO] core.event_bus: EVENT COLLISION participant=P001 session=P001_S01 trial=P001_S01_ST1TR_TR05_R01 value=(3, -1)
2026-08-26 09:30:29 [INFO] core.event_bus: EVENT EPISODE_ENDED participant=P001 session=P001_S01 trial=P001_S01_ST1TR_TR05_R01 value=reward=-51.5
2026-08-26 09:30:29 [INFO] core.event_bus: EVENT EPISODE_STARTED participant=P001 session=P001_S01 trial=P001_S01_ST1TR_TR05_R01 value=None
2026-08-26 09:30:29 [INFO] core.event_bus: EVENT COLLISION participant=P001 session=P001_S01 trial=P001_S01_ST1TR_TR05_R01 value=(1, -1)
2026-08-26 09:30:29 [INFO] core.event_bus: EVENT EPISODE_ENDED participant=P001 session=P001_S01 trial=P001_S01_ST1TR_TR05_R01 value=reward=-50.5
2026-08-26 09:30:29 [INFO] core.event_bus: EVENT EPISODE_STARTED participant=P001 session=P001_S01 trial=P001_S01_ST1TR_TR05_R01 value=None
2026-08-26 09:30:29 [INFO] core.event_bus: EVENT COLLISION participant=P001 session=P001_S01 trial=P001_S01_ST1TR_TR05_R01 value=(1, 1)
2026-08-26 09:30:29 [INFO] core.event_bus: EVENT EPISODE_ENDED participant=P001 session=P001_S01 trial=P001_S01_ST1TR_TR05_R01 value=reward=-52.5
2026-08-26 09:30:29 [INFO] core.event_bus: EVENT EPISODE_STARTED participant=P001 session=P001_S01 trial=P001_S01_ST1TR_TR05_R01 value=None
2026-08-26 09:30:29 [INFO] core.event_bus: EVENT COLLISION participant=P001 session=P001_S01 trial=P001_S01_ST1TR_TR05_R01 value=(-1, 0)
2026-08-26 09:30:29 [INFO] core.event_bus: EVENT EPISODE_ENDED participant=P001 session=P001_S01 trial=P001_S01_ST1TR_TR05_R01 value=reward=-50.0
2026-08-26 09:30:30 [INFO] core.event_bus: EVENT EPISODE_STARTED participant=P001 session=P001_S01 trial=P001_S01_ST1TR_TR05_R01 value=None
2026-08-26 09:30:30 [INFO] core.event_bus: EVENT ANYTIME_FEEDBACK_STARTED participant=P001 session=P001_S01 trial=P001_S01_ST1TR_TR05_R01 value=pause_state=(3, 0);history_steps=0,1,2,3
2026-08-26 09:30:35 [INFO] core.event_bus: EVENT FEEDBACK_RECEIVED participant=P001 session=P001_S01 trial=P001_S01_ST1TR_TR05_R01 value=Keyboard:RIGHT
2026-08-26 09:30:35 [INFO] core.event_bus: EVENT FEEDBACK_APPLIED participant=P001 session=P001_S01 trial=P001_S01_ST1TR_TR05_R01 value=Keyboard:RIGHT
2026-08-26 09:30:35 [INFO] core.event_bus: EVENT COLLISION participant=P001 session=P001_S01 trial=P001_S01_ST1TR_TR05_R01 value=(1, 1)
2026-08-26 09:30:35 [INFO] core.event_bus: EVENT EPISODE_ENDED participant=P001 session=P001_S01 trial=P001_S01_ST1TR_TR05_R01 value=reward=-53.5
2026-08-26 09:30:35 [INFO] core.event_bus: EVENT EPISODE_STARTED participant=P001 session=P001_S01 trial=P001_S01_ST1TR_TR05_R01 value=None
2026-08-26 09:30:35 [INFO] core.event_bus: EVENT COLLISION participant=P001 session=P001_S01 trial=P001_S01_ST1TR_TR05_R01 value=(3, 1)
2026-08-26 09:30:35 [INFO] core.event_bus: EVENT EPISODE_ENDED participant=P001 session=P001_S01 trial=P001_S01_ST1TR_TR05_R01 value=reward=-55.5
2026-08-26 09:30:35 [INFO] core.event_bus: EVENT EPISODE_STARTED participant=P001 session=P001_S01 trial=P001_S01_ST1TR_TR05_R01 value=None
2026-08-26 09:30:36 [INFO] core.event_bus: EVENT COLLISION participant=P001 session=P001_S01 trial=P001_S01_ST1TR_TR05_R01 value=(-1, 1)
2026-08-26 09:30:36 [INFO] core.event_bus: EVENT EPISODE_ENDED participant=P001 session=P001_S01 trial=P001_S01_ST1TR_TR05_R01 value=reward=-58.5
2026-08-26 09:30:36 [INFO] core.event_bus: EVENT EPISODE_STARTED participant=P001 session=P001_S01 trial=P001_S01_ST1TR_TR05_R01 value=None
2026-08-26 09:30:36 [INFO] core.event_bus: EVENT COLLISION participant=P001 session=P001_S01 trial=P001_S01_ST1TR_TR05_R01 value=(1, 2)
2026-08-26 09:30:36 [INFO] core.event_bus: EVENT EPISODE_ENDED participant=P001 session=P001_S01 trial=P001_S01_ST1TR_TR05_R01 value=reward=-51.0
2026-08-26 09:30:36 [INFO] core.event_bus: EVENT EPISODE_STARTED participant=P001 session=P001_S01 trial=P001_S01_ST1TR_TR05_R01 value=None
2026-08-26 09:30:37 [INFO] core.event_bus: EVENT COLLISION participant=P001 session=P001_S01 trial=P001_S01_ST1TR_TR05_R01 value=(1, 2)
2026-08-26 09:30:37 [INFO] core.event_bus: EVENT EPISODE_ENDED participant=P001 session=P001_S01 trial=P001_S01_ST1TR_TR05_R01 value=reward=-58.0
2026-08-26 09:30:37 [INFO] core.event_bus: EVENT EPISODE_STARTED participant=P001 session=P001_S01 trial=P001_S01_ST1TR_TR05_R01 value=None
2026-08-26 09:30:37 [INFO] core.event_bus: EVENT COLLISION participant=P001 session=P001_S01 trial=P001_S01_ST1TR_TR05_R01 value=(1, 1)
2026-08-26 09:30:37 [INFO] core.event_bus: EVENT EPISODE_ENDED participant=P001 session=P001_S01 trial=P001_S01_ST1TR_TR05_R01 value=reward=-53.5
2026-08-26 09:30:37 [INFO] core.event_bus: EVENT EPISODE_STARTED participant=P001 session=P001_S01 trial=P001_S01_ST1TR_TR05_R01 value=None
2026-08-26 09:30:38 [INFO] core.event_bus: EVENT COLLISION participant=P001 session=P001_S01 trial=P001_S01_ST1TR_TR05_R01 value=(1, 2)
2026-08-26 09:30:38 [INFO] core.event_bus: EVENT EPISODE_ENDED participant=P001 session=P001_S01 trial=P001_S01_ST1TR_TR05_R01 value=reward=-54.0
2026-08-26 09:30:38 [INFO] core.event_bus: EVENT EPISODE_STARTED participant=P001 session=P001_S01 trial=P001_S01_ST1TR_TR05_R01 value=None
2026-08-26 09:30:38 [INFO] core.event_bus: EVENT COLLISION participant=P001 session=P001_S01 trial=P001_S01_ST1TR_TR05_R01 value=(-1, 3)
2026-08-26 09:30:38 [INFO] core.event_bus: EVENT EPISODE_ENDED participant=P001 session=P001_S01 trial=P001_S01_ST1TR_TR05_R01 value=reward=-51.5
2026-08-26 09:30:38 [INFO] core.event_bus: EVENT EPISODE_STARTED participant=P001 session=P001_S01 trial=P001_S01_ST1TR_TR05_R01 value=None
2026-08-26 09:30:38 [INFO] core.event_bus: EVENT COLLISION participant=P001 session=P001_S01 trial=P001_S01_ST1TR_TR05_R01 value=(4, 2)
2026-08-26 09:30:38 [INFO] core.event_bus: EVENT EPISODE_ENDED participant=P001 session=P001_S01 trial=P001_S01_ST1TR_TR05_R01 value=reward=-53.5
2026-08-26 09:30:38 [INFO] core.event_bus: EVENT EPISODE_STARTED participant=P001 session=P001_S01 trial=P001_S01_ST1TR_TR05_R01 value=None
2026-08-26 09:30:39 [INFO] core.event_bus: EVENT COLLISION participant=P001 session=P001_S01 trial=P001_S01_ST1TR_TR05_R01 value=(-1, 2)
2026-08-26 09:30:39 [INFO] core.event_bus: EVENT EPISODE_ENDED participant=P001 session=P001_S01 trial=P001_S01_ST1TR_TR05_R01 value=reward=-53.0
2026-08-26 09:30:39 [INFO] core.event_bus: EVENT EPISODE_STARTED participant=P001 session=P001_S01 trial=P001_S01_ST1TR_TR05_R01 value=None
2026-08-26 09:30:39 [INFO] core.event_bus: EVENT COLLISION participant=P001 session=P001_S01 trial=P001_S01_ST1TR_TR05_R01 value=(1, 3)
2026-08-26 09:30:39 [INFO] core.event_bus: EVENT EPISODE_ENDED participant=P001 session=P001_S01 trial=P001_S01_ST1TR_TR05_R01 value=reward=-54.5
2026-08-26 09:30:39 [INFO] core.event_bus: EVENT EPISODE_STARTED participant=P001 session=P001_S01 trial=P001_S01_ST1TR_TR05_R01 value=None
2026-08-26 09:30:40 [INFO] core.event_bus: EVENT COLLISION participant=P001 session=P001_S01 trial=P001_S01_ST1TR_TR05_R01 value=(3, 4)
2026-08-26 09:30:40 [INFO] core.event_bus: EVENT EPISODE_ENDED participant=P001 session=P001_S01 trial=P001_S01_ST1TR_TR05_R01 value=reward=-55.0
2026-08-26 09:30:40 [INFO] core.event_bus: EVENT EPISODE_STARTED participant=P001 session=P001_S01 trial=P001_S01_ST1TR_TR05_R01 value=None
2026-08-26 09:30:40 [INFO] core.event_bus: EVENT PRACTICE_ENDED participant=P001 session=P001_S01 trial=P001_S01_ST1TR_TR05_R01 value=None
2026-08-26 09:30:40 [INFO] core.event_bus: EVENT TRIAL_ENDED participant=P001 session=P001_S01 trial=P001_S01_ST1TR_TR05_R01 value=Valid; TR05/R01
2026-08-26 09:30:40 [INFO] core.workflow_manager: Ended run P001_S1TR_R05 -> Completed
2026-08-26 09:30:44 [INFO] core.workflow_manager: Started run P001_S1TR_R06 (Study 1 - Training) for P001
2026-08-26 09:30:44 [INFO] core.event_bus: EVENT TRIAL_CREATED participant=P001 session=P001_S01 trial=P001_S01_ST1TR_TR06_R01 value=practice; TR06/R01; Gridworld_Anytime_Joystick
2026-08-26 09:30:44 [INFO] core.event_bus: EVENT TRIAL_STARTED participant=P001 session=P001_S01 trial=P001_S01_ST1TR_TR06_R01 value=TR06/R01
2026-08-26 09:30:44 [INFO] core.event_bus: EVENT PRACTICE_STARTED participant=P001 session=P001_S01 trial=P001_S01_ST1TR_TR06_R01 value=None
2026-08-26 09:30:44 [ERROR] core.application_controller: Could not start HoloLens recording for P001_S01_ST1TR_TR06_R01
Traceback (most recent call last):
  File "D:\Courses\Independent Study 2\User_Study\Desktop App\hint_study_console_v1.1.3_hololens_study_recording\hint_study_console_v1.1.3_hololens_study_recording\core\application_controller.py", line 393, in _start_trial_sensor_recordings
    paths = self.device_manager.start_hololens_trial_recording(trial)
            ^^^^^^^^^^^^^^^^^^^^^^^^^^^^^^^^^^^^^^^^^^^^^^^^^^^^^^^^^
  File "D:\Courses\Independent Study 2\User_Study\Desktop App\hint_study_console_v1.1.3_hololens_study_recording\hint_study_console_v1.1.3_hololens_study_recording\devices\device_manager.py", line 156, in start_hololens_trial_recording
    return self.hololens_device.start_trial_recording(trial)
           ^^^^^^^^^^^^^^^^^^^^^^^^^^^^^^^^^^^^^^^^^^^^^^^^^
  File "D:\Courses\Independent Study 2\User_Study\Desktop App\hint_study_console_v1.1.3_hololens_study_recording\hint_study_console_v1.1.3_hololens_study_recording\devices\hololens_device.py", line 731, in start_trial_recording
    pointer_handle = open(pointer_csv_path, "w", newline="", encoding="utf-8")
                     ^^^^^^^^^^^^^^^^^^^^^^^^^^^^^^^^^^^^^^^^^^^^^^^^^^^^^^^^^
FileNotFoundError: [Errno 2] No such file or directory: 'D:\\Courses\\Independent Study 2\\User_Study\\Desktop App\\hint_study_console_v1.1.3_hololens_study_recording\\hint_study_console_v1.1.3_hololens_study_recording\\data\\P001\\S01\\Training\\Study1\\TR06_Gridworld_Anytime_Joystick\\R01\\sensors\\hololens\\hololens_gaze_pointer.csv'
2026-08-26 09:30:44 [INFO] core.event_bus: EVENT EXPERIMENTER_NOTE participant=P001 session=P001_S01 trial=P001_S01_ST1TR_TR06_R01 value=HoloLens recording NOT started: [Errno 2] No such file or directory: 'D:\\Courses\\Independent Study 2\\User_Study\\Desktop App\\hint_study_console_v1.1.3_hololens_study_recording\\hint_study_console_v1.1.3_hololens_study_recording\\data\\P001\\S01\\Training\\Study1\\TR06_Gridworld_Anytime_Joystick\\R01\\sensors\\hololens\\hololens_gaze_pointer.csv'
2026-08-26 09:30:44 [INFO] core.event_bus: EVENT EPISODE_STARTED participant=P001 session=P001_S01 trial=P001_S01_ST1TR_TR06_R01 value=None
2026-08-26 09:30:44 [INFO] core.event_bus: EVENT COLLISION participant=P001 session=P001_S01 trial=P001_S01_ST1TR_TR06_R01 value=(1, 1)
2026-08-26 09:30:44 [INFO] core.event_bus: EVENT EPISODE_ENDED participant=P001 session=P001_S01 trial=P001_S01_ST1TR_TR06_R01 value=reward=-50.5
2026-08-26 09:30:44 [INFO] core.event_bus: EVENT EPISODE_STARTED participant=P001 session=P001_S01 trial=P001_S01_ST1TR_TR06_R01 value=None
2026-08-26 09:30:44 [INFO] core.event_bus: EVENT COLLISION participant=P001 session=P001_S01 trial=P001_S01_ST1TR_TR06_R01 value=(-1, 0)
2026-08-26 09:30:44 [INFO] core.event_bus: EVENT EPISODE_ENDED participant=P001 session=P001_S01 trial=P001_S01_ST1TR_TR06_R01 value=reward=-52.0
2026-08-26 09:30:44 [INFO] core.event_bus: EVENT EPISODE_STARTED participant=P001 session=P001_S01 trial=P001_S01_ST1TR_TR06_R01 value=None
2026-08-26 09:30:45 [INFO] core.event_bus: EVENT COLLISION participant=P001 session=P001_S01 trial=P001_S01_ST1TR_TR06_R01 value=(-1, 3)
2026-08-26 09:30:45 [INFO] core.event_bus: EVENT EPISODE_ENDED participant=P001 session=P001_S01 trial=P001_S01_ST1TR_TR06_R01 value=reward=-51.5
2026-08-26 09:30:45 [INFO] core.event_bus: EVENT EPISODE_STARTED participant=P001 session=P001_S01 trial=P001_S01_ST1TR_TR06_R01 value=None
2026-08-26 09:30:45 [INFO] core.event_bus: EVENT COLLISION participant=P001 session=P001_S01 trial=P001_S01_ST1TR_TR06_R01 value=(0, -1)
2026-08-26 09:30:45 [INFO] core.event_bus: EVENT EPISODE_ENDED participant=P001 session=P001_S01 trial=P001_S01_ST1TR_TR06_R01 value=reward=-50.0
2026-08-26 09:30:45 [INFO] core.event_bus: EVENT EPISODE_STARTED participant=P001 session=P001_S01 trial=P001_S01_ST1TR_TR06_R01 value=None
2026-08-26 09:30:45 [INFO] core.event_bus: EVENT COLLISION participant=P001 session=P001_S01 trial=P001_S01_ST1TR_TR06_R01 value=(1, 1)
2026-08-26 09:30:45 [INFO] core.event_bus: EVENT EPISODE_ENDED participant=P001 session=P001_S01 trial=P001_S01_ST1TR_TR06_R01 value=reward=-50.5
2026-08-26 09:30:45 [INFO] core.event_bus: EVENT EPISODE_STARTED participant=P001 session=P001_S01 trial=P001_S01_ST1TR_TR06_R01 value=None
2026-08-26 09:30:45 [INFO] core.event_bus: EVENT COLLISION participant=P001 session=P001_S01 trial=P001_S01_ST1TR_TR06_R01 value=(0, -1)
2026-08-26 09:30:45 [INFO] core.event_bus: EVENT EPISODE_ENDED participant=P001 session=P001_S01 trial=P001_S01_ST1TR_TR06_R01 value=reward=-50.0
2026-08-26 09:30:45 [INFO] core.event_bus: EVENT EPISODE_STARTED participant=P001 session=P001_S01 trial=P001_S01_ST1TR_TR06_R01 value=None
2026-08-26 09:30:45 [INFO] core.event_bus: EVENT COLLISION participant=P001 session=P001_S01 trial=P001_S01_ST1TR_TR06_R01 value=(1, -1)
2026-08-26 09:30:45 [INFO] core.event_bus: EVENT EPISODE_ENDED participant=P001 session=P001_S01 trial=P001_S01_ST1TR_TR06_R01 value=reward=-54.5
2026-08-26 09:30:45 [INFO] core.event_bus: EVENT EPISODE_STARTED participant=P001 session=P001_S01 trial=P001_S01_ST1TR_TR06_R01 value=None
2026-08-26 09:30:45 [INFO] core.event_bus: EVENT COLLISION participant=P001 session=P001_S01 trial=P001_S01_ST1TR_TR06_R01 value=(0, -1)
2026-08-26 09:30:45 [INFO] core.event_bus: EVENT EPISODE_ENDED participant=P001 session=P001_S01 trial=P001_S01_ST1TR_TR06_R01 value=reward=-50.0
2026-08-26 09:30:45 [INFO] core.event_bus: EVENT EPISODE_STARTED participant=P001 session=P001_S01 trial=P001_S01_ST1TR_TR06_R01 value=None
2026-08-26 09:30:46 [INFO] core.event_bus: EVENT COLLISION participant=P001 session=P001_S01 trial=P001_S01_ST1TR_TR06_R01 value=(1, 1)
2026-08-26 09:30:46 [INFO] core.event_bus: EVENT EPISODE_ENDED participant=P001 session=P001_S01 trial=P001_S01_ST1TR_TR06_R01 value=reward=-50.5
2026-08-26 09:30:46 [INFO] core.event_bus: EVENT EPISODE_STARTED participant=P001 session=P001_S01 trial=P001_S01_ST1TR_TR06_R01 value=None
2026-08-26 09:30:46 [INFO] core.event_bus: EVENT ANYTIME_FEEDBACK_STARTED participant=P001 session=P001_S01 trial=P001_S01_ST1TR_TR06_R01 value=pause_state=(0, 1);history_steps=0,1
2026-08-26 09:30:50 [INFO] core.event_bus: EVENT FEEDBACK_RECEIVED participant=P001 session=P001_S01 trial=P001_S01_ST1TR_TR06_R01 value=Keyboard:DOWN
2026-08-26 09:30:50 [INFO] core.event_bus: EVENT FEEDBACK_APPLIED participant=P001 session=P001_S01 trial=P001_S01_ST1TR_TR06_R01 value=Keyboard:DOWN
2026-08-26 09:30:50 [INFO] core.event_bus: EVENT COLLISION participant=P001 session=P001_S01 trial=P001_S01_ST1TR_TR06_R01 value=(1, 3)
2026-08-26 09:30:50 [INFO] core.event_bus: EVENT EPISODE_ENDED participant=P001 session=P001_S01 trial=P001_S01_ST1TR_TR06_R01 value=reward=-51.5
2026-08-26 09:30:50 [INFO] core.event_bus: EVENT EPISODE_STARTED participant=P001 session=P001_S01 trial=P001_S01_ST1TR_TR06_R01 value=None
2026-08-26 09:30:51 [INFO] core.event_bus: EVENT COLLISION participant=P001 session=P001_S01 trial=P001_S01_ST1TR_TR06_R01 value=(3, 2)
2026-08-26 09:30:51 [INFO] core.event_bus: EVENT EPISODE_ENDED participant=P001 session=P001_S01 trial=P001_S01_ST1TR_TR06_R01 value=reward=-54.0
2026-08-26 09:30:51 [INFO] core.event_bus: EVENT EPISODE_STARTED participant=P001 session=P001_S01 trial=P001_S01_ST1TR_TR06_R01 value=None
2026-08-26 09:30:52 [INFO] core.event_bus: EVENT COLLISION participant=P001 session=P001_S01 trial=P001_S01_ST1TR_TR06_R01 value=(3, 1)
2026-08-26 09:30:52 [INFO] core.event_bus: EVENT EPISODE_ENDED participant=P001 session=P001_S01 trial=P001_S01_ST1TR_TR06_R01 value=reward=-59.5
2026-08-26 09:30:52 [INFO] core.event_bus: EVENT EPISODE_STARTED participant=P001 session=P001_S01 trial=P001_S01_ST1TR_TR06_R01 value=None
2026-08-26 09:30:52 [INFO] core.event_bus: EVENT COLLISION participant=P001 session=P001_S01 trial=P001_S01_ST1TR_TR06_R01 value=(3, -1)
2026-08-26 09:30:52 [INFO] core.event_bus: EVENT EPISODE_ENDED participant=P001 session=P001_S01 trial=P001_S01_ST1TR_TR06_R01 value=reward=-51.5
2026-08-26 09:30:52 [INFO] core.event_bus: EVENT EPISODE_STARTED participant=P001 session=P001_S01 trial=P001_S01_ST1TR_TR06_R01 value=None
2026-08-26 09:30:52 [INFO] core.event_bus: EVENT COLLISION participant=P001 session=P001_S01 trial=P001_S01_ST1TR_TR06_R01 value=(1, -1)
2026-08-26 09:30:52 [INFO] core.event_bus: EVENT EPISODE_ENDED participant=P001 session=P001_S01 trial=P001_S01_ST1TR_TR06_R01 value=reward=-52.5
2026-08-26 09:30:52 [INFO] core.event_bus: EVENT EPISODE_STARTED participant=P001 session=P001_S01 trial=P001_S01_ST1TR_TR06_R01 value=None
2026-08-26 09:30:52 [INFO] core.event_bus: EVENT COLLISION participant=P001 session=P001_S01 trial=P001_S01_ST1TR_TR06_R01 value=(3, 1)
2026-08-26 09:30:52 [INFO] core.event_bus: EVENT EPISODE_ENDED participant=P001 session=P001_S01 trial=P001_S01_ST1TR_TR06_R01 value=reward=-51.5
2026-08-26 09:30:52 [INFO] core.event_bus: EVENT EPISODE_STARTED participant=P001 session=P001_S01 trial=P001_S01_ST1TR_TR06_R01 value=None
2026-08-26 09:30:53 [INFO] core.event_bus: EVENT COLLISION participant=P001 session=P001_S01 trial=P001_S01_ST1TR_TR06_R01 value=(2, -1)
2026-08-26 09:30:53 [INFO] core.event_bus: EVENT EPISODE_ENDED participant=P001 session=P001_S01 trial=P001_S01_ST1TR_TR06_R01 value=reward=-53.0
2026-08-26 09:30:53 [INFO] core.event_bus: EVENT EPISODE_STARTED participant=P001 session=P001_S01 trial=P001_S01_ST1TR_TR06_R01 value=None
2026-08-26 09:30:53 [INFO] core.event_bus: EVENT COLLISION participant=P001 session=P001_S01 trial=P001_S01_ST1TR_TR06_R01 value=(2, -1)
2026-08-26 09:30:53 [INFO] core.event_bus: EVENT EPISODE_ENDED participant=P001 session=P001_S01 trial=P001_S01_ST1TR_TR06_R01 value=reward=-51.0
2026-08-26 09:30:53 [INFO] core.event_bus: EVENT EPISODE_STARTED participant=P001 session=P001_S01 trial=P001_S01_ST1TR_TR06_R01 value=None
2026-08-26 09:30:53 [INFO] core.event_bus: EVENT PRACTICE_ENDED participant=P001 session=P001_S01 trial=P001_S01_ST1TR_TR06_R01 value=None
2026-08-26 09:30:53 [INFO] core.event_bus: EVENT TRIAL_ENDED participant=P001 session=P001_S01 trial=P001_S01_ST1TR_TR06_R01 value=Valid; TR06/R01
2026-08-26 09:30:53 [INFO] core.workflow_manager: Ended run P001_S1TR_R06 -> Completed
2026-08-26 09:30:57 [INFO] core.workflow_manager: Started run P001_S1TR_R07 (Study 1 - Training) for P001
2026-08-26 09:30:57 [INFO] core.event_bus: EVENT TRIAL_CREATED participant=P001 session=P001_S01 trial=P001_S01_ST1TR_TR07_R01 value=practice; TR07/R01; Gridworld_Anytime_Voice
2026-08-26 09:30:57 [INFO] core.event_bus: EVENT TRIAL_STARTED participant=P001 session=P001_S01 trial=P001_S01_ST1TR_TR07_R01 value=TR07/R01
2026-08-26 09:30:57 [INFO] core.event_bus: EVENT PRACTICE_STARTED participant=P001 session=P001_S01 trial=P001_S01_ST1TR_TR07_R01 value=None
2026-08-26 09:30:57 [ERROR] core.application_controller: Could not start HoloLens recording for P001_S01_ST1TR_TR07_R01
Traceback (most recent call last):
  File "D:\Courses\Independent Study 2\User_Study\Desktop App\hint_study_console_v1.1.3_hololens_study_recording\hint_study_console_v1.1.3_hololens_study_recording\core\application_controller.py", line 393, in _start_trial_sensor_recordings
    paths = self.device_manager.start_hololens_trial_recording(trial)
            ^^^^^^^^^^^^^^^^^^^^^^^^^^^^^^^^^^^^^^^^^^^^^^^^^^^^^^^^^
  File "D:\Courses\Independent Study 2\User_Study\Desktop App\hint_study_console_v1.1.3_hololens_study_recording\hint_study_console_v1.1.3_hololens_study_recording\devices\device_manager.py", line 156, in start_hololens_trial_recording
    return self.hololens_device.start_trial_recording(trial)
           ^^^^^^^^^^^^^^^^^^^^^^^^^^^^^^^^^^^^^^^^^^^^^^^^^
  File "D:\Courses\Independent Study 2\User_Study\Desktop App\hint_study_console_v1.1.3_hololens_study_recording\hint_study_console_v1.1.3_hololens_study_recording\devices\hololens_device.py", line 731, in start_trial_recording
    pointer_handle = open(pointer_csv_path, "w", newline="", encoding="utf-8")
                     ^^^^^^^^^^^^^^^^^^^^^^^^^^^^^^^^^^^^^^^^^^^^^^^^^^^^^^^^^
FileNotFoundError: [Errno 2] No such file or directory: 'D:\\Courses\\Independent Study 2\\User_Study\\Desktop App\\hint_study_console_v1.1.3_hololens_study_recording\\hint_study_console_v1.1.3_hololens_study_recording\\data\\P001\\S01\\Training\\Study1\\TR07_Gridworld_Anytime_Voice\\R01\\sensors\\hololens\\hololens_gaze_pointer.csv'
2026-08-26 09:30:57 [INFO] core.event_bus: EVENT EXPERIMENTER_NOTE participant=P001 session=P001_S01 trial=P001_S01_ST1TR_TR07_R01 value=HoloLens recording NOT started: [Errno 2] No such file or directory: 'D:\\Courses\\Independent Study 2\\User_Study\\Desktop App\\hint_study_console_v1.1.3_hololens_study_recording\\hint_study_console_v1.1.3_hololens_study_recording\\data\\P001\\S01\\Training\\Study1\\TR07_Gridworld_Anytime_Voice\\R01\\sensors\\hololens\\hololens_gaze_pointer.csv'
2026-08-26 09:30:57 [INFO] core.event_bus: EVENT EPISODE_STARTED participant=P001 session=P001_S01 trial=P001_S01_ST1TR_TR07_R01 value=None
2026-08-26 09:30:57 [INFO] core.event_bus: EVENT COLLISION participant=P001 session=P001_S01 trial=P001_S01_ST1TR_TR07_R01 value=(1, 1)
2026-08-26 09:30:57 [INFO] core.event_bus: EVENT EPISODE_ENDED participant=P001 session=P001_S01 trial=P001_S01_ST1TR_TR07_R01 value=reward=-50.5
2026-08-26 09:30:57 [INFO] core.event_bus: EVENT EPISODE_STARTED participant=P001 session=P001_S01 trial=P001_S01_ST1TR_TR07_R01 value=None
2026-08-26 09:30:57 [INFO] core.event_bus: EVENT COLLISION participant=P001 session=P001_S01 trial=P001_S01_ST1TR_TR07_R01 value=(-1, 0)
2026-08-26 09:30:57 [INFO] core.event_bus: EVENT EPISODE_ENDED participant=P001 session=P001_S01 trial=P001_S01_ST1TR_TR07_R01 value=reward=-52.0
2026-08-26 09:30:57 [INFO] core.event_bus: EVENT EPISODE_STARTED participant=P001 session=P001_S01 trial=P001_S01_ST1TR_TR07_R01 value=None
2026-08-26 09:30:57 [INFO] core.event_bus: EVENT COLLISION participant=P001 session=P001_S01 trial=P001_S01_ST1TR_TR07_R01 value=(-1, 3)
2026-08-26 09:30:57 [INFO] core.event_bus: EVENT EPISODE_ENDED participant=P001 session=P001_S01 trial=P001_S01_ST1TR_TR07_R01 value=reward=-51.5
2026-08-26 09:30:57 [INFO] core.event_bus: EVENT EPISODE_STARTED participant=P001 session=P001_S01 trial=P001_S01_ST1TR_TR07_R01 value=None
2026-08-26 09:30:57 [INFO] core.event_bus: EVENT COLLISION participant=P001 session=P001_S01 trial=P001_S01_ST1TR_TR07_R01 value=(0, -1)
2026-08-26 09:30:58 [INFO] core.event_bus: EVENT EPISODE_ENDED participant=P001 session=P001_S01 trial=P001_S01_ST1TR_TR07_R01 value=reward=-50.0
2026-08-26 09:30:58 [INFO] core.event_bus: EVENT EPISODE_STARTED participant=P001 session=P001_S01 trial=P001_S01_ST1TR_TR07_R01 value=None
2026-08-26 09:30:58 [INFO] core.event_bus: EVENT COLLISION participant=P001 session=P001_S01 trial=P001_S01_ST1TR_TR07_R01 value=(1, 1)
2026-08-26 09:30:58 [INFO] core.event_bus: EVENT EPISODE_ENDED participant=P001 session=P001_S01 trial=P001_S01_ST1TR_TR07_R01 value=reward=-50.5
2026-08-26 09:30:58 [INFO] core.event_bus: EVENT EPISODE_STARTED participant=P001 session=P001_S01 trial=P001_S01_ST1TR_TR07_R01 value=None
2026-08-26 09:30:58 [INFO] core.event_bus: EVENT COLLISION participant=P001 session=P001_S01 trial=P001_S01_ST1TR_TR07_R01 value=(0, -1)
2026-08-26 09:30:58 [INFO] core.event_bus: EVENT EPISODE_ENDED participant=P001 session=P001_S01 trial=P001_S01_ST1TR_TR07_R01 value=reward=-50.0
2026-08-26 09:30:58 [INFO] core.event_bus: EVENT EPISODE_STARTED participant=P001 session=P001_S01 trial=P001_S01_ST1TR_TR07_R01 value=None
2026-08-26 09:30:58 [INFO] core.event_bus: EVENT COLLISION participant=P001 session=P001_S01 trial=P001_S01_ST1TR_TR07_R01 value=(1, -1)
2026-08-26 09:30:58 [INFO] core.event_bus: EVENT EPISODE_ENDED participant=P001 session=P001_S01 trial=P001_S01_ST1TR_TR07_R01 value=reward=-54.5
2026-08-26 09:30:58 [INFO] core.event_bus: EVENT EPISODE_STARTED participant=P001 session=P001_S01 trial=P001_S01_ST1TR_TR07_R01 value=None
2026-08-26 09:30:58 [INFO] core.event_bus: EVENT ANYTIME_FEEDBACK_STARTED participant=P001 session=P001_S01 trial=P001_S01_ST1TR_TR07_R01 value=pause_state=(0, 0);history_steps=0
2026-08-26 09:31:02 [INFO] core.event_bus: EVENT FEEDBACK_RECEIVED participant=P001 session=P001_S01 trial=P001_S01_ST1TR_TR07_R01 value=Keyboard:DOWN
2026-08-26 09:31:03 [INFO] core.event_bus: EVENT FEEDBACK_APPLIED participant=P001 session=P001_S01 trial=P001_S01_ST1TR_TR07_R01 value=Keyboard:DOWN
2026-08-26 09:31:03 [INFO] core.event_bus: EVENT COLLISION participant=P001 session=P001_S01 trial=P001_S01_ST1TR_TR07_R01 value=(1, -1)
2026-08-26 09:31:03 [INFO] core.event_bus: EVENT EPISODE_ENDED participant=P001 session=P001_S01 trial=P001_S01_ST1TR_TR07_R01 value=reward=-50.5
2026-08-26 09:31:03 [INFO] core.event_bus: EVENT EPISODE_STARTED participant=P001 session=P001_S01 trial=P001_S01_ST1TR_TR07_R01 value=None
2026-08-26 09:31:03 [INFO] core.event_bus: EVENT COLLISION participant=P001 session=P001_S01 trial=P001_S01_ST1TR_TR07_R01 value=(1, 1)
2026-08-26 09:31:03 [INFO] core.event_bus: EVENT EPISODE_ENDED participant=P001 session=P001_S01 trial=P001_S01_ST1TR_TR07_R01 value=reward=-50.5
2026-08-26 09:31:03 [INFO] core.event_bus: EVENT EPISODE_STARTED participant=P001 session=P001_S01 trial=P001_S01_ST1TR_TR07_R01 value=None
2026-08-26 09:31:03 [INFO] core.event_bus: EVENT COLLISION participant=P001 session=P001_S01 trial=P001_S01_ST1TR_TR07_R01 value=(3, 1)
2026-08-26 09:31:03 [INFO] core.event_bus: EVENT EPISODE_ENDED participant=P001 session=P001_S01 trial=P001_S01_ST1TR_TR07_R01 value=reward=-57.5
2026-08-26 09:31:03 [INFO] core.event_bus: EVENT EPISODE_STARTED participant=P001 session=P001_S01 trial=P001_S01_ST1TR_TR07_R01 value=None
2026-08-26 09:31:04 [INFO] core.event_bus: EVENT COLLISION participant=P001 session=P001_S01 trial=P001_S01_ST1TR_TR07_R01 value=(2, -1)
2026-08-26 09:31:04 [INFO] core.event_bus: EVENT EPISODE_ENDED participant=P001 session=P001_S01 trial=P001_S01_ST1TR_TR07_R01 value=reward=-53.0
2026-08-26 09:31:04 [INFO] core.event_bus: EVENT EPISODE_STARTED participant=P001 session=P001_S01 trial=P001_S01_ST1TR_TR07_R01 value=None
2026-08-26 09:31:04 [INFO] core.event_bus: EVENT COLLISION participant=P001 session=P001_S01 trial=P001_S01_ST1TR_TR07_R01 value=(3, 1)
2026-08-26 09:31:04 [INFO] core.event_bus: EVENT EPISODE_ENDED participant=P001 session=P001_S01 trial=P001_S01_ST1TR_TR07_R01 value=reward=-51.5
2026-08-26 09:31:04 [INFO] core.event_bus: EVENT EPISODE_STARTED participant=P001 session=P001_S01 trial=P001_S01_ST1TR_TR07_R01 value=None
2026-08-26 09:31:04 [INFO] core.event_bus: EVENT COLLISION participant=P001 session=P001_S01 trial=P001_S01_ST1TR_TR07_R01 value=(3, 2)
2026-08-26 09:31:04 [INFO] core.event_bus: EVENT EPISODE_ENDED participant=P001 session=P001_S01 trial=P001_S01_ST1TR_TR07_R01 value=reward=-52.0
2026-08-26 09:31:04 [INFO] core.event_bus: EVENT EPISODE_STARTED participant=P001 session=P001_S01 trial=P001_S01_ST1TR_TR07_R01 value=None
2026-08-26 09:31:05 [INFO] core.event_bus: EVENT PRACTICE_ENDED participant=P001 session=P001_S01 trial=P001_S01_ST1TR_TR07_R01 value=None
2026-08-26 09:31:05 [INFO] core.event_bus: EVENT TRIAL_ENDED participant=P001 session=P001_S01 trial=P001_S01_ST1TR_TR07_R01 value=Valid; TR07/R01
2026-08-26 09:31:05 [INFO] core.workflow_manager: Ended run P001_S1TR_R07 -> Completed
2026-08-26 09:31:08 [INFO] core.workflow_manager: Started run P001_S1TR_R08 (Study 1 - Training) for P001
2026-08-26 09:31:08 [INFO] core.event_bus: EVENT TRIAL_CREATED participant=P001 session=P001_S01 trial=P001_S01_ST1TR_TR08_R01 value=practice; TR08/R01; Gridworld_Anytime_Gaze
2026-08-26 09:31:08 [INFO] core.event_bus: EVENT TRIAL_STARTED participant=P001 session=P001_S01 trial=P001_S01_ST1TR_TR08_R01 value=TR08/R01
2026-08-26 09:31:09 [INFO] core.event_bus: EVENT PRACTICE_STARTED participant=P001 session=P001_S01 trial=P001_S01_ST1TR_TR08_R01 value=None
2026-08-26 09:31:09 [ERROR] core.application_controller: Could not start HoloLens recording for P001_S01_ST1TR_TR08_R01
Traceback (most recent call last):
  File "D:\Courses\Independent Study 2\User_Study\Desktop App\hint_study_console_v1.1.3_hololens_study_recording\hint_study_console_v1.1.3_hololens_study_recording\core\application_controller.py", line 393, in _start_trial_sensor_recordings
    paths = self.device_manager.start_hololens_trial_recording(trial)
            ^^^^^^^^^^^^^^^^^^^^^^^^^^^^^^^^^^^^^^^^^^^^^^^^^^^^^^^^^
  File "D:\Courses\Independent Study 2\User_Study\Desktop App\hint_study_console_v1.1.3_hololens_study_recording\hint_study_console_v1.1.3_hololens_study_recording\devices\device_manager.py", line 156, in start_hololens_trial_recording
    return self.hololens_device.start_trial_recording(trial)
           ^^^^^^^^^^^^^^^^^^^^^^^^^^^^^^^^^^^^^^^^^^^^^^^^^
  File "D:\Courses\Independent Study 2\User_Study\Desktop App\hint_study_console_v1.1.3_hololens_study_recording\hint_study_console_v1.1.3_hololens_study_recording\devices\hololens_device.py", line 731, in start_trial_recording
    pointer_handle = open(pointer_csv_path, "w", newline="", encoding="utf-8")
                     ^^^^^^^^^^^^^^^^^^^^^^^^^^^^^^^^^^^^^^^^^^^^^^^^^^^^^^^^^
FileNotFoundError: [Errno 2] No such file or directory: 'D:\\Courses\\Independent Study 2\\User_Study\\Desktop App\\hint_study_console_v1.1.3_hololens_study_recording\\hint_study_console_v1.1.3_hololens_study_recording\\data\\P001\\S01\\Training\\Study1\\TR08_Gridworld_Anytime_Gaze\\R01\\sensors\\hololens\\hololens_gaze_pointer.csv'
2026-08-26 09:31:09 [INFO] core.event_bus: EVENT EXPERIMENTER_NOTE participant=P001 session=P001_S01 trial=P001_S01_ST1TR_TR08_R01 value=HoloLens recording NOT started: [Errno 2] No such file or directory: 'D:\\Courses\\Independent Study 2\\User_Study\\Desktop App\\hint_study_console_v1.1.3_hololens_study_recording\\hint_study_console_v1.1.3_hololens_study_recording\\data\\P001\\S01\\Training\\Study1\\TR08_Gridworld_Anytime_Gaze\\R01\\sensors\\hololens\\hololens_gaze_pointer.csv'
2026-08-26 09:31:09 [INFO] core.event_bus: EVENT EPISODE_STARTED participant=P001 session=P001_S01 trial=P001_S01_ST1TR_TR08_R01 value=None
2026-08-26 09:31:09 [INFO] core.event_bus: EVENT COLLISION participant=P001 session=P001_S01 trial=P001_S01_ST1TR_TR08_R01 value=(1, 1)
2026-08-26 09:31:09 [INFO] core.event_bus: EVENT EPISODE_ENDED participant=P001 session=P001_S01 trial=P001_S01_ST1TR_TR08_R01 value=reward=-50.5
2026-08-26 09:31:09 [INFO] core.event_bus: EVENT EPISODE_STARTED participant=P001 session=P001_S01 trial=P001_S01_ST1TR_TR08_R01 value=None
2026-08-26 09:31:09 [INFO] core.event_bus: EVENT COLLISION participant=P001 session=P001_S01 trial=P001_S01_ST1TR_TR08_R01 value=(-1, 0)
2026-08-26 09:31:09 [INFO] core.event_bus: EVENT EPISODE_ENDED participant=P001 session=P001_S01 trial=P001_S01_ST1TR_TR08_R01 value=reward=-52.0
2026-08-26 09:31:09 [INFO] core.event_bus: EVENT EPISODE_STARTED participant=P001 session=P001_S01 trial=P001_S01_ST1TR_TR08_R01 value=None
2026-08-26 09:31:09 [INFO] core.event_bus: EVENT COLLISION participant=P001 session=P001_S01 trial=P001_S01_ST1TR_TR08_R01 value=(-1, 3)
2026-08-26 09:31:09 [INFO] core.event_bus: EVENT EPISODE_ENDED participant=P001 session=P001_S01 trial=P001_S01_ST1TR_TR08_R01 value=reward=-51.5
2026-08-26 09:31:09 [INFO] core.event_bus: EVENT EPISODE_STARTED participant=P001 session=P001_S01 trial=P001_S01_ST1TR_TR08_R01 value=None
2026-08-26 09:31:09 [INFO] core.event_bus: EVENT COLLISION participant=P001 session=P001_S01 trial=P001_S01_ST1TR_TR08_R01 value=(0, -1)
2026-08-26 09:31:09 [INFO] core.event_bus: EVENT EPISODE_ENDED participant=P001 session=P001_S01 trial=P001_S01_ST1TR_TR08_R01 value=reward=-50.0
2026-08-26 09:31:09 [INFO] core.event_bus: EVENT EPISODE_STARTED participant=P001 session=P001_S01 trial=P001_S01_ST1TR_TR08_R01 value=None
2026-08-26 09:31:09 [INFO] core.event_bus: EVENT COLLISION participant=P001 session=P001_S01 trial=P001_S01_ST1TR_TR08_R01 value=(1, 1)
2026-08-26 09:31:09 [INFO] core.event_bus: EVENT EPISODE_ENDED participant=P001 session=P001_S01 trial=P001_S01_ST1TR_TR08_R01 value=reward=-50.5
2026-08-26 09:31:09 [INFO] core.event_bus: EVENT EPISODE_STARTED participant=P001 session=P001_S01 trial=P001_S01_ST1TR_TR08_R01 value=None
2026-08-26 09:31:09 [INFO] core.event_bus: EVENT COLLISION participant=P001 session=P001_S01 trial=P001_S01_ST1TR_TR08_R01 value=(0, -1)
2026-08-26 09:31:09 [INFO] core.event_bus: EVENT EPISODE_ENDED participant=P001 session=P001_S01 trial=P001_S01_ST1TR_TR08_R01 value=reward=-50.0
2026-08-26 09:31:09 [INFO] core.event_bus: EVENT EPISODE_STARTED participant=P001 session=P001_S01 trial=P001_S01_ST1TR_TR08_R01 value=None
2026-08-26 09:31:10 [INFO] core.event_bus: EVENT COLLISION participant=P001 session=P001_S01 trial=P001_S01_ST1TR_TR08_R01 value=(1, -1)
2026-08-26 09:31:10 [INFO] core.event_bus: EVENT EPISODE_ENDED participant=P001 session=P001_S01 trial=P001_S01_ST1TR_TR08_R01 value=reward=-54.5
2026-08-26 09:31:10 [INFO] core.event_bus: EVENT EPISODE_STARTED participant=P001 session=P001_S01 trial=P001_S01_ST1TR_TR08_R01 value=None
2026-08-26 09:31:10 [INFO] core.event_bus: EVENT COLLISION participant=P001 session=P001_S01 trial=P001_S01_ST1TR_TR08_R01 value=(0, -1)
2026-08-26 09:31:10 [INFO] core.event_bus: EVENT EPISODE_ENDED participant=P001 session=P001_S01 trial=P001_S01_ST1TR_TR08_R01 value=reward=-50.0
2026-08-26 09:31:10 [INFO] core.event_bus: EVENT EPISODE_STARTED participant=P001 session=P001_S01 trial=P001_S01_ST1TR_TR08_R01 value=None
2026-08-26 09:31:10 [INFO] core.event_bus: EVENT COLLISION participant=P001 session=P001_S01 trial=P001_S01_ST1TR_TR08_R01 value=(1, 1)
2026-08-26 09:31:10 [INFO] core.event_bus: EVENT EPISODE_ENDED participant=P001 session=P001_S01 trial=P001_S01_ST1TR_TR08_R01 value=reward=-50.5
2026-08-26 09:31:10 [INFO] core.event_bus: EVENT EPISODE_STARTED participant=P001 session=P001_S01 trial=P001_S01_ST1TR_TR08_R01 value=None
2026-08-26 09:31:10 [INFO] core.event_bus: EVENT ANYTIME_FEEDBACK_STARTED participant=P001 session=P001_S01 trial=P001_S01_ST1TR_TR08_R01 value=pause_state=(0, 3);history_steps=0,1,2,3
2026-08-26 09:31:14 [INFO] core.event_bus: EVENT FEEDBACK_RECEIVED participant=P001 session=P001_S01 trial=P001_S01_ST1TR_TR08_R01 value=Keyboard:RIGHT
2026-08-26 09:31:14 [INFO] core.event_bus: EVENT FEEDBACK_APPLIED participant=P001 session=P001_S01 trial=P001_S01_ST1TR_TR08_R01 value=Keyboard:RIGHT
2026-08-26 09:31:14 [INFO] core.event_bus: EVENT COLLISION participant=P001 session=P001_S01 trial=P001_S01_ST1TR_TR08_R01 value=(1, 4)
2026-08-26 09:31:14 [INFO] core.event_bus: EVENT EPISODE_ENDED participant=P001 session=P001_S01 trial=P001_S01_ST1TR_TR08_R01 value=reward=-52.0
2026-08-26 09:31:14 [INFO] core.event_bus: EVENT EPISODE_STARTED participant=P001 session=P001_S01 trial=P001_S01_ST1TR_TR08_R01 value=None
2026-08-26 09:31:14 [INFO] core.event_bus: EVENT COLLISION participant=P001 session=P001_S01 trial=P001_S01_ST1TR_TR08_R01 value=(-1, 0)
2026-08-26 09:31:14 [INFO] core.event_bus: EVENT EPISODE_ENDED participant=P001 session=P001_S01 trial=P001_S01_ST1TR_TR08_R01 value=reward=-50.0
2026-08-26 09:31:14 [INFO] core.event_bus: EVENT EPISODE_STARTED participant=P001 session=P001_S01 trial=P001_S01_ST1TR_TR08_R01 value=None
2026-08-26 09:31:15 [INFO] core.event_bus: EVENT COLLISION participant=P001 session=P001_S01 trial=P001_S01_ST1TR_TR08_R01 value=(3, 2)
2026-08-26 09:31:15 [INFO] core.event_bus: EVENT EPISODE_ENDED participant=P001 session=P001_S01 trial=P001_S01_ST1TR_TR08_R01 value=reward=-52.0
2026-08-26 09:31:15 [INFO] core.event_bus: EVENT EPISODE_STARTED participant=P001 session=P001_S01 trial=P001_S01_ST1TR_TR08_R01 value=None
2026-08-26 09:31:15 [INFO] core.event_bus: EVENT COLLISION participant=P001 session=P001_S01 trial=P001_S01_ST1TR_TR08_R01 value=(1, 2)
2026-08-26 09:31:15 [INFO] core.event_bus: EVENT EPISODE_ENDED participant=P001 session=P001_S01 trial=P001_S01_ST1TR_TR08_R01 value=reward=-59.0
2026-08-26 09:31:16 [INFO] core.event_bus: EVENT EPISODE_STARTED participant=P001 session=P001_S01 trial=P001_S01_ST1TR_TR08_R01 value=None
2026-08-26 09:31:16 [INFO] core.event_bus: EVENT COLLISION participant=P001 session=P001_S01 trial=P001_S01_ST1TR_TR08_R01 value=(1, 2)
2026-08-26 09:31:16 [INFO] core.event_bus: EVENT EPISODE_ENDED participant=P001 session=P001_S01 trial=P001_S01_ST1TR_TR08_R01 value=reward=-51.0
2026-08-26 09:31:16 [INFO] core.event_bus: EVENT EPISODE_STARTED participant=P001 session=P001_S01 trial=P001_S01_ST1TR_TR08_R01 value=None
2026-08-26 09:31:16 [INFO] core.event_bus: EVENT COLLISION participant=P001 session=P001_S01 trial=P001_S01_ST1TR_TR08_R01 value=(-1, 0)
2026-08-26 09:31:16 [INFO] core.event_bus: EVENT EPISODE_ENDED participant=P001 session=P001_S01 trial=P001_S01_ST1TR_TR08_R01 value=reward=-54.0
2026-08-26 09:31:16 [INFO] core.event_bus: EVENT EPISODE_STARTED participant=P001 session=P001_S01 trial=P001_S01_ST1TR_TR08_R01 value=None
2026-08-26 09:31:16 [INFO] core.event_bus: EVENT PRACTICE_ENDED participant=P001 session=P001_S01 trial=P001_S01_ST1TR_TR08_R01 value=None
2026-08-26 09:31:16 [INFO] core.event_bus: EVENT TRIAL_ENDED participant=P001 session=P001_S01 trial=P001_S01_ST1TR_TR08_R01 value=Valid; TR08/R01
2026-08-26 09:31:16 [INFO] core.workflow_manager: Ended run P001_S1TR_R08 -> Completed
2026-08-26 09:31:29 [INFO] core.workflow_manager: Started run P001_S1TR_R09 (Study 1 - Training) for P001
2026-08-26 09:31:29 [INFO] core.event_bus: EVENT TRIAL_CREATED participant=P001 session=P001_S01 trial=P001_S01_ST1TR_TR08_R02 value=practice; TR08/R02; Gridworld_Anytime_Gaze
2026-08-26 09:31:29 [INFO] core.event_bus: EVENT TRIAL_STARTED participant=P001 session=P001_S01 trial=P001_S01_ST1TR_TR08_R02 value=TR08/R02
2026-08-26 09:31:29 [INFO] core.event_bus: EVENT PRACTICE_STARTED participant=P001 session=P001_S01 trial=P001_S01_ST1TR_TR08_R02 value=None
2026-08-26 09:31:29 [ERROR] core.application_controller: Could not start HoloLens recording for P001_S01_ST1TR_TR08_R02
Traceback (most recent call last):
  File "D:\Courses\Independent Study 2\User_Study\Desktop App\hint_study_console_v1.1.3_hololens_study_recording\hint_study_console_v1.1.3_hololens_study_recording\core\application_controller.py", line 393, in _start_trial_sensor_recordings
    paths = self.device_manager.start_hololens_trial_recording(trial)
            ^^^^^^^^^^^^^^^^^^^^^^^^^^^^^^^^^^^^^^^^^^^^^^^^^^^^^^^^^
  File "D:\Courses\Independent Study 2\User_Study\Desktop App\hint_study_console_v1.1.3_hololens_study_recording\hint_study_console_v1.1.3_hololens_study_recording\devices\device_manager.py", line 156, in start_hololens_trial_recording
    return self.hololens_device.start_trial_recording(trial)
           ^^^^^^^^^^^^^^^^^^^^^^^^^^^^^^^^^^^^^^^^^^^^^^^^^
  File "D:\Courses\Independent Study 2\User_Study\Desktop App\hint_study_console_v1.1.3_hololens_study_recording\hint_study_console_v1.1.3_hololens_study_recording\devices\hololens_device.py", line 731, in start_trial_recording
    pointer_handle = open(pointer_csv_path, "w", newline="", encoding="utf-8")
                     ^^^^^^^^^^^^^^^^^^^^^^^^^^^^^^^^^^^^^^^^^^^^^^^^^^^^^^^^^
FileNotFoundError: [Errno 2] No such file or directory: 'D:\\Courses\\Independent Study 2\\User_Study\\Desktop App\\hint_study_console_v1.1.3_hololens_study_recording\\hint_study_console_v1.1.3_hololens_study_recording\\data\\P001\\S01\\Training\\Study1\\TR08_Gridworld_Anytime_Gaze\\R02\\sensors\\hololens\\hololens_gaze_pointer.csv'
2026-08-26 09:31:29 [INFO] core.event_bus: EVENT EXPERIMENTER_NOTE participant=P001 session=P001_S01 trial=P001_S01_ST1TR_TR08_R02 value=HoloLens recording NOT started: [Errno 2] No such file or directory: 'D:\\Courses\\Independent Study 2\\User_Study\\Desktop App\\hint_study_console_v1.1.3_hololens_study_recording\\hint_study_console_v1.1.3_hololens_study_recording\\data\\P001\\S01\\Training\\Study1\\TR08_Gridworld_Anytime_Gaze\\R02\\sensors\\hololens\\hololens_gaze_pointer.csv'
2026-08-26 09:31:29 [INFO] core.event_bus: EVENT EPISODE_STARTED participant=P001 session=P001_S01 trial=P001_S01_ST1TR_TR08_R02 value=None
2026-08-26 09:31:29 [INFO] core.event_bus: EVENT COLLISION participant=P001 session=P001_S01 trial=P001_S01_ST1TR_TR08_R02 value=(1, 1)
2026-08-26 09:31:29 [INFO] core.event_bus: EVENT EPISODE_ENDED participant=P001 session=P001_S01 trial=P001_S01_ST1TR_TR08_R02 value=reward=-50.5
2026-08-26 09:31:29 [INFO] core.event_bus: EVENT EPISODE_STARTED participant=P001 session=P001_S01 trial=P001_S01_ST1TR_TR08_R02 value=None
2026-08-26 09:31:29 [INFO] core.event_bus: EVENT COLLISION participant=P001 session=P001_S01 trial=P001_S01_ST1TR_TR08_R02 value=(-1, 0)
2026-08-26 09:31:29 [INFO] core.event_bus: EVENT EPISODE_ENDED participant=P001 session=P001_S01 trial=P001_S01_ST1TR_TR08_R02 value=reward=-52.0
2026-08-26 09:31:29 [INFO] core.event_bus: EVENT EPISODE_STARTED participant=P001 session=P001_S01 trial=P001_S01_ST1TR_TR08_R02 value=None
2026-08-26 09:31:29 [INFO] core.event_bus: EVENT COLLISION participant=P001 session=P001_S01 trial=P001_S01_ST1TR_TR08_R02 value=(-1, 3)
2026-08-26 09:31:29 [INFO] core.event_bus: EVENT EPISODE_ENDED participant=P001 session=P001_S01 trial=P001_S01_ST1TR_TR08_R02 value=reward=-51.5
2026-08-26 09:31:29 [INFO] core.event_bus: EVENT EPISODE_STARTED participant=P001 session=P001_S01 trial=P001_S01_ST1TR_TR08_R02 value=None
2026-08-26 09:31:29 [INFO] core.event_bus: EVENT COLLISION participant=P001 session=P001_S01 trial=P001_S01_ST1TR_TR08_R02 value=(0, -1)
2026-08-26 09:31:29 [INFO] core.event_bus: EVENT EPISODE_ENDED participant=P001 session=P001_S01 trial=P001_S01_ST1TR_TR08_R02 value=reward=-50.0
2026-08-26 09:31:29 [INFO] core.event_bus: EVENT EPISODE_STARTED participant=P001 session=P001_S01 trial=P001_S01_ST1TR_TR08_R02 value=None
2026-08-26 09:31:30 [INFO] core.event_bus: EVENT COLLISION participant=P001 session=P001_S01 trial=P001_S01_ST1TR_TR08_R02 value=(1, 1)
2026-08-26 09:31:30 [INFO] core.event_bus: EVENT EPISODE_ENDED participant=P001 session=P001_S01 trial=P001_S01_ST1TR_TR08_R02 value=reward=-50.5
2026-08-26 09:31:30 [INFO] core.event_bus: EVENT EPISODE_STARTED participant=P001 session=P001_S01 trial=P001_S01_ST1TR_TR08_R02 value=None
2026-08-26 09:31:30 [INFO] core.event_bus: EVENT COLLISION participant=P001 session=P001_S01 trial=P001_S01_ST1TR_TR08_R02 value=(0, -1)
2026-08-26 09:31:30 [INFO] core.event_bus: EVENT EPISODE_ENDED participant=P001 session=P001_S01 trial=P001_S01_ST1TR_TR08_R02 value=reward=-50.0
2026-08-26 09:31:30 [INFO] core.event_bus: EVENT EPISODE_STARTED participant=P001 session=P001_S01 trial=P001_S01_ST1TR_TR08_R02 value=None
2026-08-26 09:31:30 [INFO] core.event_bus: EVENT COLLISION participant=P001 session=P001_S01 trial=P001_S01_ST1TR_TR08_R02 value=(1, -1)
2026-08-26 09:31:30 [INFO] core.event_bus: EVENT EPISODE_ENDED participant=P001 session=P001_S01 trial=P001_S01_ST1TR_TR08_R02 value=reward=-54.5
2026-08-26 09:31:30 [INFO] core.event_bus: EVENT EPISODE_STARTED participant=P001 session=P001_S01 trial=P001_S01_ST1TR_TR08_R02 value=None
2026-08-26 09:31:30 [INFO] core.event_bus: EVENT COLLISION participant=P001 session=P001_S01 trial=P001_S01_ST1TR_TR08_R02 value=(0, -1)
2026-08-26 09:31:30 [INFO] core.event_bus: EVENT EPISODE_ENDED participant=P001 session=P001_S01 trial=P001_S01_ST1TR_TR08_R02 value=reward=-50.0
2026-08-26 09:31:30 [INFO] core.event_bus: EVENT EPISODE_STARTED participant=P001 session=P001_S01 trial=P001_S01_ST1TR_TR08_R02 value=None
2026-08-26 09:31:30 [INFO] core.event_bus: EVENT COLLISION participant=P001 session=P001_S01 trial=P001_S01_ST1TR_TR08_R02 value=(1, 1)
2026-08-26 09:31:30 [INFO] core.event_bus: EVENT EPISODE_ENDED participant=P001 session=P001_S01 trial=P001_S01_ST1TR_TR08_R02 value=reward=-50.5
2026-08-26 09:31:30 [INFO] core.event_bus: EVENT EPISODE_STARTED participant=P001 session=P001_S01 trial=P001_S01_ST1TR_TR08_R02 value=None
2026-08-26 09:31:30 [INFO] core.event_bus: EVENT COLLISION participant=P001 session=P001_S01 trial=P001_S01_ST1TR_TR08_R02 value=(1, 3)
2026-08-26 09:31:30 [INFO] core.event_bus: EVENT EPISODE_ENDED participant=P001 session=P001_S01 trial=P001_S01_ST1TR_TR08_R02 value=reward=-51.5
2026-08-26 09:31:30 [INFO] core.event_bus: EVENT EPISODE_STARTED participant=P001 session=P001_S01 trial=P001_S01_ST1TR_TR08_R02 value=None
2026-08-26 09:31:31 [INFO] core.event_bus: EVENT COLLISION participant=P001 session=P001_S01 trial=P001_S01_ST1TR_TR08_R02 value=(3, 2)
2026-08-26 09:31:31 [INFO] core.event_bus: EVENT EPISODE_ENDED participant=P001 session=P001_S01 trial=P001_S01_ST1TR_TR08_R02 value=reward=-54.0
2026-08-26 09:31:31 [INFO] core.event_bus: EVENT EPISODE_STARTED participant=P001 session=P001_S01 trial=P001_S01_ST1TR_TR08_R02 value=None
2026-08-26 09:31:32 [INFO] core.event_bus: EVENT COLLISION participant=P001 session=P001_S01 trial=P001_S01_ST1TR_TR08_R02 value=(1, 2)
2026-08-26 09:31:32 [INFO] core.event_bus: EVENT EPISODE_ENDED participant=P001 session=P001_S01 trial=P001_S01_ST1TR_TR08_R02 value=reward=-59.0
2026-08-26 09:31:32 [INFO] core.event_bus: EVENT EPISODE_STARTED participant=P001 session=P001_S01 trial=P001_S01_ST1TR_TR08_R02 value=None
2026-08-26 09:31:32 [INFO] core.event_bus: EVENT COLLISION participant=P001 session=P001_S01 trial=P001_S01_ST1TR_TR08_R02 value=(1, 2)
2026-08-26 09:31:32 [INFO] core.event_bus: EVENT EPISODE_ENDED participant=P001 session=P001_S01 trial=P001_S01_ST1TR_TR08_R02 value=reward=-51.0
2026-08-26 09:31:32 [INFO] core.event_bus: EVENT EPISODE_STARTED participant=P001 session=P001_S01 trial=P001_S01_ST1TR_TR08_R02 value=None
2026-08-26 09:31:32 [INFO] core.event_bus: EVENT COLLISION participant=P001 session=P001_S01 trial=P001_S01_ST1TR_TR08_R02 value=(-1, 0)
2026-08-26 09:31:32 [INFO] core.event_bus: EVENT EPISODE_ENDED participant=P001 session=P001_S01 trial=P001_S01_ST1TR_TR08_R02 value=reward=-54.0
2026-08-26 09:31:32 [INFO] core.event_bus: EVENT EPISODE_STARTED participant=P001 session=P001_S01 trial=P001_S01_ST1TR_TR08_R02 value=None
2026-08-26 09:31:32 [INFO] core.event_bus: EVENT CRITICAL_STATE participant=P001 session=P001_S01 trial=P001_S01_ST1TR_TR08_R02 value=state=(0, 2);method=oscillation_pattern
2026-08-26 09:31:33 [INFO] core.event_bus: EVENT COLLISION participant=P001 session=P001_S01 trial=P001_S01_ST1TR_TR08_R02 value=(-1, 2)
2026-08-26 09:31:33 [INFO] core.event_bus: EVENT EPISODE_ENDED participant=P001 session=P001_S01 trial=P001_S01_ST1TR_TR08_R02 value=reward=-55.0
2026-08-26 09:31:33 [INFO] core.event_bus: EVENT EPISODE_STARTED participant=P001 session=P001_S01 trial=P001_S01_ST1TR_TR08_R02 value=None
2026-08-26 09:31:33 [INFO] core.event_bus: EVENT COLLISION participant=P001 session=P001_S01 trial=P001_S01_ST1TR_TR08_R02 value=(2, -1)
2026-08-26 09:31:33 [INFO] core.event_bus: EVENT EPISODE_ENDED participant=P001 session=P001_S01 trial=P001_S01_ST1TR_TR08_R02 value=reward=-51.0
2026-08-26 09:31:33 [INFO] core.event_bus: EVENT EPISODE_STARTED participant=P001 session=P001_S01 trial=P001_S01_ST1TR_TR08_R02 value=None
2026-08-26 09:31:33 [INFO] core.event_bus: EVENT COLLISION participant=P001 session=P001_S01 trial=P001_S01_ST1TR_TR08_R02 value=(2, -1)
2026-08-26 09:31:33 [INFO] core.event_bus: EVENT EPISODE_ENDED participant=P001 session=P001_S01 trial=P001_S01_ST1TR_TR08_R02 value=reward=-51.0
2026-08-26 09:31:33 [INFO] core.event_bus: EVENT EPISODE_STARTED participant=P001 session=P001_S01 trial=P001_S01_ST1TR_TR08_R02 value=None
2026-08-26 09:31:33 [INFO] core.event_bus: EVENT COLLISION participant=P001 session=P001_S01 trial=P001_S01_ST1TR_TR08_R02 value=(5, 0)
2026-08-26 09:31:33 [INFO] core.event_bus: EVENT EPISODE_ENDED participant=P001 session=P001_S01 trial=P001_S01_ST1TR_TR08_R02 value=reward=-54.0
2026-08-26 09:31:33 [INFO] core.event_bus: EVENT EPISODE_STARTED participant=P001 session=P001_S01 trial=P001_S01_ST1TR_TR08_R02 value=None
2026-08-26 09:31:33 [INFO] core.event_bus: EVENT COLLISION participant=P001 session=P001_S01 trial=P001_S01_ST1TR_TR08_R02 value=(-1, 1)
2026-08-26 09:31:34 [INFO] core.event_bus: EVENT EPISODE_ENDED participant=P001 session=P001_S01 trial=P001_S01_ST1TR_TR08_R02 value=reward=-50.5
2026-08-26 09:31:34 [INFO] core.event_bus: EVENT EPISODE_STARTED participant=P001 session=P001_S01 trial=P001_S01_ST1TR_TR08_R02 value=None
2026-08-26 09:31:34 [INFO] core.event_bus: EVENT COLLISION participant=P001 session=P001_S01 trial=P001_S01_ST1TR_TR08_R02 value=(3, -1)
2026-08-26 09:31:34 [INFO] core.event_bus: EVENT EPISODE_ENDED participant=P001 session=P001_S01 trial=P001_S01_ST1TR_TR08_R02 value=reward=-51.5
2026-08-26 09:31:34 [INFO] core.event_bus: EVENT EPISODE_STARTED participant=P001 session=P001_S01 trial=P001_S01_ST1TR_TR08_R02 value=None
2026-08-26 09:31:34 [INFO] core.event_bus: EVENT COLLISION participant=P001 session=P001_S01 trial=P001_S01_ST1TR_TR08_R02 value=(1, -1)
2026-08-26 09:31:34 [INFO] core.event_bus: EVENT EPISODE_ENDED participant=P001 session=P001_S01 trial=P001_S01_ST1TR_TR08_R02 value=reward=-50.5
2026-08-26 09:31:34 [INFO] core.event_bus: EVENT EPISODE_STARTED participant=P001 session=P001_S01 trial=P001_S01_ST1TR_TR08_R02 value=None
2026-08-26 09:31:34 [INFO] core.event_bus: EVENT COLLISION participant=P001 session=P001_S01 trial=P001_S01_ST1TR_TR08_R02 value=(1, 1)
2026-08-26 09:31:34 [INFO] core.event_bus: EVENT EPISODE_ENDED participant=P001 session=P001_S01 trial=P001_S01_ST1TR_TR08_R02 value=reward=-52.5
2026-08-26 09:31:34 [INFO] core.event_bus: EVENT EPISODE_STARTED participant=P001 session=P001_S01 trial=P001_S01_ST1TR_TR08_R02 value=None
2026-08-26 09:31:34 [INFO] core.event_bus: EVENT COLLISION participant=P001 session=P001_S01 trial=P001_S01_ST1TR_TR08_R02 value=(-1, 0)
2026-08-26 09:31:34 [INFO] core.event_bus: EVENT EPISODE_ENDED participant=P001 session=P001_S01 trial=P001_S01_ST1TR_TR08_R02 value=reward=-50.0
2026-08-26 09:31:34 [INFO] core.event_bus: EVENT EPISODE_STARTED participant=P001 session=P001_S01 trial=P001_S01_ST1TR_TR08_R02 value=None
2026-08-26 09:31:35 [INFO] core.event_bus: EVENT ANYTIME_FEEDBACK_STARTED participant=P001 session=P001_S01 trial=P001_S01_ST1TR_TR08_R02 value=pause_state=(3, 0);history_steps=0,1,2,3,4,5
2026-08-26 09:31:46 [INFO] core.event_bus: EVENT FEEDBACK_RECEIVED participant=P001 session=P001_S01 trial=P001_S01_ST1TR_TR08_R02 value=Keyboard:RIGHT
2026-08-26 09:31:46 [INFO] core.event_bus: EVENT FEEDBACK_APPLIED participant=P001 session=P001_S01 trial=P001_S01_ST1TR_TR08_R02 value=Keyboard:RIGHT
2026-08-26 09:31:46 [INFO] core.event_bus: EVENT COLLISION participant=P001 session=P001_S01 trial=P001_S01_ST1TR_TR08_R02 value=(3, 1)
2026-08-26 09:31:46 [INFO] core.event_bus: EVENT EPISODE_ENDED participant=P001 session=P001_S01 trial=P001_S01_ST1TR_TR08_R02 value=reward=-55.5
2026-08-26 09:31:46 [INFO] core.event_bus: EVENT EPISODE_STARTED participant=P001 session=P001_S01 trial=P001_S01_ST1TR_TR08_R02 value=None
2026-08-26 09:31:46 [INFO] core.event_bus: EVENT COLLISION participant=P001 session=P001_S01 trial=P001_S01_ST1TR_TR08_R02 value=(3, 1)
2026-08-26 09:31:46 [INFO] core.event_bus: EVENT EPISODE_ENDED participant=P001 session=P001_S01 trial=P001_S01_ST1TR_TR08_R02 value=reward=-51.5
2026-08-26 09:31:46 [INFO] core.event_bus: EVENT EPISODE_STARTED participant=P001 session=P001_S01 trial=P001_S01_ST1TR_TR08_R02 value=None
2026-08-26 09:31:47 [INFO] core.event_bus: EVENT COLLISION participant=P001 session=P001_S01 trial=P001_S01_ST1TR_TR08_R02 value=(-1, 1)
2026-08-26 09:31:47 [INFO] core.event_bus: EVENT EPISODE_ENDED participant=P001 session=P001_S01 trial=P001_S01_ST1TR_TR08_R02 value=reward=-60.5
2026-08-26 09:31:47 [INFO] core.event_bus: EVENT EPISODE_STARTED participant=P001 session=P001_S01 trial=P001_S01_ST1TR_TR08_R02 value=None
2026-08-26 09:31:47 [INFO] core.event_bus: EVENT COLLISION participant=P001 session=P001_S01 trial=P001_S01_ST1TR_TR08_R02 value=(1, 2)
2026-08-26 09:31:47 [INFO] core.event_bus: EVENT EPISODE_ENDED participant=P001 session=P001_S01 trial=P001_S01_ST1TR_TR08_R02 value=reward=-51.0
2026-08-26 09:31:47 [INFO] core.event_bus: EVENT EPISODE_STARTED participant=P001 session=P001_S01 trial=P001_S01_ST1TR_TR08_R02 value=None
2026-08-26 09:31:48 [INFO] core.event_bus: EVENT CRITICAL_STATE participant=P001 session=P001_S01 trial=P001_S01_ST1TR_TR08_R02 value=state=(2, 0);method=oscillation_pattern
2026-08-26 09:31:48 [INFO] core.event_bus: EVENT COLLISION participant=P001 session=P001_S01 trial=P001_S01_ST1TR_TR08_R02 value=(2, -1)
2026-08-26 09:31:48 [INFO] core.event_bus: EVENT EPISODE_ENDED participant=P001 session=P001_S01 trial=P001_S01_ST1TR_TR08_R02 value=reward=-61.0
2026-08-26 09:31:48 [INFO] core.event_bus: EVENT EPISODE_STARTED participant=P001 session=P001_S01 trial=P001_S01_ST1TR_TR08_R02 value=None
2026-08-26 09:31:48 [INFO] core.event_bus: EVENT COLLISION participant=P001 session=P001_S01 trial=P001_S01_ST1TR_TR08_R02 value=(1, 1)
2026-08-26 09:31:48 [INFO] core.event_bus: EVENT EPISODE_ENDED participant=P001 session=P001_S01 trial=P001_S01_ST1TR_TR08_R02 value=reward=-51.5
2026-08-26 09:31:48 [INFO] core.event_bus: EVENT EPISODE_STARTED participant=P001 session=P001_S01 trial=P001_S01_ST1TR_TR08_R02 value=None
2026-08-26 09:31:48 [INFO] core.event_bus: EVENT PRACTICE_ENDED participant=P001 session=P001_S01 trial=P001_S01_ST1TR_TR08_R02 value=None
2026-08-26 09:31:48 [INFO] core.event_bus: EVENT TRIAL_ENDED participant=P001 session=P001_S01 trial=P001_S01_ST1TR_TR08_R02 value=Valid; TR08/R02
2026-08-26 09:31:48 [INFO] core.workflow_manager: Ended run P001_S1TR_R09 -> Completed
2026-08-26 09:32:03 [INFO] core.workflow_manager: Started run P001_S1ST_R01 (Study 1 - Study) for P001
2026-08-26 09:32:03 [INFO] core.event_bus: EVENT TRIAL_CREATED participant=P001 session=P001_S01 trial=P001_S01_ST1ST_T01_R01 value=experimental; T01/R01; Gridworld_Requested_Keyboard
2026-08-26 09:32:03 [INFO] core.event_bus: EVENT TRIAL_STARTED participant=P001 session=P001_S01 trial=P001_S01_ST1ST_T01_R01 value=T01/R01
2026-08-26 09:32:03 [ERROR] core.application_controller: Could not start HoloLens recording for P001_S01_ST1ST_T01_R01
Traceback (most recent call last):
  File "D:\Courses\Independent Study 2\User_Study\Desktop App\hint_study_console_v1.1.3_hololens_study_recording\hint_study_console_v1.1.3_hololens_study_recording\core\application_controller.py", line 393, in _start_trial_sensor_recordings
    paths = self.device_manager.start_hololens_trial_recording(trial)
            ^^^^^^^^^^^^^^^^^^^^^^^^^^^^^^^^^^^^^^^^^^^^^^^^^^^^^^^^^
  File "D:\Courses\Independent Study 2\User_Study\Desktop App\hint_study_console_v1.1.3_hololens_study_recording\hint_study_console_v1.1.3_hololens_study_recording\devices\device_manager.py", line 156, in start_hololens_trial_recording
    return self.hololens_device.start_trial_recording(trial)
           ^^^^^^^^^^^^^^^^^^^^^^^^^^^^^^^^^^^^^^^^^^^^^^^^^
  File "D:\Courses\Independent Study 2\User_Study\Desktop App\hint_study_console_v1.1.3_hololens_study_recording\hint_study_console_v1.1.3_hololens_study_recording\devices\hololens_device.py", line 731, in start_trial_recording
    pointer_handle = open(pointer_csv_path, "w", newline="", encoding="utf-8")
                     ^^^^^^^^^^^^^^^^^^^^^^^^^^^^^^^^^^^^^^^^^^^^^^^^^^^^^^^^^
FileNotFoundError: [Errno 2] No such file or directory: 'D:\\Courses\\Independent Study 2\\User_Study\\Desktop App\\hint_study_console_v1.1.3_hololens_study_recording\\hint_study_console_v1.1.3_hololens_study_recording\\data\\P001\\S01\\Study1_ExplicitFeedback\\T01_Gridworld_Requested_Keyboard\\R01\\sensors\\hololens\\hololens_gaze_pointer.csv'
2026-08-26 09:32:03 [INFO] core.event_bus: EVENT EXPERIMENTER_NOTE participant=P001 session=P001_S01 trial=P001_S01_ST1ST_T01_R01 value=HoloLens recording NOT started: [Errno 2] No such file or directory: 'D:\\Courses\\Independent Study 2\\User_Study\\Desktop App\\hint_study_console_v1.1.3_hololens_study_recording\\hint_study_console_v1.1.3_hololens_study_recording\\data\\P001\\S01\\Study1_ExplicitFeedback\\T01_Gridworld_Requested_Keyboard\\R01\\sensors\\hololens\\hololens_gaze_pointer.csv'
2026-08-26 09:32:03 [ERROR] core.application_controller: Could not start trial P001_S01_ST1ST_T01_R01
Traceback (most recent call last):
  File "D:\Courses\Independent Study 2\User_Study\Desktop App\hint_study_console_v1.1.3_hololens_study_recording\hint_study_console_v1.1.3_hololens_study_recording\core\application_controller.py", line 222, in start_actor_critic_trial
    self._start_trial_sensor_recordings(trial)
  File "D:\Courses\Independent Study 2\User_Study\Desktop App\hint_study_console_v1.1.3_hololens_study_recording\hint_study_console_v1.1.3_hololens_study_recording\core\application_controller.py", line 453, in _start_trial_sensor_recordings
    path = self.device_manager.start_shimmer_trial_recording(trial)
           ^^^^^^^^^^^^^^^^^^^^^^^^^^^^^^^^^^^^^^^^^^^^^^^^^^^^^^^^
  File "D:\Courses\Independent Study 2\User_Study\Desktop App\hint_study_console_v1.1.3_hololens_study_recording\hint_study_console_v1.1.3_hololens_study_recording\devices\device_manager.py", line 188, in start_shimmer_trial_recording
    return self.shimmer_device.start_trial_recording(trial)
           ^^^^^^^^^^^^^^^^^^^^^^^^^^^^^^^^^^^^^^^^^^^^^^^^
  File "D:\Courses\Independent Study 2\User_Study\Desktop App\hint_study_console_v1.1.3_hololens_study_recording\hint_study_console_v1.1.3_hololens_study_recording\devices\shimmer_device.py", line 332, in start_trial_recording
    self._write_trial_metadata_locked(ended_at=None, reason="recording_started")
  File "D:\Courses\Independent Study 2\User_Study\Desktop App\hint_study_console_v1.1.3_hololens_study_recording\hint_study_console_v1.1.3_hololens_study_recording\devices\shimmer_device.py", line 457, in _write_trial_metadata_locked
    with open(rec.metadata_path, "w", encoding="utf-8") as f:
         ^^^^^^^^^^^^^^^^^^^^^^^^^^^^^^^^^^^^^^^^^^^^^^
FileNotFoundError: [Errno 2] No such file or directory: 'D:\\Courses\\Independent Study 2\\User_Study\\Desktop App\\hint_study_console_v1.1.3_hololens_study_recording\\hint_study_console_v1.1.3_hololens_study_recording\\data\\P001\\S01\\Study1_ExplicitFeedback\\T01_Gridworld_Requested_Keyboard\\R01\\sensors\\shimmer_recording_metadata.json'
2026-08-26 09:32:03 [ERROR] devices.shimmer_device: Could not finalize Shimmer recording metadata
Traceback (most recent call last):
  File "D:\Courses\Independent Study 2\User_Study\Desktop App\hint_study_console_v1.1.3_hololens_study_recording\hint_study_console_v1.1.3_hololens_study_recording\core\application_controller.py", line 222, in start_actor_critic_trial
    self._start_trial_sensor_recordings(trial)
  File "D:\Courses\Independent Study 2\User_Study\Desktop App\hint_study_console_v1.1.3_hololens_study_recording\hint_study_console_v1.1.3_hololens_study_recording\core\application_controller.py", line 453, in _start_trial_sensor_recordings
    path = self.device_manager.start_shimmer_trial_recording(trial)
           ^^^^^^^^^^^^^^^^^^^^^^^^^^^^^^^^^^^^^^^^^^^^^^^^^^^^^^^^
  File "D:\Courses\Independent Study 2\User_Study\Desktop App\hint_study_console_v1.1.3_hololens_study_recording\hint_study_console_v1.1.3_hololens_study_recording\devices\device_manager.py", line 188, in start_shimmer_trial_recording
    return self.shimmer_device.start_trial_recording(trial)
           ^^^^^^^^^^^^^^^^^^^^^^^^^^^^^^^^^^^^^^^^^^^^^^^^
  File "D:\Courses\Independent Study 2\User_Study\Desktop App\hint_study_console_v1.1.3_hololens_study_recording\hint_study_console_v1.1.3_hololens_study_recording\devices\shimmer_device.py", line 332, in start_trial_recording
    self._write_trial_metadata_locked(ended_at=None, reason="recording_started")
  File "D:\Courses\Independent Study 2\User_Study\Desktop App\hint_study_console_v1.1.3_hololens_study_recording\hint_study_console_v1.1.3_hololens_study_recording\devices\shimmer_device.py", line 457, in _write_trial_metadata_locked
    with open(rec.metadata_path, "w", encoding="utf-8") as f:
         ^^^^^^^^^^^^^^^^^^^^^^^^^^^^^^^^^^^^^^^^^^^^^^
FileNotFoundError: [Errno 2] No such file or directory: 'D:\\Courses\\Independent Study 2\\User_Study\\Desktop App\\hint_study_console_v1.1.3_hololens_study_recording\\hint_study_console_v1.1.3_hololens_study_recording\\data\\P001\\S01\\Study1_ExplicitFeedback\\T01_Gridworld_Requested_Keyboard\\R01\\sensors\\shimmer_recording_metadata.json'

During handling of the above exception, another exception occurred:

Traceback (most recent call last):
  File "D:\Courses\Independent Study 2\User_Study\Desktop App\hint_study_console_v1.1.3_hololens_study_recording\hint_study_console_v1.1.3_hololens_study_recording\devices\shimmer_device.py", line 371, in stop_trial_recording
    self._write_trial_metadata_locked(ended_at=ended, reason=reason)
  File "D:\Courses\Independent Study 2\User_Study\Desktop App\hint_study_console_v1.1.3_hololens_study_recording\hint_study_console_v1.1.3_hololens_study_recording\devices\shimmer_device.py", line 457, in _write_trial_metadata_locked
    with open(rec.metadata_path, "w", encoding="utf-8") as f:
         ^^^^^^^^^^^^^^^^^^^^^^^^^^^^^^^^^^^^^^^^^^^^^^
FileNotFoundError: [Errno 2] No such file or directory: 'D:\\Courses\\Independent Study 2\\User_Study\\Desktop App\\hint_study_console_v1.1.3_hololens_study_recording\\hint_study_console_v1.1.3_hololens_study_recording\\data\\P001\\S01\\Study1_ExplicitFeedback\\T01_Gridworld_Requested_Keyboard\\R01\\sensors\\shimmer_recording_metadata.json'
2026-08-26 09:32:03 [INFO] devices.shimmer_device: Shimmer: STUDY RECORDING STOPPED: P001_S01_ST1ST_T01_R01 — 0 samples saved to D:\Courses\Independent Study 2\User_Study\Desktop App\hint_study_console_v1.1.3_hololens_study_recording\hint_study_console_v1.1.3_hololens_study_recording\data\P001\S01\Study1_ExplicitFeedback\T01_Gridworld_Requested_Keyboard\R01\sensors\shimmer_gsr_ppg.csv
2026-08-26 09:32:03 [INFO] core.event_bus: EVENT RECORDING_STOPPED participant=P001 session=P001_S01 trial=P001_S01_ST1ST_T01_R01 value=Shimmer GSR+PPG: 0 samples -> D:\Courses\Independent Study 2\User_Study\Desktop App\hint_study_console_v1.1.3_hololens_study_recording\hint_study_console_v1.1.3_hololens_study_recording\data\P001\S01\Study1_ExplicitFeedback\T01_Gridworld_Requested_Keyboard\R01\sensors\shimmer_gsr_ppg.csv
2026-08-26 09:32:03 [INFO] core.event_bus: EVENT TRIAL_ENDED participant=P001 session=P001_S01 trial=P001_S01_ST1ST_T01_R01 value=Aborted; T01/R01
2026-08-26 09:32:03 [INFO] core.workflow_manager: Ended run P001_S1ST_R01 -> Aborted
2026-08-26 09:32:33 [INFO] core.workflow_manager: Started run P001_S1ST_R02 (Study 1 - Study) for P001
2026-08-26 09:32:33 [INFO] core.event_bus: EVENT TRIAL_CREATED participant=P001 session=P001_S01 trial=P001_S01_ST1ST_T01_R02 value=experimental; T01/R02; Gridworld_Requested_Keyboard
2026-08-26 09:32:33 [INFO] core.event_bus: EVENT TRIAL_STARTED participant=P001 session=P001_S01 trial=P001_S01_ST1ST_T01_R02 value=T01/R02
2026-08-26 09:32:33 [ERROR] core.application_controller: Could not start HoloLens recording for P001_S01_ST1ST_T01_R02
Traceback (most recent call last):
  File "D:\Courses\Independent Study 2\User_Study\Desktop App\hint_study_console_v1.1.3_hololens_study_recording\hint_study_console_v1.1.3_hololens_study_recording\core\application_controller.py", line 393, in _start_trial_sensor_recordings
    paths = self.device_manager.start_hololens_trial_recording(trial)
            ^^^^^^^^^^^^^^^^^^^^^^^^^^^^^^^^^^^^^^^^^^^^^^^^^^^^^^^^^
  File "D:\Courses\Independent Study 2\User_Study\Desktop App\hint_study_console_v1.1.3_hololens_study_recording\hint_study_console_v1.1.3_hololens_study_recording\devices\device_manager.py", line 156, in start_hololens_trial_recording
    return self.hololens_device.start_trial_recording(trial)
           ^^^^^^^^^^^^^^^^^^^^^^^^^^^^^^^^^^^^^^^^^^^^^^^^^
  File "D:\Courses\Independent Study 2\User_Study\Desktop App\hint_study_console_v1.1.3_hololens_study_recording\hint_study_console_v1.1.3_hololens_study_recording\devices\hololens_device.py", line 731, in start_trial_recording
    pointer_handle = open(pointer_csv_path, "w", newline="", encoding="utf-8")
                     ^^^^^^^^^^^^^^^^^^^^^^^^^^^^^^^^^^^^^^^^^^^^^^^^^^^^^^^^^
FileNotFoundError: [Errno 2] No such file or directory: 'D:\\Courses\\Independent Study 2\\User_Study\\Desktop App\\hint_study_console_v1.1.3_hololens_study_recording\\hint_study_console_v1.1.3_hololens_study_recording\\data\\P001\\S01\\Study1_ExplicitFeedback\\T01_Gridworld_Requested_Keyboard\\R02\\sensors\\hololens\\hololens_gaze_pointer.csv'
2026-08-26 09:32:33 [INFO] core.event_bus: EVENT EXPERIMENTER_NOTE participant=P001 session=P001_S01 trial=P001_S01_ST1ST_T01_R02 value=HoloLens recording NOT started: [Errno 2] No such file or directory: 'D:\\Courses\\Independent Study 2\\User_Study\\Desktop App\\hint_study_console_v1.1.3_hololens_study_recording\\hint_study_console_v1.1.3_hololens_study_recording\\data\\P001\\S01\\Study1_ExplicitFeedback\\T01_Gridworld_Requested_Keyboard\\R02\\sensors\\hololens\\hololens_gaze_pointer.csv'
2026-08-26 09:32:33 [ERROR] core.application_controller: Could not start trial P001_S01_ST1ST_T01_R02
Traceback (most recent call last):
  File "D:\Courses\Independent Study 2\User_Study\Desktop App\hint_study_console_v1.1.3_hololens_study_recording\hint_study_console_v1.1.3_hololens_study_recording\core\application_controller.py", line 222, in start_actor_critic_trial
    self._start_trial_sensor_recordings(trial)
  File "D:\Courses\Independent Study 2\User_Study\Desktop App\hint_study_console_v1.1.3_hololens_study_recording\hint_study_console_v1.1.3_hololens_study_recording\core\application_controller.py", line 453, in _start_trial_sensor_recordings
    path = self.device_manager.start_shimmer_trial_recording(trial)
           ^^^^^^^^^^^^^^^^^^^^^^^^^^^^^^^^^^^^^^^^^^^^^^^^^^^^^^^^
  File "D:\Courses\Independent Study 2\User_Study\Desktop App\hint_study_console_v1.1.3_hololens_study_recording\hint_study_console_v1.1.3_hololens_study_recording\devices\device_manager.py", line 188, in start_shimmer_trial_recording
    return self.shimmer_device.start_trial_recording(trial)
           ^^^^^^^^^^^^^^^^^^^^^^^^^^^^^^^^^^^^^^^^^^^^^^^^
  File "D:\Courses\Independent Study 2\User_Study\Desktop App\hint_study_console_v1.1.3_hololens_study_recording\hint_study_console_v1.1.3_hololens_study_recording\devices\shimmer_device.py", line 332, in start_trial_recording
    self._write_trial_metadata_locked(ended_at=None, reason="recording_started")
  File "D:\Courses\Independent Study 2\User_Study\Desktop App\hint_study_console_v1.1.3_hololens_study_recording\hint_study_console_v1.1.3_hololens_study_recording\devices\shimmer_device.py", line 457, in _write_trial_metadata_locked
    with open(rec.metadata_path, "w", encoding="utf-8") as f:
         ^^^^^^^^^^^^^^^^^^^^^^^^^^^^^^^^^^^^^^^^^^^^^^
FileNotFoundError: [Errno 2] No such file or directory: 'D:\\Courses\\Independent Study 2\\User_Study\\Desktop App\\hint_study_console_v1.1.3_hololens_study_recording\\hint_study_console_v1.1.3_hololens_study_recording\\data\\P001\\S01\\Study1_ExplicitFeedback\\T01_Gridworld_Requested_Keyboard\\R02\\sensors\\shimmer_recording_metadata.json'
2026-08-26 09:32:33 [ERROR] devices.shimmer_device: Could not finalize Shimmer recording metadata
Traceback (most recent call last):
  File "D:\Courses\Independent Study 2\User_Study\Desktop App\hint_study_console_v1.1.3_hololens_study_recording\hint_study_console_v1.1.3_hololens_study_recording\core\application_controller.py", line 222, in start_actor_critic_trial
    self._start_trial_sensor_recordings(trial)
  File "D:\Courses\Independent Study 2\User_Study\Desktop App\hint_study_console_v1.1.3_hololens_study_recording\hint_study_console_v1.1.3_hololens_study_recording\core\application_controller.py", line 453, in _start_trial_sensor_recordings
    path = self.device_manager.start_shimmer_trial_recording(trial)
           ^^^^^^^^^^^^^^^^^^^^^^^^^^^^^^^^^^^^^^^^^^^^^^^^^^^^^^^^
  File "D:\Courses\Independent Study 2\User_Study\Desktop App\hint_study_console_v1.1.3_hololens_study_recording\hint_study_console_v1.1.3_hololens_study_recording\devices\device_manager.py", line 188, in start_shimmer_trial_recording
    return self.shimmer_device.start_trial_recording(trial)
           ^^^^^^^^^^^^^^^^^^^^^^^^^^^^^^^^^^^^^^^^^^^^^^^^
  File "D:\Courses\Independent Study 2\User_Study\Desktop App\hint_study_console_v1.1.3_hololens_study_recording\hint_study_console_v1.1.3_hololens_study_recording\devices\shimmer_device.py", line 332, in start_trial_recording
    self._write_trial_metadata_locked(ended_at=None, reason="recording_started")
  File "D:\Courses\Independent Study 2\User_Study\Desktop App\hint_study_console_v1.1.3_hololens_study_recording\hint_study_console_v1.1.3_hololens_study_recording\devices\shimmer_device.py", line 457, in _write_trial_metadata_locked
    with open(rec.metadata_path, "w", encoding="utf-8") as f:
         ^^^^^^^^^^^^^^^^^^^^^^^^^^^^^^^^^^^^^^^^^^^^^^
FileNotFoundError: [Errno 2] No such file or directory: 'D:\\Courses\\Independent Study 2\\User_Study\\Desktop App\\hint_study_console_v1.1.3_hololens_study_recording\\hint_study_console_v1.1.3_hololens_study_recording\\data\\P001\\S01\\Study1_ExplicitFeedback\\T01_Gridworld_Requested_Keyboard\\R02\\sensors\\shimmer_recording_metadata.json'

During handling of the above exception, another exception occurred:

Traceback (most recent call last):
  File "D:\Courses\Independent Study 2\User_Study\Desktop App\hint_study_console_v1.1.3_hololens_study_recording\hint_study_console_v1.1.3_hololens_study_recording\devices\shimmer_device.py", line 371, in stop_trial_recording
    self._write_trial_metadata_locked(ended_at=ended, reason=reason)
  File "D:\Courses\Independent Study 2\User_Study\Desktop App\hint_study_console_v1.1.3_hololens_study_recording\hint_study_console_v1.1.3_hololens_study_recording\devices\shimmer_device.py", line 457, in _write_trial_metadata_locked
    with open(rec.metadata_path, "w", encoding="utf-8") as f:
         ^^^^^^^^^^^^^^^^^^^^^^^^^^^^^^^^^^^^^^^^^^^^^^
FileNotFoundError: [Errno 2] No such file or directory: 'D:\\Courses\\Independent Study 2\\User_Study\\Desktop App\\hint_study_console_v1.1.3_hololens_study_recording\\hint_study_console_v1.1.3_hololens_study_recording\\data\\P001\\S01\\Study1_ExplicitFeedback\\T01_Gridworld_Requested_Keyboard\\R02\\sensors\\shimmer_recording_metadata.json'
2026-08-26 09:32:33 [INFO] devices.shimmer_device: Shimmer: STUDY RECORDING STOPPED: P001_S01_ST1ST_T01_R02 — 0 samples saved to D:\Courses\Independent Study 2\User_Study\Desktop App\hint_study_console_v1.1.3_hololens_study_recording\hint_study_console_v1.1.3_hololens_study_recording\data\P001\S01\Study1_ExplicitFeedback\T01_Gridworld_Requested_Keyboard\R02\sensors\shimmer_gsr_ppg.csv
2026-08-26 09:32:33 [INFO] core.event_bus: EVENT RECORDING_STOPPED participant=P001 session=P001_S01 trial=P001_S01_ST1ST_T01_R02 value=Shimmer GSR+PPG: 0 samples -> D:\Courses\Independent Study 2\User_Study\Desktop App\hint_study_console_v1.1.3_hololens_study_recording\hint_study_console_v1.1.3_hololens_study_recording\data\P001\S01\Study1_ExplicitFeedback\T01_Gridworld_Requested_Keyboard\R02\sensors\shimmer_gsr_ppg.csv
2026-08-26 09:32:33 [INFO] core.event_bus: EVENT TRIAL_ENDED participant=P001 session=P001_S01 trial=P001_S01_ST1ST_T01_R02 value=Aborted; T01/R02
2026-08-26 09:32:33 [INFO] core.workflow_manager: Ended run P001_S1ST_R02 -> Aborted
2026-08-26 09:33:24 [INFO] core.workflow_manager: Started run P001_S1ST_R03 (Study 1 - Study) for P001
2026-08-26 09:33:24 [INFO] core.event_bus: EVENT TRIAL_CREATED participant=P001 session=P001_S01 trial=P001_S01_ST1ST_T01_R03 value=experimental; T01/R03; Gridworld_Requested_Keyboard
2026-08-26 09:33:24 [INFO] core.event_bus: EVENT TRIAL_STARTED participant=P001 session=P001_S01 trial=P001_S01_ST1ST_T01_R03 value=T01/R03
2026-08-26 09:33:24 [ERROR] core.application_controller: Could not start HoloLens recording for P001_S01_ST1ST_T01_R03
Traceback (most recent call last):
  File "D:\Courses\Independent Study 2\User_Study\Desktop App\hint_study_console_v1.1.3_hololens_study_recording\hint_study_console_v1.1.3_hololens_study_recording\core\application_controller.py", line 393, in _start_trial_sensor_recordings
    paths = self.device_manager.start_hololens_trial_recording(trial)
            ^^^^^^^^^^^^^^^^^^^^^^^^^^^^^^^^^^^^^^^^^^^^^^^^^^^^^^^^^
  File "D:\Courses\Independent Study 2\User_Study\Desktop App\hint_study_console_v1.1.3_hololens_study_recording\hint_study_console_v1.1.3_hololens_study_recording\devices\device_manager.py", line 156, in start_hololens_trial_recording
    return self.hololens_device.start_trial_recording(trial)
           ^^^^^^^^^^^^^^^^^^^^^^^^^^^^^^^^^^^^^^^^^^^^^^^^^
  File "D:\Courses\Independent Study 2\User_Study\Desktop App\hint_study_console_v1.1.3_hololens_study_recording\hint_study_console_v1.1.3_hololens_study_recording\devices\hololens_device.py", line 731, in start_trial_recording
    pointer_handle = open(pointer_csv_path, "w", newline="", encoding="utf-8")
                     ^^^^^^^^^^^^^^^^^^^^^^^^^^^^^^^^^^^^^^^^^^^^^^^^^^^^^^^^^
FileNotFoundError: [Errno 2] No such file or directory: 'D:\\Courses\\Independent Study 2\\User_Study\\Desktop App\\hint_study_console_v1.1.3_hololens_study_recording\\hint_study_console_v1.1.3_hololens_study_recording\\data\\P001\\S01\\Study1_ExplicitFeedback\\T01_Gridworld_Requested_Keyboard\\R03\\sensors\\hololens\\hololens_gaze_pointer.csv'
2026-08-26 09:33:24 [INFO] core.event_bus: EVENT EXPERIMENTER_NOTE participant=P001 session=P001_S01 trial=P001_S01_ST1ST_T01_R03 value=HoloLens recording NOT started: [Errno 2] No such file or directory: 'D:\\Courses\\Independent Study 2\\User_Study\\Desktop App\\hint_study_console_v1.1.3_hololens_study_recording\\hint_study_console_v1.1.3_hololens_study_recording\\data\\P001\\S01\\Study1_ExplicitFeedback\\T01_Gridworld_Requested_Keyboard\\R03\\sensors\\hololens\\hololens_gaze_pointer.csv'
2026-08-26 09:33:24 [ERROR] core.application_controller: Could not start trial P001_S01_ST1ST_T01_R03
Traceback (most recent call last):
  File "D:\Courses\Independent Study 2\User_Study\Desktop App\hint_study_console_v1.1.3_hololens_study_recording\hint_study_console_v1.1.3_hololens_study_recording\core\application_controller.py", line 222, in start_actor_critic_trial
    self._start_trial_sensor_recordings(trial)
  File "D:\Courses\Independent Study 2\User_Study\Desktop App\hint_study_console_v1.1.3_hololens_study_recording\hint_study_console_v1.1.3_hololens_study_recording\core\application_controller.py", line 453, in _start_trial_sensor_recordings
    path = self.device_manager.start_shimmer_trial_recording(trial)
           ^^^^^^^^^^^^^^^^^^^^^^^^^^^^^^^^^^^^^^^^^^^^^^^^^^^^^^^^
  File "D:\Courses\Independent Study 2\User_Study\Desktop App\hint_study_console_v1.1.3_hololens_study_recording\hint_study_console_v1.1.3_hololens_study_recording\devices\device_manager.py", line 188, in start_shimmer_trial_recording
    return self.shimmer_device.start_trial_recording(trial)
           ^^^^^^^^^^^^^^^^^^^^^^^^^^^^^^^^^^^^^^^^^^^^^^^^
  File "D:\Courses\Independent Study 2\User_Study\Desktop App\hint_study_console_v1.1.3_hololens_study_recording\hint_study_console_v1.1.3_hololens_study_recording\devices\shimmer_device.py", line 332, in start_trial_recording
    self._write_trial_metadata_locked(ended_at=None, reason="recording_started")
  File "D:\Courses\Independent Study 2\User_Study\Desktop App\hint_study_console_v1.1.3_hololens_study_recording\hint_study_console_v1.1.3_hololens_study_recording\devices\shimmer_device.py", line 457, in _write_trial_metadata_locked
    with open(rec.metadata_path, "w", encoding="utf-8") as f:
         ^^^^^^^^^^^^^^^^^^^^^^^^^^^^^^^^^^^^^^^^^^^^^^
FileNotFoundError: [Errno 2] No such file or directory: 'D:\\Courses\\Independent Study 2\\User_Study\\Desktop App\\hint_study_console_v1.1.3_hololens_study_recording\\hint_study_console_v1.1.3_hololens_study_recording\\data\\P001\\S01\\Study1_ExplicitFeedback\\T01_Gridworld_Requested_Keyboard\\R03\\sensors\\shimmer_recording_metadata.json'
2026-08-26 09:33:24 [ERROR] devices.shimmer_device: Could not finalize Shimmer recording metadata
Traceback (most recent call last):
  File "D:\Courses\Independent Study 2\User_Study\Desktop App\hint_study_console_v1.1.3_hololens_study_recording\hint_study_console_v1.1.3_hololens_study_recording\core\application_controller.py", line 222, in start_actor_critic_trial
    self._start_trial_sensor_recordings(trial)
  File "D:\Courses\Independent Study 2\User_Study\Desktop App\hint_study_console_v1.1.3_hololens_study_recording\hint_study_console_v1.1.3_hololens_study_recording\core\application_controller.py", line 453, in _start_trial_sensor_recordings
    path = self.device_manager.start_shimmer_trial_recording(trial)
           ^^^^^^^^^^^^^^^^^^^^^^^^^^^^^^^^^^^^^^^^^^^^^^^^^^^^^^^^
  File "D:\Courses\Independent Study 2\User_Study\Desktop App\hint_study_console_v1.1.3_hololens_study_recording\hint_study_console_v1.1.3_hololens_study_recording\devices\device_manager.py", line 188, in start_shimmer_trial_recording
    return self.shimmer_device.start_trial_recording(trial)
           ^^^^^^^^^^^^^^^^^^^^^^^^^^^^^^^^^^^^^^^^^^^^^^^^
  File "D:\Courses\Independent Study 2\User_Study\Desktop App\hint_study_console_v1.1.3_hololens_study_recording\hint_study_console_v1.1.3_hololens_study_recording\devices\shimmer_device.py", line 332, in start_trial_recording
    self._write_trial_metadata_locked(ended_at=None, reason="recording_started")
  File "D:\Courses\Independent Study 2\User_Study\Desktop App\hint_study_console_v1.1.3_hololens_study_recording\hint_study_console_v1.1.3_hololens_study_recording\devices\shimmer_device.py", line 457, in _write_trial_metadata_locked
    with open(rec.metadata_path, "w", encoding="utf-8") as f:
         ^^^^^^^^^^^^^^^^^^^^^^^^^^^^^^^^^^^^^^^^^^^^^^
FileNotFoundError: [Errno 2] No such file or directory: 'D:\\Courses\\Independent Study 2\\User_Study\\Desktop App\\hint_study_console_v1.1.3_hololens_study_recording\\hint_study_console_v1.1.3_hololens_study_recording\\data\\P001\\S01\\Study1_ExplicitFeedback\\T01_Gridworld_Requested_Keyboard\\R03\\sensors\\shimmer_recording_metadata.json'

During handling of the above exception, another exception occurred:

Traceback (most recent call last):
  File "D:\Courses\Independent Study 2\User_Study\Desktop App\hint_study_console_v1.1.3_hololens_study_recording\hint_study_console_v1.1.3_hololens_study_recording\devices\shimmer_device.py", line 371, in stop_trial_recording
    self._write_trial_metadata_locked(ended_at=ended, reason=reason)
  File "D:\Courses\Independent Study 2\User_Study\Desktop App\hint_study_console_v1.1.3_hololens_study_recording\hint_study_console_v1.1.3_hololens_study_recording\devices\shimmer_device.py", line 457, in _write_trial_metadata_locked
    with open(rec.metadata_path, "w", encoding="utf-8") as f:
         ^^^^^^^^^^^^^^^^^^^^^^^^^^^^^^^^^^^^^^^^^^^^^^
FileNotFoundError: [Errno 2] No such file or directory: 'D:\\Courses\\Independent Study 2\\User_Study\\Desktop App\\hint_study_console_v1.1.3_hololens_study_recording\\hint_study_console_v1.1.3_hololens_study_recording\\data\\P001\\S01\\Study1_ExplicitFeedback\\T01_Gridworld_Requested_Keyboard\\R03\\sensors\\shimmer_recording_metadata.json'
2026-08-26 09:33:24 [INFO] devices.shimmer_device: Shimmer: STUDY RECORDING STOPPED: P001_S01_ST1ST_T01_R03 — 0 samples saved to D:\Courses\Independent Study 2\User_Study\Desktop App\hint_study_console_v1.1.3_hololens_study_recording\hint_study_console_v1.1.3_hololens_study_recording\data\P001\S01\Study1_ExplicitFeedback\T01_Gridworld_Requested_Keyboard\R03\sensors\shimmer_gsr_ppg.csv
2026-08-26 09:33:24 [INFO] core.event_bus: EVENT RECORDING_STOPPED participant=P001 session=P001_S01 trial=P001_S01_ST1ST_T01_R03 value=Shimmer GSR+PPG: 0 samples -> D:\Courses\Independent Study 2\User_Study\Desktop App\hint_study_console_v1.1.3_hololens_study_recording\hint_study_console_v1.1.3_hololens_study_recording\data\P001\S01\Study1_ExplicitFeedback\T01_Gridworld_Requested_Keyboard\R03\sensors\shimmer_gsr_ppg.csv
2026-08-26 09:33:25 [INFO] core.event_bus: EVENT TRIAL_ENDED participant=P001 session=P001_S01 trial=P001_S01_ST1ST_T01_R03 value=Aborted; T01/R03
2026-08-26 09:33:25 [INFO] core.workflow_manager: Ended run P001_S1ST_R03 -> Aborted
2026-08-26 09:33:32 [INFO] core.application_controller: Shutting down HINT Study Console
2026-08-26 09:33:32 [INFO] devices.device_manager: Device HoloLens -> Disconnected
2026-08-26 09:33:32 [INFO] core.event_bus: EVENT DEVICE_DISCONNECTED participant=None session=None trial=None value=HoloLens
2026-08-26 09:33:32 [INFO] devices.hololens_device: HoloLens disconnected.
2026-08-26 09:33:32 [INFO] devices.device_manager: Device Keyboard -> Disconnected
2026-08-26 09:33:32 [INFO] core.event_bus: EVENT DEVICE_DISCONNECTED participant=None session=None trial=None value=Keyboard
2026-08-26 09:33:32 [INFO] devices.device_manager: Device Microphone -> Disconnected
2026-08-26 09:33:32 [INFO] core.event_bus: EVENT DEVICE_DISCONNECTED participant=None session=None trial=None value=Microphone
2026-08-26 09:33:32 [INFO] devices.device_manager: Device Shimmer -> Disconnected
2026-08-26 09:33:32 [INFO] core.event_bus: EVENT DEVICE_DISCONNECTED participant=None session=None trial=None value=Shimmer
