timestamp,participant_id,session_id,trial_id,condition_code,run_code,condition_name,practice,study,environment,feedback_timing,modality,episode,step,state_before_row,state_before_col,action,action_name,state_after_row,state_after_col,reward,total_reward,done,target_reached,collision,entropy_coef,ambiguity_detected
1788307690.742929,P001,P001_S01,P001_S01_ST1ST_T02_R01,T02,R01,Gridworld_Anytime_Keyboard,0,Study 1,Gridworld,Anytime Feedback,Keyboard,1,1,0,0,3,RIGHT,0,1,-0.5,-0.5,0,0,0,0.05,0
1788307690.804060,P001,P001_S01,P001_S01_ST1ST_T02_R01,T02,R01,Gridworld_Anytime_Keyboard,0,Study 1,Gridworld,Anytime Feedback,Keyboard,1,2,0,1,1,DOWN,1,1,-50.0,-50.5,1,0,1,0.049975000000000006,0
1788307690.882838,P001,P001_S01,P001_S01_ST1ST_T02_R01,T02,R01,Gridworld_Anytime_Keyboard,0,Study 1,Gridworld,Anytime Feedback,Keyboard,2,1,0,0,3,RIGHT,0,1,-0.5,-0.5,0,0,0,0.049975000000000006,0
1788307690.945139,P001,P001_S01,P001_S01_ST1ST_T02_R01,T02,R01,Gridworld_Anytime_Keyboard,0,Study 1,Gridworld,Anytime Feedback,Keyboard,2,2,0,1,2,LEFT,0,0,-1.5,-2.0,0,0,0,0.049975000000000006,0
1788307691.006455,P001,P001_S01,P001_S01_ST1ST_T02_R01,T02,R01,Gridworld_Anytime_Keyboard,0,Study 1,Gridworld,Anytime Feedback,Keyboard,2,3,0,0,0,UP,-1,0,-50.0,-52.0,1,0,1,0.04995001250000001,0
1788307691.085000,P001,P001_S01,P001_S01_ST1ST_T02_R01,T02,R01,Gridworld_Anytime_Keyboard,0,Study 1,Gridworld,Anytime Feedback,Keyboard,3,1,0,0,3,RIGHT,0,1,-0.5,-0.5,0,0,0,0.04995001250000001,0
1788307691.148119,P001,P001_S01,P001_S01_ST1ST_T02_R01,T02,R01,Gridworld_Anytime_Keyboard,0,Study 1,Gridworld,Anytime Feedback,Keyboard,3,2,0,1,3,RIGHT,0,2,-0.5,-1.0,0,0,0,0.04995001250000001,0
1788307691.212203,P001,P001_S01,P001_S01_ST1ST_T02_R01,T02,R01,Gridworld_Anytime_Keyboard,0,Study 1,Gridworld,Anytime Feedback,Keyboard,3,3,0,2,3,RIGHT,0,3,-0.5,-1.5,0,0,0,0.04995001250000001,0
1788307691.274713,P001,P001_S01,P001_S01_ST1ST_T02_R01,T02,R01,Gridworld_Anytime_Keyboard,0,Study 1,Gridworld,Anytime Feedback,Keyboard,3,4,0,3,0,UP,-1,3,-50.0,-51.5,1,0,1,0.04992503749375001,0
1788307691.352526,P001,P001_S01,P001_S01_ST1ST_T02_R01,T02,R01,Gridworld_Anytime_Keyboard,0,Study 1,Gridworld,Anytime Feedback,Keyboard,4,1,0,0,2,LEFT,0,-1,-50.0,-50.0,1,0,1,0.049900074975003136,0
1788307691.431152,P001,P001_S01,P001_S01_ST1ST_T02_R01,T02,R01,Gridworld_Anytime_Keyboard,0,Study 1,Gridworld,Anytime Feedback,Keyboard,5,1,0,0,1,DOWN,1,0,-0.5,-0.5,0,0,0,0.049900074975003136,0
1788307691.493808,P001,P001_S01,P001_S01_ST1ST_T02_R01,T02,R01,Gridworld_Anytime_Keyboard,0,Study 1,Gridworld,Anytime Feedback,Keyboard,5,2,1,0,3,RIGHT,1,1,-50.0,-50.5,1,0,1,0.049875124937515634,0
1788307691.571243,P001,P001_S01,P001_S01_ST1ST_T02_R01,T02,R01,Gridworld_Anytime_Keyboard,0,Study 1,Gridworld,Anytime Feedback,Keyboard,6,1,0,0,2,LEFT,0,-1,-50.0,-50.0,1,0,1,0.04985018737504688,0
1788307691.648393,P001,P001_S01,P001_S01_ST1ST_T02_R01,T02,R01,Gridworld_Anytime_Keyboard,0,Study 1,Gridworld,Anytime Feedback,Keyboard,7,1,0,0,3,RIGHT,0,1,-0.5,-0.5,0,0,0,0.04985018737504688,0
1788307691.710035,P001,P001_S01,P001_S01_ST1ST_T02_R01,T02,R01,Gridworld_Anytime_Keyboard,0,Study 1,Gridworld,Anytime Feedback,Keyboard,7,2,0,1,2,LEFT,0,0,-1.5,-2.0,0,0,0,0.04985018737504688,0
1788307691.772885,P001,P001_S01,P001_S01_ST1ST_T02_R01,T02,R01,Gridworld_Anytime_Keyboard,0,Study 1,Gridworld,Anytime Feedback,Keyboard,7,3,0,0,1,DOWN,1,0,-0.5,-2.5,0,0,0,0.04985018737504688,0
1788307691.835648,P001,P001_S01,P001_S01_ST1ST_T02_R01,T02,R01,Gridworld_Anytime_Keyboard,0,Study 1,Gridworld,Anytime Feedback,Keyboard,7,4,1,0,1,DOWN,2,0,-0.5,-3.0,0,0,0,0.04985018737504688,0
1788307691.897362,P001,P001_S01,P001_S01_ST1ST_T02_R01,T02,R01,Gridworld_Anytime_Keyboard,0,Study 1,Gridworld,Anytime Feedback,Keyboard,7,5,2,0,0,UP,1,0,-1.5,-4.5,0,0,0,0.04985018737504688,0
1788307691.958920,P001,P001_S01,P001_S01_ST1ST_T02_R01,T02,R01,Gridworld_Anytime_Keyboard,0,Study 1,Gridworld,Anytime Feedback,Keyboard,7,6,1,0,2,LEFT,1,-1,-50.0,-54.5,1,0,1,0.04982526228135936,0
1788307692.035871,P001,P001_S01,P001_S01_ST1ST_T02_R01,T02,R01,Gridworld_Anytime_Keyboard,0,Study 1,Gridworld,Anytime Feedback,Keyboard,8,1,0,0,2,LEFT,0,-1,-50.0,-50.0,1,0,1,0.049800349650218685,0
1788307692.114581,P001,P001_S01,P001_S01_ST1ST_T02_R01,T02,R01,Gridworld_Anytime_Keyboard,0,Study 1,Gridworld,Anytime Feedback,Keyboard,9,1,0,0,3,RIGHT,0,1,-0.5,-0.5,0,0,0,0.049800349650218685,0
1788307692.176513,P001,P001_S01,P001_S01_ST1ST_T02_R01,T02,R01,Gridworld_Anytime_Keyboard,0,Study 1,Gridworld,Anytime Feedback,Keyboard,9,2,0,1,1,DOWN,1,1,-50.0,-50.5,1,0,1,0.04977544947539358,0
1788307692.254207,P001,P001_S01,P001_S01_ST1ST_T02_R01,T02,R01,Gridworld_Anytime_Keyboard,0,Study 1,Gridworld,Anytime Feedback,Keyboard,10,1,0,0,3,RIGHT,0,1,-0.5,-0.5,0,0,0,0.04977544947539358,0
1788307692.317207,P001,P001_S01,P001_S01_ST1ST_T02_R01,T02,R01,Gridworld_Anytime_Keyboard,0,Study 1,Gridworld,Anytime Feedback,Keyboard,10,2,0,1,3,RIGHT,0,2,-0.5,-1.0,0,0,0,0.04977544947539358,0
1788307692.380730,P001,P001_S01,P001_S01_ST1ST_T02_R01,T02,R01,Gridworld_Anytime_Keyboard,0,Study 1,Gridworld,Anytime Feedback,Keyboard,10,3,0,2,3,RIGHT,0,3,-0.5,-1.5,0,0,0,0.04977544947539358,0
1788307692.443236,P001,P001_S01,P001_S01_ST1ST_T02_R01,T02,R01,Gridworld_Anytime_Keyboard,0,Study 1,Gridworld,Anytime Feedback,Keyboard,10,4,0,3,1,DOWN,1,3,-50.0,-51.5,1,0,1,0.04975056175065588,0
1788307692.522565,P001,P001_S01,P001_S01_ST1ST_T02_R01,T02,R01,Gridworld_Anytime_Keyboard,0,Study 1,Gridworld,Anytime Feedback,Keyboard,11,1,0,0,1,DOWN,1,0,-0.5,-0.5,0,0,0,0.04975056175065588,0
1788307692.586567,P001,P001_S01,P001_S01_ST1ST_T02_R01,T02,R01,Gridworld_Anytime_Keyboard,0,Study 1,Gridworld,Anytime Feedback,Keyboard,11,2,1,0,0,UP,0,0,-1.5,-2.0,0,0,0,0.04975056175065588,0
1788307692.649890,P001,P001_S01,P001_S01_ST1ST_T02_R01,T02,R01,Gridworld_Anytime_Keyboard,0,Study 1,Gridworld,Anytime Feedback,Keyboard,11,3,0,0,1,DOWN,1,0,-0.5,-2.5,0,0,0,0.04975056175065588,0
1788307692.713152,P001,P001_S01,P001_S01_ST1ST_T02_R01,T02,R01,Gridworld_Anytime_Keyboard,0,Study 1,Gridworld,Anytime Feedback,Keyboard,11,4,1,0,1,DOWN,2,0,-0.5,-3.0,0,0,0,0.04975056175065588,0
1788307692.774200,P001,P001_S01,P001_S01_ST1ST_T02_R01,T02,R01,Gridworld_Anytime_Keyboard,0,Study 1,Gridworld,Anytime Feedback,Keyboard,11,5,2,0,3,RIGHT,2,1,-0.5,-3.5,0,0,0,0.04975056175065588,0
1788307692.835594,P001,P001_S01,P001_S01_ST1ST_T02_R01,T02,R01,Gridworld_Anytime_Keyboard,0,Study 1,Gridworld,Anytime Feedback,Keyboard,11,6,2,1,3,RIGHT,2,2,-0.5,-4.0,0,0,0,0.04975056175065588,0
1788307692.897853,P001,P001_S01,P001_S01_ST1ST_T02_R01,T02,R01,Gridworld_Anytime_Keyboard,0,Study 1,Gridworld,Anytime Feedback,Keyboard,11,7,2,2,1,DOWN,3,2,-50.0,-54.0,1,0,1,0.04972568646978056,0
1788307692.973567,P001,P001_S01,P001_S01_ST1ST_T02_R01,T02,R01,Gridworld_Anytime_Keyboard,0,Study 1,Gridworld,Anytime Feedback,Keyboard,12,1,0,0,1,DOWN,1,0,-0.5,-0.5,0,0,0,0.04972568646978056,0
1788307693.036747,P001,P001_S01,P001_S01_ST1ST_T02_R01,T02,R01,Gridworld_Anytime_Keyboard,0,Study 1,Gridworld,Anytime Feedback,Keyboard,12,2,1,0,1,DOWN,2,0,-0.5,-1.0,0,0,0,0.04972568646978056,0
1788307693.099200,P001,P001_S01,P001_S01_ST1ST_T02_R01,T02,R01,Gridworld_Anytime_Keyboard,0,Study 1,Gridworld,Anytime Feedback,Keyboard,12,3,2,0,0,UP,1,0,-1.5,-2.5,0,0,0,0.04972568646978056,0
1788307693.160750,P001,P001_S01,P001_S01_ST1ST_T02_R01,T02,R01,Gridworld_Anytime_Keyboard,0,Study 1,Gridworld,Anytime Feedback,Keyboard,12,4,1,0,0,UP,0,0,-1.5,-4.0,0,0,0,0.04972568646978056,0
1788307693.223681,P001,P001_S01,P001_S01_ST1ST_T02_R01,T02,R01,Gridworld_Anytime_Keyboard,0,Study 1,Gridworld,Anytime Feedback,Keyboard,12,5,0,0,1,DOWN,1,0,-0.5,-4.5,0,0,0,0.04972568646978056,0
1788307693.285899,P001,P001_S01,P001_S01_ST1ST_T02_R01,T02,R01,Gridworld_Anytime_Keyboard,0,Study 1,Gridworld,Anytime Feedback,Keyboard,12,6,1,0,0,UP,0,0,-1.5,-6.0,0,0,0,0.04972568646978056,0
1788307693.348600,P001,P001_S01,P001_S01_ST1ST_T02_R01,T02,R01,Gridworld_Anytime_Keyboard,0,Study 1,Gridworld,Anytime Feedback,Keyboard,12,7,0,0,3,RIGHT,0,1,-0.5,-6.5,0,0,0,0.04972568646978056,0
1788307693.411287,P001,P001_S01,P001_S01_ST1ST_T02_R01,T02,R01,Gridworld_Anytime_Keyboard,0,Study 1,Gridworld,Anytime Feedback,Keyboard,12,8,0,1,2,LEFT,0,0,-1.5,-8.0,0,0,0,0.04972568646978056,0
1788307693.473524,P001,P001_S01,P001_S01_ST1ST_T02_R01,T02,R01,Gridworld_Anytime_Keyboard,0,Study 1,Gridworld,Anytime Feedback,Keyboard,12,9,0,0,3,RIGHT,0,1,-0.5,-8.5,0,0,0,0.04972568646978056,0
1788307693.535549,P001,P001_S01,P001_S01_ST1ST_T02_R01,T02,R01,Gridworld_Anytime_Keyboard,0,Study 1,Gridworld,Anytime Feedback,Keyboard,12,10,0,1,3,RIGHT,0,2,-0.5,-9.0,0,0,0,0.04972568646978056,0
1788307693.598465,P001,P001_S01,P001_S01_ST1ST_T02_R01,T02,R01,Gridworld_Anytime_Keyboard,0,Study 1,Gridworld,Anytime Feedback,Keyboard,12,11,0,2,1,DOWN,1,2,-50.0,-59.0,1,0,1,0.049700823626545675,0
1788307693.691695,P001,P001_S01,P001_S01_ST1ST_T02_R01,T02,R01,Gridworld_Anytime_Keyboard,0,Study 1,Gridworld,Anytime Feedback,Keyboard,13,1,0,0,3,RIGHT,0,1,-0.5,-0.5,0,0,0,0.049700823626545675,0
1788307693.754911,P001,P001_S01,P001_S01_ST1ST_T02_R01,T02,R01,Gridworld_Anytime_Keyboard,0,Study 1,Gridworld,Anytime Feedback,Keyboard,13,2,0,1,3,RIGHT,0,2,-0.5,-1.0,0,0,0,0.049700823626545675,0
1788307693.817270,P001,P001_S01,P001_S01_ST1ST_T02_R01,T02,R01,Gridworld_Anytime_Keyboard,0,Study 1,Gridworld,Anytime Feedback,Keyboard,13,3,0,2,1,DOWN,1,2,-50.0,-51.0,1,0,1,0.049675973214732404,0
1788307693.911303,P001,P001_S01,P001_S01_ST1ST_T02_R01,T02,R01,Gridworld_Anytime_Keyboard,0,Study 1,Gridworld,Anytime Feedback,Keyboard,14,1,0,0,1,DOWN,1,0,-0.5,-0.5,0,0,0,0.049675973214732404,0
1788307693.972961,P001,P001_S01,P001_S01_ST1ST_T02_R01,T02,R01,Gridworld_Anytime_Keyboard,0,Study 1,Gridworld,Anytime Feedback,Keyboard,14,2,1,0,1,DOWN,2,0,-0.5,-1.0,0,0,0,0.049675973214732404,0
1788307694.035702,P001,P001_S01,P001_S01_ST1ST_T02_R01,T02,R01,Gridworld_Anytime_Keyboard,0,Study 1,Gridworld,Anytime Feedback,Keyboard,14,3,2,0,0,UP,1,0,-1.5,-2.5,0,0,0,0.049675973214732404,0
1788307694.113239,P001,P001_S01,P001_S01_ST1ST_T02_R01,T02,R01,Gridworld_Anytime_Keyboard,0,Study 1,Gridworld,Anytime Feedback,Keyboard,14,4,1,0,0,UP,0,0,-1.5,-4.0,0,0,0,0.049675973214732404,0
1788307694.174746,P001,P001_S01,P001_S01_ST1ST_T02_R01,T02,R01,Gridworld_Anytime_Keyboard,0,Study 1,Gridworld,Anytime Feedback,Keyboard,14,5,0,0,0,UP,-1,0,-50.0,-54.0,1,0,1,0.04965113522812504,0
1788307694.268955,P001,P001_S01,P001_S01_ST1ST_T02_R01,T02,R01,Gridworld_Anytime_Keyboard,0,Study 1,Gridworld,Anytime Feedback,Keyboard,15,1,0,0,3,RIGHT,0,1,-0.5,-0.5,0,0,0,0.04965113522812504,0
1788307694.331902,P001,P001_S01,P001_S01_ST1ST_T02_R01,T02,R01,Gridworld_Anytime_Keyboard,0,Study 1,Gridworld,Anytime Feedback,Keyboard,15,2,0,1,3,RIGHT,0,2,-0.5,-1.0,0,0,0,0.04965113522812504,0
1788307694.394540,P001,P001_S01,P001_S01_ST1ST_T02_R01,T02,R01,Gridworld_Anytime_Keyboard,0,Study 1,Gridworld,Anytime Feedback,Keyboard,15,3,0,2,2,LEFT,0,1,-1.5,-2.5,0,0,0,0.04965113522812504,0
1788307694.457495,P001,P001_S01,P001_S01_ST1ST_T02_R01,T02,R01,Gridworld_Anytime_Keyboard,0,Study 1,Gridworld,Anytime Feedback,Keyboard,15,4,0,1,3,RIGHT,0,2,-0.5,-3.0,0,0,0,0.04965113522812504,0
1788307694.535451,P001,P001_S01,P001_S01_ST1ST_T02_R01,T02,R01,Gridworld_Anytime_Keyboard,0,Study 1,Gridworld,Anytime Feedback,Keyboard,15,5,0,2,2,LEFT,0,1,-1.5,-4.5,0,0,0,0.04965113522812504,0
1788307694.613164,P001,P001_S01,P001_S01_ST1ST_T02_R01,T02,R01,Gridworld_Anytime_Keyboard,0,Study 1,Gridworld,Anytime Feedback,Keyboard,15,6,0,1,3,RIGHT,0,2,-0.5,-5.0,0,0,0,0.04965113522812504,1
1788307694.675627,P001,P001_S01,P001_S01_ST1ST_T02_R01,T02,R01,Gridworld_Anytime_Keyboard,0,Study 1,Gridworld,Anytime Feedback,Keyboard,15,7,0,2,0,UP,-1,2,-50.0,-55.0,1,0,1,0.04962630966051098,0
1788307694.754535,P001,P001_S01,P001_S01_ST1ST_T02_R01,T02,R01,Gridworld_Anytime_Keyboard,0,Study 1,Gridworld,Anytime Feedback,Keyboard,16,1,0,0,1,DOWN,1,0,-0.5,-0.5,0,0,0,0.04962630966051098,0
1788307694.816777,P001,P001_S01,P001_S01_ST1ST_T02_R01,T02,R01,Gridworld_Anytime_Keyboard,0,Study 1,Gridworld,Anytime Feedback,Keyboard,16,2,1,0,1,DOWN,2,0,-0.5,-1.0,0,0,0,0.04962630966051098,0
1788307694.879143,P001,P001_S01,P001_S01_ST1ST_T02_R01,T02,R01,Gridworld_Anytime_Keyboard,0,Study 1,Gridworld,Anytime Feedback,Keyboard,16,3,2,0,2,LEFT,2,-1,-50.0,-51.0,1,0,1,0.04960149650568073,0
1788307694.957806,P001,P001_S01,P001_S01_ST1ST_T02_R01,T02,R01,Gridworld_Anytime_Keyboard,0,Study 1,Gridworld,Anytime Feedback,Keyboard,17,1,0,0,1,DOWN,1,0,-0.5,-0.5,0,0,0,0.04960149650568073,0
1788307695.020783,P001,P001_S01,P001_S01_ST1ST_T02_R01,T02,R01,Gridworld_Anytime_Keyboard,0,Study 1,Gridworld,Anytime Feedback,Keyboard,17,2,1,0,1,DOWN,2,0,-0.5,-1.0,0,0,0,0.04960149650568073,0
1788307695.082670,P001,P001_S01,P001_S01_ST1ST_T02_R01,T02,R01,Gridworld_Anytime_Keyboard,0,Study 1,Gridworld,Anytime Feedback,Keyboard,17,3,2,0,2,LEFT,2,-1,-50.0,-51.0,1,0,1,0.04957669575742789,0
1788307695.175531,P001,P001_S01,P001_S01_ST1ST_T02_R01,T02,R01,Gridworld_Anytime_Keyboard,0,Study 1,Gridworld,Anytime Feedback,Keyboard,18,1,0,0,1,DOWN,1,0,-0.5,-0.5,0,0,0,0.04957669575742789,0
1788307695.237235,P001,P001_S01,P001_S01_ST1ST_T02_R01,T02,R01,Gridworld_Anytime_Keyboard,0,Study 1,Gridworld,Anytime Feedback,Keyboard,18,2,1,0,1,DOWN,2,0,-0.5,-1.0,0,0,0,0.04957669575742789,0
1788307695.299700,P001,P001_S01,P001_S01_ST1ST_T02_R01,T02,R01,Gridworld_Anytime_Keyboard,0,Study 1,Gridworld,Anytime Feedback,Keyboard,18,3,2,0,1,DOWN,3,0,-0.5,-1.5,0,0,0,0.04957669575742789,0
1788307695.361831,P001,P001_S01,P001_S01_ST1ST_T02_R01,T02,R01,Gridworld_Anytime_Keyboard,0,Study 1,Gridworld,Anytime Feedback,Keyboard,18,4,3,0,0,UP,2,0,-1.5,-3.0,0,0,0,0.04957669575742789,0
1788307695.424250,P001,P001_S01,P001_S01_ST1ST_T02_R01,T02,R01,Gridworld_Anytime_Keyboard,0,Study 1,Gridworld,Anytime Feedback,Keyboard,18,5,2,0,1,DOWN,3,0,-0.5,-3.5,0,0,0,0.04957669575742789,0
1788307695.473150,P001,P001_S01,P001_S01_ST1ST_T02_R01,T02,R01,Gridworld_Anytime_Keyboard,0,Study 1,Gridworld,Anytime Feedback,Keyboard,18,6,3,0,1,DOWN,4,0,-0.5,-4.0,0,0,0,0.04957669575742789,0
1788307695.549285,P001,P001_S01,P001_S01_ST1ST_T02_R01,T02,R01,Gridworld_Anytime_Keyboard,0,Study 1,Gridworld,Anytime Feedback,Keyboard,18,7,4,0,1,DOWN,5,0,-50.0,-54.0,1,0,1,0.04955190740954918,0
1788307695.643646,P001,P001_S01,P001_S01_ST1ST_T02_R01,T02,R01,Gridworld_Anytime_Keyboard,0,Study 1,Gridworld,Anytime Feedback,Keyboard,19,1,0,0,3,RIGHT,0,1,-0.5,-0.5,0,0,0,0.04955190740954918,0
1788307695.705979,P001,P001_S01,P001_S01_ST1ST_T02_R01,T02,R01,Gridworld_Anytime_Keyboard,0,Study 1,Gridworld,Anytime Feedback,Keyboard,19,2,0,1,0,UP,-1,1,-50.0,-50.5,1,0,1,0.049527131455844406,0
1788307695.799415,P001,P001_S01,P001_S01_ST1ST_T02_R01,T02,R01,Gridworld_Anytime_Keyboard,0,Study 1,Gridworld,Anytime Feedback,Keyboard,20,1,0,0,1,DOWN,1,0,-0.5,-0.5,0,0,0,0.049527131455844406,0
1788307695.861654,P001,P001_S01,P001_S01_ST1ST_T02_R01,T02,R01,Gridworld_Anytime_Keyboard,0,Study 1,Gridworld,Anytime Feedback,Keyboard,20,2,1,0,1,DOWN,2,0,-0.5,-1.0,0,0,0,0.049527131455844406,0
1788307695.924255,P001,P001_S01,P001_S01_ST1ST_T02_R01,T02,R01,Gridworld_Anytime_Keyboard,0,Study 1,Gridworld,Anytime Feedback,Keyboard,20,3,2,0,1,DOWN,3,0,-0.5,-1.5,0,0,0,0.049527131455844406,0
1788307695.986439,P001,P001_S01,P001_S01_ST1ST_T02_R01,T02,R01,Gridworld_Anytime_Keyboard,0,Study 1,Gridworld,Anytime Feedback,Keyboard,20,4,3,0,2,LEFT,3,-1,-50.0,-51.5,1,0,1,0.049502367890116486,0
1788307696.080328,P001,P001_S01,P001_S01_ST1ST_T02_R01,T02,R01,Gridworld_Anytime_Keyboard,0,Study 1,Gridworld,Anytime Feedback,Keyboard,21,1,0,0,1,DOWN,1,0,-0.5,-0.5,0,0,0,0.049502367890116486,0
1788307696.143393,P001,P001_S01,P001_S01_ST1ST_T02_R01,T02,R01,Gridworld_Anytime_Keyboard,0,Study 1,Gridworld,Anytime Feedback,Keyboard,21,2,1,0,2,LEFT,1,-1,-50.0,-50.5,1,0,1,0.04947761670617143,0
1788307696.236725,P001,P001_S01,P001_S01_ST1ST_T02_R01,T02,R01,Gridworld_Anytime_Keyboard,0,Study 1,Gridworld,Anytime Feedback,Keyboard,22,1,0,0,3,RIGHT,0,1,-0.5,-0.5,0,0,0,0.04947761670617143,0
1788307696.300537,P001,P001_S01,P001_S01_ST1ST_T02_R01,T02,R01,Gridworld_Anytime_Keyboard,0,Study 1,Gridworld,Anytime Feedback,Keyboard,22,2,0,1,2,LEFT,0,0,-1.5,-2.0,0,0,0,0.04947761670617143,0
1788307696.362800,P001,P001_S01,P001_S01_ST1ST_T02_R01,T02,R01,Gridworld_Anytime_Keyboard,0,Study 1,Gridworld,Anytime Feedback,Keyboard,22,3,0,0,3,RIGHT,0,1,-0.5,-2.5,0,0,0,0.04947761670617143,0
1788307696.410391,P001,P001_S01,P001_S01_ST1ST_T02_R01,T02,R01,Gridworld_Anytime_Keyboard,0,Study 1,Gridworld,Anytime Feedback,Keyboard,22,4,0,1,1,DOWN,1,1,-50.0,-52.5,1,0,1,0.04945287789781835,0
1788307696.488434,P001,P001_S01,P001_S01_ST1ST_T02_R01,T02,R01,Gridworld_Anytime_Keyboard,0,Study 1,Gridworld,Anytime Feedback,Keyboard,23,1,0,0,0,UP,-1,0,-50.0,-50.0,1,0,1,0.04942815145886944,0
1788307696.566574,P001,P001_S01,P001_S01_ST1ST_T02_R01,T02,R01,Gridworld_Anytime_Keyboard,0,Study 1,Gridworld,Anytime Feedback,Keyboard,24,1,0,0,1,DOWN,1,0,-0.5,-0.5,0,0,0,0.04942815145886944,0
1788307696.643123,P001,P001_S01,P001_S01_ST1ST_T02_R01,T02,R01,Gridworld_Anytime_Keyboard,0,Study 1,Gridworld,Anytime Feedback,Keyboard,24,2,1,0,1,DOWN,2,0,-0.5,-1.0,0,0,0,0.04942815145886944,0
1788307696.705149,P001,P001_S01,P001_S01_ST1ST_T02_R01,T02,R01,Gridworld_Anytime_Keyboard,0,Study 1,Gridworld,Anytime Feedback,Keyboard,24,3,2,0,1,DOWN,3,0,-0.5,-1.5,0,0,0,0.04942815145886944,0
1788307696.768120,P001,P001_S01,P001_S01_ST1ST_T02_R01,T02,R01,Gridworld_Anytime_Keyboard,0,Study 1,Gridworld,Anytime Feedback,Keyboard,24,4,3,0,0,UP,2,0,-1.5,-3.0,0,0,0,0.04942815145886944,0
1788307696.830515,P001,P001_S01,P001_S01_ST1ST_T02_R01,T02,R01,Gridworld_Anytime_Keyboard,0,Study 1,Gridworld,Anytime Feedback,Keyboard,24,5,2,0,1,DOWN,3,0,-0.5,-3.5,0,0,0,0.04942815145886944,0
1788307696.892521,P001,P001_S01,P001_S01_ST1ST_T02_R01,T02,R01,Gridworld_Anytime_Keyboard,0,Study 1,Gridworld,Anytime Feedback,Keyboard,24,6,3,0,0,UP,2,0,-1.5,-5.0,0,0,0,0.04942815145886944,0
1788307696.954965,P001,P001_S01,P001_S01_ST1ST_T02_R01,T02,R01,Gridworld_Anytime_Keyboard,0,Study 1,Gridworld,Anytime Feedback,Keyboard,24,7,2,0,2,LEFT,2,-1,-50.0,-55.0,1,0,1,0.04940343738314001,0
1788307697.048901,P001,P001_S01,P001_S01_ST1ST_T02_R01,T02,R01,Gridworld_Anytime_Keyboard,0,Study 1,Gridworld,Anytime Feedback,Keyboard,25,1,0,0,1,DOWN,1,0,-0.5,-0.5,0,0,0,0.04940343738314001,0
1788307697.112135,P001,P001_S01,P001_S01_ST1ST_T02_R01,T02,R01,Gridworld_Anytime_Keyboard,0,Study 1,Gridworld,Anytime Feedback,Keyboard,25,2,1,0,1,DOWN,2,0,-0.5,-1.0,0,0,0,0.04940343738314001,0
1788307697.173695,P001,P001_S01,P001_S01_ST1ST_T02_R01,T02,R01,Gridworld_Anytime_Keyboard,0,Study 1,Gridworld,Anytime Feedback,Keyboard,25,3,2,0,1,DOWN,3,0,-0.5,-1.5,0,0,0,0.04940343738314001,0
1788307697.235709,P001,P001_S01,P001_S01_ST1ST_T02_R01,T02,R01,Gridworld_Anytime_Keyboard,0,Study 1,Gridworld,Anytime Feedback,Keyboard,25,4,3,0,2,LEFT,3,-1,-50.0,-51.5,1,0,1,0.04937873566444844,0
1788307697.329806,P001,P001_S01,P001_S01_ST1ST_T02_R01,T02,R01,Gridworld_Anytime_Keyboard,0,Study 1,Gridworld,Anytime Feedback,Keyboard,26,1,0,0,1,DOWN,1,0,-0.5,-0.5,0,0,0,0.04937873566444844,0
1788307697.392143,P001,P001_S01,P001_S01_ST1ST_T02_R01,T02,R01,Gridworld_Anytime_Keyboard,0,Study 1,Gridworld,Anytime Feedback,Keyboard,26,2,1,0,0,UP,0,0,-1.5,-2.0,0,0,0,0.04937873566444844,0
1788307697.454862,P001,P001_S01,P001_S01_ST1ST_T02_R01,T02,R01,Gridworld_Anytime_Keyboard,0,Study 1,Gridworld,Anytime Feedback,Keyboard,26,3,0,0,1,DOWN,1,0,-0.5,-2.5,0,0,0,0.04937873566444844,0
1788307697.516525,P001,P001_S01,P001_S01_ST1ST_T02_R01,T02,R01,Gridworld_Anytime_Keyboard,0,Study 1,Gridworld,Anytime Feedback,Keyboard,26,4,1,0,3,RIGHT,1,1,-50.0,-52.5,1,0,1,0.049354046296616216,0
1788307697.610712,P001,P001_S01,P001_S01_ST1ST_T02_R01,T02,R01,Gridworld_Anytime_Keyboard,0,Study 1,Gridworld,Anytime Feedback,Keyboard,27,1,0,0,3,RIGHT,0,1,-0.5,-0.5,0,0,0,0.049354046296616216,0
1788307697.672960,P001,P001_S01,P001_S01_ST1ST_T02_R01,T02,R01,Gridworld_Anytime_Keyboard,0,Study 1,Gridworld,Anytime Feedback,Keyboard,27,2,0,1,3,RIGHT,0,2,-0.5,-1.0,0,0,0,0.049354046296616216,0
1788307697.735147,P001,P001_S01,P001_S01_ST1ST_T02_R01,T02,R01,Gridworld_Anytime_Keyboard,0,Study 1,Gridworld,Anytime Feedback,Keyboard,27,3,0,2,2,LEFT,0,1,-1.5,-2.5,0,0,0,0.049354046296616216,0
1788307697.797379,P001,P001_S01,P001_S01_ST1ST_T02_R01,T02,R01,Gridworld_Anytime_Keyboard,0,Study 1,Gridworld,Anytime Feedback,Keyboard,27,4,0,1,3,RIGHT,0,2,-0.5,-3.0,0,0,0,0.049354046296616216,0
1788307697.859099,P001,P001_S01,P001_S01_ST1ST_T02_R01,T02,R01,Gridworld_Anytime_Keyboard,0,Study 1,Gridworld,Anytime Feedback,Keyboard,27,5,0,2,3,RIGHT,0,3,-0.5,-3.5,0,0,0,0.049354046296616216,0
1788307697.919923,P001,P001_S01,P001_S01_ST1ST_T02_R01,T02,R01,Gridworld_Anytime_Keyboard,0,Study 1,Gridworld,Anytime Feedback,Keyboard,27,6,0,3,3,RIGHT,0,4,-0.5,-4.0,0,0,0,0.049354046296616216,0
1788307697.982305,P001,P001_S01,P001_S01_ST1ST_T02_R01,T02,R01,Gridworld_Anytime_Keyboard,0,Study 1,Gridworld,Anytime Feedback,Keyboard,27,7,0,4,1,DOWN,1,4,-50.0,-54.0,1,0,1,0.04932936927346791,0
1788307698.076466,P001,P001_S01,P001_S01_ST1ST_T02_R01,T02,R01,Gridworld_Anytime_Keyboard,0,Study 1,Gridworld,Anytime Feedback,Keyboard,28,1,0,0,1,DOWN,1,0,-0.5,-0.5,0,0,0,0.04932936927346791,0
1788307698.139172,P001,P001_S01,P001_S01_ST1ST_T02_R01,T02,R01,Gridworld_Anytime_Keyboard,0,Study 1,Gridworld,Anytime Feedback,Keyboard,28,2,1,0,0,UP,0,0,-1.5,-2.0,0,0,0,0.04932936927346791,0
1788307698.201046,P001,P001_S01,P001_S01_ST1ST_T02_R01,T02,R01,Gridworld_Anytime_Keyboard,0,Study 1,Gridworld,Anytime Feedback,Keyboard,28,3,0,0,3,RIGHT,0,1,-0.5,-2.5,0,0,0,0.04932936927346791,0
1788307698.263016,P001,P001_S01,P001_S01_ST1ST_T02_R01,T02,R01,Gridworld_Anytime_Keyboard,0,Study 1,Gridworld,Anytime Feedback,Keyboard,28,4,0,1,3,RIGHT,0,2,-0.5,-3.0,0,0,0,0.04932936927346791,0
1788307698.325397,P001,P001_S01,P001_S01_ST1ST_T02_R01,T02,R01,Gridworld_Anytime_Keyboard,0,Study 1,Gridworld,Anytime Feedback,Keyboard,28,5,0,2,1,DOWN,1,2,-50.0,-53.0,1,0,1,0.04930470458883118,0
1788307698.419526,P001,P001_S01,P001_S01_ST1ST_T02_R01,T02,R01,Gridworld_Anytime_Keyboard,0,Study 1,Gridworld,Anytime Feedback,Keyboard,29,1,0,0,1,DOWN,1,0,-0.5,-0.5,0,0,0,0.04930470458883118,0
1788307698.482175,P001,P001_S01,P001_S01_ST1ST_T02_R01,T02,R01,Gridworld_Anytime_Keyboard,0,Study 1,Gridworld,Anytime Feedback,Keyboard,29,2,1,0,1,DOWN,2,0,-0.5,-1.0,0,0,0,0.04930470458883118,0
1788307698.544048,P001,P001_S01,P001_S01_ST1ST_T02_R01,T02,R01,Gridworld_Anytime_Keyboard,0,Study 1,Gridworld,Anytime Feedback,Keyboard,29,3,2,0,1,DOWN,3,0,-0.5,-1.5,0,0,0,0.04930470458883118,0
1788307698.606536,P001,P001_S01,P001_S01_ST1ST_T02_R01,T02,R01,Gridworld_Anytime_Keyboard,0,Study 1,Gridworld,Anytime Feedback,Keyboard,29,4,3,0,3,RIGHT,3,1,-50.0,-51.5,1,0,1,0.04928005223653677,0
1788307698.700205,P001,P001_S01,P001_S01_ST1ST_T02_R01,T02,R01,Gridworld_Anytime_Keyboard,0,Study 1,Gridworld,Anytime Feedback,Keyboard,30,1,0,0,3,RIGHT,0,1,-0.5,-0.5,0,0,0,0.04928005223653677,0
1788307698.763387,P001,P001_S01,P001_S01_ST1ST_T02_R01,T02,R01,Gridworld_Anytime_Keyboard,0,Study 1,Gridworld,Anytime Feedback,Keyboard,30,2,0,1,3,RIGHT,0,2,-0.5,-1.0,0,0,0,0.04928005223653677,0
1788307698.823508,P001,P001_S01,P001_S01_ST1ST_T02_R01,T02,R01,Gridworld_Anytime_Keyboard,0,Study 1,Gridworld,Anytime Feedback,Keyboard,30,3,0,2,2,LEFT,0,1,-1.5,-2.5,0,0,0,0.04928005223653677,0
1788307698.885507,P001,P001_S01,P001_S01_ST1ST_T02_R01,T02,R01,Gridworld_Anytime_Keyboard,0,Study 1,Gridworld,Anytime Feedback,Keyboard,30,4,0,1,3,RIGHT,0,2,-0.5,-3.0,0,0,0,0.04928005223653677,0
1788307698.947725,P001,P001_S01,P001_S01_ST1ST_T02_R01,T02,R01,Gridworld_Anytime_Keyboard,0,Study 1,Gridworld,Anytime Feedback,Keyboard,30,5,0,2,2,LEFT,0,1,-1.5,-4.5,0,0,0,0.04928005223653677,0
1788307699.010067,P001,P001_S01,P001_S01_ST1ST_T02_R01,T02,R01,Gridworld_Anytime_Keyboard,0,Study 1,Gridworld,Anytime Feedback,Keyboard,30,6,0,1,3,RIGHT,0,2,-0.5,-5.0,0,0,0,0.04928005223653677,1
1788307699.072508,P001,P001_S01,P001_S01_ST1ST_T02_R01,T02,R01,Gridworld_Anytime_Keyboard,0,Study 1,Gridworld,Anytime Feedback,Keyboard,30,7,0,2,0,UP,-1,2,-50.0,-55.0,1,0,1,0.0492554122104185,0
1788307699.168344,P001,P001_S01,P001_S01_ST1ST_T02_R01,T02,R01,Gridworld_Anytime_Keyboard,0,Study 1,Gridworld,Anytime Feedback,Keyboard,31,1,0,0,1,DOWN,1,0,-0.5,-0.5,0,0,0,0.0492554122104185,0
1788307699.230189,P001,P001_S01,P001_S01_ST1ST_T02_R01,T02,R01,Gridworld_Anytime_Keyboard,0,Study 1,Gridworld,Anytime Feedback,Keyboard,31,2,1,0,0,UP,0,0,-1.5,-2.0,0,0,0,0.0492554122104185,0
1788307699.293132,P001,P001_S01,P001_S01_ST1ST_T02_R01,T02,R01,Gridworld_Anytime_Keyboard,0,Study 1,Gridworld,Anytime Feedback,Keyboard,31,3,0,0,1,DOWN,1,0,-0.5,-2.5,0,0,0,0.0492554122104185,0
1788307699.355319,P001,P001_S01,P001_S01_ST1ST_T02_R01,T02,R01,Gridworld_Anytime_Keyboard,0,Study 1,Gridworld,Anytime Feedback,Keyboard,31,4,1,0,1,DOWN,2,0,-0.5,-3.0,0,0,0,0.0492554122104185,0
1788307699.417081,P001,P001_S01,P001_S01_ST1ST_T02_R01,T02,R01,Gridworld_Anytime_Keyboard,0,Study 1,Gridworld,Anytime Feedback,Keyboard,31,5,2,0,1,DOWN,3,0,-0.5,-3.5,0,0,0,0.0492554122104185,0
1788307699.472912,P001,P001_S01,P001_S01_ST1ST_T02_R01,T02,R01,Gridworld_Anytime_Keyboard,0,Study 1,Gridworld,Anytime Feedback,Keyboard,31,6,3,0,0,UP,2,0,-1.5,-5.0,0,0,0,0.0492554122104185,0
1788307699.542153,P001,P001_S01,P001_S01_ST1ST_T02_R01,T02,R01,Gridworld_Anytime_Keyboard,0,Study 1,Gridworld,Anytime Feedback,Keyboard,31,7,2,0,1,DOWN,3,0,-0.5,-5.5,0,0,0,0.0492554122104185,0
1788307699.605008,P001,P001_S01,P001_S01_ST1ST_T02_R01,T02,R01,Gridworld_Anytime_Keyboard,0,Study 1,Gridworld,Anytime Feedback,Keyboard,31,8,3,0,0,UP,2,0,-1.5,-7.0,0,0,0,0.0492554122104185,0
1788307699.666909,P001,P001_S01,P001_S01_ST1ST_T02_R01,T02,R01,Gridworld_Anytime_Keyboard,0,Study 1,Gridworld,Anytime Feedback,Keyboard,31,9,2,0,3,RIGHT,2,1,-0.5,-7.5,0,0,0,0.0492554122104185,0
1788307699.728259,P001,P001_S01,P001_S01_ST1ST_T02_R01,T02,R01,Gridworld_Anytime_Keyboard,0,Study 1,Gridworld,Anytime Feedback,Keyboard,31,10,2,1,2,LEFT,2,0,-1.5,-9.0,0,0,0,0.0492554122104185,0
1788307699.792392,P001,P001_S01,P001_S01_ST1ST_T02_R01,T02,R01,Gridworld_Anytime_Keyboard,0,Study 1,Gridworld,Anytime Feedback,Keyboard,31,11,2,0,1,DOWN,3,0,-0.5,-9.5,0,0,0,0.0492554122104185,0
1788307699.852782,P001,P001_S01,P001_S01_ST1ST_T02_R01,T02,R01,Gridworld_Anytime_Keyboard,0,Study 1,Gridworld,Anytime Feedback,Keyboard,31,12,3,0,1,DOWN,4,0,-0.5,-10.0,0,0,0,0.0492554122104185,0
1788307699.914450,P001,P001_S01,P001_S01_ST1ST_T02_R01,T02,R01,Gridworld_Anytime_Keyboard,0,Study 1,Gridworld,Anytime Feedback,Keyboard,31,13,4,0,0,UP,3,0,-1.5,-11.5,0,0,0,0.0492554122104185,0
1788307699.977548,P001,P001_S01,P001_S01_ST1ST_T02_R01,T02,R01,Gridworld_Anytime_Keyboard,0,Study 1,Gridworld,Anytime Feedback,Keyboard,31,14,3,0,3,RIGHT,3,1,-50.0,-61.5,1,0,1,0.04923078450431329,0
1788307700.066575,P001,P001_S01,P001_S01_ST1ST_T02_R01,T02,R01,Gridworld_Anytime_Keyboard,0,Study 1,Gridworld,Anytime Feedback,Keyboard,32,1,0,0,1,DOWN,1,0,-0.5,-0.5,0,0,0,0.04923078450431329,0
1788307700.137835,P001,P001_S01,P001_S01_ST1ST_T02_R01,T02,R01,Gridworld_Anytime_Keyboard,0,Study 1,Gridworld,Anytime Feedback,Keyboard,32,2,1,0,1,DOWN,2,0,-0.5,-1.0,0,0,0,0.04923078450431329,0
1788307700.197984,P001,P001_S01,P001_S01_ST1ST_T02_R01,T02,R01,Gridworld_Anytime_Keyboard,0,Study 1,Gridworld,Anytime Feedback,Keyboard,32,3,2,0,0,UP,1,0,-1.5,-2.5,0,0,0,0.04923078450431329,0
1788307700.260249,P001,P001_S01,P001_S01_ST1ST_T02_R01,T02,R01,Gridworld_Anytime_Keyboard,0,Study 1,Gridworld,Anytime Feedback,Keyboard,32,4,1,0,1,DOWN,2,0,-0.5,-3.0,0,0,0,0.04923078450431329,0
1788307700.322188,P001,P001_S01,P001_S01_ST1ST_T02_R01,T02,R01,Gridworld_Anytime_Keyboard,0,Study 1,Gridworld,Anytime Feedback,Keyboard,32,5,2,0,1,DOWN,3,0,-0.5,-3.5,0,0,0,0.04923078450431329,0
1788307700.388330,P001,P001_S01,P001_S01_ST1ST_T02_R01,T02,R01,Gridworld_Anytime_Keyboard,0,Study 1,Gridworld,Anytime Feedback,Keyboard,32,6,3,0,3,RIGHT,3,1,-50.0,-53.5,1,0,1,0.04920616911206114,0
1788307700.494599,P001,P001_S01,P001_S01_ST1ST_T02_R01,T02,R01,Gridworld_Anytime_Keyboard,0,Study 1,Gridworld,Anytime Feedback,Keyboard,33,1,0,0,1,DOWN,1,0,-0.5,-0.5,0,0,0,0.04920616911206114,0
1788307700.558676,P001,P001_S01,P001_S01_ST1ST_T02_R01,T02,R01,Gridworld_Anytime_Keyboard,0,Study 1,Gridworld,Anytime Feedback,Keyboard,33,2,1,0,1,DOWN,2,0,-0.5,-1.0,0,0,0,0.04920616911206114,0
1788307700.621213,P001,P001_S01,P001_S01_ST1ST_T02_R01,T02,R01,Gridworld_Anytime_Keyboard,0,Study 1,Gridworld,Anytime Feedback,Keyboard,33,3,2,0,1,DOWN,3,0,-0.5,-1.5,0,0,0,0.04920616911206114,0
1788307700.683519,P001,P001_S01,P001_S01_ST1ST_T02_R01,T02,R01,Gridworld_Anytime_Keyboard,0,Study 1,Gridworld,Anytime Feedback,Keyboard,33,4,3,0,1,DOWN,4,0,-0.5,-2.0,0,0,0,0.04920616911206114,0
1788307700.746595,P001,P001_S01,P001_S01_ST1ST_T02_R01,T02,R01,Gridworld_Anytime_Keyboard,0,Study 1,Gridworld,Anytime Feedback,Keyboard,33,5,4,0,2,LEFT,4,-1,-50.0,-52.0,1,0,1,0.04918156602750511,0
1788307700.842116,P001,P001_S01,P001_S01_ST1ST_T02_R01,T02,R01,Gridworld_Anytime_Keyboard,0,Study 1,Gridworld,Anytime Feedback,Keyboard,34,1,0,0,1,DOWN,1,0,-0.5,-0.5,0,0,0,0.04918156602750511,0
1788307700.897707,P001,P001_S01,P001_S01_ST1ST_T02_R01,T02,R01,Gridworld_Anytime_Keyboard,0,Study 1,Gridworld,Anytime Feedback,Keyboard,34,2,1,0,0,UP,0,0,-1.5,-2.0,0,0,0,0.04918156602750511,0
1788307701.131752,P001,P001_S01,P001_S01_ST1ST_T02_R01,T02,R01,Gridworld_Anytime_Keyboard,0,Study 1,Gridworld,Anytime Feedback,Keyboard,34,3,0,0,3,RIGHT,0,1,-0.5,-2.5,0,0,0,0.04918156602750511,0
1788307701.155631,P001,P001_S01,P001_S01_ST1ST_T02_R01,T02,R01,Gridworld_Anytime_Keyboard,0,Study 1,Gridworld,Anytime Feedback,Keyboard,34,4,0,1,3,RIGHT,0,2,-0.5,-3.0,0,0,0,0.04918156602750511,0
1788307701.218243,P001,P001_S01,P001_S01_ST1ST_T02_R01,T02,R01,Gridworld_Anytime_Keyboard,0,Study 1,Gridworld,Anytime Feedback,Keyboard,34,5,0,2,2,LEFT,0,1,-1.5,-4.5,0,0,0,0.04918156602750511,0
1788307701.280287,P001,P001_S01,P001_S01_ST1ST_T02_R01,T02,R01,Gridworld_Anytime_Keyboard,0,Study 1,Gridworld,Anytime Feedback,Keyboard,34,6,0,1,3,RIGHT,0,2,-0.5,-5.0,0,0,0,0.04918156602750511,0
1788307701.342241,P001,P001_S01,P001_S01_ST1ST_T02_R01,T02,R01,Gridworld_Anytime_Keyboard,0,Study 1,Gridworld,Anytime Feedback,Keyboard,34,7,0,2,2,LEFT,0,1,-1.5,-6.5,0,0,0,0.04918156602750511,0
1788307701.404540,P001,P001_S01,P001_S01_ST1ST_T02_R01,T02,R01,Gridworld_Anytime_Keyboard,0,Study 1,Gridworld,Anytime Feedback,Keyboard,34,8,0,1,3,RIGHT,0,2,-0.5,-7.0,0,0,0,0.04918156602750511,1
1788307701.466616,P001,P001_S01,P001_S01_ST1ST_T02_R01,T02,R01,Gridworld_Anytime_Keyboard,0,Study 1,Gridworld,Anytime Feedback,Keyboard,34,9,0,2,2,LEFT,0,1,-1.5,-8.5,0,0,0,0.04918156602750511,0
1788307701.527748,P001,P001_S01,P001_S01_ST1ST_T02_R01,T02,R01,Gridworld_Anytime_Keyboard,0,Study 1,Gridworld,Anytime Feedback,Keyboard,34,10,0,1,3,RIGHT,0,2,-0.5,-9.0,0,0,0,0.04918156602750511,0
1788307701.589977,P001,P001_S01,P001_S01_ST1ST_T02_R01,T02,R01,Gridworld_Anytime_Keyboard,0,Study 1,Gridworld,Anytime Feedback,Keyboard,34,11,0,2,3,RIGHT,0,3,-0.5,-9.5,0,0,0,0.04918156602750511,0
1788307701.650815,P001,P001_S01,P001_S01_ST1ST_T02_R01,T02,R01,Gridworld_Anytime_Keyboard,0,Study 1,Gridworld,Anytime Feedback,Keyboard,34,12,0,3,3,RIGHT,0,4,-0.5,-10.0,0,0,0,0.04918156602750511,0
1788307701.712664,P001,P001_S01,P001_S01_ST1ST_T02_R01,T02,R01,Gridworld_Anytime_Keyboard,0,Study 1,Gridworld,Anytime Feedback,Keyboard,34,13,0,4,0,UP,-1,4,-50.0,-60.0,1,0,1,0.04915697524449136,0
1788307701.804400,P001,P001_S01,P001_S01_ST1ST_T02_R01,T02,R01,Gridworld_Anytime_Keyboard,0,Study 1,Gridworld,Anytime Feedback,Keyboard,35,1,0,0,3,RIGHT,0,1,-0.5,-0.5,0,0,0,0.04915697524449136,0
1788307702.052223,P001,P001_S01,P001_S01_ST1ST_T02_R01,T02,R01,Gridworld_Anytime_Keyboard,0,Study 1,Gridworld,Anytime Feedback,Keyboard,35,2,0,1,2,LEFT,0,0,-1.5,-2.0,0,0,0,0.04915697524449136,0
1788307702.056226,P001,P001_S01,P001_S01_ST1ST_T02_R01,T02,R01,Gridworld_Anytime_Keyboard,0,Study 1,Gridworld,Anytime Feedback,Keyboard,35,3,0,0,1,DOWN,1,0,-0.5,-2.5,0,0,0,0.04915697524449136,0
1788307702.118886,P001,P001_S01,P001_S01_ST1ST_T02_R01,T02,R01,Gridworld_Anytime_Keyboard,0,Study 1,Gridworld,Anytime Feedback,Keyboard,35,4,1,0,1,DOWN,2,0,-0.5,-3.0,0,0,0,0.04915697524449136,0
1788307702.182110,P001,P001_S01,P001_S01_ST1ST_T02_R01,T02,R01,Gridworld_Anytime_Keyboard,0,Study 1,Gridworld,Anytime Feedback,Keyboard,35,5,2,0,1,DOWN,3,0,-0.5,-3.5,0,0,0,0.04915697524449136,0
1788307702.243750,P001,P001_S01,P001_S01_ST1ST_T02_R01,T02,R01,Gridworld_Anytime_Keyboard,0,Study 1,Gridworld,Anytime Feedback,Keyboard,35,6,3,0,1,DOWN,4,0,-0.5,-4.0,0,0,0,0.04915697524449136,0
1788307702.305361,P001,P001_S01,P001_S01_ST1ST_T02_R01,T02,R01,Gridworld_Anytime_Keyboard,0,Study 1,Gridworld,Anytime Feedback,Keyboard,35,7,4,0,3,RIGHT,4,1,-0.5,-4.5,0,0,0,0.04915697524449136,0
1788307702.368110,P001,P001_S01,P001_S01_ST1ST_T02_R01,T02,R01,Gridworld_Anytime_Keyboard,0,Study 1,Gridworld,Anytime Feedback,Keyboard,35,8,4,1,1,DOWN,5,1,-0.5,-5.0,0,0,0,0.04915697524449136,0
1788307702.430293,P001,P001_S01,P001_S01_ST1ST_T02_R01,T02,R01,Gridworld_Anytime_Keyboard,0,Study 1,Gridworld,Anytime Feedback,Keyboard,35,9,5,1,3,RIGHT,5,2,-50.0,-55.0,1,0,1,0.04913239675686912,0
1788307702.524942,P001,P001_S01,P001_S01_ST1ST_T02_R01,T02,R01,Gridworld_Anytime_Keyboard,0,Study 1,Gridworld,Anytime Feedback,Keyboard,36,1,0,0,1,DOWN,1,0,-0.5,-0.5,0,0,0,0.04913239675686912,0
1788307702.586592,P001,P001_S01,P001_S01_ST1ST_T02_R01,T02,R01,Gridworld_Anytime_Keyboard,0,Study 1,Gridworld,Anytime Feedback,Keyboard,36,2,1,0,1,DOWN,2,0,-0.5,-1.0,0,0,0,0.04913239675686912,0
1788307702.648775,P001,P001_S01,P001_S01_ST1ST_T02_R01,T02,R01,Gridworld_Anytime_Keyboard,0,Study 1,Gridworld,Anytime Feedback,Keyboard,36,3,2,0,1,DOWN,3,0,-0.5,-1.5,0,0,0,0.04913239675686912,0
1788307702.710319,P001,P001_S01,P001_S01_ST1ST_T02_R01,T02,R01,Gridworld_Anytime_Keyboard,0,Study 1,Gridworld,Anytime Feedback,Keyboard,36,4,3,0,2,LEFT,3,-1,-50.0,-51.5,1,0,1,0.04910783055849069,0
1788307702.803917,P001,P001_S01,P001_S01_ST1ST_T02_R01,T02,R01,Gridworld_Anytime_Keyboard,0,Study 1,Gridworld,Anytime Feedback,Keyboard,37,1,0,0,1,DOWN,1,0,-0.5,-0.5,0,0,0,0.04910783055849069,0
1788307702.866340,P001,P001_S01,P001_S01_ST1ST_T02_R01,T02,R01,Gridworld_Anytime_Keyboard,0,Study 1,Gridworld,Anytime Feedback,Keyboard,37,2,1,0,0,UP,0,0,-1.5,-2.0,0,0,0,0.04910783055849069,0
1788307702.928840,P001,P001_S01,P001_S01_ST1ST_T02_R01,T02,R01,Gridworld_Anytime_Keyboard,0,Study 1,Gridworld,Anytime Feedback,Keyboard,37,3,0,0,1,DOWN,1,0,-0.5,-2.5,0,0,0,0.04910783055849069,0
1788307702.990992,P001,P001_S01,P001_S01_ST1ST_T02_R01,T02,R01,Gridworld_Anytime_Keyboard,0,Study 1,Gridworld,Anytime Feedback,Keyboard,37,4,1,0,3,RIGHT,1,1,-50.0,-52.5,1,0,1,0.049083276643211445,0
1788307703.084985,P001,P001_S01,P001_S01_ST1ST_T02_R01,T02,R01,Gridworld_Anytime_Keyboard,0,Study 1,Gridworld,Anytime Feedback,Keyboard,38,1,0,0,3,RIGHT,0,1,-0.5,-0.5,0,0,0,0.049083276643211445,0
1788307703.147251,P001,P001_S01,P001_S01_ST1ST_T02_R01,T02,R01,Gridworld_Anytime_Keyboard,0,Study 1,Gridworld,Anytime Feedback,Keyboard,38,2,0,1,3,RIGHT,0,2,-0.5,-1.0,0,0,0,0.049083276643211445,0
1788307703.209398,P001,P001_S01,P001_S01_ST1ST_T02_R01,T02,R01,Gridworld_Anytime_Keyboard,0,Study 1,Gridworld,Anytime Feedback,Keyboard,38,3,0,2,3,RIGHT,0,3,-0.5,-1.5,0,0,0,0.049083276643211445,0
1788307703.271558,P001,P001_S01,P001_S01_ST1ST_T02_R01,T02,R01,Gridworld_Anytime_Keyboard,0,Study 1,Gridworld,Anytime Feedback,Keyboard,38,4,0,3,3,RIGHT,0,4,-0.5,-2.0,0,0,0,0.049083276643211445,0
1788307703.334515,P001,P001_S01,P001_S01_ST1ST_T02_R01,T02,R01,Gridworld_Anytime_Keyboard,0,Study 1,Gridworld,Anytime Feedback,Keyboard,38,5,0,4,2,LEFT,0,3,-1.5,-3.5,0,0,0,0.049083276643211445,0
1788307703.396693,P001,P001_S01,P001_S01_ST1ST_T02_R01,T02,R01,Gridworld_Anytime_Keyboard,0,Study 1,Gridworld,Anytime Feedback,Keyboard,38,6,0,3,2,LEFT,0,2,-1.5,-5.0,0,0,0,0.049083276643211445,0
1788307703.460048,P001,P001_S01,P001_S01_ST1ST_T02_R01,T02,R01,Gridworld_Anytime_Keyboard,0,Study 1,Gridworld,Anytime Feedback,Keyboard,38,7,0,2,3,RIGHT,0,3,-0.5,-5.5,0,0,0,0.049083276643211445,0
1788307703.522747,P001,P001_S01,P001_S01_ST1ST_T02_R01,T02,R01,Gridworld_Anytime_Keyboard,0,Study 1,Gridworld,Anytime Feedback,Keyboard,38,8,0,3,3,RIGHT,0,4,-0.5,-6.0,0,0,0,0.049083276643211445,1
1788307703.585943,P001,P001_S01,P001_S01_ST1ST_T02_R01,T02,R01,Gridworld_Anytime_Keyboard,0,Study 1,Gridworld,Anytime Feedback,Keyboard,38,9,0,4,2,LEFT,0,3,-1.5,-7.5,0,0,0,0.049083276643211445,0
1788307703.647848,P001,P001_S01,P001_S01_ST1ST_T02_R01,T02,R01,Gridworld_Anytime_Keyboard,0,Study 1,Gridworld,Anytime Feedback,Keyboard,38,10,0,3,0,UP,-1,3,-50.0,-57.5,1,0,1,0.049058735004889845,0
1788307703.741859,P001,P001_S01,P001_S01_ST1ST_T02_R01,T02,R01,Gridworld_Anytime_Keyboard,0,Study 1,Gridworld,Anytime Feedback,Keyboard,39,1,0,0,1,DOWN,1,0,-0.5,-0.5,0,0,0,0.049058735004889845,0
1788307703.804189,P001,P001_S01,P001_S01_ST1ST_T02_R01,T02,R01,Gridworld_Anytime_Keyboard,0,Study 1,Gridworld,Anytime Feedback,Keyboard,39,2,1,0,1,DOWN,2,0,-0.5,-1.0,0,0,0,0.049058735004889845,0
1788307703.865577,P001,P001_S01,P001_S01_ST1ST_T02_R01,T02,R01,Gridworld_Anytime_Keyboard,0,Study 1,Gridworld,Anytime Feedback,Keyboard,39,3,2,0,3,RIGHT,2,1,-0.5,-1.5,0,0,0,0.049058735004889845,0
1788307703.928352,P001,P001_S01,P001_S01_ST1ST_T02_R01,T02,R01,Gridworld_Anytime_Keyboard,0,Study 1,Gridworld,Anytime Feedback,Keyboard,39,4,2,1,0,UP,1,1,-50.0,-51.5,1,0,1,0.049034205637387404,0
1788307704.021156,P001,P001_S01,P001_S01_ST1ST_T02_R01,T02,R01,Gridworld_Anytime_Keyboard,0,Study 1,Gridworld,Anytime Feedback,Keyboard,40,1,0,0,1,DOWN,1,0,-0.5,-0.5,0,0,0,0.049034205637387404,0
1788307704.083843,P001,P001_S01,P001_S01_ST1ST_T02_R01,T02,R01,Gridworld_Anytime_Keyboard,0,Study 1,Gridworld,Anytime Feedback,Keyboard,40,2,1,0,1,DOWN,2,0,-0.5,-1.0,0,0,0,0.049034205637387404,0
1788307704.146020,P001,P001_S01,P001_S01_ST1ST_T02_R01,T02,R01,Gridworld_Anytime_Keyboard,0,Study 1,Gridworld,Anytime Feedback,Keyboard,40,3,2,0,1,DOWN,3,0,-0.5,-1.5,0,0,0,0.049034205637387404,0
1788307704.207724,P001,P001_S01,P001_S01_ST1ST_T02_R01,T02,R01,Gridworld_Anytime_Keyboard,0,Study 1,Gridworld,Anytime Feedback,Keyboard,40,4,3,0,1,DOWN,4,0,-0.5,-2.0,0,0,0,0.049034205637387404,0
1788307704.269934,P001,P001_S01,P001_S01_ST1ST_T02_R01,T02,R01,Gridworld_Anytime_Keyboard,0,Study 1,Gridworld,Anytime Feedback,Keyboard,40,5,4,0,3,RIGHT,4,1,-0.5,-2.5,0,0,0,0.049034205637387404,0
1788307704.346901,P001,P001_S01,P001_S01_ST1ST_T02_R01,T02,R01,Gridworld_Anytime_Keyboard,0,Study 1,Gridworld,Anytime Feedback,Keyboard,40,6,4,1,3,RIGHT,4,2,-50.0,-52.5,1,0,1,0.04900968853456871,0
1788307704.441548,P001,P001_S01,P001_S01_ST1ST_T02_R01,T02,R01,Gridworld_Anytime_Keyboard,0,Study 1,Gridworld,Anytime Feedback,Keyboard,41,1,0,0,1,DOWN,1,0,-0.5,-0.5,0,0,0,0.04900968853456871,0
1788307704.504555,P001,P001_S01,P001_S01_ST1ST_T02_R01,T02,R01,Gridworld_Anytime_Keyboard,0,Study 1,Gridworld,Anytime Feedback,Keyboard,41,2,1,0,1,DOWN,2,0,-0.5,-1.0,0,0,0,0.04900968853456871,0
1788307704.566999,P001,P001_S01,P001_S01_ST1ST_T02_R01,T02,R01,Gridworld_Anytime_Keyboard,0,Study 1,Gridworld,Anytime Feedback,Keyboard,41,3,2,0,3,RIGHT,2,1,-0.5,-1.5,0,0,0,0.04900968853456871,0
1788307704.629266,P001,P001_S01,P001_S01_ST1ST_T02_R01,T02,R01,Gridworld_Anytime_Keyboard,0,Study 1,Gridworld,Anytime Feedback,Keyboard,41,4,2,1,3,RIGHT,2,2,-0.5,-2.0,0,0,0,0.04900968853456871,0
1788307704.691954,P001,P001_S01,P001_S01_ST1ST_T02_R01,T02,R01,Gridworld_Anytime_Keyboard,0,Study 1,Gridworld,Anytime Feedback,Keyboard,41,5,2,2,2,LEFT,2,1,-1.5,-3.5,0,0,0,0.04900968853456871,0
1788307704.754000,P001,P001_S01,P001_S01_ST1ST_T02_R01,T02,R01,Gridworld_Anytime_Keyboard,0,Study 1,Gridworld,Anytime Feedback,Keyboard,41,6,2,1,1,DOWN,3,1,-50.0,-53.5,1,0,1,0.04898518369030143,0
1788307704.847917,P001,P001_S01,P001_S01_ST1ST_T02_R01,T02,R01,Gridworld_Anytime_Keyboard,0,Study 1,Gridworld,Anytime Feedback,Keyboard,42,1,0,0,1,DOWN,1,0,-0.5,-0.5,0,0,0,0.04898518369030143,0
1788307704.910739,P001,P001_S01,P001_S01_ST1ST_T02_R01,T02,R01,Gridworld_Anytime_Keyboard,0,Study 1,Gridworld,Anytime Feedback,Keyboard,42,2,1,0,1,DOWN,2,0,-0.5,-1.0,0,0,0,0.04898518369030143,0
1788307704.973826,P001,P001_S01,P001_S01_ST1ST_T02_R01,T02,R01,Gridworld_Anytime_Keyboard,0,Study 1,Gridworld,Anytime Feedback,Keyboard,42,3,2,0,1,DOWN,3,0,-0.5,-1.5,0,0,0,0.04898518369030143,0
1788307705.036834,P001,P001_S01,P001_S01_ST1ST_T02_R01,T02,R01,Gridworld_Anytime_Keyboard,0,Study 1,Gridworld,Anytime Feedback,Keyboard,42,4,3,0,1,DOWN,4,0,-0.5,-2.0,0,0,0,0.04898518369030143,0
1788307705.098833,P001,P001_S01,P001_S01_ST1ST_T02_R01,T02,R01,Gridworld_Anytime_Keyboard,0,Study 1,Gridworld,Anytime Feedback,Keyboard,42,5,4,0,0,UP,3,0,-1.5,-3.5,0,0,0,0.04898518369030143,0
1788307705.162089,P001,P001_S01,P001_S01_ST1ST_T02_R01,T02,R01,Gridworld_Anytime_Keyboard,0,Study 1,Gridworld,Anytime Feedback,Keyboard,42,6,3,0,1,DOWN,4,0,-0.5,-4.0,0,0,0,0.04898518369030143,0
1788307705.225994,P001,P001_S01,P001_S01_ST1ST_T02_R01,T02,R01,Gridworld_Anytime_Keyboard,0,Study 1,Gridworld,Anytime Feedback,Keyboard,42,7,4,0,3,RIGHT,4,1,-0.5,-4.5,0,0,0,0.04898518369030143,0
1788307705.290084,P001,P001_S01,P001_S01_ST1ST_T02_R01,T02,R01,Gridworld_Anytime_Keyboard,0,Study 1,Gridworld,Anytime Feedback,Keyboard,42,8,4,1,1,DOWN,5,1,-0.5,-5.0,0,0,0,0.04898518369030143,0
1788307705.353597,P001,P001_S01,P001_S01_ST1ST_T02_R01,T02,R01,Gridworld_Anytime_Keyboard,0,Study 1,Gridworld,Anytime Feedback,Keyboard,42,9,5,1,0,UP,4,1,-1.5,-6.5,0,0,0,0.04898518369030143,0
1788307705.415669,P001,P001_S01,P001_S01_ST1ST_T02_R01,T02,R01,Gridworld_Anytime_Keyboard,0,Study 1,Gridworld,Anytime Feedback,Keyboard,42,10,4,1,2,LEFT,4,0,-1.5,-8.0,0,0,0,0.04898518369030143,0
1788307705.477010,P001,P001_S01,P001_S01_ST1ST_T02_R01,T02,R01,Gridworld_Anytime_Keyboard,0,Study 1,Gridworld,Anytime Feedback,Keyboard,42,11,4,0,3,RIGHT,4,1,-0.5,-8.5,0,0,0,0.04898518369030143,0
1788307705.539427,P001,P001_S01,P001_S01_ST1ST_T02_R01,T02,R01,Gridworld_Anytime_Keyboard,0,Study 1,Gridworld,Anytime Feedback,Keyboard,42,12,4,1,2,LEFT,4,0,-1.5,-10.0,0,0,0,0.04898518369030143,0
1788307705.601993,P001,P001_S01,P001_S01_ST1ST_T02_R01,T02,R01,Gridworld_Anytime_Keyboard,0,Study 1,Gridworld,Anytime Feedback,Keyboard,42,13,4,0,0,UP,3,0,-1.5,-11.5,0,0,0,0.04898518369030143,0
1788307705.664437,P001,P001_S01,P001_S01_ST1ST_T02_R01,T02,R01,Gridworld_Anytime_Keyboard,0,Study 1,Gridworld,Anytime Feedback,Keyboard,42,14,3,0,1,DOWN,4,0,-0.5,-12.0,0,0,0,0.04898518369030143,0
1788307705.726467,P001,P001_S01,P001_S01_ST1ST_T02_R01,T02,R01,Gridworld_Anytime_Keyboard,0,Study 1,Gridworld,Anytime Feedback,Keyboard,42,15,4,0,3,RIGHT,4,1,-0.5,-12.5,0,0,0,0.04898518369030143,0
1788307705.788686,P001,P001_S01,P001_S01_ST1ST_T02_R01,T02,R01,Gridworld_Anytime_Keyboard,0,Study 1,Gridworld,Anytime Feedback,Keyboard,42,16,4,1,1,DOWN,5,1,-0.5,-13.0,0,0,0,0.04898518369030143,0
1788307705.850741,P001,P001_S01,P001_S01_ST1ST_T02_R01,T02,R01,Gridworld_Anytime_Keyboard,0,Study 1,Gridworld,Anytime Feedback,Keyboard,42,17,5,1,1,DOWN,6,1,-0.5,-13.5,0,0,0,0.04898518369030143,0
1788307705.913727,P001,P001_S01,P001_S01_ST1ST_T02_R01,T02,R01,Gridworld_Anytime_Keyboard,0,Study 1,Gridworld,Anytime Feedback,Keyboard,42,18,6,1,1,DOWN,7,1,-50.0,-63.5,1,0,1,0.04896069109845628,0
1788307706.006949,P001,P001_S01,P001_S01_ST1ST_T02_R01,T02,R01,Gridworld_Anytime_Keyboard,0,Study 1,Gridworld,Anytime Feedback,Keyboard,43,1,0,0,1,DOWN,1,0,-0.5,-0.5,0,0,0,0.04896069109845628,0
1788307706.068779,P001,P001_S01,P001_S01_ST1ST_T02_R01,T02,R01,Gridworld_Anytime_Keyboard,0,Study 1,Gridworld,Anytime Feedback,Keyboard,43,2,1,0,1,DOWN,2,0,-0.5,-1.0,0,0,0,0.04896069109845628,0
1788307706.132200,P001,P001_S01,P001_S01_ST1ST_T02_R01,T02,R01,Gridworld_Anytime_Keyboard,0,Study 1,Gridworld,Anytime Feedback,Keyboard,43,3,2,0,1,DOWN,3,0,-0.5,-1.5,0,0,0,0.04896069109845628,0
1788307706.194363,P001,P001_S01,P001_S01_ST1ST_T02_R01,T02,R01,Gridworld_Anytime_Keyboard,0,Study 1,Gridworld,Anytime Feedback,Keyboard,43,4,3,0,1,DOWN,4,0,-0.5,-2.0,0,0,0,0.04896069109845628,0
1788307706.256840,P001,P001_S01,P001_S01_ST1ST_T02_R01,T02,R01,Gridworld_Anytime_Keyboard,0,Study 1,Gridworld,Anytime Feedback,Keyboard,43,5,4,0,0,UP,3,0,-1.5,-3.5,0,0,0,0.04896069109845628,0
1788307706.319558,P001,P001_S01,P001_S01_ST1ST_T02_R01,T02,R01,Gridworld_Anytime_Keyboard,0,Study 1,Gridworld,Anytime Feedback,Keyboard,43,6,3,0,1,DOWN,4,0,-0.5,-4.0,0,0,0,0.04896069109845628,0
1788307706.382924,P001,P001_S01,P001_S01_ST1ST_T02_R01,T02,R01,Gridworld_Anytime_Keyboard,0,Study 1,Gridworld,Anytime Feedback,Keyboard,43,7,4,0,3,RIGHT,4,1,-0.5,-4.5,0,0,0,0.04896069109845628,0
1788307706.444330,P001,P001_S01,P001_S01_ST1ST_T02_R01,T02,R01,Gridworld_Anytime_Keyboard,0,Study 1,Gridworld,Anytime Feedback,Keyboard,43,8,4,1,0,UP,3,1,-50.0,-54.5,1,0,1,0.04893621075290705,0
1788307706.538507,P001,P001_S01,P001_S01_ST1ST_T02_R01,T02,R01,Gridworld_Anytime_Keyboard,0,Study 1,Gridworld,Anytime Feedback,Keyboard,44,1,0,0,1,DOWN,1,0,-0.5,-0.5,0,0,0,0.04893621075290705,0
1788307706.600649,P001,P001_S01,P001_S01_ST1ST_T02_R01,T02,R01,Gridworld_Anytime_Keyboard,0,Study 1,Gridworld,Anytime Feedback,Keyboard,44,2,1,0,1,DOWN,2,0,-0.5,-1.0,0,0,0,0.04893621075290705,0
1788307706.662033,P001,P001_S01,P001_S01_ST1ST_T02_R01,T02,R01,Gridworld_Anytime_Keyboard,0,Study 1,Gridworld,Anytime Feedback,Keyboard,44,3,2,0,3,RIGHT,2,1,-0.5,-1.5,0,0,0,0.04893621075290705,0
1788307706.724378,P001,P001_S01,P001_S01_ST1ST_T02_R01,T02,R01,Gridworld_Anytime_Keyboard,0,Study 1,Gridworld,Anytime Feedback,Keyboard,44,4,2,1,3,RIGHT,2,2,-0.5,-2.0,0,0,0,0.04893621075290705,0
1788307706.786989,P001,P001_S01,P001_S01_ST1ST_T02_R01,T02,R01,Gridworld_Anytime_Keyboard,0,Study 1,Gridworld,Anytime Feedback,Keyboard,44,5,2,2,3,RIGHT,2,3,-0.5,-2.5,0,0,0,0.04893621075290705,0
1788307706.850366,P001,P001_S01,P001_S01_ST1ST_T02_R01,T02,R01,Gridworld_Anytime_Keyboard,0,Study 1,Gridworld,Anytime Feedback,Keyboard,44,6,2,3,3,RIGHT,2,4,-50.0,-52.5,1,0,1,0.0489117426475306,0
1788307706.943607,P001,P001_S01,P001_S01_ST1ST_T02_R01,T02,R01,Gridworld_Anytime_Keyboard,0,Study 1,Gridworld,Anytime Feedback,Keyboard,45,1,0,0,1,DOWN,1,0,-0.5,-0.5,0,0,0,0.0489117426475306,0
1788307707.006939,P001,P001_S01,P001_S01_ST1ST_T02_R01,T02,R01,Gridworld_Anytime_Keyboard,0,Study 1,Gridworld,Anytime Feedback,Keyboard,45,2,1,0,1,DOWN,2,0,-0.5,-1.0,0,0,0,0.0489117426475306,0
1788307707.069103,P001,P001_S01,P001_S01_ST1ST_T02_R01,T02,R01,Gridworld_Anytime_Keyboard,0,Study 1,Gridworld,Anytime Feedback,Keyboard,45,3,2,0,0,UP,1,0,-1.5,-2.5,0,0,0,0.0489117426475306,0
1788307707.131297,P001,P001_S01,P001_S01_ST1ST_T02_R01,T02,R01,Gridworld_Anytime_Keyboard,0,Study 1,Gridworld,Anytime Feedback,Keyboard,45,4,1,0,1,DOWN,2,0,-0.5,-3.0,0,0,0,0.0489117426475306,0
1788307707.192952,P001,P001_S01,P001_S01_ST1ST_T02_R01,T02,R01,Gridworld_Anytime_Keyboard,0,Study 1,Gridworld,Anytime Feedback,Keyboard,45,5,2,0,3,RIGHT,2,1,-0.5,-3.5,0,0,0,0.0489117426475306,0
1788307707.256238,P001,P001_S01,P001_S01_ST1ST_T02_R01,T02,R01,Gridworld_Anytime_Keyboard,0,Study 1,Gridworld,Anytime Feedback,Keyboard,45,6,2,1,3,RIGHT,2,2,-0.5,-4.0,0,0,0,0.0489117426475306,0
1788307707.319731,P001,P001_S01,P001_S01_ST1ST_T02_R01,T02,R01,Gridworld_Anytime_Keyboard,0,Study 1,Gridworld,Anytime Feedback,Keyboard,45,7,2,2,0,UP,1,2,-50.0,-54.0,1,0,1,0.04888728677620684,0
1788307707.413931,P001,P001_S01,P001_S01_ST1ST_T02_R01,T02,R01,Gridworld_Anytime_Keyboard,0,Study 1,Gridworld,Anytime Feedback,Keyboard,46,1,0,0,1,DOWN,1,0,-0.5,-0.5,0,0,0,0.04888728677620684,0
1788307707.476553,P001,P001_S01,P001_S01_ST1ST_T02_R01,T02,R01,Gridworld_Anytime_Keyboard,0,Study 1,Gridworld,Anytime Feedback,Keyboard,46,2,1,0,1,DOWN,2,0,-0.5,-1.0,0,0,0,0.04888728677620684,0
1788307707.538726,P001,P001_S01,P001_S01_ST1ST_T02_R01,T02,R01,Gridworld_Anytime_Keyboard,0,Study 1,Gridworld,Anytime Feedback,Keyboard,46,3,2,0,3,RIGHT,2,1,-0.5,-1.5,0,0,0,0.04888728677620684,0
1788307707.601707,P001,P001_S01,P001_S01_ST1ST_T02_R01,T02,R01,Gridworld_Anytime_Keyboard,0,Study 1,Gridworld,Anytime Feedback,Keyboard,46,4,2,1,3,RIGHT,2,2,-0.5,-2.0,0,0,0,0.04888728677620684,0
1788307707.664351,P001,P001_S01,P001_S01_ST1ST_T02_R01,T02,R01,Gridworld_Anytime_Keyboard,0,Study 1,Gridworld,Anytime Feedback,Keyboard,46,5,2,2,2,LEFT,2,1,-1.5,-3.5,0,0,0,0.04888728677620684,0
1788307707.726613,P001,P001_S01,P001_S01_ST1ST_T02_R01,T02,R01,Gridworld_Anytime_Keyboard,0,Study 1,Gridworld,Anytime Feedback,Keyboard,46,6,2,1,2,LEFT,2,0,-1.5,-5.0,0,0,0,0.04888728677620684,0
1788307707.788637,P001,P001_S01,P001_S01_ST1ST_T02_R01,T02,R01,Gridworld_Anytime_Keyboard,0,Study 1,Gridworld,Anytime Feedback,Keyboard,46,7,2,0,3,RIGHT,2,1,-0.5,-5.5,0,0,0,0.04888728677620684,0
1788307707.850827,P001,P001_S01,P001_S01_ST1ST_T02_R01,T02,R01,Gridworld_Anytime_Keyboard,0,Study 1,Gridworld,Anytime Feedback,Keyboard,46,8,2,1,3,RIGHT,2,2,-0.5,-6.0,0,0,0,0.04888728677620684,1
1788307707.912001,P001,P001_S01,P001_S01_ST1ST_T02_R01,T02,R01,Gridworld_Anytime_Keyboard,0,Study 1,Gridworld,Anytime Feedback,Keyboard,46,9,2,2,3,RIGHT,2,3,-0.5,-6.5,0,0,0,0.04888728677620684,0
1788307707.974535,P001,P001_S01,P001_S01_ST1ST_T02_R01,T02,R01,Gridworld_Anytime_Keyboard,0,Study 1,Gridworld,Anytime Feedback,Keyboard,46,10,2,3,1,DOWN,3,3,-0.5,-7.0,0,0,0,0.04888728677620684,0
1788307708.036542,P001,P001_S01,P001_S01_ST1ST_T02_R01,T02,R01,Gridworld_Anytime_Keyboard,0,Study 1,Gridworld,Anytime Feedback,Keyboard,46,11,3,3,0,UP,2,3,-1.5,-8.5,0,0,0,0.04888728677620684,0
1788307708.100061,P001,P001_S01,P001_S01_ST1ST_T02_R01,T02,R01,Gridworld_Anytime_Keyboard,0,Study 1,Gridworld,Anytime Feedback,Keyboard,46,12,2,3,0,UP,1,3,-50.0,-58.5,1,0,1,0.04886284313281874,0
1788307708.194393,P001,P001_S01,P001_S01_ST1ST_T02_R01,T02,R01,Gridworld_Anytime_Keyboard,0,Study 1,Gridworld,Anytime Feedback,Keyboard,47,1,0,0,3,RIGHT,0,1,-0.5,-0.5,0,0,0,0.04886284313281874,0
1788307708.257424,P001,P001_S01,P001_S01_ST1ST_T02_R01,T02,R01,Gridworld_Anytime_Keyboard,0,Study 1,Gridworld,Anytime Feedback,Keyboard,47,2,0,1,3,RIGHT,0,2,-0.5,-1.0,0,0,0,0.04886284313281874,0
1788307708.320027,P001,P001_S01,P001_S01_ST1ST_T02_R01,T02,R01,Gridworld_Anytime_Keyboard,0,Study 1,Gridworld,Anytime Feedback,Keyboard,47,3,0,2,2,LEFT,0,1,-1.5,-2.5,0,0,0,0.04886284313281874,0
1788307708.381955,P001,P001_S01,P001_S01_ST1ST_T02_R01,T02,R01,Gridworld_Anytime_Keyboard,0,Study 1,Gridworld,Anytime Feedback,Keyboard,47,4,0,1,0,UP,-1,1,-50.0,-52.5,1,0,1,0.04883841171125233,0
1788307708.473899,P001,P001_S01,P001_S01_ST1ST_T02_R01,T02,R01,Gridworld_Anytime_Keyboard,0,Study 1,Gridworld,Anytime Feedback,Keyboard,48,1,0,0,1,DOWN,1,0,-0.5,-0.5,0,0,0,0.04883841171125233,0
1788307708.535227,P001,P001_S01,P001_S01_ST1ST_T02_R01,T02,R01,Gridworld_Anytime_Keyboard,0,Study 1,Gridworld,Anytime Feedback,Keyboard,48,2,1,0,1,DOWN,2,0,-0.5,-1.0,0,0,0,0.04883841171125233,0
1788307708.613372,P001,P001_S01,P001_S01_ST1ST_T02_R01,T02,R01,Gridworld_Anytime_Keyboard,0,Study 1,Gridworld,Anytime Feedback,Keyboard,48,3,2,0,3,RIGHT,2,1,-0.5,-1.5,0,0,0,0.04883841171125233,0
1788307708.690972,P001,P001_S01,P001_S01_ST1ST_T02_R01,T02,R01,Gridworld_Anytime_Keyboard,0,Study 1,Gridworld,Anytime Feedback,Keyboard,48,4,2,1,2,LEFT,2,0,-1.5,-3.0,0,0,0,0.04883841171125233,0
1788307708.738399,P001,P001_S01,P001_S01_ST1ST_T02_R01,T02,R01,Gridworld_Anytime_Keyboard,0,Study 1,Gridworld,Anytime Feedback,Keyboard,48,5,2,0,1,DOWN,3,0,-0.5,-3.5,0,0,0,0.04883841171125233,0
1788307708.816388,P001,P001_S01,P001_S01_ST1ST_T02_R01,T02,R01,Gridworld_Anytime_Keyboard,0,Study 1,Gridworld,Anytime Feedback,Keyboard,48,6,3,0,1,DOWN,4,0,-0.5,-4.0,0,0,0,0.04883841171125233,0
1788307708.878985,P001,P001_S01,P001_S01_ST1ST_T02_R01,T02,R01,Gridworld_Anytime_Keyboard,0,Study 1,Gridworld,Anytime Feedback,Keyboard,48,7,4,0,1,DOWN,5,0,-50.0,-54.0,1,0,1,0.04881399250539671,0
1788307708.988728,P001,P001_S01,P001_S01_ST1ST_T02_R01,T02,R01,Gridworld_Anytime_Keyboard,0,Study 1,Gridworld,Anytime Feedback,Keyboard,49,1,0,0,1,DOWN,1,0,-0.5,-0.5,0,0,0,0.04881399250539671,0
1788307709.066382,P001,P001_S01,P001_S01_ST1ST_T02_R01,T02,R01,Gridworld_Anytime_Keyboard,0,Study 1,Gridworld,Anytime Feedback,Keyboard,49,2,1,0,1,DOWN,2,0,-0.5,-1.0,0,0,0,0.04881399250539671,0
1788307709.128494,P001,P001_S01,P001_S01_ST1ST_T02_R01,T02,R01,Gridworld_Anytime_Keyboard,0,Study 1,Gridworld,Anytime Feedback,Keyboard,49,3,2,0,1,DOWN,3,0,-0.5,-1.5,0,0,0,0.04881399250539671,0
1788307709.190501,P001,P001_S01,P001_S01_ST1ST_T02_R01,T02,R01,Gridworld_Anytime_Keyboard,0,Study 1,Gridworld,Anytime Feedback,Keyboard,49,4,3,0,0,UP,2,0,-1.5,-3.0,0,0,0,0.04881399250539671,0
1788307709.252251,P001,P001_S01,P001_S01_ST1ST_T02_R01,T02,R01,Gridworld_Anytime_Keyboard,0,Study 1,Gridworld,Anytime Feedback,Keyboard,49,5,2,0,0,UP,1,0,-1.5,-4.5,0,0,0,0.04881399250539671,0
1788307709.314601,P001,P001_S01,P001_S01_ST1ST_T02_R01,T02,R01,Gridworld_Anytime_Keyboard,0,Study 1,Gridworld,Anytime Feedback,Keyboard,49,6,1,0,1,DOWN,2,0,-0.5,-5.0,0,0,0,0.04881399250539671,0
1788307709.376671,P001,P001_S01,P001_S01_ST1ST_T02_R01,T02,R01,Gridworld_Anytime_Keyboard,0,Study 1,Gridworld,Anytime Feedback,Keyboard,49,7,2,0,0,UP,1,0,-1.5,-6.5,0,0,0,0.04881399250539671,0
1788307709.439423,P001,P001_S01,P001_S01_ST1ST_T02_R01,T02,R01,Gridworld_Anytime_Keyboard,0,Study 1,Gridworld,Anytime Feedback,Keyboard,49,8,1,0,1,DOWN,2,0,-0.5,-7.0,0,0,0,0.04881399250539671,0
1788307709.502330,P001,P001_S01,P001_S01_ST1ST_T02_R01,T02,R01,Gridworld_Anytime_Keyboard,0,Study 1,Gridworld,Anytime Feedback,Keyboard,49,9,2,0,3,RIGHT,2,1,-0.5,-7.5,0,0,0,0.04881399250539671,0
1788307709.563592,P001,P001_S01,P001_S01_ST1ST_T02_R01,T02,R01,Gridworld_Anytime_Keyboard,0,Study 1,Gridworld,Anytime Feedback,Keyboard,49,10,2,1,2,LEFT,2,0,-1.5,-9.0,0,0,0,0.04881399250539671,0
1788307709.625569,P001,P001_S01,P001_S01_ST1ST_T02_R01,T02,R01,Gridworld_Anytime_Keyboard,0,Study 1,Gridworld,Anytime Feedback,Keyboard,49,11,2,0,3,RIGHT,2,1,-0.5,-9.5,0,0,0,0.04881399250539671,0
1788307709.687875,P001,P001_S01,P001_S01_ST1ST_T02_R01,T02,R01,Gridworld_Anytime_Keyboard,0,Study 1,Gridworld,Anytime Feedback,Keyboard,49,12,2,1,3,RIGHT,2,2,-0.5,-10.0,0,0,0,0.04881399250539671,0
1788307709.750478,P001,P001_S01,P001_S01_ST1ST_T02_R01,T02,R01,Gridworld_Anytime_Keyboard,0,Study 1,Gridworld,Anytime Feedback,Keyboard,49,13,2,2,3,RIGHT,2,3,-0.5,-10.5,0,0,0,0.04881399250539671,0
1788307709.810929,P001,P001_S01,P001_S01_ST1ST_T02_R01,T02,R01,Gridworld_Anytime_Keyboard,0,Study 1,Gridworld,Anytime Feedback,Keyboard,49,14,2,3,2,LEFT,2,2,-1.5,-12.0,0,0,0,0.04881399250539671,0
1788307709.873476,P001,P001_S01,P001_S01_ST1ST_T02_R01,T02,R01,Gridworld_Anytime_Keyboard,0,Study 1,Gridworld,Anytime Feedback,Keyboard,49,15,2,2,0,UP,1,2,-50.0,-62.0,1,0,1,0.048789585509144015,0
1788307709.966765,P001,P001_S01,P001_S01_ST1ST_T02_R01,T02,R01,Gridworld_Anytime_Keyboard,0,Study 1,Gridworld,Anytime Feedback,Keyboard,50,1,0,0,1,DOWN,1,0,-0.5,-0.5,0,0,0,0.048789585509144015,0
1788307710.028615,P001,P001_S01,P001_S01_ST1ST_T02_R01,T02,R01,Gridworld_Anytime_Keyboard,0,Study 1,Gridworld,Anytime Feedback,Keyboard,50,2,1,0,1,DOWN,2,0,-0.5,-1.0,0,0,0,0.048789585509144015,0
1788307710.090996,P001,P001_S01,P001_S01_ST1ST_T02_R01,T02,R01,Gridworld_Anytime_Keyboard,0,Study 1,Gridworld,Anytime Feedback,Keyboard,50,3,2,0,1,DOWN,3,0,-0.5,-1.5,0,0,0,0.048789585509144015,0
1788307710.153827,P001,P001_S01,P001_S01_ST1ST_T02_R01,T02,R01,Gridworld_Anytime_Keyboard,0,Study 1,Gridworld,Anytime Feedback,Keyboard,50,4,3,0,1,DOWN,4,0,-0.5,-2.0,0,0,0,0.048789585509144015,0
1788307710.216972,P001,P001_S01,P001_S01_ST1ST_T02_R01,T02,R01,Gridworld_Anytime_Keyboard,0,Study 1,Gridworld,Anytime Feedback,Keyboard,50,5,4,0,3,RIGHT,4,1,-0.5,-2.5,0,0,0,0.048789585509144015,0
1788307710.279429,P001,P001_S01,P001_S01_ST1ST_T02_R01,T02,R01,Gridworld_Anytime_Keyboard,0,Study 1,Gridworld,Anytime Feedback,Keyboard,50,6,4,1,0,UP,3,1,-50.0,-52.5,1,0,1,0.04876519071638945,0
1788307710.371781,P001,P001_S01,P001_S01_ST1ST_T02_R01,T02,R01,Gridworld_Anytime_Keyboard,0,Study 1,Gridworld,Anytime Feedback,Keyboard,51,1,0,0,1,DOWN,1,0,-0.5,-0.5,0,0,0,0.04876519071638945,0
1788307710.434298,P001,P001_S01,P001_S01_ST1ST_T02_R01,T02,R01,Gridworld_Anytime_Keyboard,0,Study 1,Gridworld,Anytime Feedback,Keyboard,51,2,1,0,1,DOWN,2,0,-0.5,-1.0,0,0,0,0.04876519071638945,0
1788307710.497079,P001,P001_S01,P001_S01_ST1ST_T02_R01,T02,R01,Gridworld_Anytime_Keyboard,0,Study 1,Gridworld,Anytime Feedback,Keyboard,51,3,2,0,1,DOWN,3,0,-0.5,-1.5,0,0,0,0.04876519071638945,0
1788307710.559566,P001,P001_S01,P001_S01_ST1ST_T02_R01,T02,R01,Gridworld_Anytime_Keyboard,0,Study 1,Gridworld,Anytime Feedback,Keyboard,51,4,3,0,1,DOWN,4,0,-0.5,-2.0,0,0,0,0.04876519071638945,0
1788307710.622621,P001,P001_S01,P001_S01_ST1ST_T02_R01,T02,R01,Gridworld_Anytime_Keyboard,0,Study 1,Gridworld,Anytime Feedback,Keyboard,51,5,4,0,0,UP,3,0,-1.5,-3.5,0,0,0,0.04876519071638945,0
1788307710.685061,P001,P001_S01,P001_S01_ST1ST_T02_R01,T02,R01,Gridworld_Anytime_Keyboard,0,Study 1,Gridworld,Anytime Feedback,Keyboard,51,6,3,0,1,DOWN,4,0,-0.5,-4.0,0,0,0,0.04876519071638945,0
1788307710.746933,P001,P001_S01,P001_S01_ST1ST_T02_R01,T02,R01,Gridworld_Anytime_Keyboard,0,Study 1,Gridworld,Anytime Feedback,Keyboard,51,7,4,0,1,DOWN,5,0,-50.0,-54.0,1,0,1,0.04874080812103126,0
1788307710.840067,P001,P001_S01,P001_S01_ST1ST_T02_R01,T02,R01,Gridworld_Anytime_Keyboard,0,Study 1,Gridworld,Anytime Feedback,Keyboard,52,1,0,0,3,RIGHT,0,1,-0.5,-0.5,0,0,0,0.04874080812103126,0
1788307710.901073,P001,P001_S01,P001_S01_ST1ST_T02_R01,T02,R01,Gridworld_Anytime_Keyboard,0,Study 1,Gridworld,Anytime Feedback,Keyboard,52,2,0,1,3,RIGHT,0,2,-0.5,-1.0,0,0,0,0.04874080812103126,0
1788307710.963587,P001,P001_S01,P001_S01_ST1ST_T02_R01,T02,R01,Gridworld_Anytime_Keyboard,0,Study 1,Gridworld,Anytime Feedback,Keyboard,52,3,0,2,3,RIGHT,0,3,-0.5,-1.5,0,0,0,0.04874080812103126,0
1788307711.025779,P001,P001_S01,P001_S01_ST1ST_T02_R01,T02,R01,Gridworld_Anytime_Keyboard,0,Study 1,Gridworld,Anytime Feedback,Keyboard,52,4,0,3,3,RIGHT,0,4,-0.5,-2.0,0,0,0,0.04874080812103126,0
1788307711.088170,P001,P001_S01,P001_S01_ST1ST_T02_R01,T02,R01,Gridworld_Anytime_Keyboard,0,Study 1,Gridworld,Anytime Feedback,Keyboard,52,5,0,4,3,RIGHT,0,5,-0.5,-2.5,0,0,0,0.04874080812103126,0
1788307711.150382,P001,P001_S01,P001_S01_ST1ST_T02_R01,T02,R01,Gridworld_Anytime_Keyboard,0,Study 1,Gridworld,Anytime Feedback,Keyboard,52,6,0,5,2,LEFT,0,4,-1.5,-4.0,0,0,0,0.04874080812103126,0
1788307711.212172,P001,P001_S01,P001_S01_ST1ST_T02_R01,T02,R01,Gridworld_Anytime_Keyboard,0,Study 1,Gridworld,Anytime Feedback,Keyboard,52,7,0,4,3,RIGHT,0,5,-0.5,-4.5,0,0,0,0.04874080812103126,0
1788307711.274913,P001,P001_S01,P001_S01_ST1ST_T02_R01,T02,R01,Gridworld_Anytime_Keyboard,0,Study 1,Gridworld,Anytime Feedback,Keyboard,52,8,0,5,0,UP,-1,5,-50.0,-54.5,1,0,1,0.04871643771697075,0
1788307711.369903,P001,P001_S01,P001_S01_ST1ST_T02_R01,T02,R01,Gridworld_Anytime_Keyboard,0,Study 1,Gridworld,Anytime Feedback,Keyboard,53,1,0,0,1,DOWN,1,0,-0.5,-0.5,0,0,0,0.04871643771697075,0
1788307711.432534,P001,P001_S01,P001_S01_ST1ST_T02_R01,T02,R01,Gridworld_Anytime_Keyboard,0,Study 1,Gridworld,Anytime Feedback,Keyboard,53,2,1,0,1,DOWN,2,0,-0.5,-1.0,0,0,0,0.04871643771697075,0
1788307711.493800,P001,P001_S01,P001_S01_ST1ST_T02_R01,T02,R01,Gridworld_Anytime_Keyboard,0,Study 1,Gridworld,Anytime Feedback,Keyboard,53,3,2,0,3,RIGHT,2,1,-0.5,-1.5,0,0,0,0.04871643771697075,0
1788307711.556129,P001,P001_S01,P001_S01_ST1ST_T02_R01,T02,R01,Gridworld_Anytime_Keyboard,0,Study 1,Gridworld,Anytime Feedback,Keyboard,53,4,2,1,2,LEFT,2,0,-1.5,-3.0,0,0,0,0.04871643771697075,0
1788307711.618803,P001,P001_S01,P001_S01_ST1ST_T02_R01,T02,R01,Gridworld_Anytime_Keyboard,0,Study 1,Gridworld,Anytime Feedback,Keyboard,53,5,2,0,3,RIGHT,2,1,-0.5,-3.5,0,0,0,0.04871643771697075,0
1788307711.681172,P001,P001_S01,P001_S01_ST1ST_T02_R01,T02,R01,Gridworld_Anytime_Keyboard,0,Study 1,Gridworld,Anytime Feedback,Keyboard,53,6,2,1,3,RIGHT,2,2,-0.5,-4.0,0,0,0,0.04871643771697075,0
1788307711.743507,P001,P001_S01,P001_S01_ST1ST_T02_R01,T02,R01,Gridworld_Anytime_Keyboard,0,Study 1,Gridworld,Anytime Feedback,Keyboard,53,7,2,2,2,LEFT,2,1,-1.5,-5.5,0,0,0,0.04871643771697075,0
1788307711.805895,P001,P001_S01,P001_S01_ST1ST_T02_R01,T02,R01,Gridworld_Anytime_Keyboard,0,Study 1,Gridworld,Anytime Feedback,Keyboard,53,8,2,1,1,DOWN,3,1,-50.0,-55.5,1,0,1,0.048692079498112266,0
1788307711.899877,P001,P001_S01,P001_S01_ST1ST_T02_R01,T02,R01,Gridworld_Anytime_Keyboard,0,Study 1,Gridworld,Anytime Feedback,Keyboard,54,1,0,0,1,DOWN,1,0,-0.5,-0.5,0,0,0,0.048692079498112266,0
1788307711.961443,P001,P001_S01,P001_S01_ST1ST_T02_R01,T02,R01,Gridworld_Anytime_Keyboard,0,Study 1,Gridworld,Anytime Feedback,Keyboard,54,2,1,0,1,DOWN,2,0,-0.5,-1.0,0,0,0,0.048692079498112266,0
1788307712.025092,P001,P001_S01,P001_S01_ST1ST_T02_R01,T02,R01,Gridworld_Anytime_Keyboard,0,Study 1,Gridworld,Anytime Feedback,Keyboard,54,3,2,0,2,LEFT,2,-1,-50.0,-51.0,1,0,1,0.04866773345836321,0
1788307712.119776,P001,P001_S01,P001_S01_ST1ST_T02_R01,T02,R01,Gridworld_Anytime_Keyboard,0,Study 1,Gridworld,Anytime Feedback,Keyboard,55,1,0,0,1,DOWN,1,0,-0.5,-0.5,0,0,0,0.04866773345836321,0
1788307712.180938,P001,P001_S01,P001_S01_ST1ST_T02_R01,T02,R01,Gridworld_Anytime_Keyboard,0,Study 1,Gridworld,Anytime Feedback,Keyboard,55,2,1,0,1,DOWN,2,0,-0.5,-1.0,0,0,0,0.04866773345836321,0
1788307712.243498,P001,P001_S01,P001_S01_ST1ST_T02_R01,T02,R01,Gridworld_Anytime_Keyboard,0,Study 1,Gridworld,Anytime Feedback,Keyboard,55,3,2,0,3,RIGHT,2,1,-0.5,-1.5,0,0,0,0.04866773345836321,0
1788307712.305329,P001,P001_S01,P001_S01_ST1ST_T02_R01,T02,R01,Gridworld_Anytime_Keyboard,0,Study 1,Gridworld,Anytime Feedback,Keyboard,55,4,2,1,3,RIGHT,2,2,-0.5,-2.0,0,0,0,0.04866773345836321,0
1788307712.367976,P001,P001_S01,P001_S01_ST1ST_T02_R01,T02,R01,Gridworld_Anytime_Keyboard,0,Study 1,Gridworld,Anytime Feedback,Keyboard,55,5,2,2,3,RIGHT,2,3,-0.5,-2.5,0,0,0,0.04866773345836321,0
1788307712.430346,P001,P001_S01,P001_S01_ST1ST_T02_R01,T02,R01,Gridworld_Anytime_Keyboard,0,Study 1,Gridworld,Anytime Feedback,Keyboard,55,6,2,3,1,DOWN,3,3,-0.5,-3.0,0,0,0,0.04866773345836321,0
1788307712.492370,P001,P001_S01,P001_S01_ST1ST_T02_R01,T02,R01,Gridworld_Anytime_Keyboard,0,Study 1,Gridworld,Anytime Feedback,Keyboard,55,7,3,3,3,RIGHT,3,4,-50.0,-53.0,1,0,1,0.04864339959163404,0
1788307712.584706,P001,P001_S01,P001_S01_ST1ST_T02_R01,T02,R01,Gridworld_Anytime_Keyboard,0,Study 1,Gridworld,Anytime Feedback,Keyboard,56,1,0,0,3,RIGHT,0,1,-0.5,-0.5,0,0,0,0.04864339959163404,0
1788307712.646430,P001,P001_S01,P001_S01_ST1ST_T02_R01,T02,R01,Gridworld_Anytime_Keyboard,0,Study 1,Gridworld,Anytime Feedback,Keyboard,56,2,0,1,3,RIGHT,0,2,-0.5,-1.0,0,0,0,0.04864339959163404,0
1788307712.708809,P001,P001_S01,P001_S01_ST1ST_T02_R01,T02,R01,Gridworld_Anytime_Keyboard,0,Study 1,Gridworld,Anytime Feedback,Keyboard,56,3,0,2,2,LEFT,0,1,-1.5,-2.5,0,0,0,0.04864339959163404,0
1788307712.771407,P001,P001_S01,P001_S01_ST1ST_T02_R01,T02,R01,Gridworld_Anytime_Keyboard,0,Study 1,Gridworld,Anytime Feedback,Keyboard,56,4,0,1,3,RIGHT,0,2,-0.5,-3.0,0,0,0,0.04864339959163404,0
1788307712.833381,P001,P001_S01,P001_S01_ST1ST_T02_R01,T02,R01,Gridworld_Anytime_Keyboard,0,Study 1,Gridworld,Anytime Feedback,Keyboard,56,5,0,2,3,RIGHT,0,3,-0.5,-3.5,0,0,0,0.04864339959163404,0
1788307712.895179,P001,P001_S01,P001_S01_ST1ST_T02_R01,T02,R01,Gridworld_Anytime_Keyboard,0,Study 1,Gridworld,Anytime Feedback,Keyboard,56,6,0,3,3,RIGHT,0,4,-0.5,-4.0,0,0,0,0.04864339959163404,0
1788307712.957779,P001,P001_S01,P001_S01_ST1ST_T02_R01,T02,R01,Gridworld_Anytime_Keyboard,0,Study 1,Gridworld,Anytime Feedback,Keyboard,56,7,0,4,3,RIGHT,0,5,-0.5,-4.5,0,0,0,0.04864339959163404,0
1788307713.020191,P001,P001_S01,P001_S01_ST1ST_T02_R01,T02,R01,Gridworld_Anytime_Keyboard,0,Study 1,Gridworld,Anytime Feedback,Keyboard,56,8,0,5,2,LEFT,0,4,-1.5,-6.0,0,0,0,0.04864339959163404,0
1788307713.083105,P001,P001_S01,P001_S01_ST1ST_T02_R01,T02,R01,Gridworld_Anytime_Keyboard,0,Study 1,Gridworld,Anytime Feedback,Keyboard,56,9,0,4,3,RIGHT,0,5,-0.5,-6.5,0,0,0,0.04864339959163404,0
1788307713.144785,P001,P001_S01,P001_S01_ST1ST_T02_R01,T02,R01,Gridworld_Anytime_Keyboard,0,Study 1,Gridworld,Anytime Feedback,Keyboard,56,10,0,5,1,DOWN,1,5,-0.5,-7.0,0,0,0,0.04864339959163404,0
1788307713.222240,P001,P001_S01,P001_S01_ST1ST_T02_R01,T02,R01,Gridworld_Anytime_Keyboard,0,Study 1,Gridworld,Anytime Feedback,Keyboard,56,11,1,5,2,LEFT,1,4,-50.0,-57.0,1,0,1,0.048619077891838225,0
1788307713.331057,P001,P001_S01,P001_S01_ST1ST_T02_R01,T02,R01,Gridworld_Anytime_Keyboard,0,Study 1,Gridworld,Anytime Feedback,Keyboard,57,1,0,0,1,DOWN,1,0,-0.5,-0.5,0,0,0,0.048619077891838225,0
1788307713.392920,P001,P001_S01,P001_S01_ST1ST_T02_R01,T02,R01,Gridworld_Anytime_Keyboard,0,Study 1,Gridworld,Anytime Feedback,Keyboard,57,2,1,0,1,DOWN,2,0,-0.5,-1.0,0,0,0,0.048619077891838225,0
1788307713.456111,P001,P001_S01,P001_S01_ST1ST_T02_R01,T02,R01,Gridworld_Anytime_Keyboard,0,Study 1,Gridworld,Anytime Feedback,Keyboard,57,3,2,0,3,RIGHT,2,1,-0.5,-1.5,0,0,0,0.048619077891838225,0
1788307713.519055,P001,P001_S01,P001_S01_ST1ST_T02_R01,T02,R01,Gridworld_Anytime_Keyboard,0,Study 1,Gridworld,Anytime Feedback,Keyboard,57,4,2,1,1,DOWN,3,1,-50.0,-51.5,1,0,1,0.04859476835289231,0
1788307713.613954,P001,P001_S01,P001_S01_ST1ST_T02_R01,T02,R01,Gridworld_Anytime_Keyboard,0,Study 1,Gridworld,Anytime Feedback,Keyboard,58,1,0,0,1,DOWN,1,0,-0.5,-0.5,0,0,0,0.04859476835289231,0
1788307713.676598,P001,P001_S01,P001_S01_ST1ST_T02_R01,T02,R01,Gridworld_Anytime_Keyboard,0,Study 1,Gridworld,Anytime Feedback,Keyboard,58,2,1,0,1,DOWN,2,0,-0.5,-1.0,0,0,0,0.04859476835289231,0
1788307713.739715,P001,P001_S01,P001_S01_ST1ST_T02_R01,T02,R01,Gridworld_Anytime_Keyboard,0,Study 1,Gridworld,Anytime Feedback,Keyboard,58,3,2,0,3,RIGHT,2,1,-0.5,-1.5,0,0,0,0.04859476835289231,0
1788307713.801196,P001,P001_S01,P001_S01_ST1ST_T02_R01,T02,R01,Gridworld_Anytime_Keyboard,0,Study 1,Gridworld,Anytime Feedback,Keyboard,58,4,2,1,0,UP,1,1,-50.0,-51.5,1,0,1,0.04857047096871587,0
1788307713.896133,P001,P001_S01,P001_S01_ST1ST_T02_R01,T02,R01,Gridworld_Anytime_Keyboard,0,Study 1,Gridworld,Anytime Feedback,Keyboard,59,1,0,0,3,RIGHT,0,1,-0.5,-0.5,0,0,0,0.04857047096871587,0
1788307713.958306,P001,P001_S01,P001_S01_ST1ST_T02_R01,T02,R01,Gridworld_Anytime_Keyboard,0,Study 1,Gridworld,Anytime Feedback,Keyboard,59,2,0,1,2,LEFT,0,0,-1.5,-2.0,0,0,0,0.04857047096871587,0
1788307714.020948,P001,P001_S01,P001_S01_ST1ST_T02_R01,T02,R01,Gridworld_Anytime_Keyboard,0,Study 1,Gridworld,Anytime Feedback,Keyboard,59,3,0,0,3,RIGHT,0,1,-0.5,-2.5,0,0,0,0.04857047096871587,0
1788307714.083404,P001,P001_S01,P001_S01_ST1ST_T02_R01,T02,R01,Gridworld_Anytime_Keyboard,0,Study 1,Gridworld,Anytime Feedback,Keyboard,59,4,0,1,3,RIGHT,0,2,-0.5,-3.0,0,0,0,0.04857047096871587,0
1788307714.146346,P001,P001_S01,P001_S01_ST1ST_T02_R01,T02,R01,Gridworld_Anytime_Keyboard,0,Study 1,Gridworld,Anytime Feedback,Keyboard,59,5,0,2,3,RIGHT,0,3,-0.5,-3.5,0,0,0,0.04857047096871587,0
1788307714.209242,P001,P001_S01,P001_S01_ST1ST_T02_R01,T02,R01,Gridworld_Anytime_Keyboard,0,Study 1,Gridworld,Anytime Feedback,Keyboard,59,6,0,3,3,RIGHT,0,4,-0.5,-4.0,0,0,0,0.04857047096871587,0
1788307714.271193,P001,P001_S01,P001_S01_ST1ST_T02_R01,T02,R01,Gridworld_Anytime_Keyboard,0,Study 1,Gridworld,Anytime Feedback,Keyboard,59,7,0,4,3,RIGHT,0,5,-0.5,-4.5,0,0,0,0.04857047096871587,0
1788307714.333097,P001,P001_S01,P001_S01_ST1ST_T02_R01,T02,R01,Gridworld_Anytime_Keyboard,0,Study 1,Gridworld,Anytime Feedback,Keyboard,59,8,0,5,3,RIGHT,0,6,-50.0,-54.5,1,0,1,0.048546185733231516,0
1788307714.426303,P001,P001_S01,P001_S01_ST1ST_T02_R01,T02,R01,Gridworld_Anytime_Keyboard,0,Study 1,Gridworld,Anytime Feedback,Keyboard,60,1,0,0,1,DOWN,1,0,-0.5,-0.5,0,0,0,0.048546185733231516,0
1788307714.502986,P001,P001_S01,P001_S01_ST1ST_T02_R01,T02,R01,Gridworld_Anytime_Keyboard,0,Study 1,Gridworld,Anytime Feedback,Keyboard,60,2,1,0,1,DOWN,2,0,-0.5,-1.0,0,0,0,0.048546185733231516,0
1788307714.565485,P001,P001_S01,P001_S01_ST1ST_T02_R01,T02,R01,Gridworld_Anytime_Keyboard,0,Study 1,Gridworld,Anytime Feedback,Keyboard,60,3,2,0,1,DOWN,3,0,-0.5,-1.5,0,0,0,0.048546185733231516,0
1788307714.627602,P001,P001_S01,P001_S01_ST1ST_T02_R01,T02,R01,Gridworld_Anytime_Keyboard,0,Study 1,Gridworld,Anytime Feedback,Keyboard,60,4,3,0,1,DOWN,4,0,-0.5,-2.0,0,0,0,0.048546185733231516,0
1788307714.690037,P001,P001_S01,P001_S01_ST1ST_T02_R01,T02,R01,Gridworld_Anytime_Keyboard,0,Study 1,Gridworld,Anytime Feedback,Keyboard,60,5,4,0,3,RIGHT,4,1,-0.5,-2.5,0,0,0,0.048546185733231516,0
1788307714.752398,P001,P001_S01,P001_S01_ST1ST_T02_R01,T02,R01,Gridworld_Anytime_Keyboard,0,Study 1,Gridworld,Anytime Feedback,Keyboard,60,6,4,1,2,LEFT,4,0,-1.5,-4.0,0,0,0,0.048546185733231516,0
1788307714.814362,P001,P001_S01,P001_S01_ST1ST_T02_R01,T02,R01,Gridworld_Anytime_Keyboard,0,Study 1,Gridworld,Anytime Feedback,Keyboard,60,7,4,0,3,RIGHT,4,1,-0.5,-4.5,0,0,0,0.048546185733231516,0
1788307714.877005,P001,P001_S01,P001_S01_ST1ST_T02_R01,T02,R01,Gridworld_Anytime_Keyboard,0,Study 1,Gridworld,Anytime Feedback,Keyboard,60,8,4,1,1,DOWN,5,1,-0.5,-5.0,0,0,0,0.048546185733231516,0
1788307714.939732,P001,P001_S01,P001_S01_ST1ST_T02_R01,T02,R01,Gridworld_Anytime_Keyboard,0,Study 1,Gridworld,Anytime Feedback,Keyboard,60,9,5,1,1,DOWN,6,1,-0.5,-5.5,0,0,0,0.048546185733231516,0
1788307715.001774,P001,P001_S01,P001_S01_ST1ST_T02_R01,T02,R01,Gridworld_Anytime_Keyboard,0,Study 1,Gridworld,Anytime Feedback,Keyboard,60,10,6,1,3,RIGHT,6,2,-0.5,-6.0,0,0,0,0.048546185733231516,0
1788307715.064480,P001,P001_S01,P001_S01_ST1ST_T02_R01,T02,R01,Gridworld_Anytime_Keyboard,0,Study 1,Gridworld,Anytime Feedback,Keyboard,60,11,6,2,3,RIGHT,6,3,-0.5,-6.5,0,0,0,0.048546185733231516,0
1788307715.127233,P001,P001_S01,P001_S01_ST1ST_T02_R01,T02,R01,Gridworld_Anytime_Keyboard,0,Study 1,Gridworld,Anytime Feedback,Keyboard,60,12,6,3,1,DOWN,7,3,-50.0,-56.5,1,0,1,0.0485219126403649,0
1788307715.237377,P001,P001_S01,P001_S01_ST1ST_T02_R01,T02,R01,Gridworld_Anytime_Keyboard,0,Study 1,Gridworld,Anytime Feedback,Keyboard,61,1,0,0,1,DOWN,1,0,-0.5,-0.5,0,0,0,0.0485219126403649,0
1788307715.286443,P001,P001_S01,P001_S01_ST1ST_T02_R01,T02,R01,Gridworld_Anytime_Keyboard,0,Study 1,Gridworld,Anytime Feedback,Keyboard,61,2,1,0,1,DOWN,2,0,-0.5,-1.0,0,0,0,0.0485219126403649,0
1788307715.362380,P001,P001_S01,P001_S01_ST1ST_T02_R01,T02,R01,Gridworld_Anytime_Keyboard,0,Study 1,Gridworld,Anytime Feedback,Keyboard,61,3,2,0,1,DOWN,3,0,-0.5,-1.5,0,0,0,0.0485219126403649,0
1788307715.424458,P001,P001_S01,P001_S01_ST1ST_T02_R01,T02,R01,Gridworld_Anytime_Keyboard,0,Study 1,Gridworld,Anytime Feedback,Keyboard,61,4,3,0,1,DOWN,4,0,-0.5,-2.0,0,0,0,0.0485219126403649,0
1788307715.486920,P001,P001_S01,P001_S01_ST1ST_T02_R01,T02,R01,Gridworld_Anytime_Keyboard,0,Study 1,Gridworld,Anytime Feedback,Keyboard,61,5,4,0,2,LEFT,4,-1,-50.0,-52.0,1,0,1,0.04849765168404472,0
1788307715.597412,P001,P001_S01,P001_S01_ST1ST_T02_R01,T02,R01,Gridworld_Anytime_Keyboard,0,Study 1,Gridworld,Anytime Feedback,Keyboard,62,1,0,0,1,DOWN,1,0,-0.5,-0.5,0,0,0,0.04849765168404472,0
1788307715.659971,P001,P001_S01,P001_S01_ST1ST_T02_R01,T02,R01,Gridworld_Anytime_Keyboard,0,Study 1,Gridworld,Anytime Feedback,Keyboard,62,2,1,0,1,DOWN,2,0,-0.5,-1.0,0,0,0,0.04849765168404472,0
1788307715.721853,P001,P001_S01,P001_S01_ST1ST_T02_R01,T02,R01,Gridworld_Anytime_Keyboard,0,Study 1,Gridworld,Anytime Feedback,Keyboard,62,3,2,0,3,RIGHT,2,1,-0.5,-1.5,0,0,0,0.04849765168404472,0
1788307715.785260,P001,P001_S01,P001_S01_ST1ST_T02_R01,T02,R01,Gridworld_Anytime_Keyboard,0,Study 1,Gridworld,Anytime Feedback,Keyboard,62,4,2,1,3,RIGHT,2,2,-0.5,-2.0,0,0,0,0.04849765168404472,0
1788307715.862018,P001,P001_S01,P001_S01_ST1ST_T02_R01,T02,R01,Gridworld_Anytime_Keyboard,0,Study 1,Gridworld,Anytime Feedback,Keyboard,62,5,2,2,2,LEFT,2,1,-1.5,-3.5,0,0,0,0.04849765168404472,0
1788307715.924385,P001,P001_S01,P001_S01_ST1ST_T02_R01,T02,R01,Gridworld_Anytime_Keyboard,0,Study 1,Gridworld,Anytime Feedback,Keyboard,62,6,2,1,3,RIGHT,2,2,-0.5,-4.0,0,0,0,0.04849765168404472,0
1788307715.986999,P001,P001_S01,P001_S01_ST1ST_T02_R01,T02,R01,Gridworld_Anytime_Keyboard,0,Study 1,Gridworld,Anytime Feedback,Keyboard,62,7,2,2,3,RIGHT,2,3,-0.5,-4.5,0,0,0,0.04849765168404472,0
1788307716.049309,P001,P001_S01,P001_S01_ST1ST_T02_R01,T02,R01,Gridworld_Anytime_Keyboard,0,Study 1,Gridworld,Anytime Feedback,Keyboard,62,8,2,3,1,DOWN,3,3,-0.5,-5.0,0,0,0,0.04849765168404472,0
1788307716.111940,P001,P001_S01,P001_S01_ST1ST_T02_R01,T02,R01,Gridworld_Anytime_Keyboard,0,Study 1,Gridworld,Anytime Feedback,Keyboard,62,9,3,3,1,DOWN,4,3,-0.5,-5.5,0,0,0,0.04849765168404472,0
1788307716.174193,P001,P001_S01,P001_S01_ST1ST_T02_R01,T02,R01,Gridworld_Anytime_Keyboard,0,Study 1,Gridworld,Anytime Feedback,Keyboard,62,10,4,3,1,DOWN,5,3,-50.0,-55.5,1,0,1,0.0484734028582027,0
1788307716.284506,P001,P001_S01,P001_S01_ST1ST_T02_R01,T02,R01,Gridworld_Anytime_Keyboard,0,Study 1,Gridworld,Anytime Feedback,Keyboard,63,1,0,0,1,DOWN,1,0,-0.5,-0.5,0,0,0,0.0484734028582027,0
1788307716.346684,P001,P001_S01,P001_S01_ST1ST_T02_R01,T02,R01,Gridworld_Anytime_Keyboard,0,Study 1,Gridworld,Anytime Feedback,Keyboard,63,2,1,0,1,DOWN,2,0,-0.5,-1.0,0,0,0,0.0484734028582027,0
1788307716.409168,P001,P001_S01,P001_S01_ST1ST_T02_R01,T02,R01,Gridworld_Anytime_Keyboard,0,Study 1,Gridworld,Anytime Feedback,Keyboard,63,3,2,0,3,RIGHT,2,1,-0.5,-1.5,0,0,0,0.0484734028582027,0
1788307716.472414,P001,P001_S01,P001_S01_ST1ST_T02_R01,T02,R01,Gridworld_Anytime_Keyboard,0,Study 1,Gridworld,Anytime Feedback,Keyboard,63,4,2,1,3,RIGHT,2,2,-0.5,-2.0,0,0,0,0.0484734028582027,0
1788307716.536233,P001,P001_S01,P001_S01_ST1ST_T02_R01,T02,R01,Gridworld_Anytime_Keyboard,0,Study 1,Gridworld,Anytime Feedback,Keyboard,63,5,2,2,2,LEFT,2,1,-1.5,-3.5,0,0,0,0.0484734028582027,0
1788307716.598108,P001,P001_S01,P001_S01_ST1ST_T02_R01,T02,R01,Gridworld_Anytime_Keyboard,0,Study 1,Gridworld,Anytime Feedback,Keyboard,63,6,2,1,3,RIGHT,2,2,-0.5,-4.0,0,0,0,0.0484734028582027,0
1788307716.660614,P001,P001_S01,P001_S01_ST1ST_T02_R01,T02,R01,Gridworld_Anytime_Keyboard,0,Study 1,Gridworld,Anytime Feedback,Keyboard,63,7,2,2,3,RIGHT,2,3,-0.5,-4.5,0,0,0,0.0484734028582027,0
1788307716.737972,P001,P001_S01,P001_S01_ST1ST_T02_R01,T02,R01,Gridworld_Anytime_Keyboard,0,Study 1,Gridworld,Anytime Feedback,Keyboard,63,8,2,3,3,RIGHT,2,4,-50.0,-54.5,1,0,1,0.0484491661567736,0
1788307716.832309,P001,P001_S01,P001_S01_ST1ST_T02_R01,T02,R01,Gridworld_Anytime_Keyboard,0,Study 1,Gridworld,Anytime Feedback,Keyboard,64,1,0,0,1,DOWN,1,0,-0.5,-0.5,0,0,0,0.0484491661567736,0
1788307716.909907,P001,P001_S01,P001_S01_ST1ST_T02_R01,T02,R01,Gridworld_Anytime_Keyboard,0,Study 1,Gridworld,Anytime Feedback,Keyboard,64,2,1,0,1,DOWN,2,0,-0.5,-1.0,0,0,0,0.0484491661567736,0
1788307716.971567,P001,P001_S01,P001_S01_ST1ST_T02_R01,T02,R01,Gridworld_Anytime_Keyboard,0,Study 1,Gridworld,Anytime Feedback,Keyboard,64,3,2,0,3,RIGHT,2,1,-0.5,-1.5,0,0,0,0.0484491661567736,0
1788307717.034264,P001,P001_S01,P001_S01_ST1ST_T02_R01,T02,R01,Gridworld_Anytime_Keyboard,0,Study 1,Gridworld,Anytime Feedback,Keyboard,64,4,2,1,3,RIGHT,2,2,-0.5,-2.0,0,0,0,0.0484491661567736,0
1788307717.096282,P001,P001_S01,P001_S01_ST1ST_T02_R01,T02,R01,Gridworld_Anytime_Keyboard,0,Study 1,Gridworld,Anytime Feedback,Keyboard,64,5,2,2,3,RIGHT,2,3,-0.5,-2.5,0,0,0,0.0484491661567736,0
1788307717.158853,P001,P001_S01,P001_S01_ST1ST_T02_R01,T02,R01,Gridworld_Anytime_Keyboard,0,Study 1,Gridworld,Anytime Feedback,Keyboard,64,6,2,3,2,LEFT,2,2,-1.5,-4.0,0,0,0,0.0484491661567736,0
1788307717.221826,P001,P001_S01,P001_S01_ST1ST_T02_R01,T02,R01,Gridworld_Anytime_Keyboard,0,Study 1,Gridworld,Anytime Feedback,Keyboard,64,7,2,2,1,DOWN,3,2,-50.0,-54.0,1,0,1,0.048424941573695215,0
1788307717.331202,P001,P001_S01,P001_S01_ST1ST_T02_R01,T02,R01,Gridworld_Anytime_Keyboard,0,Study 1,Gridworld,Anytime Feedback,Keyboard,65,1,0,0,3,RIGHT,0,1,-0.5,-0.5,0,0,0,0.048424941573695215,0
1788307717.393968,P001,P001_S01,P001_S01_ST1ST_T02_R01,T02,R01,Gridworld_Anytime_Keyboard,0,Study 1,Gridworld,Anytime Feedback,Keyboard,65,2,0,1,3,RIGHT,0,2,-0.5,-1.0,0,0,0,0.048424941573695215,0
1788307717.455845,P001,P001_S01,P001_S01_ST1ST_T02_R01,T02,R01,Gridworld_Anytime_Keyboard,0,Study 1,Gridworld,Anytime Feedback,Keyboard,65,3,0,2,2,LEFT,0,1,-1.5,-2.5,0,0,0,0.048424941573695215,0
1788307717.517442,P001,P001_S01,P001_S01_ST1ST_T02_R01,T02,R01,Gridworld_Anytime_Keyboard,0,Study 1,Gridworld,Anytime Feedback,Keyboard,65,4,0,1,3,RIGHT,0,2,-0.5,-3.0,0,0,0,0.048424941573695215,0
1788307717.581040,P001,P001_S01,P001_S01_ST1ST_T02_R01,T02,R01,Gridworld_Anytime_Keyboard,0,Study 1,Gridworld,Anytime Feedback,Keyboard,65,5,0,2,3,RIGHT,0,3,-0.5,-3.5,0,0,0,0.048424941573695215,0
1788307717.642853,P001,P001_S01,P001_S01_ST1ST_T02_R01,T02,R01,Gridworld_Anytime_Keyboard,0,Study 1,Gridworld,Anytime Feedback,Keyboard,65,6,0,3,0,UP,-1,3,-50.0,-53.5,1,0,1,0.04840072910290837,0
1788307717.752933,P001,P001_S01,P001_S01_ST1ST_T02_R01,T02,R01,Gridworld_Anytime_Keyboard,0,Study 1,Gridworld,Anytime Feedback,Keyboard,66,1,0,0,1,DOWN,1,0,-0.5,-0.5,0,0,0,0.04840072910290837,0
1788307717.801547,P001,P001_S01,P001_S01_ST1ST_T02_R01,T02,R01,Gridworld_Anytime_Keyboard,0,Study 1,Gridworld,Anytime Feedback,Keyboard,66,2,1,0,1,DOWN,2,0,-0.5,-1.0,0,0,0,0.04840072910290837,0
1788307717.879111,P001,P001_S01,P001_S01_ST1ST_T02_R01,T02,R01,Gridworld_Anytime_Keyboard,0,Study 1,Gridworld,Anytime Feedback,Keyboard,66,3,2,0,3,RIGHT,2,1,-0.5,-1.5,0,0,0,0.04840072910290837,0
1788307717.941751,P001,P001_S01,P001_S01_ST1ST_T02_R01,T02,R01,Gridworld_Anytime_Keyboard,0,Study 1,Gridworld,Anytime Feedback,Keyboard,66,4,2,1,3,RIGHT,2,2,-0.5,-2.0,0,0,0,0.04840072910290837,0
1788307718.004885,P001,P001_S01,P001_S01_ST1ST_T02_R01,T02,R01,Gridworld_Anytime_Keyboard,0,Study 1,Gridworld,Anytime Feedback,Keyboard,66,5,2,2,3,RIGHT,2,3,-0.5,-2.5,0,0,0,0.04840072910290837,0
1788307718.066788,P001,P001_S01,P001_S01_ST1ST_T02_R01,T02,R01,Gridworld_Anytime_Keyboard,0,Study 1,Gridworld,Anytime Feedback,Keyboard,66,6,2,3,1,DOWN,3,3,-0.5,-3.0,0,0,0,0.04840072910290837,0
1788307718.142903,P001,P001_S01,P001_S01_ST1ST_T02_R01,T02,R01,Gridworld_Anytime_Keyboard,0,Study 1,Gridworld,Anytime Feedback,Keyboard,66,7,3,3,3,RIGHT,3,4,-50.0,-53.0,1,0,1,0.04837652873835692,0
1788307718.252422,P001,P001_S01,P001_S01_ST1ST_T02_R01,T02,R01,Gridworld_Anytime_Keyboard,0,Study 1,Gridworld,Anytime Feedback,Keyboard,67,1,0,0,1,DOWN,1,0,-0.5,-0.5,0,0,0,0.04837652873835692,0
1788307718.314780,P001,P001_S01,P001_S01_ST1ST_T02_R01,T02,R01,Gridworld_Anytime_Keyboard,0,Study 1,Gridworld,Anytime Feedback,Keyboard,67,2,1,0,1,DOWN,2,0,-0.5,-1.0,0,0,0,0.04837652873835692,0
1788307718.377275,P001,P001_S01,P001_S01_ST1ST_T02_R01,T02,R01,Gridworld_Anytime_Keyboard,0,Study 1,Gridworld,Anytime Feedback,Keyboard,67,3,2,0,3,RIGHT,2,1,-0.5,-1.5,0,0,0,0.04837652873835692,0
1788307718.439732,P001,P001_S01,P001_S01_ST1ST_T02_R01,T02,R01,Gridworld_Anytime_Keyboard,0,Study 1,Gridworld,Anytime Feedback,Keyboard,67,4,2,1,3,RIGHT,2,2,-0.5,-2.0,0,0,0,0.04837652873835692,0
1788307718.503131,P001,P001_S01,P001_S01_ST1ST_T02_R01,T02,R01,Gridworld_Anytime_Keyboard,0,Study 1,Gridworld,Anytime Feedback,Keyboard,67,5,2,2,3,RIGHT,2,3,-0.5,-2.5,0,0,0,0.04837652873835692,0
1788307718.551396,P001,P001_S01,P001_S01_ST1ST_T02_R01,T02,R01,Gridworld_Anytime_Keyboard,0,Study 1,Gridworld,Anytime Feedback,Keyboard,67,6,2,3,2,LEFT,2,2,-1.5,-4.0,0,0,0,0.04837652873835692,0
1788307718.627703,P001,P001_S01,P001_S01_ST1ST_T02_R01,T02,R01,Gridworld_Anytime_Keyboard,0,Study 1,Gridworld,Anytime Feedback,Keyboard,67,7,2,2,2,LEFT,2,1,-1.5,-5.5,0,0,0,0.04837652873835692,0
1788307718.689905,P001,P001_S01,P001_S01_ST1ST_T02_R01,T02,R01,Gridworld_Anytime_Keyboard,0,Study 1,Gridworld,Anytime Feedback,Keyboard,67,8,2,1,3,RIGHT,2,2,-0.5,-6.0,0,0,0,0.04837652873835692,0
1788307718.753061,P001,P001_S01,P001_S01_ST1ST_T02_R01,T02,R01,Gridworld_Anytime_Keyboard,0,Study 1,Gridworld,Anytime Feedback,Keyboard,67,9,2,2,3,RIGHT,2,3,-0.5,-6.5,0,0,0,0.04837652873835692,1
1788307718.815423,P001,P001_S01,P001_S01_ST1ST_T02_R01,T02,R01,Gridworld_Anytime_Keyboard,0,Study 1,Gridworld,Anytime Feedback,Keyboard,67,10,2,3,1,DOWN,3,3,-0.5,-7.0,0,0,0,0.04837652873835692,0
1788307718.863530,P001,P001_S01,P001_S01_ST1ST_T02_R01,T02,R01,Gridworld_Anytime_Keyboard,0,Study 1,Gridworld,Anytime Feedback,Keyboard,67,11,3,3,0,UP,2,3,-1.5,-8.5,0,0,0,0.04837652873835692,0
1788307718.937983,P001,P001_S01,P001_S01_ST1ST_T02_R01,T02,R01,Gridworld_Anytime_Keyboard,0,Study 1,Gridworld,Anytime Feedback,Keyboard,67,12,2,3,2,LEFT,2,2,-1.5,-10.0,0,0,0,0.04837652873835692,0
1788307719.000793,P001,P001_S01,P001_S01_ST1ST_T02_R01,T02,R01,Gridworld_Anytime_Keyboard,0,Study 1,Gridworld,Anytime Feedback,Keyboard,67,13,2,2,0,UP,1,2,-50.0,-60.0,1,0,1,0.048352340473987745,0
1788307719.108752,P001,P001_S01,P001_S01_ST1ST_T02_R01,T02,R01,Gridworld_Anytime_Keyboard,0,Study 1,Gridworld,Anytime Feedback,Keyboard,68,1,0,0,1,DOWN,1,0,-0.5,-0.5,0,0,0,0.048352340473987745,0
1788307719.170798,P001,P001_S01,P001_S01_ST1ST_T02_R01,T02,R01,Gridworld_Anytime_Keyboard,0,Study 1,Gridworld,Anytime Feedback,Keyboard,68,2,1,0,1,DOWN,2,0,-0.5,-1.0,0,0,0,0.048352340473987745,0
1788307719.233899,P001,P001_S01,P001_S01_ST1ST_T02_R01,T02,R01,Gridworld_Anytime_Keyboard,0,Study 1,Gridworld,Anytime Feedback,Keyboard,68,3,2,0,3,RIGHT,2,1,-0.5,-1.5,0,0,0,0.048352340473987745,0
1788307719.296783,P001,P001_S01,P001_S01_ST1ST_T02_R01,T02,R01,Gridworld_Anytime_Keyboard,0,Study 1,Gridworld,Anytime Feedback,Keyboard,68,4,2,1,3,RIGHT,2,2,-0.5,-2.0,0,0,0,0.048352340473987745,0
1788307719.358800,P001,P001_S01,P001_S01_ST1ST_T02_R01,T02,R01,Gridworld_Anytime_Keyboard,0,Study 1,Gridworld,Anytime Feedback,Keyboard,68,5,2,2,3,RIGHT,2,3,-0.5,-2.5,0,0,0,0.048352340473987745,0
1788307719.421396,P001,P001_S01,P001_S01_ST1ST_T02_R01,T02,R01,Gridworld_Anytime_Keyboard,0,Study 1,Gridworld,Anytime Feedback,Keyboard,68,6,2,3,1,DOWN,3,3,-0.5,-3.0,0,0,0,0.048352340473987745,0
1788307719.483836,P001,P001_S01,P001_S01_ST1ST_T02_R01,T02,R01,Gridworld_Anytime_Keyboard,0,Study 1,Gridworld,Anytime Feedback,Keyboard,68,7,3,3,0,UP,2,3,-1.5,-4.5,0,0,0,0.048352340473987745,0
1788307719.546104,P001,P001_S01,P001_S01_ST1ST_T02_R01,T02,R01,Gridworld_Anytime_Keyboard,0,Study 1,Gridworld,Anytime Feedback,Keyboard,68,8,2,3,0,UP,1,3,-50.0,-54.5,1,0,1,0.048328164303750754,0
1788307719.654665,P001,P001_S01,P001_S01_ST1ST_T02_R01,T02,R01,Gridworld_Anytime_Keyboard,0,Study 1,Gridworld,Anytime Feedback,Keyboard,69,1,0,0,1,DOWN,1,0,-0.5,-0.5,0,0,0,0.048328164303750754,0
1788307719.717125,P001,P001_S01,P001_S01_ST1ST_T02_R01,T02,R01,Gridworld_Anytime_Keyboard,0,Study 1,Gridworld,Anytime Feedback,Keyboard,69,2,1,0,1,DOWN,2,0,-0.5,-1.0,0,0,0,0.048328164303750754,0
1788307719.779323,P001,P001_S01,P001_S01_ST1ST_T02_R01,T02,R01,Gridworld_Anytime_Keyboard,0,Study 1,Gridworld,Anytime Feedback,Keyboard,69,3,2,0,3,RIGHT,2,1,-0.5,-1.5,0,0,0,0.048328164303750754,0
1788307719.841797,P001,P001_S01,P001_S01_ST1ST_T02_R01,T02,R01,Gridworld_Anytime_Keyboard,0,Study 1,Gridworld,Anytime Feedback,Keyboard,69,4,2,1,3,RIGHT,2,2,-0.5,-2.0,0,0,0,0.048328164303750754,0
1788307719.904278,P001,P001_S01,P001_S01_ST1ST_T02_R01,T02,R01,Gridworld_Anytime_Keyboard,0,Study 1,Gridworld,Anytime Feedback,Keyboard,69,5,2,2,3,RIGHT,2,3,-0.5,-2.5,0,0,0,0.048328164303750754,0
1788307719.966698,P001,P001_S01,P001_S01_ST1ST_T02_R01,T02,R01,Gridworld_Anytime_Keyboard,0,Study 1,Gridworld,Anytime Feedback,Keyboard,69,6,2,3,1,DOWN,3,3,-0.5,-3.0,0,0,0,0.048328164303750754,0
1788307720.028193,P001,P001_S01,P001_S01_ST1ST_T02_R01,T02,R01,Gridworld_Anytime_Keyboard,0,Study 1,Gridworld,Anytime Feedback,Keyboard,69,7,3,3,2,LEFT,3,2,-50.0,-53.0,1,0,1,0.04830400022159888,0
1788307720.122165,P001,P001_S01,P001_S01_ST1ST_T02_R01,T02,R01,Gridworld_Anytime_Keyboard,0,Study 1,Gridworld,Anytime Feedback,Keyboard,70,1,0,0,3,RIGHT,0,1,-0.5,-0.5,0,0,0,0.04830400022159888,0
1788307720.184207,P001,P001_S01,P001_S01_ST1ST_T02_R01,T02,R01,Gridworld_Anytime_Keyboard,0,Study 1,Gridworld,Anytime Feedback,Keyboard,70,2,0,1,3,RIGHT,0,2,-0.5,-1.0,0,0,0,0.04830400022159888,0
1788307720.248217,P001,P001_S01,P001_S01_ST1ST_T02_R01,T02,R01,Gridworld_Anytime_Keyboard,0,Study 1,Gridworld,Anytime Feedback,Keyboard,70,3,0,2,3,RIGHT,0,3,-0.5,-1.5,0,0,0,0.04830400022159888,0
1788307720.311062,P001,P001_S01,P001_S01_ST1ST_T02_R01,T02,R01,Gridworld_Anytime_Keyboard,0,Study 1,Gridworld,Anytime Feedback,Keyboard,70,4,0,3,3,RIGHT,0,4,-0.5,-2.0,0,0,0,0.04830400022159888,0
1788307720.372868,P001,P001_S01,P001_S01_ST1ST_T02_R01,T02,R01,Gridworld_Anytime_Keyboard,0,Study 1,Gridworld,Anytime Feedback,Keyboard,70,5,0,4,0,UP,-1,4,-50.0,-52.0,1,0,1,0.04827984822148808,0
1788307720.482840,P001,P001_S01,P001_S01_ST1ST_T02_R01,T02,R01,Gridworld_Anytime_Keyboard,0,Study 1,Gridworld,Anytime Feedback,Keyboard,71,1,0,0,1,DOWN,1,0,-0.5,-0.5,0,0,0,0.04827984822148808,0
1788307720.544851,P001,P001_S01,P001_S01_ST1ST_T02_R01,T02,R01,Gridworld_Anytime_Keyboard,0,Study 1,Gridworld,Anytime Feedback,Keyboard,71,2,1,0,1,DOWN,2,0,-0.5,-1.0,0,0,0,0.04827984822148808,0
1788307720.606667,P001,P001_S01,P001_S01_ST1ST_T02_R01,T02,R01,Gridworld_Anytime_Keyboard,0,Study 1,Gridworld,Anytime Feedback,Keyboard,71,3,2,0,3,RIGHT,2,1,-0.5,-1.5,0,0,0,0.04827984822148808,0
1788307720.668452,P001,P001_S01,P001_S01_ST1ST_T02_R01,T02,R01,Gridworld_Anytime_Keyboard,0,Study 1,Gridworld,Anytime Feedback,Keyboard,71,4,2,1,3,RIGHT,2,2,-0.5,-2.0,0,0,0,0.04827984822148808,0
1788307720.731004,P001,P001_S01,P001_S01_ST1ST_T02_R01,T02,R01,Gridworld_Anytime_Keyboard,0,Study 1,Gridworld,Anytime Feedback,Keyboard,71,5,2,2,3,RIGHT,2,3,-0.5,-2.5,0,0,0,0.04827984822148808,0
1788307720.793569,P001,P001_S01,P001_S01_ST1ST_T02_R01,T02,R01,Gridworld_Anytime_Keyboard,0,Study 1,Gridworld,Anytime Feedback,Keyboard,71,6,2,3,2,LEFT,2,2,-1.5,-4.0,0,0,0,0.04827984822148808,0
1788307720.854635,P001,P001_S01,P001_S01_ST1ST_T02_R01,T02,R01,Gridworld_Anytime_Keyboard,0,Study 1,Gridworld,Anytime Feedback,Keyboard,71,7,2,2,3,RIGHT,2,3,-0.5,-4.5,0,0,0,0.04827984822148808,0
1788307720.915960,P001,P001_S01,P001_S01_ST1ST_T02_R01,T02,R01,Gridworld_Anytime_Keyboard,0,Study 1,Gridworld,Anytime Feedback,Keyboard,71,8,2,3,1,DOWN,3,3,-0.5,-5.0,0,0,0,0.04827984822148808,0
1788307720.978703,P001,P001_S01,P001_S01_ST1ST_T02_R01,T02,R01,Gridworld_Anytime_Keyboard,0,Study 1,Gridworld,Anytime Feedback,Keyboard,71,9,3,3,0,UP,2,3,-1.5,-6.5,0,0,0,0.04827984822148808,0
1788307721.040946,P001,P001_S01,P001_S01_ST1ST_T02_R01,T02,R01,Gridworld_Anytime_Keyboard,0,Study 1,Gridworld,Anytime Feedback,Keyboard,71,10,2,3,1,DOWN,3,3,-0.5,-7.0,0,0,0,0.04827984822148808,0
1788307721.103798,P001,P001_S01,P001_S01_ST1ST_T02_R01,T02,R01,Gridworld_Anytime_Keyboard,0,Study 1,Gridworld,Anytime Feedback,Keyboard,71,11,3,3,1,DOWN,4,3,-0.5,-7.5,0,0,0,0.04827984822148808,0
1788307721.166043,P001,P001_S01,P001_S01_ST1ST_T02_R01,T02,R01,Gridworld_Anytime_Keyboard,0,Study 1,Gridworld,Anytime Feedback,Keyboard,71,12,4,3,3,RIGHT,4,4,-0.5,-8.0,0,0,0,0.04827984822148808,0
1788307721.228869,P001,P001_S01,P001_S01_ST1ST_T02_R01,T02,R01,Gridworld_Anytime_Keyboard,0,Study 1,Gridworld,Anytime Feedback,Keyboard,71,13,4,4,2,LEFT,4,3,-1.5,-9.5,0,0,0,0.04827984822148808,0
1788307721.291337,P001,P001_S01,P001_S01_ST1ST_T02_R01,T02,R01,Gridworld_Anytime_Keyboard,0,Study 1,Gridworld,Anytime Feedback,Keyboard,71,14,4,3,0,UP,3,3,-1.5,-11.0,0,0,0,0.04827984822148808,0
1788307721.352813,P001,P001_S01,P001_S01_ST1ST_T02_R01,T02,R01,Gridworld_Anytime_Keyboard,0,Study 1,Gridworld,Anytime Feedback,Keyboard,71,15,3,3,1,DOWN,4,3,-0.5,-11.5,0,0,0,0.04827984822148808,0
1788307721.416247,P001,P001_S01,P001_S01_ST1ST_T02_R01,T02,R01,Gridworld_Anytime_Keyboard,0,Study 1,Gridworld,Anytime Feedback,Keyboard,71,16,4,3,0,UP,3,3,-1.5,-13.0,0,0,0,0.04827984822148808,0
1788307721.477872,P001,P001_S01,P001_S01_ST1ST_T02_R01,T02,R01,Gridworld_Anytime_Keyboard,0,Study 1,Gridworld,Anytime Feedback,Keyboard,71,17,3,3,2,LEFT,3,2,-50.0,-63.0,1,0,1,0.04825570829737734,0
1788307721.588051,P001,P001_S01,P001_S01_ST1ST_T02_R01,T02,R01,Gridworld_Anytime_Keyboard,0,Study 1,Gridworld,Anytime Feedback,Keyboard,72,1,0,0,1,DOWN,1,0,-0.5,-0.5,0,0,0,0.04825570829737734,0
1788307721.651441,P001,P001_S01,P001_S01_ST1ST_T02_R01,T02,R01,Gridworld_Anytime_Keyboard,0,Study 1,Gridworld,Anytime Feedback,Keyboard,72,2,1,0,1,DOWN,2,0,-0.5,-1.0,0,0,0,0.04825570829737734,0
1788307721.712979,P001,P001_S01,P001_S01_ST1ST_T02_R01,T02,R01,Gridworld_Anytime_Keyboard,0,Study 1,Gridworld,Anytime Feedback,Keyboard,72,3,2,0,1,DOWN,3,0,-0.5,-1.5,0,0,0,0.04825570829737734,0
1788307721.775460,P001,P001_S01,P001_S01_ST1ST_T02_R01,T02,R01,Gridworld_Anytime_Keyboard,0,Study 1,Gridworld,Anytime Feedback,Keyboard,72,4,3,0,1,DOWN,4,0,-0.5,-2.0,0,0,0,0.04825570829737734,0
1788307721.836379,P001,P001_S01,P001_S01_ST1ST_T02_R01,T02,R01,Gridworld_Anytime_Keyboard,0,Study 1,Gridworld,Anytime Feedback,Keyboard,72,5,4,0,3,RIGHT,4,1,-0.5,-2.5,0,0,0,0.04825570829737734,0
1788307721.898873,P001,P001_S01,P001_S01_ST1ST_T02_R01,T02,R01,Gridworld_Anytime_Keyboard,0,Study 1,Gridworld,Anytime Feedback,Keyboard,72,6,4,1,1,DOWN,5,1,-0.5,-3.0,0,0,0,0.04825570829737734,0
1788307721.961729,P001,P001_S01,P001_S01_ST1ST_T02_R01,T02,R01,Gridworld_Anytime_Keyboard,0,Study 1,Gridworld,Anytime Feedback,Keyboard,72,7,5,1,2,LEFT,5,0,-50.0,-53.0,1,0,1,0.04823158044322865,0
1788307722.054549,P001,P001_S01,P001_S01_ST1ST_T02_R01,T02,R01,Gridworld_Anytime_Keyboard,0,Study 1,Gridworld,Anytime Feedback,Keyboard,73,1,0,0,1,DOWN,1,0,-0.5,-0.5,0,0,0,0.04823158044322865,0
1788307722.116897,P001,P001_S01,P001_S01_ST1ST_T02_R01,T02,R01,Gridworld_Anytime_Keyboard,0,Study 1,Gridworld,Anytime Feedback,Keyboard,73,2,1,0,1,DOWN,2,0,-0.5,-1.0,0,0,0,0.04823158044322865,0
1788307722.179422,P001,P001_S01,P001_S01_ST1ST_T02_R01,T02,R01,Gridworld_Anytime_Keyboard,0,Study 1,Gridworld,Anytime Feedback,Keyboard,73,3,2,0,1,DOWN,3,0,-0.5,-1.5,0,0,0,0.04823158044322865,0
1788307722.242024,P001,P001_S01,P001_S01_ST1ST_T02_R01,T02,R01,Gridworld_Anytime_Keyboard,0,Study 1,Gridworld,Anytime Feedback,Keyboard,73,4,3,0,1,DOWN,4,0,-0.5,-2.0,0,0,0,0.04823158044322865,0
1788307722.304176,P001,P001_S01,P001_S01_ST1ST_T02_R01,T02,R01,Gridworld_Anytime_Keyboard,0,Study 1,Gridworld,Anytime Feedback,Keyboard,73,5,4,0,3,RIGHT,4,1,-0.5,-2.5,0,0,0,0.04823158044322865,0
1788307722.367003,P001,P001_S01,P001_S01_ST1ST_T02_R01,T02,R01,Gridworld_Anytime_Keyboard,0,Study 1,Gridworld,Anytime Feedback,Keyboard,73,6,4,1,1,DOWN,5,1,-0.5,-3.0,0,0,0,0.04823158044322865,0
1788307722.429589,P001,P001_S01,P001_S01_ST1ST_T02_R01,T02,R01,Gridworld_Anytime_Keyboard,0,Study 1,Gridworld,Anytime Feedback,Keyboard,73,7,5,1,1,DOWN,6,1,-0.5,-3.5,0,0,0,0.04823158044322865,0
1788307722.492646,P001,P001_S01,P001_S01_ST1ST_T02_R01,T02,R01,Gridworld_Anytime_Keyboard,0,Study 1,Gridworld,Anytime Feedback,Keyboard,73,8,6,1,2,LEFT,6,0,-1.5,-5.0,0,0,0,0.04823158044322865,0
1788307722.555632,P001,P001_S01,P001_S01_ST1ST_T02_R01,T02,R01,Gridworld_Anytime_Keyboard,0,Study 1,Gridworld,Anytime Feedback,Keyboard,73,9,6,0,3,RIGHT,6,1,-0.5,-5.5,0,0,0,0.04823158044322865,0
1788307722.619139,P001,P001_S01,P001_S01_ST1ST_T02_R01,T02,R01,Gridworld_Anytime_Keyboard,0,Study 1,Gridworld,Anytime Feedback,Keyboard,73,10,6,1,0,UP,5,1,-1.5,-7.0,0,0,0,0.04823158044322865,0
1788307722.683139,P001,P001_S01,P001_S01_ST1ST_T02_R01,T02,R01,Gridworld_Anytime_Keyboard,0,Study 1,Gridworld,Anytime Feedback,Keyboard,73,11,5,1,1,DOWN,6,1,-0.5,-7.5,0,0,0,0.04823158044322865,0
1788307722.745657,P001,P001_S01,P001_S01_ST1ST_T02_R01,T02,R01,Gridworld_Anytime_Keyboard,0,Study 1,Gridworld,Anytime Feedback,Keyboard,73,12,6,1,2,LEFT,6,0,-1.5,-9.0,0,0,0,0.04823158044322865,1
1788307722.807660,P001,P001_S01,P001_S01_ST1ST_T02_R01,T02,R01,Gridworld_Anytime_Keyboard,0,Study 1,Gridworld,Anytime Feedback,Keyboard,73,13,6,0,1,DOWN,7,0,-0.5,-9.5,0,0,0,0.04823158044322865,0
1788307722.871169,P001,P001_S01,P001_S01_ST1ST_T02_R01,T02,R01,Gridworld_Anytime_Keyboard,0,Study 1,Gridworld,Anytime Feedback,Keyboard,73,14,7,0,0,UP,6,0,-1.5,-11.0,0,0,0,0.04823158044322865,0
1788307722.933968,P001,P001_S01,P001_S01_ST1ST_T02_R01,T02,R01,Gridworld_Anytime_Keyboard,0,Study 1,Gridworld,Anytime Feedback,Keyboard,73,15,6,0,0,UP,5,0,-50.0,-61.0,1,0,1,0.04820746465300704,0
1788307723.041687,P001,P001_S01,P001_S01_ST1ST_T02_R01,T02,R01,Gridworld_Anytime_Keyboard,0,Study 1,Gridworld,Anytime Feedback,Keyboard,74,1,0,0,1,DOWN,1,0,-0.5,-0.5,0,0,0,0.04820746465300704,0
1788307723.104096,P001,P001_S01,P001_S01_ST1ST_T02_R01,T02,R01,Gridworld_Anytime_Keyboard,0,Study 1,Gridworld,Anytime Feedback,Keyboard,74,2,1,0,1,DOWN,2,0,-0.5,-1.0,0,0,0,0.04820746465300704,0
1788307723.166727,P001,P001_S01,P001_S01_ST1ST_T02_R01,T02,R01,Gridworld_Anytime_Keyboard,0,Study 1,Gridworld,Anytime Feedback,Keyboard,74,3,2,0,3,RIGHT,2,1,-0.5,-1.5,0,0,0,0.04820746465300704,0
1788307723.229499,P001,P001_S01,P001_S01_ST1ST_T02_R01,T02,R01,Gridworld_Anytime_Keyboard,0,Study 1,Gridworld,Anytime Feedback,Keyboard,74,4,2,1,3,RIGHT,2,2,-0.5,-2.0,0,0,0,0.04820746465300704,0
1788307723.293058,P001,P001_S01,P001_S01_ST1ST_T02_R01,T02,R01,Gridworld_Anytime_Keyboard,0,Study 1,Gridworld,Anytime Feedback,Keyboard,74,5,2,2,3,RIGHT,2,3,-0.5,-2.5,0,0,0,0.04820746465300704,0
1788307723.356009,P001,P001_S01,P001_S01_ST1ST_T02_R01,T02,R01,Gridworld_Anytime_Keyboard,0,Study 1,Gridworld,Anytime Feedback,Keyboard,74,6,2,3,1,DOWN,3,3,-0.5,-3.0,0,0,0,0.04820746465300704,0
1788307723.418297,P001,P001_S01,P001_S01_ST1ST_T02_R01,T02,R01,Gridworld_Anytime_Keyboard,0,Study 1,Gridworld,Anytime Feedback,Keyboard,74,7,3,3,1,DOWN,4,3,-0.5,-3.5,0,0,0,0.04820746465300704,0
1788307723.481204,P001,P001_S01,P001_S01_ST1ST_T02_R01,T02,R01,Gridworld_Anytime_Keyboard,0,Study 1,Gridworld,Anytime Feedback,Keyboard,74,8,4,3,1,DOWN,5,3,-50.0,-53.5,1,0,1,0.04818336092068054,0
1788307723.590447,P001,P001_S01,P001_S01_ST1ST_T02_R01,T02,R01,Gridworld_Anytime_Keyboard,0,Study 1,Gridworld,Anytime Feedback,Keyboard,75,1,0,0,1,DOWN,1,0,-0.5,-0.5,0,0,0,0.04818336092068054,0
1788307723.653116,P001,P001_S01,P001_S01_ST1ST_T02_R01,T02,R01,Gridworld_Anytime_Keyboard,0,Study 1,Gridworld,Anytime Feedback,Keyboard,75,2,1,0,1,DOWN,2,0,-0.5,-1.0,0,0,0,0.04818336092068054,0
1788307723.715096,P001,P001_S01,P001_S01_ST1ST_T02_R01,T02,R01,Gridworld_Anytime_Keyboard,0,Study 1,Gridworld,Anytime Feedback,Keyboard,75,3,2,0,0,UP,1,0,-1.5,-2.5,0,0,0,0.04818336092068054,0
1788307723.777606,P001,P001_S01,P001_S01_ST1ST_T02_R01,T02,R01,Gridworld_Anytime_Keyboard,0,Study 1,Gridworld,Anytime Feedback,Keyboard,75,4,1,0,1,DOWN,2,0,-0.5,-3.0,0,0,0,0.04818336092068054,0
1788307723.840760,P001,P001_S01,P001_S01_ST1ST_T02_R01,T02,R01,Gridworld_Anytime_Keyboard,0,Study 1,Gridworld,Anytime Feedback,Keyboard,75,5,2,0,3,RIGHT,2,1,-0.5,-3.5,0,0,0,0.04818336092068054,0
1788307723.901836,P001,P001_S01,P001_S01_ST1ST_T02_R01,T02,R01,Gridworld_Anytime_Keyboard,0,Study 1,Gridworld,Anytime Feedback,Keyboard,75,6,2,1,3,RIGHT,2,2,-0.5,-4.0,0,0,0,0.04818336092068054,0
1788307723.962528,P001,P001_S01,P001_S01_ST1ST_T02_R01,T02,R01,Gridworld_Anytime_Keyboard,0,Study 1,Gridworld,Anytime Feedback,Keyboard,75,7,2,2,3,RIGHT,2,3,-0.5,-4.5,0,0,0,0.04818336092068054,0
1788307724.025390,P001,P001_S01,P001_S01_ST1ST_T02_R01,T02,R01,Gridworld_Anytime_Keyboard,0,Study 1,Gridworld,Anytime Feedback,Keyboard,75,8,2,3,1,DOWN,3,3,-0.5,-5.0,0,0,0,0.04818336092068054,0
1788307724.086893,P001,P001_S01,P001_S01_ST1ST_T02_R01,T02,R01,Gridworld_Anytime_Keyboard,0,Study 1,Gridworld,Anytime Feedback,Keyboard,75,9,3,3,1,DOWN,4,3,-0.5,-5.5,0,0,0,0.04818336092068054,0
1788307724.149737,P001,P001_S01,P001_S01_ST1ST_T02_R01,T02,R01,Gridworld_Anytime_Keyboard,0,Study 1,Gridworld,Anytime Feedback,Keyboard,75,10,4,3,3,RIGHT,4,4,-0.5,-6.0,0,0,0,0.04818336092068054,0
1788307724.212208,P001,P001_S01,P001_S01_ST1ST_T02_R01,T02,R01,Gridworld_Anytime_Keyboard,0,Study 1,Gridworld,Anytime Feedback,Keyboard,75,11,4,4,2,LEFT,4,3,-1.5,-7.5,0,0,0,0.04818336092068054,0
1788307724.273841,P001,P001_S01,P001_S01_ST1ST_T02_R01,T02,R01,Gridworld_Anytime_Keyboard,0,Study 1,Gridworld,Anytime Feedback,Keyboard,75,12,4,3,2,LEFT,4,2,-50.0,-57.5,1,0,1,0.0481592692402202,0
1788307724.368800,P001,P001_S01,P001_S01_ST1ST_T02_R01,T02,R01,Gridworld_Anytime_Keyboard,0,Study 1,Gridworld,Anytime Feedback,Keyboard,76,1,0,0,1,DOWN,1,0,-0.5,-0.5,0,0,0,0.0481592692402202,0
1788307724.431794,P001,P001_S01,P001_S01_ST1ST_T02_R01,T02,R01,Gridworld_Anytime_Keyboard,0,Study 1,Gridworld,Anytime Feedback,Keyboard,76,2,1,0,1,DOWN,2,0,-0.5,-1.0,0,0,0,0.0481592692402202,0
1788307724.494295,P001,P001_S01,P001_S01_ST1ST_T02_R01,T02,R01,Gridworld_Anytime_Keyboard,0,Study 1,Gridworld,Anytime Feedback,Keyboard,76,3,2,0,3,RIGHT,2,1,-0.5,-1.5,0,0,0,0.0481592692402202,0
1788307724.557020,P001,P001_S01,P001_S01_ST1ST_T02_R01,T02,R01,Gridworld_Anytime_Keyboard,0,Study 1,Gridworld,Anytime Feedback,Keyboard,76,4,2,1,3,RIGHT,2,2,-0.5,-2.0,0,0,0,0.0481592692402202,0
1788307724.618966,P001,P001_S01,P001_S01_ST1ST_T02_R01,T02,R01,Gridworld_Anytime_Keyboard,0,Study 1,Gridworld,Anytime Feedback,Keyboard,76,5,2,2,3,RIGHT,2,3,-0.5,-2.5,0,0,0,0.0481592692402202,0
1788307724.681711,P001,P001_S01,P001_S01_ST1ST_T02_R01,T02,R01,Gridworld_Anytime_Keyboard,0,Study 1,Gridworld,Anytime Feedback,Keyboard,76,6,2,3,1,DOWN,3,3,-0.5,-3.0,0,0,0,0.0481592692402202,0
1788307724.744809,P001,P001_S01,P001_S01_ST1ST_T02_R01,T02,R01,Gridworld_Anytime_Keyboard,0,Study 1,Gridworld,Anytime Feedback,Keyboard,76,7,3,3,1,DOWN,4,3,-0.5,-3.5,0,0,0,0.0481592692402202,0
1788307724.807803,P001,P001_S01,P001_S01_ST1ST_T02_R01,T02,R01,Gridworld_Anytime_Keyboard,0,Study 1,Gridworld,Anytime Feedback,Keyboard,76,8,4,3,3,RIGHT,4,4,-0.5,-4.0,0,0,0,0.0481592692402202,0
1788307724.869143,P001,P001_S01,P001_S01_ST1ST_T02_R01,T02,R01,Gridworld_Anytime_Keyboard,0,Study 1,Gridworld,Anytime Feedback,Keyboard,76,9,4,4,3,RIGHT,4,5,-0.5,-4.5,0,0,0,0.0481592692402202,0
1788307724.932095,P001,P001_S01,P001_S01_ST1ST_T02_R01,T02,R01,Gridworld_Anytime_Keyboard,0,Study 1,Gridworld,Anytime Feedback,Keyboard,76,10,4,5,2,LEFT,4,4,-1.5,-6.0,0,0,0,0.0481592692402202,0
1788307724.993029,P001,P001_S01,P001_S01_ST1ST_T02_R01,T02,R01,Gridworld_Anytime_Keyboard,0,Study 1,Gridworld,Anytime Feedback,Keyboard,76,11,4,4,1,DOWN,5,4,-50.0,-56.0,1,0,1,0.04813518960560009,0
1788307725.086824,P001,P001_S01,P001_S01_ST1ST_T02_R01,T02,R01,Gridworld_Anytime_Keyboard,0,Study 1,Gridworld,Anytime Feedback,Keyboard,77,1,0,0,1,DOWN,1,0,-0.5,-0.5,0,0,0,0.04813518960560009,0
1788307725.149587,P001,P001_S01,P001_S01_ST1ST_T02_R01,T02,R01,Gridworld_Anytime_Keyboard,0,Study 1,Gridworld,Anytime Feedback,Keyboard,77,2,1,0,1,DOWN,2,0,-0.5,-1.0,0,0,0,0.04813518960560009,0
1788307725.211512,P001,P001_S01,P001_S01_ST1ST_T02_R01,T02,R01,Gridworld_Anytime_Keyboard,0,Study 1,Gridworld,Anytime Feedback,Keyboard,77,3,2,0,3,RIGHT,2,1,-0.5,-1.5,0,0,0,0.04813518960560009,0
1788307725.274235,P001,P001_S01,P001_S01_ST1ST_T02_R01,T02,R01,Gridworld_Anytime_Keyboard,0,Study 1,Gridworld,Anytime Feedback,Keyboard,77,4,2,1,3,RIGHT,2,2,-0.5,-2.0,0,0,0,0.04813518960560009,0
1788307725.336268,P001,P001_S01,P001_S01_ST1ST_T02_R01,T02,R01,Gridworld_Anytime_Keyboard,0,Study 1,Gridworld,Anytime Feedback,Keyboard,77,5,2,2,2,LEFT,2,1,-1.5,-3.5,0,0,0,0.04813518960560009,0
1788307725.399124,P001,P001_S01,P001_S01_ST1ST_T02_R01,T02,R01,Gridworld_Anytime_Keyboard,0,Study 1,Gridworld,Anytime Feedback,Keyboard,77,6,2,1,2,LEFT,2,0,-1.5,-5.0,0,0,0,0.04813518960560009,0
1788307725.461880,P001,P001_S01,P001_S01_ST1ST_T02_R01,T02,R01,Gridworld_Anytime_Keyboard,0,Study 1,Gridworld,Anytime Feedback,Keyboard,77,7,2,0,3,RIGHT,2,1,-0.5,-5.5,0,0,0,0.04813518960560009,0
1788307725.523906,P001,P001_S01,P001_S01_ST1ST_T02_R01,T02,R01,Gridworld_Anytime_Keyboard,0,Study 1,Gridworld,Anytime Feedback,Keyboard,77,8,2,1,2,LEFT,2,0,-1.5,-7.0,0,0,0,0.04813518960560009,0
1788307725.586516,P001,P001_S01,P001_S01_ST1ST_T02_R01,T02,R01,Gridworld_Anytime_Keyboard,0,Study 1,Gridworld,Anytime Feedback,Keyboard,77,9,2,0,3,RIGHT,2,1,-0.5,-7.5,0,0,0,0.04813518960560009,0
1788307725.649051,P001,P001_S01,P001_S01_ST1ST_T02_R01,T02,R01,Gridworld_Anytime_Keyboard,0,Study 1,Gridworld,Anytime Feedback,Keyboard,77,10,2,1,3,RIGHT,2,2,-0.5,-8.0,0,0,0,0.04813518960560009,0
1788307725.711515,P001,P001_S01,P001_S01_ST1ST_T02_R01,T02,R01,Gridworld_Anytime_Keyboard,0,Study 1,Gridworld,Anytime Feedback,Keyboard,77,11,2,2,3,RIGHT,2,3,-0.5,-8.5,0,0,0,0.04813518960560009,0
1788307725.775157,P001,P001_S01,P001_S01_ST1ST_T02_R01,T02,R01,Gridworld_Anytime_Keyboard,0,Study 1,Gridworld,Anytime Feedback,Keyboard,77,12,2,3,1,DOWN,3,3,-0.5,-9.0,0,0,0,0.04813518960560009,0
1788307725.837237,P001,P001_S01,P001_S01_ST1ST_T02_R01,T02,R01,Gridworld_Anytime_Keyboard,0,Study 1,Gridworld,Anytime Feedback,Keyboard,77,13,3,3,1,DOWN,4,3,-0.5,-9.5,0,0,0,0.04813518960560009,0
1788307725.899287,P001,P001_S01,P001_S01_ST1ST_T02_R01,T02,R01,Gridworld_Anytime_Keyboard,0,Study 1,Gridworld,Anytime Feedback,Keyboard,77,14,4,3,0,UP,3,3,-1.5,-11.0,0,0,0,0.04813518960560009,0
1788307725.962377,P001,P001_S01,P001_S01_ST1ST_T02_R01,T02,R01,Gridworld_Anytime_Keyboard,0,Study 1,Gridworld,Anytime Feedback,Keyboard,77,15,3,3,1,DOWN,4,3,-0.5,-11.5,0,0,0,0.04813518960560009,0
1788307726.024834,P001,P001_S01,P001_S01_ST1ST_T02_R01,T02,R01,Gridworld_Anytime_Keyboard,0,Study 1,Gridworld,Anytime Feedback,Keyboard,77,16,4,3,3,RIGHT,4,4,-0.5,-12.0,0,0,0,0.04813518960560009,0
1788307726.086712,P001,P001_S01,P001_S01_ST1ST_T02_R01,T02,R01,Gridworld_Anytime_Keyboard,0,Study 1,Gridworld,Anytime Feedback,Keyboard,77,17,4,4,1,DOWN,5,4,-50.0,-62.0,1,0,1,0.04811112201079729,0
1788307726.180274,P001,P001_S01,P001_S01_ST1ST_T02_R01,T02,R01,Gridworld_Anytime_Keyboard,0,Study 1,Gridworld,Anytime Feedback,Keyboard,78,1,0,0,1,DOWN,1,0,-0.5,-0.5,0,0,0,0.04811112201079729,0
1788307726.241518,P001,P001_S01,P001_S01_ST1ST_T02_R01,T02,R01,Gridworld_Anytime_Keyboard,0,Study 1,Gridworld,Anytime Feedback,Keyboard,78,2,1,0,1,DOWN,2,0,-0.5,-1.0,0,0,0,0.04811112201079729,0
1788307726.304003,P001,P001_S01,P001_S01_ST1ST_T02_R01,T02,R01,Gridworld_Anytime_Keyboard,0,Study 1,Gridworld,Anytime Feedback,Keyboard,78,3,2,0,1,DOWN,3,0,-0.5,-1.5,0,0,0,0.04811112201079729,0
1788307726.365994,P001,P001_S01,P001_S01_ST1ST_T02_R01,T02,R01,Gridworld_Anytime_Keyboard,0,Study 1,Gridworld,Anytime Feedback,Keyboard,78,4,3,0,1,DOWN,4,0,-0.5,-2.0,0,0,0,0.04811112201079729,0
1788307726.428035,P001,P001_S01,P001_S01_ST1ST_T02_R01,T02,R01,Gridworld_Anytime_Keyboard,0,Study 1,Gridworld,Anytime Feedback,Keyboard,78,5,4,0,3,RIGHT,4,1,-0.5,-2.5,0,0,0,0.04811112201079729,0
1788307726.490723,P001,P001_S01,P001_S01_ST1ST_T02_R01,T02,R01,Gridworld_Anytime_Keyboard,0,Study 1,Gridworld,Anytime Feedback,Keyboard,78,6,4,1,3,RIGHT,4,2,-50.0,-52.5,1,0,1,0.048087066449791896,0
1788307726.584470,P001,P001_S01,P001_S01_ST1ST_T02_R01,T02,R01,Gridworld_Anytime_Keyboard,0,Study 1,Gridworld,Anytime Feedback,Keyboard,79,1,0,0,1,DOWN,1,0,-0.5,-0.5,0,0,0,0.048087066449791896,0
1788307726.646567,P001,P001_S01,P001_S01_ST1ST_T02_R01,T02,R01,Gridworld_Anytime_Keyboard,0,Study 1,Gridworld,Anytime Feedback,Keyboard,79,2,1,0,1,DOWN,2,0,-0.5,-1.0,0,0,0,0.048087066449791896,0
1788307726.707987,P001,P001_S01,P001_S01_ST1ST_T02_R01,T02,R01,Gridworld_Anytime_Keyboard,0,Study 1,Gridworld,Anytime Feedback,Keyboard,79,3,2,0,3,RIGHT,2,1,-0.5,-1.5,0,0,0,0.048087066449791896,0
1788307726.770704,P001,P001_S01,P001_S01_ST1ST_T02_R01,T02,R01,Gridworld_Anytime_Keyboard,0,Study 1,Gridworld,Anytime Feedback,Keyboard,79,4,2,1,3,RIGHT,2,2,-0.5,-2.0,0,0,0,0.048087066449791896,0
1788307726.833578,P001,P001_S01,P001_S01_ST1ST_T02_R01,T02,R01,Gridworld_Anytime_Keyboard,0,Study 1,Gridworld,Anytime Feedback,Keyboard,79,5,2,2,3,RIGHT,2,3,-0.5,-2.5,0,0,0,0.048087066449791896,0
1788307726.895362,P001,P001_S01,P001_S01_ST1ST_T02_R01,T02,R01,Gridworld_Anytime_Keyboard,0,Study 1,Gridworld,Anytime Feedback,Keyboard,79,6,2,3,1,DOWN,3,3,-0.5,-3.0,0,0,0,0.048087066449791896,0
1788307726.972611,P001,P001_S01,P001_S01_ST1ST_T02_R01,T02,R01,Gridworld_Anytime_Keyboard,0,Study 1,Gridworld,Anytime Feedback,Keyboard,79,7,3,3,0,UP,2,3,-1.5,-4.5,0,0,0,0.048087066449791896,0
1788307727.020321,P001,P001_S01,P001_S01_ST1ST_T02_R01,T02,R01,Gridworld_Anytime_Keyboard,0,Study 1,Gridworld,Anytime Feedback,Keyboard,79,8,2,3,1,DOWN,3,3,-0.5,-5.0,0,0,0,0.048087066449791896,0
1788307727.082343,P001,P001_S01,P001_S01_ST1ST_T02_R01,T02,R01,Gridworld_Anytime_Keyboard,0,Study 1,Gridworld,Anytime Feedback,Keyboard,79,9,3,3,1,DOWN,4,3,-0.5,-5.5,0,0,0,0.048087066449791896,0
1788307727.145496,P001,P001_S01,P001_S01_ST1ST_T02_R01,T02,R01,Gridworld_Anytime_Keyboard,0,Study 1,Gridworld,Anytime Feedback,Keyboard,79,10,4,3,0,UP,3,3,-1.5,-7.0,0,0,0,0.048087066449791896,0
1788307727.207534,P001,P001_S01,P001_S01_ST1ST_T02_R01,T02,R01,Gridworld_Anytime_Keyboard,0,Study 1,Gridworld,Anytime Feedback,Keyboard,79,11,3,3,0,UP,2,3,-1.5,-8.5,0,0,0,0.048087066449791896,0
1788307727.284967,P001,P001_S01,P001_S01_ST1ST_T02_R01,T02,R01,Gridworld_Anytime_Keyboard,0,Study 1,Gridworld,Anytime Feedback,Keyboard,79,12,2,3,2,LEFT,2,2,-1.5,-10.0,0,0,0,0.048087066449791896,0
1788307727.347440,P001,P001_S01,P001_S01_ST1ST_T02_R01,T02,R01,Gridworld_Anytime_Keyboard,0,Study 1,Gridworld,Anytime Feedback,Keyboard,79,13,2,2,3,RIGHT,2,3,-0.5,-10.5,0,0,0,0.048087066449791896,0
1788307727.409340,P001,P001_S01,P001_S01_ST1ST_T02_R01,T02,R01,Gridworld_Anytime_Keyboard,0,Study 1,Gridworld,Anytime Feedback,Keyboard,79,14,2,3,1,DOWN,3,3,-0.5,-11.0,0,0,0,0.048087066449791896,0
1788307727.470738,P001,P001_S01,P001_S01_ST1ST_T02_R01,T02,R01,Gridworld_Anytime_Keyboard,0,Study 1,Gridworld,Anytime Feedback,Keyboard,79,15,3,3,1,DOWN,4,3,-0.5,-11.5,0,0,0,0.048087066449791896,0
1788307727.532855,P001,P001_S01,P001_S01_ST1ST_T02_R01,T02,R01,Gridworld_Anytime_Keyboard,0,Study 1,Gridworld,Anytime Feedback,Keyboard,79,16,4,3,3,RIGHT,4,4,-0.5,-12.0,0,0,0,0.048087066449791896,0
1788307727.596002,P001,P001_S01,P001_S01_ST1ST_T02_R01,T02,R01,Gridworld_Anytime_Keyboard,0,Study 1,Gridworld,Anytime Feedback,Keyboard,79,17,4,4,0,UP,3,4,-50.0,-62.0,1,0,1,0.048063022916567,0
1788307727.705773,P001,P001_S01,P001_S01_ST1ST_T02_R01,T02,R01,Gridworld_Anytime_Keyboard,0,Study 1,Gridworld,Anytime Feedback,Keyboard,80,1,0,0,1,DOWN,1,0,-0.5,-0.5,0,0,0,0.048063022916567,0
1788307727.768058,P001,P001_S01,P001_S01_ST1ST_T02_R01,T02,R01,Gridworld_Anytime_Keyboard,0,Study 1,Gridworld,Anytime Feedback,Keyboard,80,2,1,0,1,DOWN,2,0,-0.5,-1.0,0,0,0,0.048063022916567,0
1788307727.830414,P001,P001_S01,P001_S01_ST1ST_T02_R01,T02,R01,Gridworld_Anytime_Keyboard,0,Study 1,Gridworld,Anytime Feedback,Keyboard,80,3,2,0,1,DOWN,3,0,-0.5,-1.5,0,0,0,0.048063022916567,0
1788307727.892074,P001,P001_S01,P001_S01_ST1ST_T02_R01,T02,R01,Gridworld_Anytime_Keyboard,0,Study 1,Gridworld,Anytime Feedback,Keyboard,80,4,3,0,1,DOWN,4,0,-0.5,-2.0,0,0,0,0.048063022916567,0
1788307727.955057,P001,P001_S01,P001_S01_ST1ST_T02_R01,T02,R01,Gridworld_Anytime_Keyboard,0,Study 1,Gridworld,Anytime Feedback,Keyboard,80,5,4,0,3,RIGHT,4,1,-0.5,-2.5,0,0,0,0.048063022916567,0
1788307728.016606,P001,P001_S01,P001_S01_ST1ST_T02_R01,T02,R01,Gridworld_Anytime_Keyboard,0,Study 1,Gridworld,Anytime Feedback,Keyboard,80,6,4,1,1,DOWN,5,1,-0.5,-3.0,0,0,0,0.048063022916567,0
1788307728.079340,P001,P001_S01,P001_S01_ST1ST_T02_R01,T02,R01,Gridworld_Anytime_Keyboard,0,Study 1,Gridworld,Anytime Feedback,Keyboard,80,7,5,1,0,UP,4,1,-1.5,-4.5,0,0,0,0.048063022916567,0
1788307728.141153,P001,P001_S01,P001_S01_ST1ST_T02_R01,T02,R01,Gridworld_Anytime_Keyboard,0,Study 1,Gridworld,Anytime Feedback,Keyboard,80,8,4,1,1,DOWN,5,1,-0.5,-5.0,0,0,0,0.048063022916567,0
1788307728.203493,P001,P001_S01,P001_S01_ST1ST_T02_R01,T02,R01,Gridworld_Anytime_Keyboard,0,Study 1,Gridworld,Anytime Feedback,Keyboard,80,9,5,1,3,RIGHT,5,2,-50.0,-55.0,1,0,1,0.04803899140510872,0
1788307728.312459,P001,P001_S01,P001_S01_ST1ST_T02_R01,T02,R01,Gridworld_Anytime_Keyboard,0,Study 1,Gridworld,Anytime Feedback,Keyboard,81,1,0,0,1,DOWN,1,0,-0.5,-0.5,0,0,0,0.04803899140510872,0
1788307728.375104,P001,P001_S01,P001_S01_ST1ST_T02_R01,T02,R01,Gridworld_Anytime_Keyboard,0,Study 1,Gridworld,Anytime Feedback,Keyboard,81,2,1,0,1,DOWN,2,0,-0.5,-1.0,0,0,0,0.04803899140510872,0
1788307728.437771,P001,P001_S01,P001_S01_ST1ST_T02_R01,T02,R01,Gridworld_Anytime_Keyboard,0,Study 1,Gridworld,Anytime Feedback,Keyboard,81,3,2,0,3,RIGHT,2,1,-0.5,-1.5,0,0,0,0.04803899140510872,0
1788307728.500094,P001,P001_S01,P001_S01_ST1ST_T02_R01,T02,R01,Gridworld_Anytime_Keyboard,0,Study 1,Gridworld,Anytime Feedback,Keyboard,81,4,2,1,3,RIGHT,2,2,-0.5,-2.0,0,0,0,0.04803899140510872,0
1788307728.562440,P001,P001_S01,P001_S01_ST1ST_T02_R01,T02,R01,Gridworld_Anytime_Keyboard,0,Study 1,Gridworld,Anytime Feedback,Keyboard,81,5,2,2,3,RIGHT,2,3,-0.5,-2.5,0,0,0,0.04803899140510872,0
1788307728.626440,P001,P001_S01,P001_S01_ST1ST_T02_R01,T02,R01,Gridworld_Anytime_Keyboard,0,Study 1,Gridworld,Anytime Feedback,Keyboard,81,6,2,3,1,DOWN,3,3,-0.5,-3.0,0,0,0,0.04803899140510872,0
1788307728.689947,P001,P001_S01,P001_S01_ST1ST_T02_R01,T02,R01,Gridworld_Anytime_Keyboard,0,Study 1,Gridworld,Anytime Feedback,Keyboard,81,7,3,3,0,UP,2,3,-1.5,-4.5,0,0,0,0.04803899140510872,0
1788307728.753455,P001,P001_S01,P001_S01_ST1ST_T02_R01,T02,R01,Gridworld_Anytime_Keyboard,0,Study 1,Gridworld,Anytime Feedback,Keyboard,81,8,2,3,1,DOWN,3,3,-0.5,-5.0,0,0,0,0.04803899140510872,0
1788307728.800987,P001,P001_S01,P001_S01_ST1ST_T02_R01,T02,R01,Gridworld_Anytime_Keyboard,0,Study 1,Gridworld,Anytime Feedback,Keyboard,81,9,3,3,1,DOWN,4,3,-0.5,-5.5,0,0,0,0.04803899140510872,0
1788307728.878027,P001,P001_S01,P001_S01_ST1ST_T02_R01,T02,R01,Gridworld_Anytime_Keyboard,0,Study 1,Gridworld,Anytime Feedback,Keyboard,81,10,4,3,3,RIGHT,4,4,-0.5,-6.0,0,0,0,0.04803899140510872,0
1788307728.939651,P001,P001_S01,P001_S01_ST1ST_T02_R01,T02,R01,Gridworld_Anytime_Keyboard,0,Study 1,Gridworld,Anytime Feedback,Keyboard,81,11,4,4,3,RIGHT,4,5,-0.5,-6.5,0,0,0,0.04803899140510872,0
1788307729.002469,P001,P001_S01,P001_S01_ST1ST_T02_R01,T02,R01,Gridworld_Anytime_Keyboard,0,Study 1,Gridworld,Anytime Feedback,Keyboard,81,12,4,5,2,LEFT,4,4,-1.5,-8.0,0,0,0,0.04803899140510872,0
1788307729.064504,P001,P001_S01,P001_S01_ST1ST_T02_R01,T02,R01,Gridworld_Anytime_Keyboard,0,Study 1,Gridworld,Anytime Feedback,Keyboard,81,13,4,4,3,RIGHT,4,5,-0.5,-8.5,0,0,0,0.04803899140510872,0
1788307729.126985,P001,P001_S01,P001_S01_ST1ST_T02_R01,T02,R01,Gridworld_Anytime_Keyboard,0,Study 1,Gridworld,Anytime Feedback,Keyboard,81,14,4,5,0,UP,3,5,-50.0,-58.5,1,0,1,0.04801497190940617,0
1788307729.234790,P001,P001_S01,P001_S01_ST1ST_T02_R01,T02,R01,Gridworld_Anytime_Keyboard,0,Study 1,Gridworld,Anytime Feedback,Keyboard,82,1,0,0,1,DOWN,1,0,-0.5,-0.5,0,0,0,0.04801497190940617,0
1788307729.296777,P001,P001_S01,P001_S01_ST1ST_T02_R01,T02,R01,Gridworld_Anytime_Keyboard,0,Study 1,Gridworld,Anytime Feedback,Keyboard,82,2,1,0,1,DOWN,2,0,-0.5,-1.0,0,0,0,0.04801497190940617,0
1788307729.359553,P001,P001_S01,P001_S01_ST1ST_T02_R01,T02,R01,Gridworld_Anytime_Keyboard,0,Study 1,Gridworld,Anytime Feedback,Keyboard,82,3,2,0,3,RIGHT,2,1,-0.5,-1.5,0,0,0,0.04801497190940617,0
1788307729.421600,P001,P001_S01,P001_S01_ST1ST_T02_R01,T02,R01,Gridworld_Anytime_Keyboard,0,Study 1,Gridworld,Anytime Feedback,Keyboard,82,4,2,1,3,RIGHT,2,2,-0.5,-2.0,0,0,0,0.04801497190940617,0
1788307729.485115,P001,P001_S01,P001_S01_ST1ST_T02_R01,T02,R01,Gridworld_Anytime_Keyboard,0,Study 1,Gridworld,Anytime Feedback,Keyboard,82,5,2,2,3,RIGHT,2,3,-0.5,-2.5,0,0,0,0.04801497190940617,0
1788307729.547992,P001,P001_S01,P001_S01_ST1ST_T02_R01,T02,R01,Gridworld_Anytime_Keyboard,0,Study 1,Gridworld,Anytime Feedback,Keyboard,82,6,2,3,1,DOWN,3,3,-0.5,-3.0,0,0,0,0.04801497190940617,0
1788307729.610993,P001,P001_S01,P001_S01_ST1ST_T02_R01,T02,R01,Gridworld_Anytime_Keyboard,0,Study 1,Gridworld,Anytime Feedback,Keyboard,82,7,3,3,1,DOWN,4,3,-0.5,-3.5,0,0,0,0.04801497190940617,0
1788307729.673895,P001,P001_S01,P001_S01_ST1ST_T02_R01,T02,R01,Gridworld_Anytime_Keyboard,0,Study 1,Gridworld,Anytime Feedback,Keyboard,82,8,4,3,3,RIGHT,4,4,-0.5,-4.0,0,0,0,0.04801497190940617,0
1788307729.737399,P001,P001_S01,P001_S01_ST1ST_T02_R01,T02,R01,Gridworld_Anytime_Keyboard,0,Study 1,Gridworld,Anytime Feedback,Keyboard,82,9,4,4,3,RIGHT,4,5,-0.5,-4.5,0,0,0,0.04801497190940617,0
1788307729.801398,P001,P001_S01,P001_S01_ST1ST_T02_R01,T02,R01,Gridworld_Anytime_Keyboard,0,Study 1,Gridworld,Anytime Feedback,Keyboard,82,10,4,5,2,LEFT,4,4,-1.5,-6.0,0,0,0,0.04801497190940617,0
1788307729.863769,P001,P001_S01,P001_S01_ST1ST_T02_R01,T02,R01,Gridworld_Anytime_Keyboard,0,Study 1,Gridworld,Anytime Feedback,Keyboard,82,11,4,4,3,RIGHT,4,5,-0.5,-6.5,0,0,0,0.04801497190940617,0
1788307729.941609,P001,P001_S01,P001_S01_ST1ST_T02_R01,T02,R01,Gridworld_Anytime_Keyboard,0,Study 1,Gridworld,Anytime Feedback,Keyboard,82,12,4,5,1,DOWN,5,5,-50.0,-56.5,1,0,1,0.04799096442345147,0
1788307730.035754,P001,P001_S01,P001_S01_ST1ST_T02_R01,T02,R01,Gridworld_Anytime_Keyboard,0,Study 1,Gridworld,Anytime Feedback,Keyboard,83,1,0,0,1,DOWN,1,0,-0.5,-0.5,0,0,0,0.04799096442345147,0
1788307730.113139,P001,P001_S01,P001_S01_ST1ST_T02_R01,T02,R01,Gridworld_Anytime_Keyboard,0,Study 1,Gridworld,Anytime Feedback,Keyboard,83,2,1,0,1,DOWN,2,0,-0.5,-1.0,0,0,0,0.04799096442345147,0
1788307730.174470,P001,P001_S01,P001_S01_ST1ST_T02_R01,T02,R01,Gridworld_Anytime_Keyboard,0,Study 1,Gridworld,Anytime Feedback,Keyboard,83,3,2,0,1,DOWN,3,0,-0.5,-1.5,0,0,0,0.04799096442345147,0
1788307730.237748,P001,P001_S01,P001_S01_ST1ST_T02_R01,T02,R01,Gridworld_Anytime_Keyboard,0,Study 1,Gridworld,Anytime Feedback,Keyboard,83,4,3,0,1,DOWN,4,0,-0.5,-2.0,0,0,0,0.04799096442345147,0
1788307730.300397,P001,P001_S01,P001_S01_ST1ST_T02_R01,T02,R01,Gridworld_Anytime_Keyboard,0,Study 1,Gridworld,Anytime Feedback,Keyboard,83,5,4,0,3,RIGHT,4,1,-0.5,-2.5,0,0,0,0.04799096442345147,0
1788307730.361676,P001,P001_S01,P001_S01_ST1ST_T02_R01,T02,R01,Gridworld_Anytime_Keyboard,0,Study 1,Gridworld,Anytime Feedback,Keyboard,83,6,4,1,1,DOWN,5,1,-0.5,-3.0,0,0,0,0.04799096442345147,0
1788307730.424404,P001,P001_S01,P001_S01_ST1ST_T02_R01,T02,R01,Gridworld_Anytime_Keyboard,0,Study 1,Gridworld,Anytime Feedback,Keyboard,83,7,5,1,0,UP,4,1,-1.5,-4.5,0,0,0,0.04799096442345147,0
1788307730.486735,P001,P001_S01,P001_S01_ST1ST_T02_R01,T02,R01,Gridworld_Anytime_Keyboard,0,Study 1,Gridworld,Anytime Feedback,Keyboard,83,8,4,1,1,DOWN,5,1,-0.5,-5.0,0,0,0,0.04799096442345147,0
1788307730.549736,P001,P001_S01,P001_S01_ST1ST_T02_R01,T02,R01,Gridworld_Anytime_Keyboard,0,Study 1,Gridworld,Anytime Feedback,Keyboard,83,9,5,1,0,UP,4,1,-1.5,-6.5,0,0,0,0.04799096442345147,0
1788307730.611444,P001,P001_S01,P001_S01_ST1ST_T02_R01,T02,R01,Gridworld_Anytime_Keyboard,0,Study 1,Gridworld,Anytime Feedback,Keyboard,83,10,4,1,0,UP,3,1,-50.0,-56.5,1,0,1,0.04796696894123975,0
1788307730.719730,P001,P001_S01,P001_S01_ST1ST_T02_R01,T02,R01,Gridworld_Anytime_Keyboard,0,Study 1,Gridworld,Anytime Feedback,Keyboard,84,1,0,0,3,RIGHT,0,1,-0.5,-0.5,0,0,0,0.04796696894123975,0
1788307730.781585,P001,P001_S01,P001_S01_ST1ST_T02_R01,T02,R01,Gridworld_Anytime_Keyboard,0,Study 1,Gridworld,Anytime Feedback,Keyboard,84,2,0,1,3,RIGHT,0,2,-0.5,-1.0,0,0,0,0.04796696894123975,0
1788307730.843455,P001,P001_S01,P001_S01_ST1ST_T02_R01,T02,R01,Gridworld_Anytime_Keyboard,0,Study 1,Gridworld,Anytime Feedback,Keyboard,84,3,0,2,2,LEFT,0,1,-1.5,-2.5,0,0,0,0.04796696894123975,0
1788307730.906524,P001,P001_S01,P001_S01_ST1ST_T02_R01,T02,R01,Gridworld_Anytime_Keyboard,0,Study 1,Gridworld,Anytime Feedback,Keyboard,84,4,0,1,3,RIGHT,0,2,-0.5,-3.0,0,0,0,0.04796696894123975,0
1788307730.969068,P001,P001_S01,P001_S01_ST1ST_T02_R01,T02,R01,Gridworld_Anytime_Keyboard,0,Study 1,Gridworld,Anytime Feedback,Keyboard,84,5,0,2,0,UP,-1,2,-50.0,-53.0,1,0,1,0.04794298545676914,0
1788307731.078385,P001,P001_S01,P001_S01_ST1ST_T02_R01,T02,R01,Gridworld_Anytime_Keyboard,0,Study 1,Gridworld,Anytime Feedback,Keyboard,85,1,0,0,1,DOWN,1,0,-0.5,-0.5,0,0,0,0.04794298545676914,0
1788307731.140944,P001,P001_S01,P001_S01_ST1ST_T02_R01,T02,R01,Gridworld_Anytime_Keyboard,0,Study 1,Gridworld,Anytime Feedback,Keyboard,85,2,1,0,1,DOWN,2,0,-0.5,-1.0,0,0,0,0.04794298545676914,0
1788307731.202926,P001,P001_S01,P001_S01_ST1ST_T02_R01,T02,R01,Gridworld_Anytime_Keyboard,0,Study 1,Gridworld,Anytime Feedback,Keyboard,85,3,2,0,3,RIGHT,2,1,-0.5,-1.5,0,0,0,0.04794298545676914,0
1788307731.264582,P001,P001_S01,P001_S01_ST1ST_T02_R01,T02,R01,Gridworld_Anytime_Keyboard,0,Study 1,Gridworld,Anytime Feedback,Keyboard,85,4,2,1,3,RIGHT,2,2,-0.5,-2.0,0,0,0,0.04794298545676914,0
1788307731.327210,P001,P001_S01,P001_S01_ST1ST_T02_R01,T02,R01,Gridworld_Anytime_Keyboard,0,Study 1,Gridworld,Anytime Feedback,Keyboard,85,5,2,2,3,RIGHT,2,3,-0.5,-2.5,0,0,0,0.04794298545676914,0
1788307731.389265,P001,P001_S01,P001_S01_ST1ST_T02_R01,T02,R01,Gridworld_Anytime_Keyboard,0,Study 1,Gridworld,Anytime Feedback,Keyboard,85,6,2,3,1,DOWN,3,3,-0.5,-3.0,0,0,0,0.04794298545676914,0
1788307731.452342,P001,P001_S01,P001_S01_ST1ST_T02_R01,T02,R01,Gridworld_Anytime_Keyboard,0,Study 1,Gridworld,Anytime Feedback,Keyboard,85,7,3,3,1,DOWN,4,3,-0.5,-3.5,0,0,0,0.04794298545676914,0
1788307731.514712,P001,P001_S01,P001_S01_ST1ST_T02_R01,T02,R01,Gridworld_Anytime_Keyboard,0,Study 1,Gridworld,Anytime Feedback,Keyboard,85,8,4,3,3,RIGHT,4,4,-0.5,-4.0,0,0,0,0.04794298545676914,0
1788307731.577017,P001,P001_S01,P001_S01_ST1ST_T02_R01,T02,R01,Gridworld_Anytime_Keyboard,0,Study 1,Gridworld,Anytime Feedback,Keyboard,85,9,4,4,3,RIGHT,4,5,-0.5,-4.5,0,0,0,0.04794298545676914,0
1788307731.637624,P001,P001_S01,P001_S01_ST1ST_T02_R01,T02,R01,Gridworld_Anytime_Keyboard,0,Study 1,Gridworld,Anytime Feedback,Keyboard,85,10,4,5,3,RIGHT,4,6,-0.5,-5.0,0,0,0,0.04794298545676914,0
1788307731.700143,P001,P001_S01,P001_S01_ST1ST_T02_R01,T02,R01,Gridworld_Anytime_Keyboard,0,Study 1,Gridworld,Anytime Feedback,Keyboard,85,11,4,6,3,RIGHT,4,7,-0.5,-5.5,0,0,0,0.04794298545676914,0
1788307731.762738,P001,P001_S01,P001_S01_ST1ST_T02_R01,T02,R01,Gridworld_Anytime_Keyboard,0,Study 1,Gridworld,Anytime Feedback,Keyboard,85,12,4,7,3,RIGHT,4,8,-0.5,-6.0,0,0,0,0.04794298545676914,0
1788307731.826209,P001,P001_S01,P001_S01_ST1ST_T02_R01,T02,R01,Gridworld_Anytime_Keyboard,0,Study 1,Gridworld,Anytime Feedback,Keyboard,85,13,4,8,0,UP,3,8,-50.0,-56.0,1,0,1,0.04791901396404075,0
1788307731.935496,P001,P001_S01,P001_S01_ST1ST_T02_R01,T02,R01,Gridworld_Anytime_Keyboard,0,Study 1,Gridworld,Anytime Feedback,Keyboard,86,1,0,0,1,DOWN,1,0,-0.5,-0.5,0,0,0,0.04791901396404075,0
1788307731.997018,P001,P001_S01,P001_S01_ST1ST_T02_R01,T02,R01,Gridworld_Anytime_Keyboard,0,Study 1,Gridworld,Anytime Feedback,Keyboard,86,2,1,0,1,DOWN,2,0,-0.5,-1.0,0,0,0,0.04791901396404075,0
1788307732.058936,P001,P001_S01,P001_S01_ST1ST_T02_R01,T02,R01,Gridworld_Anytime_Keyboard,0,Study 1,Gridworld,Anytime Feedback,Keyboard,86,3,2,0,3,RIGHT,2,1,-0.5,-1.5,0,0,0,0.04791901396404075,0
1788307732.120238,P001,P001_S01,P001_S01_ST1ST_T02_R01,T02,R01,Gridworld_Anytime_Keyboard,0,Study 1,Gridworld,Anytime Feedback,Keyboard,86,4,2,1,3,RIGHT,2,2,-0.5,-2.0,0,0,0,0.04791901396404075,0
1788307732.182245,P001,P001_S01,P001_S01_ST1ST_T02_R01,T02,R01,Gridworld_Anytime_Keyboard,0,Study 1,Gridworld,Anytime Feedback,Keyboard,86,5,2,2,3,RIGHT,2,3,-0.5,-2.5,0,0,0,0.04791901396404075,0
1788307732.244724,P001,P001_S01,P001_S01_ST1ST_T02_R01,T02,R01,Gridworld_Anytime_Keyboard,0,Study 1,Gridworld,Anytime Feedback,Keyboard,86,6,2,3,3,RIGHT,2,4,-50.0,-52.5,1,0,1,0.04789505445705874,0
1788307732.354017,P001,P001_S01,P001_S01_ST1ST_T02_R01,T02,R01,Gridworld_Anytime_Keyboard,0,Study 1,Gridworld,Anytime Feedback,Keyboard,87,1,0,0,1,DOWN,1,0,-0.5,-0.5,0,0,0,0.04789505445705874,0
1788307732.417120,P001,P001_S01,P001_S01_ST1ST_T02_R01,T02,R01,Gridworld_Anytime_Keyboard,0,Study 1,Gridworld,Anytime Feedback,Keyboard,87,2,1,0,1,DOWN,2,0,-0.5,-1.0,0,0,0,0.04789505445705874,0
1788307732.480151,P001,P001_S01,P001_S01_ST1ST_T02_R01,T02,R01,Gridworld_Anytime_Keyboard,0,Study 1,Gridworld,Anytime Feedback,Keyboard,87,3,2,0,3,RIGHT,2,1,-0.5,-1.5,0,0,0,0.04789505445705874,0
1788307732.543598,P001,P001_S01,P001_S01_ST1ST_T02_R01,T02,R01,Gridworld_Anytime_Keyboard,0,Study 1,Gridworld,Anytime Feedback,Keyboard,87,4,2,1,3,RIGHT,2,2,-0.5,-2.0,0,0,0,0.04789505445705874,0
1788307732.607782,P001,P001_S01,P001_S01_ST1ST_T02_R01,T02,R01,Gridworld_Anytime_Keyboard,0,Study 1,Gridworld,Anytime Feedback,Keyboard,87,5,2,2,2,LEFT,2,1,-1.5,-3.5,0,0,0,0.04789505445705874,0
1788307732.671261,P001,P001_S01,P001_S01_ST1ST_T02_R01,T02,R01,Gridworld_Anytime_Keyboard,0,Study 1,Gridworld,Anytime Feedback,Keyboard,87,6,2,1,1,DOWN,3,1,-50.0,-53.5,1,0,1,0.04787110692983021,0
1788307732.781952,P001,P001_S01,P001_S01_ST1ST_T02_R01,T02,R01,Gridworld_Anytime_Keyboard,0,Study 1,Gridworld,Anytime Feedback,Keyboard,88,1,0,0,1,DOWN,1,0,-0.5,-0.5,0,0,0,0.04787110692983021,0
1788307732.843347,P001,P001_S01,P001_S01_ST1ST_T02_R01,T02,R01,Gridworld_Anytime_Keyboard,0,Study 1,Gridworld,Anytime Feedback,Keyboard,88,2,1,0,1,DOWN,2,0,-0.5,-1.0,0,0,0,0.04787110692983021,0
1788307732.905855,P001,P001_S01,P001_S01_ST1ST_T02_R01,T02,R01,Gridworld_Anytime_Keyboard,0,Study 1,Gridworld,Anytime Feedback,Keyboard,88,3,2,0,3,RIGHT,2,1,-0.5,-1.5,0,0,0,0.04787110692983021,0
1788307732.968376,P001,P001_S01,P001_S01_ST1ST_T02_R01,T02,R01,Gridworld_Anytime_Keyboard,0,Study 1,Gridworld,Anytime Feedback,Keyboard,88,4,2,1,3,RIGHT,2,2,-0.5,-2.0,0,0,0,0.04787110692983021,0
1788307733.030781,P001,P001_S01,P001_S01_ST1ST_T02_R01,T02,R01,Gridworld_Anytime_Keyboard,0,Study 1,Gridworld,Anytime Feedback,Keyboard,88,5,2,2,3,RIGHT,2,3,-0.5,-2.5,0,0,0,0.04787110692983021,0
1788307733.093118,P001,P001_S01,P001_S01_ST1ST_T02_R01,T02,R01,Gridworld_Anytime_Keyboard,0,Study 1,Gridworld,Anytime Feedback,Keyboard,88,6,2,3,1,DOWN,3,3,-0.5,-3.0,0,0,0,0.04787110692983021,0
1788307733.155413,P001,P001_S01,P001_S01_ST1ST_T02_R01,T02,R01,Gridworld_Anytime_Keyboard,0,Study 1,Gridworld,Anytime Feedback,Keyboard,88,7,3,3,1,DOWN,4,3,-0.5,-3.5,0,0,0,0.04787110692983021,0
1788307733.217078,P001,P001_S01,P001_S01_ST1ST_T02_R01,T02,R01,Gridworld_Anytime_Keyboard,0,Study 1,Gridworld,Anytime Feedback,Keyboard,88,8,4,3,0,UP,3,3,-1.5,-5.0,0,0,0,0.04787110692983021,0
1788307733.279693,P001,P001_S01,P001_S01_ST1ST_T02_R01,T02,R01,Gridworld_Anytime_Keyboard,0,Study 1,Gridworld,Anytime Feedback,Keyboard,88,9,3,3,1,DOWN,4,3,-0.5,-5.5,0,0,0,0.04787110692983021,0
1788307733.342825,P001,P001_S01,P001_S01_ST1ST_T02_R01,T02,R01,Gridworld_Anytime_Keyboard,0,Study 1,Gridworld,Anytime Feedback,Keyboard,88,10,4,3,3,RIGHT,4,4,-0.5,-6.0,0,0,0,0.04787110692983021,0
1788307733.404999,P001,P001_S01,P001_S01_ST1ST_T02_R01,T02,R01,Gridworld_Anytime_Keyboard,0,Study 1,Gridworld,Anytime Feedback,Keyboard,88,11,4,4,3,RIGHT,4,5,-0.5,-6.5,0,0,0,0.04787110692983021,0
1788307733.467080,P001,P001_S01,P001_S01_ST1ST_T02_R01,T02,R01,Gridworld_Anytime_Keyboard,0,Study 1,Gridworld,Anytime Feedback,Keyboard,88,12,4,5,3,RIGHT,4,6,-0.5,-7.0,0,0,0,0.04787110692983021,0
1788307733.529600,P001,P001_S01,P001_S01_ST1ST_T02_R01,T02,R01,Gridworld_Anytime_Keyboard,0,Study 1,Gridworld,Anytime Feedback,Keyboard,88,13,4,6,0,UP,3,6,-50.0,-57.0,1,0,1,0.047847171376365294,0
1788307733.639139,P001,P001_S01,P001_S01_ST1ST_T02_R01,T02,R01,Gridworld_Anytime_Keyboard,0,Study 1,Gridworld,Anytime Feedback,Keyboard,89,1,0,0,1,DOWN,1,0,-0.5,-0.5,0,0,0,0.047847171376365294,0
1788307733.702976,P001,P001_S01,P001_S01_ST1ST_T02_R01,T02,R01,Gridworld_Anytime_Keyboard,0,Study 1,Gridworld,Anytime Feedback,Keyboard,89,2,1,0,0,UP,0,0,-1.5,-2.0,0,0,0,0.047847171376365294,0
1788307733.764785,P001,P001_S01,P001_S01_ST1ST_T02_R01,T02,R01,Gridworld_Anytime_Keyboard,0,Study 1,Gridworld,Anytime Feedback,Keyboard,89,3,0,0,1,DOWN,1,0,-0.5,-2.5,0,0,0,0.047847171376365294,0
1788307733.827426,P001,P001_S01,P001_S01_ST1ST_T02_R01,T02,R01,Gridworld_Anytime_Keyboard,0,Study 1,Gridworld,Anytime Feedback,Keyboard,89,4,1,0,1,DOWN,2,0,-0.5,-3.0,0,0,0,0.047847171376365294,0
1788307733.888937,P001,P001_S01,P001_S01_ST1ST_T02_R01,T02,R01,Gridworld_Anytime_Keyboard,0,Study 1,Gridworld,Anytime Feedback,Keyboard,89,5,2,0,3,RIGHT,2,1,-0.5,-3.5,0,0,0,0.047847171376365294,0
1788307733.951336,P001,P001_S01,P001_S01_ST1ST_T02_R01,T02,R01,Gridworld_Anytime_Keyboard,0,Study 1,Gridworld,Anytime Feedback,Keyboard,89,6,2,1,3,RIGHT,2,2,-0.5,-4.0,0,0,0,0.047847171376365294,0
1788307734.014301,P001,P001_S01,P001_S01_ST1ST_T02_R01,T02,R01,Gridworld_Anytime_Keyboard,0,Study 1,Gridworld,Anytime Feedback,Keyboard,89,7,2,2,3,RIGHT,2,3,-0.5,-4.5,0,0,0,0.047847171376365294,0
1788307734.076516,P001,P001_S01,P001_S01_ST1ST_T02_R01,T02,R01,Gridworld_Anytime_Keyboard,0,Study 1,Gridworld,Anytime Feedback,Keyboard,89,8,2,3,1,DOWN,3,3,-0.5,-5.0,0,0,0,0.047847171376365294,0
1788307734.139912,P001,P001_S01,P001_S01_ST1ST_T02_R01,T02,R01,Gridworld_Anytime_Keyboard,0,Study 1,Gridworld,Anytime Feedback,Keyboard,89,9,3,3,1,DOWN,4,3,-0.5,-5.5,0,0,0,0.047847171376365294,0
1788307734.201387,P001,P001_S01,P001_S01_ST1ST_T02_R01,T02,R01,Gridworld_Anytime_Keyboard,0,Study 1,Gridworld,Anytime Feedback,Keyboard,89,10,4,3,0,UP,3,3,-1.5,-7.0,0,0,0,0.047847171376365294,0
1788307734.263537,P001,P001_S01,P001_S01_ST1ST_T02_R01,T02,R01,Gridworld_Anytime_Keyboard,0,Study 1,Gridworld,Anytime Feedback,Keyboard,89,11,3,3,1,DOWN,4,3,-0.5,-7.5,0,0,0,0.047847171376365294,0
1788307734.326303,P001,P001_S01,P001_S01_ST1ST_T02_R01,T02,R01,Gridworld_Anytime_Keyboard,0,Study 1,Gridworld,Anytime Feedback,Keyboard,89,12,4,3,3,RIGHT,4,4,-0.5,-8.0,0,0,0,0.047847171376365294,0
1788307734.387714,P001,P001_S01,P001_S01_ST1ST_T02_R01,T02,R01,Gridworld_Anytime_Keyboard,0,Study 1,Gridworld,Anytime Feedback,Keyboard,89,13,4,4,3,RIGHT,4,5,-0.5,-8.5,0,0,0,0.047847171376365294,0
1788307734.450115,P001,P001_S01,P001_S01_ST1ST_T02_R01,T02,R01,Gridworld_Anytime_Keyboard,0,Study 1,Gridworld,Anytime Feedback,Keyboard,89,14,4,5,0,UP,3,5,-50.0,-58.5,1,0,1,0.04782324779067711,0
1788307734.558474,P001,P001_S01,P001_S01_ST1ST_T02_R01,T02,R01,Gridworld_Anytime_Keyboard,0,Study 1,Gridworld,Anytime Feedback,Keyboard,90,1,0,0,1,DOWN,1,0,-0.5,-0.5,0,0,0,0.04782324779067711,0
1788307734.620989,P001,P001_S01,P001_S01_ST1ST_T02_R01,T02,R01,Gridworld_Anytime_Keyboard,0,Study 1,Gridworld,Anytime Feedback,Keyboard,90,2,1,0,1,DOWN,2,0,-0.5,-1.0,0,0,0,0.04782324779067711,0
1788307734.683369,P001,P001_S01,P001_S01_ST1ST_T02_R01,T02,R01,Gridworld_Anytime_Keyboard,0,Study 1,Gridworld,Anytime Feedback,Keyboard,90,3,2,0,0,UP,1,0,-1.5,-2.5,0,0,0,0.04782324779067711,0
1788307734.746907,P001,P001_S01,P001_S01_ST1ST_T02_R01,T02,R01,Gridworld_Anytime_Keyboard,0,Study 1,Gridworld,Anytime Feedback,Keyboard,90,4,1,0,1,DOWN,2,0,-0.5,-3.0,0,0,0,0.04782324779067711,0
1788307734.809355,P001,P001_S01,P001_S01_ST1ST_T02_R01,T02,R01,Gridworld_Anytime_Keyboard,0,Study 1,Gridworld,Anytime Feedback,Keyboard,90,5,2,0,3,RIGHT,2,1,-0.5,-3.5,0,0,0,0.04782324779067711,0
1788307734.871718,P001,P001_S01,P001_S01_ST1ST_T02_R01,T02,R01,Gridworld_Anytime_Keyboard,0,Study 1,Gridworld,Anytime Feedback,Keyboard,90,6,2,1,3,RIGHT,2,2,-0.5,-4.0,0,0,0,0.04782324779067711,0
1788307734.934757,P001,P001_S01,P001_S01_ST1ST_T02_R01,T02,R01,Gridworld_Anytime_Keyboard,0,Study 1,Gridworld,Anytime Feedback,Keyboard,90,7,2,2,3,RIGHT,2,3,-0.5,-4.5,0,0,0,0.04782324779067711,0
1788307734.997617,P001,P001_S01,P001_S01_ST1ST_T02_R01,T02,R01,Gridworld_Anytime_Keyboard,0,Study 1,Gridworld,Anytime Feedback,Keyboard,90,8,2,3,1,DOWN,3,3,-0.5,-5.0,0,0,0,0.04782324779067711,0
1788307735.060488,P001,P001_S01,P001_S01_ST1ST_T02_R01,T02,R01,Gridworld_Anytime_Keyboard,0,Study 1,Gridworld,Anytime Feedback,Keyboard,90,9,3,3,1,DOWN,4,3,-0.5,-5.5,0,0,0,0.04782324779067711,0
1788307735.123102,P001,P001_S01,P001_S01_ST1ST_T02_R01,T02,R01,Gridworld_Anytime_Keyboard,0,Study 1,Gridworld,Anytime Feedback,Keyboard,90,10,4,3,3,RIGHT,4,4,-0.5,-6.0,0,0,0,0.04782324779067711,0
1788307735.186677,P001,P001_S01,P001_S01_ST1ST_T02_R01,T02,R01,Gridworld_Anytime_Keyboard,0,Study 1,Gridworld,Anytime Feedback,Keyboard,90,11,4,4,2,LEFT,4,3,-1.5,-7.5,0,0,0,0.04782324779067711,0
1788307735.249829,P001,P001_S01,P001_S01_ST1ST_T02_R01,T02,R01,Gridworld_Anytime_Keyboard,0,Study 1,Gridworld,Anytime Feedback,Keyboard,90,12,4,3,3,RIGHT,4,4,-0.5,-8.0,0,0,0,0.04782324779067711,0
1788307735.311820,P001,P001_S01,P001_S01_ST1ST_T02_R01,T02,R01,Gridworld_Anytime_Keyboard,0,Study 1,Gridworld,Anytime Feedback,Keyboard,90,13,4,4,3,RIGHT,4,5,-0.5,-8.5,0,0,0,0.04782324779067711,0
1788307735.373295,P001,P001_S01,P001_S01_ST1ST_T02_R01,T02,R01,Gridworld_Anytime_Keyboard,0,Study 1,Gridworld,Anytime Feedback,Keyboard,90,14,4,5,2,LEFT,4,4,-1.5,-10.0,0,0,0,0.04782324779067711,0
1788307735.434855,P001,P001_S01,P001_S01_ST1ST_T02_R01,T02,R01,Gridworld_Anytime_Keyboard,0,Study 1,Gridworld,Anytime Feedback,Keyboard,90,15,4,4,3,RIGHT,4,5,-0.5,-10.5,0,0,0,0.04782324779067711,0
1788307735.496430,P001,P001_S01,P001_S01_ST1ST_T02_R01,T02,R01,Gridworld_Anytime_Keyboard,0,Study 1,Gridworld,Anytime Feedback,Keyboard,90,16,4,5,1,DOWN,5,5,-50.0,-60.5,1,0,1,0.04779933616678178,0
1788307735.606071,P001,P001_S01,P001_S01_ST1ST_T02_R01,T02,R01,Gridworld_Anytime_Keyboard,0,Study 1,Gridworld,Anytime Feedback,Keyboard,91,1,0,0,1,DOWN,1,0,-0.5,-0.5,0,0,0,0.04779933616678178,0
1788307735.668356,P001,P001_S01,P001_S01_ST1ST_T02_R01,T02,R01,Gridworld_Anytime_Keyboard,0,Study 1,Gridworld,Anytime Feedback,Keyboard,91,2,1,0,1,DOWN,2,0,-0.5,-1.0,0,0,0,0.04779933616678178,0
1788307735.730855,P001,P001_S01,P001_S01_ST1ST_T02_R01,T02,R01,Gridworld_Anytime_Keyboard,0,Study 1,Gridworld,Anytime Feedback,Keyboard,91,3,2,0,3,RIGHT,2,1,-0.5,-1.5,0,0,0,0.04779933616678178,0
1788307735.792526,P001,P001_S01,P001_S01_ST1ST_T02_R01,T02,R01,Gridworld_Anytime_Keyboard,0,Study 1,Gridworld,Anytime Feedback,Keyboard,91,4,2,1,3,RIGHT,2,2,-0.5,-2.0,0,0,0,0.04779933616678178,0
1788307735.855680,P001,P001_S01,P001_S01_ST1ST_T02_R01,T02,R01,Gridworld_Anytime_Keyboard,0,Study 1,Gridworld,Anytime Feedback,Keyboard,91,5,2,2,3,RIGHT,2,3,-0.5,-2.5,0,0,0,0.04779933616678178,0
1788307735.917529,P001,P001_S01,P001_S01_ST1ST_T02_R01,T02,R01,Gridworld_Anytime_Keyboard,0,Study 1,Gridworld,Anytime Feedback,Keyboard,91,6,2,3,1,DOWN,3,3,-0.5,-3.0,0,0,0,0.04779933616678178,0
1788307735.979915,P001,P001_S01,P001_S01_ST1ST_T02_R01,T02,R01,Gridworld_Anytime_Keyboard,0,Study 1,Gridworld,Anytime Feedback,Keyboard,91,7,3,3,1,DOWN,4,3,-0.5,-3.5,0,0,0,0.04779933616678178,0
1788307736.041527,P001,P001_S01,P001_S01_ST1ST_T02_R01,T02,R01,Gridworld_Anytime_Keyboard,0,Study 1,Gridworld,Anytime Feedback,Keyboard,91,8,4,3,0,UP,3,3,-1.5,-5.0,0,0,0,0.04779933616678178,0
1788307736.104150,P001,P001_S01,P001_S01_ST1ST_T02_R01,T02,R01,Gridworld_Anytime_Keyboard,0,Study 1,Gridworld,Anytime Feedback,Keyboard,91,9,3,3,1,DOWN,4,3,-0.5,-5.5,0,0,0,0.04779933616678178,0
1788307736.165922,P001,P001_S01,P001_S01_ST1ST_T02_R01,T02,R01,Gridworld_Anytime_Keyboard,0,Study 1,Gridworld,Anytime Feedback,Keyboard,91,10,4,3,3,RIGHT,4,4,-0.5,-6.0,0,0,0,0.04779933616678178,0
1788307736.227679,P001,P001_S01,P001_S01_ST1ST_T02_R01,T02,R01,Gridworld_Anytime_Keyboard,0,Study 1,Gridworld,Anytime Feedback,Keyboard,91,11,4,4,3,RIGHT,4,5,-0.5,-6.5,0,0,0,0.04779933616678178,0
1788307736.290248,P001,P001_S01,P001_S01_ST1ST_T02_R01,T02,R01,Gridworld_Anytime_Keyboard,0,Study 1,Gridworld,Anytime Feedback,Keyboard,91,12,4,5,3,RIGHT,4,6,-0.5,-7.0,0,0,0,0.04779933616678178,0
1788307736.351521,P001,P001_S01,P001_S01_ST1ST_T02_R01,T02,R01,Gridworld_Anytime_Keyboard,0,Study 1,Gridworld,Anytime Feedback,Keyboard,91,13,4,6,1,DOWN,5,6,-50.0,-57.0,1,0,1,0.04777543649869839,0
1788307736.461871,P001,P001_S01,P001_S01_ST1ST_T02_R01,T02,R01,Gridworld_Anytime_Keyboard,0,Study 1,Gridworld,Anytime Feedback,Keyboard,92,1,0,0,3,RIGHT,0,1,-0.5,-0.5,0,0,0,0.04777543649869839,0
1788307736.523741,P001,P001_S01,P001_S01_ST1ST_T02_R01,T02,R01,Gridworld_Anytime_Keyboard,0,Study 1,Gridworld,Anytime Feedback,Keyboard,92,2,0,1,3,RIGHT,0,2,-0.5,-1.0,0,0,0,0.04777543649869839,0
1788307736.586015,P001,P001_S01,P001_S01_ST1ST_T02_R01,T02,R01,Gridworld_Anytime_Keyboard,0,Study 1,Gridworld,Anytime Feedback,Keyboard,92,3,0,2,2,LEFT,0,1,-1.5,-2.5,0,0,0,0.04777543649869839,0
1788307736.648732,P001,P001_S01,P001_S01_ST1ST_T02_R01,T02,R01,Gridworld_Anytime_Keyboard,0,Study 1,Gridworld,Anytime Feedback,Keyboard,92,4,0,1,3,RIGHT,0,2,-0.5,-3.0,0,0,0,0.04777543649869839,0
1788307736.711325,P001,P001_S01,P001_S01_ST1ST_T02_R01,T02,R01,Gridworld_Anytime_Keyboard,0,Study 1,Gridworld,Anytime Feedback,Keyboard,92,5,0,2,2,LEFT,0,1,-1.5,-4.5,0,0,0,0.04777543649869839,0
1788307736.773312,P001,P001_S01,P001_S01_ST1ST_T02_R01,T02,R01,Gridworld_Anytime_Keyboard,0,Study 1,Gridworld,Anytime Feedback,Keyboard,92,6,0,1,2,LEFT,0,0,-1.5,-6.0,0,0,0,0.04777543649869839,0
1788307736.834402,P001,P001_S01,P001_S01_ST1ST_T02_R01,T02,R01,Gridworld_Anytime_Keyboard,0,Study 1,Gridworld,Anytime Feedback,Keyboard,92,7,0,0,1,DOWN,1,0,-0.5,-6.5,0,0,0,0.04777543649869839,0
1788307736.896169,P001,P001_S01,P001_S01_ST1ST_T02_R01,T02,R01,Gridworld_Anytime_Keyboard,0,Study 1,Gridworld,Anytime Feedback,Keyboard,92,8,1,0,1,DOWN,2,0,-0.5,-7.0,0,0,0,0.04777543649869839,0
1788307736.957624,P001,P001_S01,P001_S01_ST1ST_T02_R01,T02,R01,Gridworld_Anytime_Keyboard,0,Study 1,Gridworld,Anytime Feedback,Keyboard,92,9,2,0,3,RIGHT,2,1,-0.5,-7.5,0,0,0,0.04777543649869839,0
1788307737.020432,P001,P001_S01,P001_S01_ST1ST_T02_R01,T02,R01,Gridworld_Anytime_Keyboard,0,Study 1,Gridworld,Anytime Feedback,Keyboard,92,10,2,1,3,RIGHT,2,2,-0.5,-8.0,0,0,0,0.04777543649869839,0
1788307737.082725,P001,P001_S01,P001_S01_ST1ST_T02_R01,T02,R01,Gridworld_Anytime_Keyboard,0,Study 1,Gridworld,Anytime Feedback,Keyboard,92,11,2,2,3,RIGHT,2,3,-0.5,-8.5,0,0,0,0.04777543649869839,0
1788307737.159442,P001,P001_S01,P001_S01_ST1ST_T02_R01,T02,R01,Gridworld_Anytime_Keyboard,0,Study 1,Gridworld,Anytime Feedback,Keyboard,92,12,2,3,2,LEFT,2,2,-1.5,-10.0,0,0,0,0.04777543649869839,0
1788307737.221688,P001,P001_S01,P001_S01_ST1ST_T02_R01,T02,R01,Gridworld_Anytime_Keyboard,0,Study 1,Gridworld,Anytime Feedback,Keyboard,92,13,2,2,3,RIGHT,2,3,-0.5,-10.5,0,0,0,0.04777543649869839,0
1788307737.283453,P001,P001_S01,P001_S01_ST1ST_T02_R01,T02,R01,Gridworld_Anytime_Keyboard,0,Study 1,Gridworld,Anytime Feedback,Keyboard,92,14,2,3,1,DOWN,3,3,-0.5,-11.0,0,0,0,0.04777543649869839,0
1788307737.345257,P001,P001_S01,P001_S01_ST1ST_T02_R01,T02,R01,Gridworld_Anytime_Keyboard,0,Study 1,Gridworld,Anytime Feedback,Keyboard,92,15,3,3,1,DOWN,4,3,-0.5,-11.5,0,0,0,0.04777543649869839,0
1788307737.407170,P001,P001_S01,P001_S01_ST1ST_T02_R01,T02,R01,Gridworld_Anytime_Keyboard,0,Study 1,Gridworld,Anytime Feedback,Keyboard,92,16,4,3,3,RIGHT,4,4,-0.5,-12.0,0,0,0,0.04777543649869839,0
1788307737.469102,P001,P001_S01,P001_S01_ST1ST_T02_R01,T02,R01,Gridworld_Anytime_Keyboard,0,Study 1,Gridworld,Anytime Feedback,Keyboard,92,17,4,4,2,LEFT,4,3,-1.5,-13.5,0,0,0,0.04777543649869839,0
1788307737.531678,P001,P001_S01,P001_S01_ST1ST_T02_R01,T02,R01,Gridworld_Anytime_Keyboard,0,Study 1,Gridworld,Anytime Feedback,Keyboard,92,18,4,3,3,RIGHT,4,4,-0.5,-14.0,0,0,0,0.04777543649869839,0
1788307737.593925,P001,P001_S01,P001_S01_ST1ST_T02_R01,T02,R01,Gridworld_Anytime_Keyboard,0,Study 1,Gridworld,Anytime Feedback,Keyboard,92,19,4,4,3,RIGHT,4,5,-0.5,-14.5,0,0,0,0.04777543649869839,0
1788307737.656161,P001,P001_S01,P001_S01_ST1ST_T02_R01,T02,R01,Gridworld_Anytime_Keyboard,0,Study 1,Gridworld,Anytime Feedback,Keyboard,92,20,4,5,3,RIGHT,4,6,-0.5,-15.0,0,0,0,0.04777543649869839,0
1788307737.719416,P001,P001_S01,P001_S01_ST1ST_T02_R01,T02,R01,Gridworld_Anytime_Keyboard,0,Study 1,Gridworld,Anytime Feedback,Keyboard,92,21,4,6,3,RIGHT,4,7,-0.5,-15.5,0,0,0,0.04777543649869839,0
1788307737.782401,P001,P001_S01,P001_S01_ST1ST_T02_R01,T02,R01,Gridworld_Anytime_Keyboard,0,Study 1,Gridworld,Anytime Feedback,Keyboard,92,22,4,7,2,LEFT,4,6,-1.5,-17.0,0,0,0,0.04777543649869839,0
1788307737.843974,P001,P001_S01,P001_S01_ST1ST_T02_R01,T02,R01,Gridworld_Anytime_Keyboard,0,Study 1,Gridworld,Anytime Feedback,Keyboard,92,23,4,6,3,RIGHT,4,7,-0.5,-17.5,0,0,0,0.04777543649869839,0
1788307737.906834,P001,P001_S01,P001_S01_ST1ST_T02_R01,T02,R01,Gridworld_Anytime_Keyboard,0,Study 1,Gridworld,Anytime Feedback,Keyboard,92,24,4,7,1,DOWN,5,7,-50.0,-67.5,1,0,1,0.047751548780449043,0
1788307738.017620,P001,P001_S01,P001_S01_ST1ST_T02_R01,T02,R01,Gridworld_Anytime_Keyboard,0,Study 1,Gridworld,Anytime Feedback,Keyboard,93,1,0,0,1,DOWN,1,0,-0.5,-0.5,0,0,0,0.047751548780449043,0
1788307738.079936,P001,P001_S01,P001_S01_ST1ST_T02_R01,T02,R01,Gridworld_Anytime_Keyboard,0,Study 1,Gridworld,Anytime Feedback,Keyboard,93,2,1,0,1,DOWN,2,0,-0.5,-1.0,0,0,0,0.047751548780449043,0
1788307738.143191,P001,P001_S01,P001_S01_ST1ST_T02_R01,T02,R01,Gridworld_Anytime_Keyboard,0,Study 1,Gridworld,Anytime Feedback,Keyboard,93,3,2,0,1,DOWN,3,0,-0.5,-1.5,0,0,0,0.047751548780449043,0
1788307738.205906,P001,P001_S01,P001_S01_ST1ST_T02_R01,T02,R01,Gridworld_Anytime_Keyboard,0,Study 1,Gridworld,Anytime Feedback,Keyboard,93,4,3,0,1,DOWN,4,0,-0.5,-2.0,0,0,0,0.047751548780449043,0
1788307738.268040,P001,P001_S01,P001_S01_ST1ST_T02_R01,T02,R01,Gridworld_Anytime_Keyboard,0,Study 1,Gridworld,Anytime Feedback,Keyboard,93,5,4,0,3,RIGHT,4,1,-0.5,-2.5,0,0,0,0.047751548780449043,0
1788307738.330400,P001,P001_S01,P001_S01_ST1ST_T02_R01,T02,R01,Gridworld_Anytime_Keyboard,0,Study 1,Gridworld,Anytime Feedback,Keyboard,93,6,4,1,1,DOWN,5,1,-0.5,-3.0,0,0,0,0.047751548780449043,0
1788307738.392783,P001,P001_S01,P001_S01_ST1ST_T02_R01,T02,R01,Gridworld_Anytime_Keyboard,0,Study 1,Gridworld,Anytime Feedback,Keyboard,93,7,5,1,1,DOWN,6,1,-0.5,-3.5,0,0,0,0.047751548780449043,0
1788307738.454613,P001,P001_S01,P001_S01_ST1ST_T02_R01,T02,R01,Gridworld_Anytime_Keyboard,0,Study 1,Gridworld,Anytime Feedback,Keyboard,93,8,6,1,3,RIGHT,6,2,-0.5,-4.0,0,0,0,0.047751548780449043,0
1788307738.517633,P001,P001_S01,P001_S01_ST1ST_T02_R01,T02,R01,Gridworld_Anytime_Keyboard,0,Study 1,Gridworld,Anytime Feedback,Keyboard,93,9,6,2,1,DOWN,7,2,-50.0,-54.0,1,0,1,0.04772767300605882,0
1788307738.627678,P001,P001_S01,P001_S01_ST1ST_T02_R01,T02,R01,Gridworld_Anytime_Keyboard,0,Study 1,Gridworld,Anytime Feedback,Keyboard,94,1,0,0,1,DOWN,1,0,-0.5,-0.5,0,0,0,0.04772767300605882,0
1788307738.691377,P001,P001_S01,P001_S01_ST1ST_T02_R01,T02,R01,Gridworld_Anytime_Keyboard,0,Study 1,Gridworld,Anytime Feedback,Keyboard,94,2,1,0,3,RIGHT,1,1,-50.0,-50.5,1,0,1,0.04770380916955579,0
1788307738.785775,P001,P001_S01,P001_S01_ST1ST_T02_R01,T02,R01,Gridworld_Anytime_Keyboard,0,Study 1,Gridworld,Anytime Feedback,Keyboard,95,1,0,0,1,DOWN,1,0,-0.5,-0.5,0,0,0,0.04770380916955579,0
1788307738.862543,P001,P001_S01,P001_S01_ST1ST_T02_R01,T02,R01,Gridworld_Anytime_Keyboard,0,Study 1,Gridworld,Anytime Feedback,Keyboard,95,2,1,0,1,DOWN,2,0,-0.5,-1.0,0,0,0,0.04770380916955579,0
1788307738.925712,P001,P001_S01,P001_S01_ST1ST_T02_R01,T02,R01,Gridworld_Anytime_Keyboard,0,Study 1,Gridworld,Anytime Feedback,Keyboard,95,3,2,0,3,RIGHT,2,1,-0.5,-1.5,0,0,0,0.04770380916955579,0
1788307738.986694,P001,P001_S01,P001_S01_ST1ST_T02_R01,T02,R01,Gridworld_Anytime_Keyboard,0,Study 1,Gridworld,Anytime Feedback,Keyboard,95,4,2,1,3,RIGHT,2,2,-0.5,-2.0,0,0,0,0.04770380916955579,0
1788307739.048821,P001,P001_S01,P001_S01_ST1ST_T02_R01,T02,R01,Gridworld_Anytime_Keyboard,0,Study 1,Gridworld,Anytime Feedback,Keyboard,95,5,2,2,3,RIGHT,2,3,-0.5,-2.5,0,0,0,0.04770380916955579,0
1788307739.110444,P001,P001_S01,P001_S01_ST1ST_T02_R01,T02,R01,Gridworld_Anytime_Keyboard,0,Study 1,Gridworld,Anytime Feedback,Keyboard,95,6,2,3,1,DOWN,3,3,-0.5,-3.0,0,0,0,0.04770380916955579,0
1788307739.173706,P001,P001_S01,P001_S01_ST1ST_T02_R01,T02,R01,Gridworld_Anytime_Keyboard,0,Study 1,Gridworld,Anytime Feedback,Keyboard,95,7,3,3,0,UP,2,3,-1.5,-4.5,0,0,0,0.04770380916955579,0
1788307739.235779,P001,P001_S01,P001_S01_ST1ST_T02_R01,T02,R01,Gridworld_Anytime_Keyboard,0,Study 1,Gridworld,Anytime Feedback,Keyboard,95,8,2,3,1,DOWN,3,3,-0.5,-5.0,0,0,0,0.04770380916955579,0
1788307739.297425,P001,P001_S01,P001_S01_ST1ST_T02_R01,T02,R01,Gridworld_Anytime_Keyboard,0,Study 1,Gridworld,Anytime Feedback,Keyboard,95,9,3,3,2,LEFT,3,2,-50.0,-55.0,1,0,1,0.04767995726497102,0
1788307739.407803,P001,P001_S01,P001_S01_ST1ST_T02_R01,T02,R01,Gridworld_Anytime_Keyboard,0,Study 1,Gridworld,Anytime Feedback,Keyboard,96,1,0,0,1,DOWN,1,0,-0.5,-0.5,0,0,0,0.04767995726497102,0
1788307739.470835,P001,P001_S01,P001_S01_ST1ST_T02_R01,T02,R01,Gridworld_Anytime_Keyboard,0,Study 1,Gridworld,Anytime Feedback,Keyboard,96,2,1,0,1,DOWN,2,0,-0.5,-1.0,0,0,0,0.04767995726497102,0
1788307739.531992,P001,P001_S01,P001_S01_ST1ST_T02_R01,T02,R01,Gridworld_Anytime_Keyboard,0,Study 1,Gridworld,Anytime Feedback,Keyboard,96,3,2,0,0,UP,1,0,-1.5,-2.5,0,0,0,0.04767995726497102,0
1788307739.593385,P001,P001_S01,P001_S01_ST1ST_T02_R01,T02,R01,Gridworld_Anytime_Keyboard,0,Study 1,Gridworld,Anytime Feedback,Keyboard,96,4,1,0,1,DOWN,2,0,-0.5,-3.0,0,0,0,0.04767995726497102,0
1788307739.655548,P001,P001_S01,P001_S01_ST1ST_T02_R01,T02,R01,Gridworld_Anytime_Keyboard,0,Study 1,Gridworld,Anytime Feedback,Keyboard,96,5,2,0,1,DOWN,3,0,-0.5,-3.5,0,0,0,0.04767995726497102,0
1788307739.718849,P001,P001_S01,P001_S01_ST1ST_T02_R01,T02,R01,Gridworld_Anytime_Keyboard,0,Study 1,Gridworld,Anytime Feedback,Keyboard,96,6,3,0,0,UP,2,0,-1.5,-5.0,0,0,0,0.04767995726497102,0
1788307739.780639,P001,P001_S01,P001_S01_ST1ST_T02_R01,T02,R01,Gridworld_Anytime_Keyboard,0,Study 1,Gridworld,Anytime Feedback,Keyboard,96,7,2,0,3,RIGHT,2,1,-0.5,-5.5,0,0,0,0.04767995726497102,0
1788307739.842565,P001,P001_S01,P001_S01_ST1ST_T02_R01,T02,R01,Gridworld_Anytime_Keyboard,0,Study 1,Gridworld,Anytime Feedback,Keyboard,96,8,2,1,2,LEFT,2,0,-1.5,-7.0,0,0,0,0.04767995726497102,0
1788307739.904535,P001,P001_S01,P001_S01_ST1ST_T02_R01,T02,R01,Gridworld_Anytime_Keyboard,0,Study 1,Gridworld,Anytime Feedback,Keyboard,96,9,2,0,3,RIGHT,2,1,-0.5,-7.5,0,0,0,0.04767995726497102,0
1788307739.967101,P001,P001_S01,P001_S01_ST1ST_T02_R01,T02,R01,Gridworld_Anytime_Keyboard,0,Study 1,Gridworld,Anytime Feedback,Keyboard,96,10,2,1,3,RIGHT,2,2,-0.5,-8.0,0,0,0,0.04767995726497102,0
1788307740.029644,P001,P001_S01,P001_S01_ST1ST_T02_R01,T02,R01,Gridworld_Anytime_Keyboard,0,Study 1,Gridworld,Anytime Feedback,Keyboard,96,11,2,2,3,RIGHT,2,3,-0.5,-8.5,0,0,0,0.04767995726497102,0
1788307740.092056,P001,P001_S01,P001_S01_ST1ST_T02_R01,T02,R01,Gridworld_Anytime_Keyboard,0,Study 1,Gridworld,Anytime Feedback,Keyboard,96,12,2,3,1,DOWN,3,3,-0.5,-9.0,0,0,0,0.04767995726497102,0
1788307740.154222,P001,P001_S01,P001_S01_ST1ST_T02_R01,T02,R01,Gridworld_Anytime_Keyboard,0,Study 1,Gridworld,Anytime Feedback,Keyboard,96,13,3,3,1,DOWN,4,3,-0.5,-9.5,0,0,0,0.04767995726497102,0
1788307740.216927,P001,P001_S01,P001_S01_ST1ST_T02_R01,T02,R01,Gridworld_Anytime_Keyboard,0,Study 1,Gridworld,Anytime Feedback,Keyboard,96,14,4,3,3,RIGHT,4,4,-0.5,-10.0,0,0,0,0.04767995726497102,0
1788307740.279432,P001,P001_S01,P001_S01_ST1ST_T02_R01,T02,R01,Gridworld_Anytime_Keyboard,0,Study 1,Gridworld,Anytime Feedback,Keyboard,96,15,4,4,0,UP,3,4,-50.0,-60.0,1,0,1,0.047656117286338534,0
1788307740.388336,P001,P001_S01,P001_S01_ST1ST_T02_R01,T02,R01,Gridworld_Anytime_Keyboard,0,Study 1,Gridworld,Anytime Feedback,Keyboard,97,1,0,0,1,DOWN,1,0,-0.5,-0.5,0,0,0,0.047656117286338534,0
1788307740.451197,P001,P001_S01,P001_S01_ST1ST_T02_R01,T02,R01,Gridworld_Anytime_Keyboard,0,Study 1,Gridworld,Anytime Feedback,Keyboard,97,2,1,0,1,DOWN,2,0,-0.5,-1.0,0,0,0,0.047656117286338534,0
1788307740.512812,P001,P001_S01,P001_S01_ST1ST_T02_R01,T02,R01,Gridworld_Anytime_Keyboard,0,Study 1,Gridworld,Anytime Feedback,Keyboard,97,3,2,0,3,RIGHT,2,1,-0.5,-1.5,0,0,0,0.047656117286338534,0
1788307740.575718,P001,P001_S01,P001_S01_ST1ST_T02_R01,T02,R01,Gridworld_Anytime_Keyboard,0,Study 1,Gridworld,Anytime Feedback,Keyboard,97,4,2,1,3,RIGHT,2,2,-0.5,-2.0,0,0,0,0.047656117286338534,0
1788307740.637936,P001,P001_S01,P001_S01_ST1ST_T02_R01,T02,R01,Gridworld_Anytime_Keyboard,0,Study 1,Gridworld,Anytime Feedback,Keyboard,97,5,2,2,3,RIGHT,2,3,-0.5,-2.5,0,0,0,0.047656117286338534,0
1788307740.701453,P001,P001_S01,P001_S01_ST1ST_T02_R01,T02,R01,Gridworld_Anytime_Keyboard,0,Study 1,Gridworld,Anytime Feedback,Keyboard,97,6,2,3,0,UP,1,3,-50.0,-52.5,1,0,1,0.04763228922769537,0
1788307740.811297,P001,P001_S01,P001_S01_ST1ST_T02_R01,T02,R01,Gridworld_Anytime_Keyboard,0,Study 1,Gridworld,Anytime Feedback,Keyboard,98,1,0,0,1,DOWN,1,0,-0.5,-0.5,0,0,0,0.04763228922769537,0
1788307740.872932,P001,P001_S01,P001_S01_ST1ST_T02_R01,T02,R01,Gridworld_Anytime_Keyboard,0,Study 1,Gridworld,Anytime Feedback,Keyboard,98,2,1,0,1,DOWN,2,0,-0.5,-1.0,0,0,0,0.04763228922769537,0
1788307740.934787,P001,P001_S01,P001_S01_ST1ST_T02_R01,T02,R01,Gridworld_Anytime_Keyboard,0,Study 1,Gridworld,Anytime Feedback,Keyboard,98,3,2,0,0,UP,1,0,-1.5,-2.5,0,0,0,0.04763228922769537,0
1788307740.996375,P001,P001_S01,P001_S01_ST1ST_T02_R01,T02,R01,Gridworld_Anytime_Keyboard,0,Study 1,Gridworld,Anytime Feedback,Keyboard,98,4,1,0,1,DOWN,2,0,-0.5,-3.0,0,0,0,0.04763228922769537,0
1788307741.058131,P001,P001_S01,P001_S01_ST1ST_T02_R01,T02,R01,Gridworld_Anytime_Keyboard,0,Study 1,Gridworld,Anytime Feedback,Keyboard,98,5,2,0,3,RIGHT,2,1,-0.5,-3.5,0,0,0,0.04763228922769537,0
1788307741.120631,P001,P001_S01,P001_S01_ST1ST_T02_R01,T02,R01,Gridworld_Anytime_Keyboard,0,Study 1,Gridworld,Anytime Feedback,Keyboard,98,6,2,1,3,RIGHT,2,2,-0.5,-4.0,0,0,0,0.04763228922769537,0
1788307741.183167,P001,P001_S01,P001_S01_ST1ST_T02_R01,T02,R01,Gridworld_Anytime_Keyboard,0,Study 1,Gridworld,Anytime Feedback,Keyboard,98,7,2,2,3,RIGHT,2,3,-0.5,-4.5,0,0,0,0.04763228922769537,0
1788307741.245734,P001,P001_S01,P001_S01_ST1ST_T02_R01,T02,R01,Gridworld_Anytime_Keyboard,0,Study 1,Gridworld,Anytime Feedback,Keyboard,98,8,2,3,1,DOWN,3,3,-0.5,-5.0,0,0,0,0.04763228922769537,0
1788307741.308066,P001,P001_S01,P001_S01_ST1ST_T02_R01,T02,R01,Gridworld_Anytime_Keyboard,0,Study 1,Gridworld,Anytime Feedback,Keyboard,98,9,3,3,1,DOWN,4,3,-0.5,-5.5,0,0,0,0.04763228922769537,0
1788307741.371123,P001,P001_S01,P001_S01_ST1ST_T02_R01,T02,R01,Gridworld_Anytime_Keyboard,0,Study 1,Gridworld,Anytime Feedback,Keyboard,98,10,4,3,2,LEFT,4,2,-50.0,-55.5,1,0,1,0.047608473083081526,0
1788307741.481004,P001,P001_S01,P001_S01_ST1ST_T02_R01,T02,R01,Gridworld_Anytime_Keyboard,0,Study 1,Gridworld,Anytime Feedback,Keyboard,99,1,0,0,1,DOWN,1,0,-0.5,-0.5,0,0,0,0.047608473083081526,0
1788307741.542578,P001,P001_S01,P001_S01_ST1ST_T02_R01,T02,R01,Gridworld_Anytime_Keyboard,0,Study 1,Gridworld,Anytime Feedback,Keyboard,99,2,1,0,1,DOWN,2,0,-0.5,-1.0,0,0,0,0.047608473083081526,0
1788307741.604938,P001,P001_S01,P001_S01_ST1ST_T02_R01,T02,R01,Gridworld_Anytime_Keyboard,0,Study 1,Gridworld,Anytime Feedback,Keyboard,99,3,2,0,3,RIGHT,2,1,-0.5,-1.5,0,0,0,0.047608473083081526,0
1788307741.667066,P001,P001_S01,P001_S01_ST1ST_T02_R01,T02,R01,Gridworld_Anytime_Keyboard,0,Study 1,Gridworld,Anytime Feedback,Keyboard,99,4,2,1,3,RIGHT,2,2,-0.5,-2.0,0,0,0,0.047608473083081526,0
1788307741.729852,P001,P001_S01,P001_S01_ST1ST_T02_R01,T02,R01,Gridworld_Anytime_Keyboard,0,Study 1,Gridworld,Anytime Feedback,Keyboard,99,5,2,2,3,RIGHT,2,3,-0.5,-2.5,0,0,0,0.047608473083081526,0
1788307741.793372,P001,P001_S01,P001_S01_ST1ST_T02_R01,T02,R01,Gridworld_Anytime_Keyboard,0,Study 1,Gridworld,Anytime Feedback,Keyboard,99,6,2,3,1,DOWN,3,3,-0.5,-3.0,0,0,0,0.047608473083081526,0
1788307741.855850,P001,P001_S01,P001_S01_ST1ST_T02_R01,T02,R01,Gridworld_Anytime_Keyboard,0,Study 1,Gridworld,Anytime Feedback,Keyboard,99,7,3,3,1,DOWN,4,3,-0.5,-3.5,0,0,0,0.047608473083081526,0
1788307741.918189,P001,P001_S01,P001_S01_ST1ST_T02_R01,T02,R01,Gridworld_Anytime_Keyboard,0,Study 1,Gridworld,Anytime Feedback,Keyboard,99,8,4,3,0,UP,3,3,-1.5,-5.0,0,0,0,0.047608473083081526,0
1788307741.981444,P001,P001_S01,P001_S01_ST1ST_T02_R01,T02,R01,Gridworld_Anytime_Keyboard,0,Study 1,Gridworld,Anytime Feedback,Keyboard,99,9,3,3,1,DOWN,4,3,-0.5,-5.5,0,0,0,0.047608473083081526,0
1788307742.043903,P001,P001_S01,P001_S01_ST1ST_T02_R01,T02,R01,Gridworld_Anytime_Keyboard,0,Study 1,Gridworld,Anytime Feedback,Keyboard,99,10,4,3,3,RIGHT,4,4,-0.5,-6.0,0,0,0,0.047608473083081526,0
1788307742.105866,P001,P001_S01,P001_S01_ST1ST_T02_R01,T02,R01,Gridworld_Anytime_Keyboard,0,Study 1,Gridworld,Anytime Feedback,Keyboard,99,11,4,4,2,LEFT,4,3,-1.5,-7.5,0,0,0,0.047608473083081526,0
1788307742.169128,P001,P001_S01,P001_S01_ST1ST_T02_R01,T02,R01,Gridworld_Anytime_Keyboard,0,Study 1,Gridworld,Anytime Feedback,Keyboard,99,12,4,3,0,UP,3,3,-1.5,-9.0,0,0,0,0.047608473083081526,0
1788307742.231577,P001,P001_S01,P001_S01_ST1ST_T02_R01,T02,R01,Gridworld_Anytime_Keyboard,0,Study 1,Gridworld,Anytime Feedback,Keyboard,99,13,3,3,1,DOWN,4,3,-0.5,-9.5,0,0,0,0.047608473083081526,0
1788307742.294280,P001,P001_S01,P001_S01_ST1ST_T02_R01,T02,R01,Gridworld_Anytime_Keyboard,0,Study 1,Gridworld,Anytime Feedback,Keyboard,99,14,4,3,3,RIGHT,4,4,-0.5,-10.0,0,0,0,0.047608473083081526,1
1788307742.357844,P001,P001_S01,P001_S01_ST1ST_T02_R01,T02,R01,Gridworld_Anytime_Keyboard,0,Study 1,Gridworld,Anytime Feedback,Keyboard,99,15,4,4,0,UP,3,4,-50.0,-60.0,1,0,1,0.04758466884653999,0
1788307742.467563,P001,P001_S01,P001_S01_ST1ST_T02_R01,T02,R01,Gridworld_Anytime_Keyboard,0,Study 1,Gridworld,Anytime Feedback,Keyboard,100,1,0,0,1,DOWN,1,0,-0.5,-0.5,0,0,0,0.04758466884653999,0
1788307742.530634,P001,P001_S01,P001_S01_ST1ST_T02_R01,T02,R01,Gridworld_Anytime_Keyboard,0,Study 1,Gridworld,Anytime Feedback,Keyboard,100,2,1,0,0,UP,0,0,-1.5,-2.0,0,0,0,0.04758466884653999,0
1788307742.591780,P001,P001_S01,P001_S01_ST1ST_T02_R01,T02,R01,Gridworld_Anytime_Keyboard,0,Study 1,Gridworld,Anytime Feedback,Keyboard,100,3,0,0,1,DOWN,1,0,-0.5,-2.5,0,0,0,0.04758466884653999,0
1788307742.653118,P001,P001_S01,P001_S01_ST1ST_T02_R01,T02,R01,Gridworld_Anytime_Keyboard,0,Study 1,Gridworld,Anytime Feedback,Keyboard,100,4,1,0,1,DOWN,2,0,-0.5,-3.0,0,0,0,0.04758466884653999,0
1788307742.716451,P001,P001_S01,P001_S01_ST1ST_T02_R01,T02,R01,Gridworld_Anytime_Keyboard,0,Study 1,Gridworld,Anytime Feedback,Keyboard,100,5,2,0,3,RIGHT,2,1,-0.5,-3.5,0,0,0,0.04758466884653999,0
1788307742.779340,P001,P001_S01,P001_S01_ST1ST_T02_R01,T02,R01,Gridworld_Anytime_Keyboard,0,Study 1,Gridworld,Anytime Feedback,Keyboard,100,6,2,1,3,RIGHT,2,2,-0.5,-4.0,0,0,0,0.04758466884653999,0
1788307742.842005,P001,P001_S01,P001_S01_ST1ST_T02_R01,T02,R01,Gridworld_Anytime_Keyboard,0,Study 1,Gridworld,Anytime Feedback,Keyboard,100,7,2,2,3,RIGHT,2,3,-0.5,-4.5,0,0,0,0.04758466884653999,0
1788307742.903983,P001,P001_S01,P001_S01_ST1ST_T02_R01,T02,R01,Gridworld_Anytime_Keyboard,0,Study 1,Gridworld,Anytime Feedback,Keyboard,100,8,2,3,1,DOWN,3,3,-0.5,-5.0,0,0,0,0.04758466884653999,0
1788307742.966630,P001,P001_S01,P001_S01_ST1ST_T02_R01,T02,R01,Gridworld_Anytime_Keyboard,0,Study 1,Gridworld,Anytime Feedback,Keyboard,100,9,3,3,0,UP,2,3,-1.5,-6.5,0,0,0,0.04758466884653999,0
1788307743.029032,P001,P001_S01,P001_S01_ST1ST_T02_R01,T02,R01,Gridworld_Anytime_Keyboard,0,Study 1,Gridworld,Anytime Feedback,Keyboard,100,10,2,3,1,DOWN,3,3,-0.5,-7.0,0,0,0,0.04758466884653999,0
1788307743.091315,P001,P001_S01,P001_S01_ST1ST_T02_R01,T02,R01,Gridworld_Anytime_Keyboard,0,Study 1,Gridworld,Anytime Feedback,Keyboard,100,11,3,3,1,DOWN,4,3,-0.5,-7.5,0,0,0,0.04758466884653999,0
1788307743.152393,P001,P001_S01,P001_S01_ST1ST_T02_R01,T02,R01,Gridworld_Anytime_Keyboard,0,Study 1,Gridworld,Anytime Feedback,Keyboard,100,12,4,3,3,RIGHT,4,4,-0.5,-8.0,0,0,0,0.04758466884653999,0
1788307743.214795,P001,P001_S01,P001_S01_ST1ST_T02_R01,T02,R01,Gridworld_Anytime_Keyboard,0,Study 1,Gridworld,Anytime Feedback,Keyboard,100,13,4,4,3,RIGHT,4,5,-0.5,-8.5,0,0,0,0.04758466884653999,0
1788307743.277836,P001,P001_S01,P001_S01_ST1ST_T02_R01,T02,R01,Gridworld_Anytime_Keyboard,0,Study 1,Gridworld,Anytime Feedback,Keyboard,100,14,4,5,3,RIGHT,4,6,-0.5,-9.0,0,0,0,0.04758466884653999,0
1788307743.340541,P001,P001_S01,P001_S01_ST1ST_T02_R01,T02,R01,Gridworld_Anytime_Keyboard,0,Study 1,Gridworld,Anytime Feedback,Keyboard,100,15,4,6,2,LEFT,4,5,-1.5,-10.5,0,0,0,0.04758466884653999,0
1788307743.402504,P001,P001_S01,P001_S01_ST1ST_T02_R01,T02,R01,Gridworld_Anytime_Keyboard,0,Study 1,Gridworld,Anytime Feedback,Keyboard,100,16,4,5,3,RIGHT,4,6,-0.5,-11.0,0,0,0,0.04758466884653999,0
1788307743.464618,P001,P001_S01,P001_S01_ST1ST_T02_R01,T02,R01,Gridworld_Anytime_Keyboard,0,Study 1,Gridworld,Anytime Feedback,Keyboard,100,17,4,6,2,LEFT,4,5,-1.5,-12.5,0,0,0,0.04758466884653999,0
1788307743.527096,P001,P001_S01,P001_S01_ST1ST_T02_R01,T02,R01,Gridworld_Anytime_Keyboard,0,Study 1,Gridworld,Anytime Feedback,Keyboard,100,18,4,5,3,RIGHT,4,6,-0.5,-13.0,0,0,0,0.04758466884653999,1
1788307743.590192,P001,P001_S01,P001_S01_ST1ST_T02_R01,T02,R01,Gridworld_Anytime_Keyboard,0,Study 1,Gridworld,Anytime Feedback,Keyboard,100,19,4,6,3,RIGHT,4,7,-0.5,-13.5,0,0,0,0.04758466884653999,0
1788307743.653468,P001,P001_S01,P001_S01_ST1ST_T02_R01,T02,R01,Gridworld_Anytime_Keyboard,0,Study 1,Gridworld,Anytime Feedback,Keyboard,100,20,4,7,1,DOWN,5,7,-50.0,-63.5,1,0,1,0.04756087651211672,0
1788307743.763800,P001,P001_S01,P001_S01_ST1ST_T02_R01,T02,R01,Gridworld_Anytime_Keyboard,0,Study 1,Gridworld,Anytime Feedback,Keyboard,101,1,0,0,1,DOWN,1,0,-0.5,-0.5,0,0,0,0.04756087651211672,0
1788307743.826255,P001,P001_S01,P001_S01_ST1ST_T02_R01,T02,R01,Gridworld_Anytime_Keyboard,0,Study 1,Gridworld,Anytime Feedback,Keyboard,101,2,1,0,1,DOWN,2,0,-0.5,-1.0,0,0,0,0.04756087651211672,0
1788307743.888608,P001,P001_S01,P001_S01_ST1ST_T02_R01,T02,R01,Gridworld_Anytime_Keyboard,0,Study 1,Gridworld,Anytime Feedback,Keyboard,101,3,2,0,3,RIGHT,2,1,-0.5,-1.5,0,0,0,0.04756087651211672,0
1788307743.950569,P001,P001_S01,P001_S01_ST1ST_T02_R01,T02,R01,Gridworld_Anytime_Keyboard,0,Study 1,Gridworld,Anytime Feedback,Keyboard,101,4,2,1,3,RIGHT,2,2,-0.5,-2.0,0,0,0,0.04756087651211672,0
1788307744.013040,P001,P001_S01,P001_S01_ST1ST_T02_R01,T02,R01,Gridworld_Anytime_Keyboard,0,Study 1,Gridworld,Anytime Feedback,Keyboard,101,5,2,2,3,RIGHT,2,3,-0.5,-2.5,0,0,0,0.04756087651211672,0
1788307744.074191,P001,P001_S01,P001_S01_ST1ST_T02_R01,T02,R01,Gridworld_Anytime_Keyboard,0,Study 1,Gridworld,Anytime Feedback,Keyboard,101,6,2,3,1,DOWN,3,3,-0.5,-3.0,0,0,0,0.04756087651211672,0
1788307744.136371,P001,P001_S01,P001_S01_ST1ST_T02_R01,T02,R01,Gridworld_Anytime_Keyboard,0,Study 1,Gridworld,Anytime Feedback,Keyboard,101,7,3,3,1,DOWN,4,3,-0.5,-3.5,0,0,0,0.04756087651211672,0
1788307744.197925,P001,P001_S01,P001_S01_ST1ST_T02_R01,T02,R01,Gridworld_Anytime_Keyboard,0,Study 1,Gridworld,Anytime Feedback,Keyboard,101,8,4,3,0,UP,3,3,-1.5,-5.0,0,0,0,0.04756087651211672,0
1788307744.260184,P001,P001_S01,P001_S01_ST1ST_T02_R01,T02,R01,Gridworld_Anytime_Keyboard,0,Study 1,Gridworld,Anytime Feedback,Keyboard,101,9,3,3,0,UP,2,3,-1.5,-6.5,0,0,0,0.04756087651211672,0
1788307744.322881,P001,P001_S01,P001_S01_ST1ST_T02_R01,T02,R01,Gridworld_Anytime_Keyboard,0,Study 1,Gridworld,Anytime Feedback,Keyboard,101,10,2,3,1,DOWN,3,3,-0.5,-7.0,0,0,0,0.04756087651211672,0
1788307744.384248,P001,P001_S01,P001_S01_ST1ST_T02_R01,T02,R01,Gridworld_Anytime_Keyboard,0,Study 1,Gridworld,Anytime Feedback,Keyboard,101,11,3,3,0,UP,2,3,-1.5,-8.5,0,0,0,0.04756087651211672,0
1788307744.446701,P001,P001_S01,P001_S01_ST1ST_T02_R01,T02,R01,Gridworld_Anytime_Keyboard,0,Study 1,Gridworld,Anytime Feedback,Keyboard,101,12,2,3,1,DOWN,3,3,-0.5,-9.0,0,0,0,0.04756087651211672,0
1788307744.509408,P001,P001_S01,P001_S01_ST1ST_T02_R01,T02,R01,Gridworld_Anytime_Keyboard,0,Study 1,Gridworld,Anytime Feedback,Keyboard,101,13,3,3,1,DOWN,4,3,-0.5,-9.5,0,0,0,0.04756087651211672,0
1788307744.572128,P001,P001_S01,P001_S01_ST1ST_T02_R01,T02,R01,Gridworld_Anytime_Keyboard,0,Study 1,Gridworld,Anytime Feedback,Keyboard,101,14,4,3,3,RIGHT,4,4,-0.5,-10.0,0,0,0,0.04756087651211672,0
1788307744.633804,P001,P001_S01,P001_S01_ST1ST_T02_R01,T02,R01,Gridworld_Anytime_Keyboard,0,Study 1,Gridworld,Anytime Feedback,Keyboard,101,15,4,4,3,RIGHT,4,5,-0.5,-10.5,0,0,0,0.04756087651211672,0
1788307744.695108,P001,P001_S01,P001_S01_ST1ST_T02_R01,T02,R01,Gridworld_Anytime_Keyboard,0,Study 1,Gridworld,Anytime Feedback,Keyboard,101,16,4,5,3,RIGHT,4,6,-0.5,-11.0,0,0,0,0.04756087651211672,0
1788307744.757669,P001,P001_S01,P001_S01_ST1ST_T02_R01,T02,R01,Gridworld_Anytime_Keyboard,0,Study 1,Gridworld,Anytime Feedback,Keyboard,101,17,4,6,3,RIGHT,4,7,-0.5,-11.5,0,0,0,0.04756087651211672,0
1788307744.820039,P001,P001_S01,P001_S01_ST1ST_T02_R01,T02,R01,Gridworld_Anytime_Keyboard,0,Study 1,Gridworld,Anytime Feedback,Keyboard,101,18,4,7,2,LEFT,4,6,-1.5,-13.0,0,0,0,0.04756087651211672,0
1788307744.883736,P001,P001_S01,P001_S01_ST1ST_T02_R01,T02,R01,Gridworld_Anytime_Keyboard,0,Study 1,Gridworld,Anytime Feedback,Keyboard,101,19,4,6,1,DOWN,5,6,-50.0,-63.0,1,0,1,0.04753709607386066,0
1788307744.993976,P001,P001_S01,P001_S01_ST1ST_T02_R01,T02,R01,Gridworld_Anytime_Keyboard,0,Study 1,Gridworld,Anytime Feedback,Keyboard,102,1,0,0,1,DOWN,1,0,-0.5,-0.5,0,0,0,0.04753709607386066,0
1788307745.056514,P001,P001_S01,P001_S01_ST1ST_T02_R01,T02,R01,Gridworld_Anytime_Keyboard,0,Study 1,Gridworld,Anytime Feedback,Keyboard,102,2,1,0,1,DOWN,2,0,-0.5,-1.0,0,0,0,0.04753709607386066,0
1788307745.118227,P001,P001_S01,P001_S01_ST1ST_T02_R01,T02,R01,Gridworld_Anytime_Keyboard,0,Study 1,Gridworld,Anytime Feedback,Keyboard,102,3,2,0,1,DOWN,3,0,-0.5,-1.5,0,0,0,0.04753709607386066,0
1788307745.179300,P001,P001_S01,P001_S01_ST1ST_T02_R01,T02,R01,Gridworld_Anytime_Keyboard,0,Study 1,Gridworld,Anytime Feedback,Keyboard,102,4,3,0,1,DOWN,4,0,-0.5,-2.0,0,0,0,0.04753709607386066,0
1788307745.241120,P001,P001_S01,P001_S01_ST1ST_T02_R01,T02,R01,Gridworld_Anytime_Keyboard,0,Study 1,Gridworld,Anytime Feedback,Keyboard,102,5,4,0,3,RIGHT,4,1,-0.5,-2.5,0,0,0,0.04753709607386066,0
1788307745.304624,P001,P001_S01,P001_S01_ST1ST_T02_R01,T02,R01,Gridworld_Anytime_Keyboard,0,Study 1,Gridworld,Anytime Feedback,Keyboard,102,6,4,1,0,UP,3,1,-50.0,-52.5,1,0,1,0.04751332752582373,0
1788307745.412979,P001,P001_S01,P001_S01_ST1ST_T02_R01,T02,R01,Gridworld_Anytime_Keyboard,0,Study 1,Gridworld,Anytime Feedback,Keyboard,103,1,0,0,1,DOWN,1,0,-0.5,-0.5,0,0,0,0.04751332752582373,0
1788307745.475018,P001,P001_S01,P001_S01_ST1ST_T02_R01,T02,R01,Gridworld_Anytime_Keyboard,0,Study 1,Gridworld,Anytime Feedback,Keyboard,103,2,1,0,2,LEFT,1,-1,-50.0,-50.5,1,0,1,0.04748957086206082,0
1788307745.584811,P001,P001_S01,P001_S01_ST1ST_T02_R01,T02,R01,Gridworld_Anytime_Keyboard,0,Study 1,Gridworld,Anytime Feedback,Keyboard,104,1,0,0,1,DOWN,1,0,-0.5,-0.5,0,0,0,0.04748957086206082,0
1788307745.646309,P001,P001_S01,P001_S01_ST1ST_T02_R01,T02,R01,Gridworld_Anytime_Keyboard,0,Study 1,Gridworld,Anytime Feedback,Keyboard,104,2,1,0,1,DOWN,2,0,-0.5,-1.0,0,0,0,0.04748957086206082,0
1788307745.708501,P001,P001_S01,P001_S01_ST1ST_T02_R01,T02,R01,Gridworld_Anytime_Keyboard,0,Study 1,Gridworld,Anytime Feedback,Keyboard,104,3,2,0,3,RIGHT,2,1,-0.5,-1.5,0,0,0,0.04748957086206082,0
1788307745.770737,P001,P001_S01,P001_S01_ST1ST_T02_R01,T02,R01,Gridworld_Anytime_Keyboard,0,Study 1,Gridworld,Anytime Feedback,Keyboard,104,4,2,1,3,RIGHT,2,2,-0.5,-2.0,0,0,0,0.04748957086206082,0
1788307745.833950,P001,P001_S01,P001_S01_ST1ST_T02_R01,T02,R01,Gridworld_Anytime_Keyboard,0,Study 1,Gridworld,Anytime Feedback,Keyboard,104,5,2,2,3,RIGHT,2,3,-0.5,-2.5,0,0,0,0.04748957086206082,0
1788307745.895146,P001,P001_S01,P001_S01_ST1ST_T02_R01,T02,R01,Gridworld_Anytime_Keyboard,0,Study 1,Gridworld,Anytime Feedback,Keyboard,104,6,2,3,1,DOWN,3,3,-0.5,-3.0,0,0,0,0.04748957086206082,0
1788307745.957114,P001,P001_S01,P001_S01_ST1ST_T02_R01,T02,R01,Gridworld_Anytime_Keyboard,0,Study 1,Gridworld,Anytime Feedback,Keyboard,104,7,3,3,1,DOWN,4,3,-0.5,-3.5,0,0,0,0.04748957086206082,0
1788307746.034816,P001,P001_S01,P001_S01_ST1ST_T02_R01,T02,R01,Gridworld_Anytime_Keyboard,0,Study 1,Gridworld,Anytime Feedback,Keyboard,104,8,4,3,0,UP,3,3,-1.5,-5.0,0,0,0,0.04748957086206082,0
1788307746.096706,P001,P001_S01,P001_S01_ST1ST_T02_R01,T02,R01,Gridworld_Anytime_Keyboard,0,Study 1,Gridworld,Anytime Feedback,Keyboard,104,9,3,3,1,DOWN,4,3,-0.5,-5.5,0,0,0,0.04748957086206082,0
1788307746.158592,P001,P001_S01,P001_S01_ST1ST_T02_R01,T02,R01,Gridworld_Anytime_Keyboard,0,Study 1,Gridworld,Anytime Feedback,Keyboard,104,10,4,3,3,RIGHT,4,4,-0.5,-6.0,0,0,0,0.04748957086206082,0
1788307746.221132,P001,P001_S01,P001_S01_ST1ST_T02_R01,T02,R01,Gridworld_Anytime_Keyboard,0,Study 1,Gridworld,Anytime Feedback,Keyboard,104,11,4,4,3,RIGHT,4,5,-0.5,-6.5,0,0,0,0.04748957086206082,0
1788307746.282555,P001,P001_S01,P001_S01_ST1ST_T02_R01,T02,R01,Gridworld_Anytime_Keyboard,0,Study 1,Gridworld,Anytime Feedback,Keyboard,104,12,4,5,3,RIGHT,4,6,-0.5,-7.0,0,0,0,0.04748957086206082,0
1788307746.344963,P001,P001_S01,P001_S01_ST1ST_T02_R01,T02,R01,Gridworld_Anytime_Keyboard,0,Study 1,Gridworld,Anytime Feedback,Keyboard,104,13,4,6,0,UP,3,6,-50.0,-57.0,1,0,1,0.047465826076629795,0
1788307746.454549,P001,P001_S01,P001_S01_ST1ST_T02_R01,T02,R01,Gridworld_Anytime_Keyboard,0,Study 1,Gridworld,Anytime Feedback,Keyboard,105,1,0,0,1,DOWN,1,0,-0.5,-0.5,0,0,0,0.047465826076629795,0
1788307746.516737,P001,P001_S01,P001_S01_ST1ST_T02_R01,T02,R01,Gridworld_Anytime_Keyboard,0,Study 1,Gridworld,Anytime Feedback,Keyboard,105,2,1,0,1,DOWN,2,0,-0.5,-1.0,0,0,0,0.047465826076629795,0
1788307746.579258,P001,P001_S01,P001_S01_ST1ST_T02_R01,T02,R01,Gridworld_Anytime_Keyboard,0,Study 1,Gridworld,Anytime Feedback,Keyboard,105,3,2,0,3,RIGHT,2,1,-0.5,-1.5,0,0,0,0.047465826076629795,0
1788307746.641623,P001,P001_S01,P001_S01_ST1ST_T02_R01,T02,R01,Gridworld_Anytime_Keyboard,0,Study 1,Gridworld,Anytime Feedback,Keyboard,105,4,2,1,3,RIGHT,2,2,-0.5,-2.0,0,0,0,0.047465826076629795,0
1788307746.704203,P001,P001_S01,P001_S01_ST1ST_T02_R01,T02,R01,Gridworld_Anytime_Keyboard,0,Study 1,Gridworld,Anytime Feedback,Keyboard,105,5,2,2,3,RIGHT,2,3,-0.5,-2.5,0,0,0,0.047465826076629795,0
1788307746.767671,P001,P001_S01,P001_S01_ST1ST_T02_R01,T02,R01,Gridworld_Anytime_Keyboard,0,Study 1,Gridworld,Anytime Feedback,Keyboard,105,6,2,3,1,DOWN,3,3,-0.5,-3.0,0,0,0,0.047465826076629795,0
1788307746.829776,P001,P001_S01,P001_S01_ST1ST_T02_R01,T02,R01,Gridworld_Anytime_Keyboard,0,Study 1,Gridworld,Anytime Feedback,Keyboard,105,7,3,3,1,DOWN,4,3,-0.5,-3.5,0,0,0,0.047465826076629795,0
1788307746.893031,P001,P001_S01,P001_S01_ST1ST_T02_R01,T02,R01,Gridworld_Anytime_Keyboard,0,Study 1,Gridworld,Anytime Feedback,Keyboard,105,8,4,3,3,RIGHT,4,4,-0.5,-4.0,0,0,0,0.047465826076629795,0
1788307746.955225,P001,P001_S01,P001_S01_ST1ST_T02_R01,T02,R01,Gridworld_Anytime_Keyboard,0,Study 1,Gridworld,Anytime Feedback,Keyboard,105,9,4,4,3,RIGHT,4,5,-0.5,-4.5,0,0,0,0.047465826076629795,0
1788307747.017761,P001,P001_S01,P001_S01_ST1ST_T02_R01,T02,R01,Gridworld_Anytime_Keyboard,0,Study 1,Gridworld,Anytime Feedback,Keyboard,105,10,4,5,3,RIGHT,4,6,-0.5,-5.0,0,0,0,0.047465826076629795,0
1788307747.080167,P001,P001_S01,P001_S01_ST1ST_T02_R01,T02,R01,Gridworld_Anytime_Keyboard,0,Study 1,Gridworld,Anytime Feedback,Keyboard,105,11,4,6,3,RIGHT,4,7,-0.5,-5.5,0,0,0,0.047465826076629795,0
1788307747.142352,P001,P001_S01,P001_S01_ST1ST_T02_R01,T02,R01,Gridworld_Anytime_Keyboard,0,Study 1,Gridworld,Anytime Feedback,Keyboard,105,12,4,7,3,RIGHT,4,8,-0.5,-6.0,0,0,0,0.047465826076629795,0
1788307747.205175,P001,P001_S01,P001_S01_ST1ST_T02_R01,T02,R01,Gridworld_Anytime_Keyboard,0,Study 1,Gridworld,Anytime Feedback,Keyboard,105,13,4,8,2,LEFT,4,7,-1.5,-7.5,0,0,0,0.047465826076629795,0
1788307747.266828,P001,P001_S01,P001_S01_ST1ST_T02_R01,T02,R01,Gridworld_Anytime_Keyboard,0,Study 1,Gridworld,Anytime Feedback,Keyboard,105,14,4,7,2,LEFT,4,6,-1.5,-9.0,0,0,0,0.047465826076629795,0
1788307747.328930,P001,P001_S01,P001_S01_ST1ST_T02_R01,T02,R01,Gridworld_Anytime_Keyboard,0,Study 1,Gridworld,Anytime Feedback,Keyboard,105,15,4,6,0,UP,3,6,-50.0,-59.0,1,0,1,0.047442093163591485,0
1788307747.438507,P001,P001_S01,P001_S01_ST1ST_T02_R01,T02,R01,Gridworld_Anytime_Keyboard,0,Study 1,Gridworld,Anytime Feedback,Keyboard,106,1,0,0,1,DOWN,1,0,-0.5,-0.5,0,0,0,0.047442093163591485,0
1788307747.500381,P001,P001_S01,P001_S01_ST1ST_T02_R01,T02,R01,Gridworld_Anytime_Keyboard,0,Study 1,Gridworld,Anytime Feedback,Keyboard,106,2,1,0,1,DOWN,2,0,-0.5,-1.0,0,0,0,0.047442093163591485,0
1788307747.562915,P001,P001_S01,P001_S01_ST1ST_T02_R01,T02,R01,Gridworld_Anytime_Keyboard,0,Study 1,Gridworld,Anytime Feedback,Keyboard,106,3,2,0,3,RIGHT,2,1,-0.5,-1.5,0,0,0,0.047442093163591485,0
1788307747.624916,P001,P001_S01,P001_S01_ST1ST_T02_R01,T02,R01,Gridworld_Anytime_Keyboard,0,Study 1,Gridworld,Anytime Feedback,Keyboard,106,4,2,1,3,RIGHT,2,2,-0.5,-2.0,0,0,0,0.047442093163591485,0
1788307747.686917,P001,P001_S01,P001_S01_ST1ST_T02_R01,T02,R01,Gridworld_Anytime_Keyboard,0,Study 1,Gridworld,Anytime Feedback,Keyboard,106,5,2,2,3,RIGHT,2,3,-0.5,-2.5,0,0,0,0.047442093163591485,0
1788307747.749617,P001,P001_S01,P001_S01_ST1ST_T02_R01,T02,R01,Gridworld_Anytime_Keyboard,0,Study 1,Gridworld,Anytime Feedback,Keyboard,106,6,2,3,1,DOWN,3,3,-0.5,-3.0,0,0,0,0.047442093163591485,0
1788307747.812155,P001,P001_S01,P001_S01_ST1ST_T02_R01,T02,R01,Gridworld_Anytime_Keyboard,0,Study 1,Gridworld,Anytime Feedback,Keyboard,106,7,3,3,1,DOWN,4,3,-0.5,-3.5,0,0,0,0.047442093163591485,0
1788307747.874850,P001,P001_S01,P001_S01_ST1ST_T02_R01,T02,R01,Gridworld_Anytime_Keyboard,0,Study 1,Gridworld,Anytime Feedback,Keyboard,106,8,4,3,2,LEFT,4,2,-50.0,-53.5,1,0,1,0.047418372117009694,0
1788307747.982111,P001,P001_S01,P001_S01_ST1ST_T02_R01,T02,R01,Gridworld_Anytime_Keyboard,0,Study 1,Gridworld,Anytime Feedback,Keyboard,107,1,0,0,3,RIGHT,0,1,-0.5,-0.5,0,0,0,0.047418372117009694,0
1788307748.043473,P001,P001_S01,P001_S01_ST1ST_T02_R01,T02,R01,Gridworld_Anytime_Keyboard,0,Study 1,Gridworld,Anytime Feedback,Keyboard,107,2,0,1,2,LEFT,0,0,-1.5,-2.0,0,0,0,0.047418372117009694,0
1788307748.106400,P001,P001_S01,P001_S01_ST1ST_T02_R01,T02,R01,Gridworld_Anytime_Keyboard,0,Study 1,Gridworld,Anytime Feedback,Keyboard,107,3,0,0,1,DOWN,1,0,-0.5,-2.5,0,0,0,0.047418372117009694,0
1788307748.167224,P001,P001_S01,P001_S01_ST1ST_T02_R01,T02,R01,Gridworld_Anytime_Keyboard,0,Study 1,Gridworld,Anytime Feedback,Keyboard,107,4,1,0,1,DOWN,2,0,-0.5,-3.0,0,0,0,0.047418372117009694,0
1788307748.228276,P001,P001_S01,P001_S01_ST1ST_T02_R01,T02,R01,Gridworld_Anytime_Keyboard,0,Study 1,Gridworld,Anytime Feedback,Keyboard,107,5,2,0,3,RIGHT,2,1,-0.5,-3.5,0,0,0,0.047418372117009694,0
1788307748.291930,P001,P001_S01,P001_S01_ST1ST_T02_R01,T02,R01,Gridworld_Anytime_Keyboard,0,Study 1,Gridworld,Anytime Feedback,Keyboard,107,6,2,1,3,RIGHT,2,2,-0.5,-4.0,0,0,0,0.047418372117009694,0
1788307748.354271,P001,P001_S01,P001_S01_ST1ST_T02_R01,T02,R01,Gridworld_Anytime_Keyboard,0,Study 1,Gridworld,Anytime Feedback,Keyboard,107,7,2,2,3,RIGHT,2,3,-0.5,-4.5,0,0,0,0.047418372117009694,0
1788307748.416398,P001,P001_S01,P001_S01_ST1ST_T02_R01,T02,R01,Gridworld_Anytime_Keyboard,0,Study 1,Gridworld,Anytime Feedback,Keyboard,107,8,2,3,1,DOWN,3,3,-0.5,-5.0,0,0,0,0.047418372117009694,0
1788307748.478555,P001,P001_S01,P001_S01_ST1ST_T02_R01,T02,R01,Gridworld_Anytime_Keyboard,0,Study 1,Gridworld,Anytime Feedback,Keyboard,107,9,3,3,1,DOWN,4,3,-0.5,-5.5,0,0,0,0.047418372117009694,0
1788307748.539573,P001,P001_S01,P001_S01_ST1ST_T02_R01,T02,R01,Gridworld_Anytime_Keyboard,0,Study 1,Gridworld,Anytime Feedback,Keyboard,107,10,4,3,3,RIGHT,4,4,-0.5,-6.0,0,0,0,0.047418372117009694,0
1788307748.600730,P001,P001_S01,P001_S01_ST1ST_T02_R01,T02,R01,Gridworld_Anytime_Keyboard,0,Study 1,Gridworld,Anytime Feedback,Keyboard,107,11,4,4,3,RIGHT,4,5,-0.5,-6.5,0,0,0,0.047418372117009694,0
1788307748.662856,P001,P001_S01,P001_S01_ST1ST_T02_R01,T02,R01,Gridworld_Anytime_Keyboard,0,Study 1,Gridworld,Anytime Feedback,Keyboard,107,12,4,5,3,RIGHT,4,6,-0.5,-7.0,0,0,0,0.047418372117009694,0
1788307748.724993,P001,P001_S01,P001_S01_ST1ST_T02_R01,T02,R01,Gridworld_Anytime_Keyboard,0,Study 1,Gridworld,Anytime Feedback,Keyboard,107,13,4,6,3,RIGHT,4,7,-0.5,-7.5,0,0,0,0.047418372117009694,0
1788307748.786827,P001,P001_S01,P001_S01_ST1ST_T02_R01,T02,R01,Gridworld_Anytime_Keyboard,0,Study 1,Gridworld,Anytime Feedback,Keyboard,107,14,4,7,3,RIGHT,4,8,-0.5,-8.0,0,0,0,0.047418372117009694,0
1788307748.849170,P001,P001_S01,P001_S01_ST1ST_T02_R01,T02,R01,Gridworld_Anytime_Keyboard,0,Study 1,Gridworld,Anytime Feedback,Keyboard,107,15,4,8,2,LEFT,4,7,-1.5,-9.5,0,0,0,0.047418372117009694,0
1788307748.912716,P001,P001_S01,P001_S01_ST1ST_T02_R01,T02,R01,Gridworld_Anytime_Keyboard,0,Study 1,Gridworld,Anytime Feedback,Keyboard,107,16,4,7,0,UP,3,7,-50.0,-59.5,1,0,1,0.04739466293095119,0
1788307749.021005,P001,P001_S01,P001_S01_ST1ST_T02_R01,T02,R01,Gridworld_Anytime_Keyboard,0,Study 1,Gridworld,Anytime Feedback,Keyboard,108,1,0,0,3,RIGHT,0,1,-0.5,-0.5,0,0,0,0.04739466293095119,0
1788307749.082245,P001,P001_S01,P001_S01_ST1ST_T02_R01,T02,R01,Gridworld_Anytime_Keyboard,0,Study 1,Gridworld,Anytime Feedback,Keyboard,108,2,0,1,3,RIGHT,0,2,-0.5,-1.0,0,0,0,0.04739466293095119,0
1788307749.145044,P001,P001_S01,P001_S01_ST1ST_T02_R01,T02,R01,Gridworld_Anytime_Keyboard,0,Study 1,Gridworld,Anytime Feedback,Keyboard,108,3,0,2,3,RIGHT,0,3,-0.5,-1.5,0,0,0,0.04739466293095119,0
1788307749.207612,P001,P001_S01,P001_S01_ST1ST_T02_R01,T02,R01,Gridworld_Anytime_Keyboard,0,Study 1,Gridworld,Anytime Feedback,Keyboard,108,4,0,3,1,DOWN,1,3,-50.0,-51.5,1,0,1,0.04737096559948571,0
1788307749.316791,P001,P001_S01,P001_S01_ST1ST_T02_R01,T02,R01,Gridworld_Anytime_Keyboard,0,Study 1,Gridworld,Anytime Feedback,Keyboard,109,1,0,0,1,DOWN,1,0,-0.5,-0.5,0,0,0,0.04737096559948571,0
1788307749.394314,P001,P001_S01,P001_S01_ST1ST_T02_R01,T02,R01,Gridworld_Anytime_Keyboard,0,Study 1,Gridworld,Anytime Feedback,Keyboard,109,2,1,0,1,DOWN,2,0,-0.5,-1.0,0,0,0,0.04737096559948571,0
1788307749.455834,P001,P001_S01,P001_S01_ST1ST_T02_R01,T02,R01,Gridworld_Anytime_Keyboard,0,Study 1,Gridworld,Anytime Feedback,Keyboard,109,3,2,0,0,UP,1,0,-1.5,-2.5,0,0,0,0.04737096559948571,0
1788307749.516687,P001,P001_S01,P001_S01_ST1ST_T02_R01,T02,R01,Gridworld_Anytime_Keyboard,0,Study 1,Gridworld,Anytime Feedback,Keyboard,109,4,1,0,1,DOWN,2,0,-0.5,-3.0,0,0,0,0.04737096559948571,0
1788307749.579220,P001,P001_S01,P001_S01_ST1ST_T02_R01,T02,R01,Gridworld_Anytime_Keyboard,0,Study 1,Gridworld,Anytime Feedback,Keyboard,109,5,2,0,3,RIGHT,2,1,-0.5,-3.5,0,0,0,0.04737096559948571,0
1788307749.640898,P001,P001_S01,P001_S01_ST1ST_T02_R01,T02,R01,Gridworld_Anytime_Keyboard,0,Study 1,Gridworld,Anytime Feedback,Keyboard,109,6,2,1,3,RIGHT,2,2,-0.5,-4.0,0,0,0,0.04737096559948571,0
1788307749.702498,P001,P001_S01,P001_S01_ST1ST_T02_R01,T02,R01,Gridworld_Anytime_Keyboard,0,Study 1,Gridworld,Anytime Feedback,Keyboard,109,7,2,2,3,RIGHT,2,3,-0.5,-4.5,0,0,0,0.04737096559948571,0
1788307749.765738,P001,P001_S01,P001_S01_ST1ST_T02_R01,T02,R01,Gridworld_Anytime_Keyboard,0,Study 1,Gridworld,Anytime Feedback,Keyboard,109,8,2,3,1,DOWN,3,3,-0.5,-5.0,0,0,0,0.04737096559948571,0
1788307749.828056,P001,P001_S01,P001_S01_ST1ST_T02_R01,T02,R01,Gridworld_Anytime_Keyboard,0,Study 1,Gridworld,Anytime Feedback,Keyboard,109,9,3,3,1,DOWN,4,3,-0.5,-5.5,0,0,0,0.04737096559948571,0
1788307749.890891,P001,P001_S01,P001_S01_ST1ST_T02_R01,T02,R01,Gridworld_Anytime_Keyboard,0,Study 1,Gridworld,Anytime Feedback,Keyboard,109,10,4,3,3,RIGHT,4,4,-0.5,-6.0,0,0,0,0.04737096559948571,0
1788307749.954800,P001,P001_S01,P001_S01_ST1ST_T02_R01,T02,R01,Gridworld_Anytime_Keyboard,0,Study 1,Gridworld,Anytime Feedback,Keyboard,109,11,4,4,3,RIGHT,4,5,-0.5,-6.5,0,0,0,0.04737096559948571,0
1788307750.017653,P001,P001_S01,P001_S01_ST1ST_T02_R01,T02,R01,Gridworld_Anytime_Keyboard,0,Study 1,Gridworld,Anytime Feedback,Keyboard,109,12,4,5,3,RIGHT,4,6,-0.5,-7.0,0,0,0,0.04737096559948571,0
1788307750.080196,P001,P001_S01,P001_S01_ST1ST_T02_R01,T02,R01,Gridworld_Anytime_Keyboard,0,Study 1,Gridworld,Anytime Feedback,Keyboard,109,13,4,6,3,RIGHT,4,7,-0.5,-7.5,0,0,0,0.04737096559948571,0
1788307750.143151,P001,P001_S01,P001_S01_ST1ST_T02_R01,T02,R01,Gridworld_Anytime_Keyboard,0,Study 1,Gridworld,Anytime Feedback,Keyboard,109,14,4,7,3,RIGHT,4,8,-0.5,-8.0,0,0,0,0.04737096559948571,0
1788307750.205649,P001,P001_S01,P001_S01_ST1ST_T02_R01,T02,R01,Gridworld_Anytime_Keyboard,0,Study 1,Gridworld,Anytime Feedback,Keyboard,109,15,4,8,2,LEFT,4,7,-1.5,-9.5,0,0,0,0.04737096559948571,0
1788307750.267651,P001,P001_S01,P001_S01_ST1ST_T02_R01,T02,R01,Gridworld_Anytime_Keyboard,0,Study 1,Gridworld,Anytime Feedback,Keyboard,109,16,4,7,1,DOWN,5,7,-50.0,-59.5,1,0,1,0.04734728011668597,0
1788307750.377861,P001,P001_S01,P001_S01_ST1ST_T02_R01,T02,R01,Gridworld_Anytime_Keyboard,0,Study 1,Gridworld,Anytime Feedback,Keyboard,110,1,0,0,1,DOWN,1,0,-0.5,-0.5,0,0,0,0.04734728011668597,0
1788307750.439835,P001,P001_S01,P001_S01_ST1ST_T02_R01,T02,R01,Gridworld_Anytime_Keyboard,0,Study 1,Gridworld,Anytime Feedback,Keyboard,110,2,1,0,1,DOWN,2,0,-0.5,-1.0,0,0,0,0.04734728011668597,0
1788307750.501821,P001,P001_S01,P001_S01_ST1ST_T02_R01,T02,R01,Gridworld_Anytime_Keyboard,0,Study 1,Gridworld,Anytime Feedback,Keyboard,110,3,2,0,1,DOWN,3,0,-0.5,-1.5,0,0,0,0.04734728011668597,0
1788307750.562987,P001,P001_S01,P001_S01_ST1ST_T02_R01,T02,R01,Gridworld_Anytime_Keyboard,0,Study 1,Gridworld,Anytime Feedback,Keyboard,110,4,3,0,1,DOWN,4,0,-0.5,-2.0,0,0,0,0.04734728011668597,0
1788307750.626141,P001,P001_S01,P001_S01_ST1ST_T02_R01,T02,R01,Gridworld_Anytime_Keyboard,0,Study 1,Gridworld,Anytime Feedback,Keyboard,110,5,4,0,3,RIGHT,4,1,-0.5,-2.5,0,0,0,0.04734728011668597,0
1788307750.688252,P001,P001_S01,P001_S01_ST1ST_T02_R01,T02,R01,Gridworld_Anytime_Keyboard,0,Study 1,Gridworld,Anytime Feedback,Keyboard,110,6,4,1,1,DOWN,5,1,-0.5,-3.0,0,0,0,0.04734728011668597,0
1788307750.750523,P001,P001_S01,P001_S01_ST1ST_T02_R01,T02,R01,Gridworld_Anytime_Keyboard,0,Study 1,Gridworld,Anytime Feedback,Keyboard,110,7,5,1,2,LEFT,5,0,-50.0,-53.0,1,0,1,0.04732360647662763,0
1788307750.861280,P001,P001_S01,P001_S01_ST1ST_T02_R01,T02,R01,Gridworld_Anytime_Keyboard,0,Study 1,Gridworld,Anytime Feedback,Keyboard,111,1,0,0,1,DOWN,1,0,-0.5,-0.5,0,0,0,0.04732360647662763,0
1788307750.923850,P001,P001_S01,P001_S01_ST1ST_T02_R01,T02,R01,Gridworld_Anytime_Keyboard,0,Study 1,Gridworld,Anytime Feedback,Keyboard,111,2,1,0,1,DOWN,2,0,-0.5,-1.0,0,0,0,0.04732360647662763,0
1788307750.984982,P001,P001_S01,P001_S01_ST1ST_T02_R01,T02,R01,Gridworld_Anytime_Keyboard,0,Study 1,Gridworld,Anytime Feedback,Keyboard,111,3,2,0,3,RIGHT,2,1,-0.5,-1.5,0,0,0,0.04732360647662763,0
1788307751.047460,P001,P001_S01,P001_S01_ST1ST_T02_R01,T02,R01,Gridworld_Anytime_Keyboard,0,Study 1,Gridworld,Anytime Feedback,Keyboard,111,4,2,1,3,RIGHT,2,2,-0.5,-2.0,0,0,0,0.04732360647662763,0
1788307751.109183,P001,P001_S01,P001_S01_ST1ST_T02_R01,T02,R01,Gridworld_Anytime_Keyboard,0,Study 1,Gridworld,Anytime Feedback,Keyboard,111,5,2,2,3,RIGHT,2,3,-0.5,-2.5,0,0,0,0.04732360647662763,0
1788307751.171477,P001,P001_S01,P001_S01_ST1ST_T02_R01,T02,R01,Gridworld_Anytime_Keyboard,0,Study 1,Gridworld,Anytime Feedback,Keyboard,111,6,2,3,1,DOWN,3,3,-0.5,-3.0,0,0,0,0.04732360647662763,0
1788307751.233896,P001,P001_S01,P001_S01_ST1ST_T02_R01,T02,R01,Gridworld_Anytime_Keyboard,0,Study 1,Gridworld,Anytime Feedback,Keyboard,111,7,3,3,1,DOWN,4,3,-0.5,-3.5,0,0,0,0.04732360647662763,0
1788307751.295285,P001,P001_S01,P001_S01_ST1ST_T02_R01,T02,R01,Gridworld_Anytime_Keyboard,0,Study 1,Gridworld,Anytime Feedback,Keyboard,111,8,4,3,3,RIGHT,4,4,-0.5,-4.0,0,0,0,0.04732360647662763,0
1788307751.358374,P001,P001_S01,P001_S01_ST1ST_T02_R01,T02,R01,Gridworld_Anytime_Keyboard,0,Study 1,Gridworld,Anytime Feedback,Keyboard,111,9,4,4,3,RIGHT,4,5,-0.5,-4.5,0,0,0,0.04732360647662763,0
1788307751.420620,P001,P001_S01,P001_S01_ST1ST_T02_R01,T02,R01,Gridworld_Anytime_Keyboard,0,Study 1,Gridworld,Anytime Feedback,Keyboard,111,10,4,5,3,RIGHT,4,6,-0.5,-5.0,0,0,0,0.04732360647662763,0
1788307751.481320,P001,P001_S01,P001_S01_ST1ST_T02_R01,T02,R01,Gridworld_Anytime_Keyboard,0,Study 1,Gridworld,Anytime Feedback,Keyboard,111,11,4,6,2,LEFT,4,5,-1.5,-6.5,0,0,0,0.04732360647662763,0
1788307751.543205,P001,P001_S01,P001_S01_ST1ST_T02_R01,T02,R01,Gridworld_Anytime_Keyboard,0,Study 1,Gridworld,Anytime Feedback,Keyboard,111,12,4,5,3,RIGHT,4,6,-0.5,-7.0,0,0,0,0.04732360647662763,0
1788307751.605507,P001,P001_S01,P001_S01_ST1ST_T02_R01,T02,R01,Gridworld_Anytime_Keyboard,0,Study 1,Gridworld,Anytime Feedback,Keyboard,111,13,4,6,3,RIGHT,4,7,-0.5,-7.5,0,0,0,0.04732360647662763,0
1788307751.668146,P001,P001_S01,P001_S01_ST1ST_T02_R01,T02,R01,Gridworld_Anytime_Keyboard,0,Study 1,Gridworld,Anytime Feedback,Keyboard,111,14,4,7,3,RIGHT,4,8,-0.5,-8.0,0,0,0,0.04732360647662763,0
1788307751.729396,P001,P001_S01,P001_S01_ST1ST_T02_R01,T02,R01,Gridworld_Anytime_Keyboard,0,Study 1,Gridworld,Anytime Feedback,Keyboard,111,15,4,8,2,LEFT,4,7,-1.5,-9.5,0,0,0,0.04732360647662763,0
1788307751.791908,P001,P001_S01,P001_S01_ST1ST_T02_R01,T02,R01,Gridworld_Anytime_Keyboard,0,Study 1,Gridworld,Anytime Feedback,Keyboard,111,16,4,7,0,UP,3,7,-50.0,-59.5,1,0,1,0.04729994467338932,0
1788307751.917952,P001,P001_S01,P001_S01_ST1ST_T02_R01,T02,R01,Gridworld_Anytime_Keyboard,0,Study 1,Gridworld,Anytime Feedback,Keyboard,112,1,0,0,1,DOWN,1,0,-0.5,-0.5,0,0,0,0.04729994467338932,0
1788307751.980914,P001,P001_S01,P001_S01_ST1ST_T02_R01,T02,R01,Gridworld_Anytime_Keyboard,0,Study 1,Gridworld,Anytime Feedback,Keyboard,112,2,1,0,1,DOWN,2,0,-0.5,-1.0,0,0,0,0.04729994467338932,0
1788307752.043010,P001,P001_S01,P001_S01_ST1ST_T02_R01,T02,R01,Gridworld_Anytime_Keyboard,0,Study 1,Gridworld,Anytime Feedback,Keyboard,112,3,2,0,3,RIGHT,2,1,-0.5,-1.5,0,0,0,0.04729994467338932,0
1788307752.104421,P001,P001_S01,P001_S01_ST1ST_T02_R01,T02,R01,Gridworld_Anytime_Keyboard,0,Study 1,Gridworld,Anytime Feedback,Keyboard,112,4,2,1,3,RIGHT,2,2,-0.5,-2.0,0,0,0,0.04729994467338932,0
1788307752.167004,P001,P001_S01,P001_S01_ST1ST_T02_R01,T02,R01,Gridworld_Anytime_Keyboard,0,Study 1,Gridworld,Anytime Feedback,Keyboard,112,5,2,2,3,RIGHT,2,3,-0.5,-2.5,0,0,0,0.04729994467338932,0
1788307752.228211,P001,P001_S01,P001_S01_ST1ST_T02_R01,T02,R01,Gridworld_Anytime_Keyboard,0,Study 1,Gridworld,Anytime Feedback,Keyboard,112,6,2,3,2,LEFT,2,2,-1.5,-4.0,0,0,0,0.04729994467338932,0
1788307752.290945,P001,P001_S01,P001_S01_ST1ST_T02_R01,T02,R01,Gridworld_Anytime_Keyboard,0,Study 1,Gridworld,Anytime Feedback,Keyboard,112,7,2,2,3,RIGHT,2,3,-0.5,-4.5,0,0,0,0.04729994467338932,0
1788307752.353463,P001,P001_S01,P001_S01_ST1ST_T02_R01,T02,R01,Gridworld_Anytime_Keyboard,0,Study 1,Gridworld,Anytime Feedback,Keyboard,112,8,2,3,2,LEFT,2,2,-1.5,-6.0,0,0,0,0.04729994467338932,0
1788307752.416159,P001,P001_S01,P001_S01_ST1ST_T02_R01,T02,R01,Gridworld_Anytime_Keyboard,0,Study 1,Gridworld,Anytime Feedback,Keyboard,112,9,2,2,2,LEFT,2,1,-1.5,-7.5,0,0,0,0.04729994467338932,0
1788307752.478240,P001,P001_S01,P001_S01_ST1ST_T02_R01,T02,R01,Gridworld_Anytime_Keyboard,0,Study 1,Gridworld,Anytime Feedback,Keyboard,112,10,2,1,3,RIGHT,2,2,-0.5,-8.0,0,0,0,0.04729994467338932,0
1788307752.538781,P001,P001_S01,P001_S01_ST1ST_T02_R01,T02,R01,Gridworld_Anytime_Keyboard,0,Study 1,Gridworld,Anytime Feedback,Keyboard,112,11,2,2,3,RIGHT,2,3,-0.5,-8.5,0,0,0,0.04729994467338932,0
1788307752.601333,P001,P001_S01,P001_S01_ST1ST_T02_R01,T02,R01,Gridworld_Anytime_Keyboard,0,Study 1,Gridworld,Anytime Feedback,Keyboard,112,12,2,3,1,DOWN,3,3,-0.5,-9.0,0,0,0,0.04729994467338932,0
1788307752.663307,P001,P001_S01,P001_S01_ST1ST_T02_R01,T02,R01,Gridworld_Anytime_Keyboard,0,Study 1,Gridworld,Anytime Feedback,Keyboard,112,13,3,3,1,DOWN,4,3,-0.5,-9.5,0,0,0,0.04729994467338932,0
1788307752.725101,P001,P001_S01,P001_S01_ST1ST_T02_R01,T02,R01,Gridworld_Anytime_Keyboard,0,Study 1,Gridworld,Anytime Feedback,Keyboard,112,14,4,3,3,RIGHT,4,4,-0.5,-10.0,0,0,0,0.04729994467338932,0
1788307752.788758,P001,P001_S01,P001_S01_ST1ST_T02_R01,T02,R01,Gridworld_Anytime_Keyboard,0,Study 1,Gridworld,Anytime Feedback,Keyboard,112,15,4,4,3,RIGHT,4,5,-0.5,-10.5,0,0,0,0.04729994467338932,0
1788307752.851267,P001,P001_S01,P001_S01_ST1ST_T02_R01,T02,R01,Gridworld_Anytime_Keyboard,0,Study 1,Gridworld,Anytime Feedback,Keyboard,112,16,4,5,3,RIGHT,4,6,-0.5,-11.0,0,0,0,0.04729994467338932,0
1788307752.915266,P001,P001_S01,P001_S01_ST1ST_T02_R01,T02,R01,Gridworld_Anytime_Keyboard,0,Study 1,Gridworld,Anytime Feedback,Keyboard,112,17,4,6,2,LEFT,4,5,-1.5,-12.5,0,0,0,0.04729994467338932,0
1788307752.977777,P001,P001_S01,P001_S01_ST1ST_T02_R01,T02,R01,Gridworld_Anytime_Keyboard,0,Study 1,Gridworld,Anytime Feedback,Keyboard,112,18,4,5,3,RIGHT,4,6,-0.5,-13.0,0,0,0,0.04729994467338932,0
1788307753.041287,P001,P001_S01,P001_S01_ST1ST_T02_R01,T02,R01,Gridworld_Anytime_Keyboard,0,Study 1,Gridworld,Anytime Feedback,Keyboard,112,19,4,6,2,LEFT,4,5,-1.5,-14.5,0,0,0,0.04729994467338932,0
1788307753.104287,P001,P001_S01,P001_S01_ST1ST_T02_R01,T02,R01,Gridworld_Anytime_Keyboard,0,Study 1,Gridworld,Anytime Feedback,Keyboard,112,20,4,5,3,RIGHT,4,6,-0.5,-15.0,0,0,0,0.04729994467338932,1
1788307753.165800,P001,P001_S01,P001_S01_ST1ST_T02_R01,T02,R01,Gridworld_Anytime_Keyboard,0,Study 1,Gridworld,Anytime Feedback,Keyboard,112,21,4,6,3,RIGHT,4,7,-0.5,-15.5,0,0,0,0.04729994467338932,0
1788307753.229803,P001,P001_S01,P001_S01_ST1ST_T02_R01,T02,R01,Gridworld_Anytime_Keyboard,0,Study 1,Gridworld,Anytime Feedback,Keyboard,112,22,4,7,3,RIGHT,4,8,-0.5,-16.0,0,0,0,0.04729994467338932,0
1788307753.291310,P001,P001_S01,P001_S01_ST1ST_T02_R01,T02,R01,Gridworld_Anytime_Keyboard,0,Study 1,Gridworld,Anytime Feedback,Keyboard,112,23,4,8,1,DOWN,5,8,-50.0,-66.0,1,0,1,0.04727629470105263,0
1788307753.398636,P001,P001_S01,P001_S01_ST1ST_T02_R01,T02,R01,Gridworld_Anytime_Keyboard,0,Study 1,Gridworld,Anytime Feedback,Keyboard,113,1,0,0,1,DOWN,1,0,-0.5,-0.5,0,0,0,0.04727629470105263,0
1788307753.459886,P001,P001_S01,P001_S01_ST1ST_T02_R01,T02,R01,Gridworld_Anytime_Keyboard,0,Study 1,Gridworld,Anytime Feedback,Keyboard,113,2,1,0,1,DOWN,2,0,-0.5,-1.0,0,0,0,0.04727629470105263,0
1788307753.521528,P001,P001_S01,P001_S01_ST1ST_T02_R01,T02,R01,Gridworld_Anytime_Keyboard,0,Study 1,Gridworld,Anytime Feedback,Keyboard,113,3,2,0,3,RIGHT,2,1,-0.5,-1.5,0,0,0,0.04727629470105263,0
1788307753.583904,P001,P001_S01,P001_S01_ST1ST_T02_R01,T02,R01,Gridworld_Anytime_Keyboard,0,Study 1,Gridworld,Anytime Feedback,Keyboard,113,4,2,1,3,RIGHT,2,2,-0.5,-2.0,0,0,0,0.04727629470105263,0
1788307753.647913,P001,P001_S01,P001_S01_ST1ST_T02_R01,T02,R01,Gridworld_Anytime_Keyboard,0,Study 1,Gridworld,Anytime Feedback,Keyboard,113,5,2,2,3,RIGHT,2,3,-0.5,-2.5,0,0,0,0.04727629470105263,0
1788307753.724750,P001,P001_S01,P001_S01_ST1ST_T02_R01,T02,R01,Gridworld_Anytime_Keyboard,0,Study 1,Gridworld,Anytime Feedback,Keyboard,113,6,2,3,2,LEFT,2,2,-1.5,-4.0,0,0,0,0.04727629470105263,0
1788307753.786793,P001,P001_S01,P001_S01_ST1ST_T02_R01,T02,R01,Gridworld_Anytime_Keyboard,0,Study 1,Gridworld,Anytime Feedback,Keyboard,113,7,2,2,2,LEFT,2,1,-1.5,-5.5,0,0,0,0.04727629470105263,0
1788307753.848698,P001,P001_S01,P001_S01_ST1ST_T02_R01,T02,R01,Gridworld_Anytime_Keyboard,0,Study 1,Gridworld,Anytime Feedback,Keyboard,113,8,2,1,3,RIGHT,2,2,-0.5,-6.0,0,0,0,0.04727629470105263,0
1788307753.911062,P001,P001_S01,P001_S01_ST1ST_T02_R01,T02,R01,Gridworld_Anytime_Keyboard,0,Study 1,Gridworld,Anytime Feedback,Keyboard,113,9,2,2,2,LEFT,2,1,-1.5,-7.5,0,0,0,0.04727629470105263,0
1788307753.974118,P001,P001_S01,P001_S01_ST1ST_T02_R01,T02,R01,Gridworld_Anytime_Keyboard,0,Study 1,Gridworld,Anytime Feedback,Keyboard,113,10,2,1,3,RIGHT,2,2,-0.5,-8.0,0,0,0,0.04727629470105263,0
1788307754.037243,P001,P001_S01,P001_S01_ST1ST_T02_R01,T02,R01,Gridworld_Anytime_Keyboard,0,Study 1,Gridworld,Anytime Feedback,Keyboard,113,11,2,2,3,RIGHT,2,3,-0.5,-8.5,0,0,0,0.04727629470105263,0
1788307754.099555,P001,P001_S01,P001_S01_ST1ST_T02_R01,T02,R01,Gridworld_Anytime_Keyboard,0,Study 1,Gridworld,Anytime Feedback,Keyboard,113,12,2,3,1,DOWN,3,3,-0.5,-9.0,0,0,0,0.04727629470105263,0
1788307754.162033,P001,P001_S01,P001_S01_ST1ST_T02_R01,T02,R01,Gridworld_Anytime_Keyboard,0,Study 1,Gridworld,Anytime Feedback,Keyboard,113,13,3,3,1,DOWN,4,3,-0.5,-9.5,0,0,0,0.04727629470105263,0
1788307754.224441,P001,P001_S01,P001_S01_ST1ST_T02_R01,T02,R01,Gridworld_Anytime_Keyboard,0,Study 1,Gridworld,Anytime Feedback,Keyboard,113,14,4,3,3,RIGHT,4,4,-0.5,-10.0,0,0,0,0.04727629470105263,0
1788307754.285843,P001,P001_S01,P001_S01_ST1ST_T02_R01,T02,R01,Gridworld_Anytime_Keyboard,0,Study 1,Gridworld,Anytime Feedback,Keyboard,113,15,4,4,3,RIGHT,4,5,-0.5,-10.5,0,0,0,0.04727629470105263,0
1788307754.348251,P001,P001_S01,P001_S01_ST1ST_T02_R01,T02,R01,Gridworld_Anytime_Keyboard,0,Study 1,Gridworld,Anytime Feedback,Keyboard,113,16,4,5,3,RIGHT,4,6,-0.5,-11.0,0,0,0,0.04727629470105263,0
1788307754.425367,P001,P001_S01,P001_S01_ST1ST_T02_R01,T02,R01,Gridworld_Anytime_Keyboard,0,Study 1,Gridworld,Anytime Feedback,Keyboard,113,17,4,6,3,RIGHT,4,7,-0.5,-11.5,0,0,0,0.04727629470105263,0
1788307754.487701,P001,P001_S01,P001_S01_ST1ST_T02_R01,T02,R01,Gridworld_Anytime_Keyboard,0,Study 1,Gridworld,Anytime Feedback,Keyboard,113,18,4,7,3,RIGHT,4,8,-0.5,-12.0,0,0,0,0.04727629470105263,0
1788307754.550540,P001,P001_S01,P001_S01_ST1ST_T02_R01,T02,R01,Gridworld_Anytime_Keyboard,0,Study 1,Gridworld,Anytime Feedback,Keyboard,113,19,4,8,2,LEFT,4,7,-1.5,-13.5,0,0,0,0.04727629470105263,0
1788307754.597827,P001,P001_S01,P001_S01_ST1ST_T02_R01,T02,R01,Gridworld_Anytime_Keyboard,0,Study 1,Gridworld,Anytime Feedback,Keyboard,113,20,4,7,3,RIGHT,4,8,-0.5,-14.0,0,0,0,0.04727629470105263,0
1788307754.675864,P001,P001_S01,P001_S01_ST1ST_T02_R01,T02,R01,Gridworld_Anytime_Keyboard,0,Study 1,Gridworld,Anytime Feedback,Keyboard,113,21,4,8,1,DOWN,5,8,-50.0,-64.0,1,0,1,0.0472526565537021,0
1788307754.785869,P001,P001_S01,P001_S01_ST1ST_T02_R01,T02,R01,Gridworld_Anytime_Keyboard,0,Study 1,Gridworld,Anytime Feedback,Keyboard,114,1,0,0,1,DOWN,1,0,-0.5,-0.5,0,0,0,0.0472526565537021,0
1788307754.848288,P001,P001_S01,P001_S01_ST1ST_T02_R01,T02,R01,Gridworld_Anytime_Keyboard,0,Study 1,Gridworld,Anytime Feedback,Keyboard,114,2,1,0,1,DOWN,2,0,-0.5,-1.0,0,0,0,0.0472526565537021,0
1788307754.910508,P001,P001_S01,P001_S01_ST1ST_T02_R01,T02,R01,Gridworld_Anytime_Keyboard,0,Study 1,Gridworld,Anytime Feedback,Keyboard,114,3,2,0,3,RIGHT,2,1,-0.5,-1.5,0,0,0,0.0472526565537021,0
1788307754.972996,P001,P001_S01,P001_S01_ST1ST_T02_R01,T02,R01,Gridworld_Anytime_Keyboard,0,Study 1,Gridworld,Anytime Feedback,Keyboard,114,4,2,1,3,RIGHT,2,2,-0.5,-2.0,0,0,0,0.0472526565537021,0
1788307755.035958,P001,P001_S01,P001_S01_ST1ST_T02_R01,T02,R01,Gridworld_Anytime_Keyboard,0,Study 1,Gridworld,Anytime Feedback,Keyboard,114,5,2,2,3,RIGHT,2,3,-0.5,-2.5,0,0,0,0.0472526565537021,0
1788307755.098973,P001,P001_S01,P001_S01_ST1ST_T02_R01,T02,R01,Gridworld_Anytime_Keyboard,0,Study 1,Gridworld,Anytime Feedback,Keyboard,114,6,2,3,1,DOWN,3,3,-0.5,-3.0,0,0,0,0.0472526565537021,0
1788307755.160520,P001,P001_S01,P001_S01_ST1ST_T02_R01,T02,R01,Gridworld_Anytime_Keyboard,0,Study 1,Gridworld,Anytime Feedback,Keyboard,114,7,3,3,1,DOWN,4,3,-0.5,-3.5,0,0,0,0.0472526565537021,0
1788307755.236743,P001,P001_S01,P001_S01_ST1ST_T02_R01,T02,R01,Gridworld_Anytime_Keyboard,0,Study 1,Gridworld,Anytime Feedback,Keyboard,114,8,4,3,3,RIGHT,4,4,-0.5,-4.0,0,0,0,0.0472526565537021,0
1788307755.299639,P001,P001_S01,P001_S01_ST1ST_T02_R01,T02,R01,Gridworld_Anytime_Keyboard,0,Study 1,Gridworld,Anytime Feedback,Keyboard,114,9,4,4,3,RIGHT,4,5,-0.5,-4.5,0,0,0,0.0472526565537021,0
1788307755.361545,P001,P001_S01,P001_S01_ST1ST_T02_R01,T02,R01,Gridworld_Anytime_Keyboard,0,Study 1,Gridworld,Anytime Feedback,Keyboard,114,10,4,5,3,RIGHT,4,6,-0.5,-5.0,0,0,0,0.0472526565537021,0
1788307755.424176,P001,P001_S01,P001_S01_ST1ST_T02_R01,T02,R01,Gridworld_Anytime_Keyboard,0,Study 1,Gridworld,Anytime Feedback,Keyboard,114,11,4,6,2,LEFT,4,5,-1.5,-6.5,0,0,0,0.0472526565537021,0
1788307755.486621,P001,P001_S01,P001_S01_ST1ST_T02_R01,T02,R01,Gridworld_Anytime_Keyboard,0,Study 1,Gridworld,Anytime Feedback,Keyboard,114,12,4,5,2,LEFT,4,4,-1.5,-8.0,0,0,0,0.0472526565537021,0
1788307755.549252,P001,P001_S01,P001_S01_ST1ST_T02_R01,T02,R01,Gridworld_Anytime_Keyboard,0,Study 1,Gridworld,Anytime Feedback,Keyboard,114,13,4,4,3,RIGHT,4,5,-0.5,-8.5,0,0,0,0.0472526565537021,0
1788307755.612525,P001,P001_S01,P001_S01_ST1ST_T02_R01,T02,R01,Gridworld_Anytime_Keyboard,0,Study 1,Gridworld,Anytime Feedback,Keyboard,114,14,4,5,3,RIGHT,4,6,-0.5,-9.0,0,0,0,0.0472526565537021,1
1788307755.674988,P001,P001_S01,P001_S01_ST1ST_T02_R01,T02,R01,Gridworld_Anytime_Keyboard,0,Study 1,Gridworld,Anytime Feedback,Keyboard,114,15,4,6,3,RIGHT,4,7,-0.5,-9.5,0,0,0,0.0472526565537021,0
1788307755.737589,P001,P001_S01,P001_S01_ST1ST_T02_R01,T02,R01,Gridworld_Anytime_Keyboard,0,Study 1,Gridworld,Anytime Feedback,Keyboard,114,16,4,7,2,LEFT,4,6,-1.5,-11.0,0,0,0,0.0472526565537021,0
1788307755.800714,P001,P001_S01,P001_S01_ST1ST_T02_R01,T02,R01,Gridworld_Anytime_Keyboard,0,Study 1,Gridworld,Anytime Feedback,Keyboard,114,17,4,6,3,RIGHT,4,7,-0.5,-11.5,0,0,0,0.0472526565537021,0
1788307755.848236,P001,P001_S01,P001_S01_ST1ST_T02_R01,T02,R01,Gridworld_Anytime_Keyboard,0,Study 1,Gridworld,Anytime Feedback,Keyboard,114,18,4,7,3,RIGHT,4,8,-0.5,-12.0,0,0,0,0.0472526565537021,0
1788307755.910253,P001,P001_S01,P001_S01_ST1ST_T02_R01,T02,R01,Gridworld_Anytime_Keyboard,0,Study 1,Gridworld,Anytime Feedback,Keyboard,114,19,4,8,2,LEFT,4,7,-1.5,-13.5,0,0,0,0.0472526565537021,0
1788307755.974258,P001,P001_S01,P001_S01_ST1ST_T02_R01,T02,R01,Gridworld_Anytime_Keyboard,0,Study 1,Gridworld,Anytime Feedback,Keyboard,114,20,4,7,0,UP,3,7,-50.0,-63.5,1,0,1,0.04722903022542525,0
1788307756.085771,P001,P001_S01,P001_S01_ST1ST_T02_R01,T02,R01,Gridworld_Anytime_Keyboard,0,Study 1,Gridworld,Anytime Feedback,Keyboard,115,1,0,0,1,DOWN,1,0,-0.5,-0.5,0,0,0,0.04722903022542525,0
1788307756.149032,P001,P001_S01,P001_S01_ST1ST_T02_R01,T02,R01,Gridworld_Anytime_Keyboard,0,Study 1,Gridworld,Anytime Feedback,Keyboard,115,2,1,0,1,DOWN,2,0,-0.5,-1.0,0,0,0,0.04722903022542525,0
1788307756.212695,P001,P001_S01,P001_S01_ST1ST_T02_R01,T02,R01,Gridworld_Anytime_Keyboard,0,Study 1,Gridworld,Anytime Feedback,Keyboard,115,3,2,0,3,RIGHT,2,1,-0.5,-1.5,0,0,0,0.04722903022542525,0
1788307756.275097,P001,P001_S01,P001_S01_ST1ST_T02_R01,T02,R01,Gridworld_Anytime_Keyboard,0,Study 1,Gridworld,Anytime Feedback,Keyboard,115,4,2,1,3,RIGHT,2,2,-0.5,-2.0,0,0,0,0.04722903022542525,0
1788307756.338269,P001,P001_S01,P001_S01_ST1ST_T02_R01,T02,R01,Gridworld_Anytime_Keyboard,0,Study 1,Gridworld,Anytime Feedback,Keyboard,115,5,2,2,3,RIGHT,2,3,-0.5,-2.5,0,0,0,0.04722903022542525,0
1788307756.399704,P001,P001_S01,P001_S01_ST1ST_T02_R01,T02,R01,Gridworld_Anytime_Keyboard,0,Study 1,Gridworld,Anytime Feedback,Keyboard,115,6,2,3,1,DOWN,3,3,-0.5,-3.0,0,0,0,0.04722903022542525,0
1788307756.461733,P001,P001_S01,P001_S01_ST1ST_T02_R01,T02,R01,Gridworld_Anytime_Keyboard,0,Study 1,Gridworld,Anytime Feedback,Keyboard,115,7,3,3,1,DOWN,4,3,-0.5,-3.5,0,0,0,0.04722903022542525,0
1788307756.524247,P001,P001_S01,P001_S01_ST1ST_T02_R01,T02,R01,Gridworld_Anytime_Keyboard,0,Study 1,Gridworld,Anytime Feedback,Keyboard,115,8,4,3,3,RIGHT,4,4,-0.5,-4.0,0,0,0,0.04722903022542525,0
1788307756.586743,P001,P001_S01,P001_S01_ST1ST_T02_R01,T02,R01,Gridworld_Anytime_Keyboard,0,Study 1,Gridworld,Anytime Feedback,Keyboard,115,9,4,4,3,RIGHT,4,5,-0.5,-4.5,0,0,0,0.04722903022542525,0
1788307756.649947,P001,P001_S01,P001_S01_ST1ST_T02_R01,T02,R01,Gridworld_Anytime_Keyboard,0,Study 1,Gridworld,Anytime Feedback,Keyboard,115,10,4,5,3,RIGHT,4,6,-0.5,-5.0,0,0,0,0.04722903022542525,0
1788307756.711995,P001,P001_S01,P001_S01_ST1ST_T02_R01,T02,R01,Gridworld_Anytime_Keyboard,0,Study 1,Gridworld,Anytime Feedback,Keyboard,115,11,4,6,3,RIGHT,4,7,-0.5,-5.5,0,0,0,0.04722903022542525,0
1788307756.773192,P001,P001_S01,P001_S01_ST1ST_T02_R01,T02,R01,Gridworld_Anytime_Keyboard,0,Study 1,Gridworld,Anytime Feedback,Keyboard,115,12,4,7,3,RIGHT,4,8,-0.5,-6.0,0,0,0,0.04722903022542525,0
1788307756.836182,P001,P001_S01,P001_S01_ST1ST_T02_R01,T02,R01,Gridworld_Anytime_Keyboard,0,Study 1,Gridworld,Anytime Feedback,Keyboard,115,13,4,8,1,DOWN,5,8,-50.0,-56.0,1,0,1,0.047205415710312545,0
1788307756.942918,P001,P001_S01,P001_S01_ST1ST_T02_R01,T02,R01,Gridworld_Anytime_Keyboard,0,Study 1,Gridworld,Anytime Feedback,Keyboard,116,1,0,0,3,RIGHT,0,1,-0.5,-0.5,0,0,0,0.047205415710312545,0
1788307757.005402,P001,P001_S01,P001_S01_ST1ST_T02_R01,T02,R01,Gridworld_Anytime_Keyboard,0,Study 1,Gridworld,Anytime Feedback,Keyboard,116,2,0,1,3,RIGHT,0,2,-0.5,-1.0,0,0,0,0.047205415710312545,0
1788307757.068202,P001,P001_S01,P001_S01_ST1ST_T02_R01,T02,R01,Gridworld_Anytime_Keyboard,0,Study 1,Gridworld,Anytime Feedback,Keyboard,116,3,0,2,2,LEFT,0,1,-1.5,-2.5,0,0,0,0.047205415710312545,0
1788307757.130656,P001,P001_S01,P001_S01_ST1ST_T02_R01,T02,R01,Gridworld_Anytime_Keyboard,0,Study 1,Gridworld,Anytime Feedback,Keyboard,116,4,0,1,3,RIGHT,0,2,-0.5,-3.0,0,0,0,0.047205415710312545,0
1788307757.192487,P001,P001_S01,P001_S01_ST1ST_T02_R01,T02,R01,Gridworld_Anytime_Keyboard,0,Study 1,Gridworld,Anytime Feedback,Keyboard,116,5,0,2,3,RIGHT,0,3,-0.5,-3.5,0,0,0,0.047205415710312545,0
1788307757.254415,P001,P001_S01,P001_S01_ST1ST_T02_R01,T02,R01,Gridworld_Anytime_Keyboard,0,Study 1,Gridworld,Anytime Feedback,Keyboard,116,6,0,3,3,RIGHT,0,4,-0.5,-4.0,0,0,0,0.047205415710312545,0
1788307757.316785,P001,P001_S01,P001_S01_ST1ST_T02_R01,T02,R01,Gridworld_Anytime_Keyboard,0,Study 1,Gridworld,Anytime Feedback,Keyboard,116,7,0,4,3,RIGHT,0,5,-0.5,-4.5,0,0,0,0.047205415710312545,0
1788307757.394232,P001,P001_S01,P001_S01_ST1ST_T02_R01,T02,R01,Gridworld_Anytime_Keyboard,0,Study 1,Gridworld,Anytime Feedback,Keyboard,116,8,0,5,2,LEFT,0,4,-1.5,-6.0,0,0,0,0.047205415710312545,0
1788307757.457090,P001,P001_S01,P001_S01_ST1ST_T02_R01,T02,R01,Gridworld_Anytime_Keyboard,0,Study 1,Gridworld,Anytime Feedback,Keyboard,116,9,0,4,2,LEFT,0,3,-1.5,-7.5,0,0,0,0.047205415710312545,0
1788307757.518767,P001,P001_S01,P001_S01_ST1ST_T02_R01,T02,R01,Gridworld_Anytime_Keyboard,0,Study 1,Gridworld,Anytime Feedback,Keyboard,116,10,0,3,3,RIGHT,0,4,-0.5,-8.0,0,0,0,0.047205415710312545,0
1788307757.581631,P001,P001_S01,P001_S01_ST1ST_T02_R01,T02,R01,Gridworld_Anytime_Keyboard,0,Study 1,Gridworld,Anytime Feedback,Keyboard,116,11,0,4,3,RIGHT,0,5,-0.5,-8.5,0,0,0,0.047205415710312545,1
1788307757.643817,P001,P001_S01,P001_S01_ST1ST_T02_R01,T02,R01,Gridworld_Anytime_Keyboard,0,Study 1,Gridworld,Anytime Feedback,Keyboard,116,12,0,5,2,LEFT,0,4,-1.5,-10.0,0,0,0,0.047205415710312545,0
1788307757.707330,P001,P001_S01,P001_S01_ST1ST_T02_R01,T02,R01,Gridworld_Anytime_Keyboard,0,Study 1,Gridworld,Anytime Feedback,Keyboard,116,13,0,4,0,UP,-1,4,-50.0,-60.0,1,0,1,0.04718181300245739,0
1788307757.818843,P001,P001_S01,P001_S01_ST1ST_T02_R01,T02,R01,Gridworld_Anytime_Keyboard,0,Study 1,Gridworld,Anytime Feedback,Keyboard,117,1,0,0,3,RIGHT,0,1,-0.5,-0.5,0,0,0,0.04718181300245739,0
1788307757.882358,P001,P001_S01,P001_S01_ST1ST_T02_R01,T02,R01,Gridworld_Anytime_Keyboard,0,Study 1,Gridworld,Anytime Feedback,Keyboard,117,2,0,1,3,RIGHT,0,2,-0.5,-1.0,0,0,0,0.04718181300245739,0
1788307757.946360,P001,P001_S01,P001_S01_ST1ST_T02_R01,T02,R01,Gridworld_Anytime_Keyboard,0,Study 1,Gridworld,Anytime Feedback,Keyboard,117,3,0,2,2,LEFT,0,1,-1.5,-2.5,0,0,0,0.04718181300245739,0
1788307758.009715,P001,P001_S01,P001_S01_ST1ST_T02_R01,T02,R01,Gridworld_Anytime_Keyboard,0,Study 1,Gridworld,Anytime Feedback,Keyboard,117,4,0,1,3,RIGHT,0,2,-0.5,-3.0,0,0,0,0.04718181300245739,0
1788307758.073235,P001,P001_S01,P001_S01_ST1ST_T02_R01,T02,R01,Gridworld_Anytime_Keyboard,0,Study 1,Gridworld,Anytime Feedback,Keyboard,117,5,0,2,2,LEFT,0,1,-1.5,-4.5,0,0,0,0.04718181300245739,0
1788307758.136287,P001,P001_S01,P001_S01_ST1ST_T02_R01,T02,R01,Gridworld_Anytime_Keyboard,0,Study 1,Gridworld,Anytime Feedback,Keyboard,117,6,0,1,2,LEFT,0,0,-1.5,-6.0,0,0,0,0.04718181300245739,0
1788307758.198089,P001,P001_S01,P001_S01_ST1ST_T02_R01,T02,R01,Gridworld_Anytime_Keyboard,0,Study 1,Gridworld,Anytime Feedback,Keyboard,117,7,0,0,1,DOWN,1,0,-0.5,-6.5,0,0,0,0.04718181300245739,0
1788307758.260799,P001,P001_S01,P001_S01_ST1ST_T02_R01,T02,R01,Gridworld_Anytime_Keyboard,0,Study 1,Gridworld,Anytime Feedback,Keyboard,117,8,1,0,1,DOWN,2,0,-0.5,-7.0,0,0,0,0.04718181300245739,0
1788307758.322070,P001,P001_S01,P001_S01_ST1ST_T02_R01,T02,R01,Gridworld_Anytime_Keyboard,0,Study 1,Gridworld,Anytime Feedback,Keyboard,117,9,2,0,3,RIGHT,2,1,-0.5,-7.5,0,0,0,0.04718181300245739,0
1788307758.383315,P001,P001_S01,P001_S01_ST1ST_T02_R01,T02,R01,Gridworld_Anytime_Keyboard,0,Study 1,Gridworld,Anytime Feedback,Keyboard,117,10,2,1,3,RIGHT,2,2,-0.5,-8.0,0,0,0,0.04718181300245739,0
1788307758.446311,P001,P001_S01,P001_S01_ST1ST_T02_R01,T02,R01,Gridworld_Anytime_Keyboard,0,Study 1,Gridworld,Anytime Feedback,Keyboard,117,11,2,2,3,RIGHT,2,3,-0.5,-8.5,0,0,0,0.04718181300245739,0
1788307758.509239,P001,P001_S01,P001_S01_ST1ST_T02_R01,T02,R01,Gridworld_Anytime_Keyboard,0,Study 1,Gridworld,Anytime Feedback,Keyboard,117,12,2,3,1,DOWN,3,3,-0.5,-9.0,0,0,0,0.04718181300245739,0
1788307758.572050,P001,P001_S01,P001_S01_ST1ST_T02_R01,T02,R01,Gridworld_Anytime_Keyboard,0,Study 1,Gridworld,Anytime Feedback,Keyboard,117,13,3,3,1,DOWN,4,3,-0.5,-9.5,0,0,0,0.04718181300245739,0
1788307758.636048,P001,P001_S01,P001_S01_ST1ST_T02_R01,T02,R01,Gridworld_Anytime_Keyboard,0,Study 1,Gridworld,Anytime Feedback,Keyboard,117,14,4,3,3,RIGHT,4,4,-0.5,-10.0,0,0,0,0.04718181300245739,0
1788307758.699595,P001,P001_S01,P001_S01_ST1ST_T02_R01,T02,R01,Gridworld_Anytime_Keyboard,0,Study 1,Gridworld,Anytime Feedback,Keyboard,117,15,4,4,3,RIGHT,4,5,-0.5,-10.5,0,0,0,0.04718181300245739,0
1788307758.762419,P001,P001_S01,P001_S01_ST1ST_T02_R01,T02,R01,Gridworld_Anytime_Keyboard,0,Study 1,Gridworld,Anytime Feedback,Keyboard,117,16,4,5,3,RIGHT,4,6,-0.5,-11.0,0,0,0,0.04718181300245739,0
1788307758.824169,P001,P001_S01,P001_S01_ST1ST_T02_R01,T02,R01,Gridworld_Anytime_Keyboard,0,Study 1,Gridworld,Anytime Feedback,Keyboard,117,17,4,6,3,RIGHT,4,7,-0.5,-11.5,0,0,0,0.04718181300245739,0
1788307758.886680,P001,P001_S01,P001_S01_ST1ST_T02_R01,T02,R01,Gridworld_Anytime_Keyboard,0,Study 1,Gridworld,Anytime Feedback,Keyboard,117,18,4,7,3,RIGHT,4,8,-0.5,-12.0,0,0,0,0.04718181300245739,0
1788307758.949716,P001,P001_S01,P001_S01_ST1ST_T02_R01,T02,R01,Gridworld_Anytime_Keyboard,0,Study 1,Gridworld,Anytime Feedback,Keyboard,117,19,4,8,3,RIGHT,4,9,-0.5,-12.5,0,0,0,0.04718181300245739,0
1788307759.012331,P001,P001_S01,P001_S01_ST1ST_T02_R01,T02,R01,Gridworld_Anytime_Keyboard,0,Study 1,Gridworld,Anytime Feedback,Keyboard,117,20,4,9,3,RIGHT,4,10,-50.0,-62.5,1,0,1,0.047158222095956166,0
1788307759.122337,P001,P001_S01,P001_S01_ST1ST_T02_R01,T02,R01,Gridworld_Anytime_Keyboard,0,Study 1,Gridworld,Anytime Feedback,Keyboard,118,1,0,0,1,DOWN,1,0,-0.5,-0.5,0,0,0,0.047158222095956166,0
1788307759.185291,P001,P001_S01,P001_S01_ST1ST_T02_R01,T02,R01,Gridworld_Anytime_Keyboard,0,Study 1,Gridworld,Anytime Feedback,Keyboard,118,2,1,0,1,DOWN,2,0,-0.5,-1.0,0,0,0,0.047158222095956166,0
1788307759.248227,P001,P001_S01,P001_S01_ST1ST_T02_R01,T02,R01,Gridworld_Anytime_Keyboard,0,Study 1,Gridworld,Anytime Feedback,Keyboard,118,3,2,0,3,RIGHT,2,1,-0.5,-1.5,0,0,0,0.047158222095956166,0
1788307759.310143,P001,P001_S01,P001_S01_ST1ST_T02_R01,T02,R01,Gridworld_Anytime_Keyboard,0,Study 1,Gridworld,Anytime Feedback,Keyboard,118,4,2,1,3,RIGHT,2,2,-0.5,-2.0,0,0,0,0.047158222095956166,0
1788307759.372736,P001,P001_S01,P001_S01_ST1ST_T02_R01,T02,R01,Gridworld_Anytime_Keyboard,0,Study 1,Gridworld,Anytime Feedback,Keyboard,118,5,2,2,3,RIGHT,2,3,-0.5,-2.5,0,0,0,0.047158222095956166,0
1788307759.434687,P001,P001_S01,P001_S01_ST1ST_T02_R01,T02,R01,Gridworld_Anytime_Keyboard,0,Study 1,Gridworld,Anytime Feedback,Keyboard,118,6,2,3,1,DOWN,3,3,-0.5,-3.0,0,0,0,0.047158222095956166,0
1788307759.497007,P001,P001_S01,P001_S01_ST1ST_T02_R01,T02,R01,Gridworld_Anytime_Keyboard,0,Study 1,Gridworld,Anytime Feedback,Keyboard,118,7,3,3,1,DOWN,4,3,-0.5,-3.5,0,0,0,0.047158222095956166,0
1788307759.560220,P001,P001_S01,P001_S01_ST1ST_T02_R01,T02,R01,Gridworld_Anytime_Keyboard,0,Study 1,Gridworld,Anytime Feedback,Keyboard,118,8,4,3,3,RIGHT,4,4,-0.5,-4.0,0,0,0,0.047158222095956166,0
1788307759.622550,P001,P001_S01,P001_S01_ST1ST_T02_R01,T02,R01,Gridworld_Anytime_Keyboard,0,Study 1,Gridworld,Anytime Feedback,Keyboard,118,9,4,4,3,RIGHT,4,5,-0.5,-4.5,0,0,0,0.047158222095956166,0
1788307759.684519,P001,P001_S01,P001_S01_ST1ST_T02_R01,T02,R01,Gridworld_Anytime_Keyboard,0,Study 1,Gridworld,Anytime Feedback,Keyboard,118,10,4,5,3,RIGHT,4,6,-0.5,-5.0,0,0,0,0.047158222095956166,0
1788307759.747594,P001,P001_S01,P001_S01_ST1ST_T02_R01,T02,R01,Gridworld_Anytime_Keyboard,0,Study 1,Gridworld,Anytime Feedback,Keyboard,118,11,4,6,3,RIGHT,4,7,-0.5,-5.5,0,0,0,0.047158222095956166,0
1788307759.810134,P001,P001_S01,P001_S01_ST1ST_T02_R01,T02,R01,Gridworld_Anytime_Keyboard,0,Study 1,Gridworld,Anytime Feedback,Keyboard,118,12,4,7,3,RIGHT,4,8,-0.5,-6.0,0,0,0,0.047158222095956166,0
1788307759.873620,P001,P001_S01,P001_S01_ST1ST_T02_R01,T02,R01,Gridworld_Anytime_Keyboard,0,Study 1,Gridworld,Anytime Feedback,Keyboard,118,13,4,8,3,RIGHT,4,9,-0.5,-6.5,0,0,0,0.047158222095956166,0
1788307759.935600,P001,P001_S01,P001_S01_ST1ST_T02_R01,T02,R01,Gridworld_Anytime_Keyboard,0,Study 1,Gridworld,Anytime Feedback,Keyboard,118,14,4,9,2,LEFT,4,8,-1.5,-8.0,0,0,0,0.047158222095956166,0
1788307759.999305,P001,P001_S01,P001_S01_ST1ST_T02_R01,T02,R01,Gridworld_Anytime_Keyboard,0,Study 1,Gridworld,Anytime Feedback,Keyboard,118,15,4,8,3,RIGHT,4,9,-0.5,-8.5,0,0,0,0.047158222095956166,0
1788307760.061954,P001,P001_S01,P001_S01_ST1ST_T02_R01,T02,R01,Gridworld_Anytime_Keyboard,0,Study 1,Gridworld,Anytime Feedback,Keyboard,118,16,4,9,3,RIGHT,4,10,-50.0,-58.5,1,0,1,0.047134642984908194,0
1788307760.175998,P001,P001_S01,P001_S01_ST1ST_T02_R01,T02,R01,Gridworld_Anytime_Keyboard,0,Study 1,Gridworld,Anytime Feedback,Keyboard,119,1,0,0,1,DOWN,1,0,-0.5,-0.5,0,0,0,0.047134642984908194,0
1788307760.245000,P001,P001_S01,P001_S01_ST1ST_T02_R01,T02,R01,Gridworld_Anytime_Keyboard,0,Study 1,Gridworld,Anytime Feedback,Keyboard,119,2,1,0,1,DOWN,2,0,-0.5,-1.0,0,0,0,0.047134642984908194,0
1788307760.307509,P001,P001_S01,P001_S01_ST1ST_T02_R01,T02,R01,Gridworld_Anytime_Keyboard,0,Study 1,Gridworld,Anytime Feedback,Keyboard,119,3,2,0,3,RIGHT,2,1,-0.5,-1.5,0,0,0,0.047134642984908194,0
1788307760.363515,P001,P001_S01,P001_S01_ST1ST_T02_R01,T02,R01,Gridworld_Anytime_Keyboard,0,Study 1,Gridworld,Anytime Feedback,Keyboard,119,4,2,1,3,RIGHT,2,2,-0.5,-2.0,0,0,0,0.047134642984908194,0
1788307760.425997,P001,P001_S01,P001_S01_ST1ST_T02_R01,T02,R01,Gridworld_Anytime_Keyboard,0,Study 1,Gridworld,Anytime Feedback,Keyboard,119,5,2,2,3,RIGHT,2,3,-0.5,-2.5,0,0,0,0.047134642984908194,0
1788307760.503001,P001,P001_S01,P001_S01_ST1ST_T02_R01,T02,R01,Gridworld_Anytime_Keyboard,0,Study 1,Gridworld,Anytime Feedback,Keyboard,119,6,2,3,1,DOWN,3,3,-0.5,-3.0,0,0,0,0.047134642984908194,0
1788307760.565724,P001,P001_S01,P001_S01_ST1ST_T02_R01,T02,R01,Gridworld_Anytime_Keyboard,0,Study 1,Gridworld,Anytime Feedback,Keyboard,119,7,3,3,1,DOWN,4,3,-0.5,-3.5,0,0,0,0.047134642984908194,0
1788307760.617942,P001,P001_S01,P001_S01_ST1ST_T02_R01,T02,R01,Gridworld_Anytime_Keyboard,0,Study 1,Gridworld,Anytime Feedback,Keyboard,119,8,4,3,3,RIGHT,4,4,-0.5,-4.0,0,0,0,0.047134642984908194,0
1788307760.680245,P001,P001_S01,P001_S01_ST1ST_T02_R01,T02,R01,Gridworld_Anytime_Keyboard,0,Study 1,Gridworld,Anytime Feedback,Keyboard,119,9,4,4,3,RIGHT,4,5,-0.5,-4.5,0,0,0,0.047134642984908194,0
1788307760.742295,P001,P001_S01,P001_S01_ST1ST_T02_R01,T02,R01,Gridworld_Anytime_Keyboard,0,Study 1,Gridworld,Anytime Feedback,Keyboard,119,10,4,5,3,RIGHT,4,6,-0.5,-5.0,0,0,0,0.047134642984908194,0
1788307760.814943,P001,P001_S01,P001_S01_ST1ST_T02_R01,T02,R01,Gridworld_Anytime_Keyboard,0,Study 1,Gridworld,Anytime Feedback,Keyboard,119,11,4,6,1,DOWN,5,6,-50.0,-55.0,1,0,1,0.04711107566341574,0
1788307760.939783,P001,P001_S01,P001_S01_ST1ST_T02_R01,T02,R01,Gridworld_Anytime_Keyboard,0,Study 1,Gridworld,Anytime Feedback,Keyboard,120,1,0,0,1,DOWN,1,0,-0.5,-0.5,0,0,0,0.04711107566341574,0
1788307760.990838,P001,P001_S01,P001_S01_ST1ST_T02_R01,T02,R01,Gridworld_Anytime_Keyboard,0,Study 1,Gridworld,Anytime Feedback,Keyboard,120,2,1,0,1,DOWN,2,0,-0.5,-1.0,0,0,0,0.04711107566341574,0
1788307761.053757,P001,P001_S01,P001_S01_ST1ST_T02_R01,T02,R01,Gridworld_Anytime_Keyboard,0,Study 1,Gridworld,Anytime Feedback,Keyboard,120,3,2,0,3,RIGHT,2,1,-0.5,-1.5,0,0,0,0.04711107566341574,0
1788307761.115430,P001,P001_S01,P001_S01_ST1ST_T02_R01,T02,R01,Gridworld_Anytime_Keyboard,0,Study 1,Gridworld,Anytime Feedback,Keyboard,120,4,2,1,3,RIGHT,2,2,-0.5,-2.0,0,0,0,0.04711107566341574,0
1788307761.177804,P001,P001_S01,P001_S01_ST1ST_T02_R01,T02,R01,Gridworld_Anytime_Keyboard,0,Study 1,Gridworld,Anytime Feedback,Keyboard,120,5,2,2,3,RIGHT,2,3,-0.5,-2.5,0,0,0,0.04711107566341574,0
1788307761.253090,P001,P001_S01,P001_S01_ST1ST_T02_R01,T02,R01,Gridworld_Anytime_Keyboard,0,Study 1,Gridworld,Anytime Feedback,Keyboard,120,6,2,3,1,DOWN,3,3,-0.5,-3.0,0,0,0,0.04711107566341574,0
1788307761.315670,P001,P001_S01,P001_S01_ST1ST_T02_R01,T02,R01,Gridworld_Anytime_Keyboard,0,Study 1,Gridworld,Anytime Feedback,Keyboard,120,7,3,3,1,DOWN,4,3,-0.5,-3.5,0,0,0,0.04711107566341574,0
1788307761.363673,P001,P001_S01,P001_S01_ST1ST_T02_R01,T02,R01,Gridworld_Anytime_Keyboard,0,Study 1,Gridworld,Anytime Feedback,Keyboard,120,8,4,3,3,RIGHT,4,4,-0.5,-4.0,0,0,0,0.04711107566341574,0
1788307761.426546,P001,P001_S01,P001_S01_ST1ST_T02_R01,T02,R01,Gridworld_Anytime_Keyboard,0,Study 1,Gridworld,Anytime Feedback,Keyboard,120,9,4,4,2,LEFT,4,3,-1.5,-5.5,0,0,0,0.04711107566341574,0
1788307761.495834,P001,P001_S01,P001_S01_ST1ST_T02_R01,T02,R01,Gridworld_Anytime_Keyboard,0,Study 1,Gridworld,Anytime Feedback,Keyboard,120,10,4,3,3,RIGHT,4,4,-0.5,-6.0,0,0,0,0.04711107566341574,0
1788307761.557565,P001,P001_S01,P001_S01_ST1ST_T02_R01,T02,R01,Gridworld_Anytime_Keyboard,0,Study 1,Gridworld,Anytime Feedback,Keyboard,120,11,4,4,3,RIGHT,4,5,-0.5,-6.5,0,0,0,0.04711107566341574,0
1788307761.626852,P001,P001_S01,P001_S01_ST1ST_T02_R01,T02,R01,Gridworld_Anytime_Keyboard,0,Study 1,Gridworld,Anytime Feedback,Keyboard,120,12,4,5,3,RIGHT,4,6,-0.5,-7.0,0,0,0,0.04711107566341574,0
1788307761.682088,P001,P001_S01,P001_S01_ST1ST_T02_R01,T02,R01,Gridworld_Anytime_Keyboard,0,Study 1,Gridworld,Anytime Feedback,Keyboard,120,13,4,6,3,RIGHT,4,7,-0.5,-7.5,0,0,0,0.04711107566341574,0
1788307761.743760,P001,P001_S01,P001_S01_ST1ST_T02_R01,T02,R01,Gridworld_Anytime_Keyboard,0,Study 1,Gridworld,Anytime Feedback,Keyboard,120,14,4,7,3,RIGHT,4,8,-0.5,-8.0,0,0,0,0.04711107566341574,0
1788307761.806433,P001,P001_S01,P001_S01_ST1ST_T02_R01,T02,R01,Gridworld_Anytime_Keyboard,0,Study 1,Gridworld,Anytime Feedback,Keyboard,120,15,4,8,3,RIGHT,4,9,-0.5,-8.5,0,0,0,0.04711107566341574,0
1788307761.875408,P001,P001_S01,P001_S01_ST1ST_T02_R01,T02,R01,Gridworld_Anytime_Keyboard,0,Study 1,Gridworld,Anytime Feedback,Keyboard,120,16,4,9,2,LEFT,4,8,-1.5,-10.0,0,0,0,0.04711107566341574,0
1788307761.930318,P001,P001_S01,P001_S01_ST1ST_T02_R01,T02,R01,Gridworld_Anytime_Keyboard,0,Study 1,Gridworld,Anytime Feedback,Keyboard,120,17,4,8,3,RIGHT,4,9,-0.5,-10.5,0,0,0,0.04711107566341574,0
1788307761.993349,P001,P001_S01,P001_S01_ST1ST_T02_R01,T02,R01,Gridworld_Anytime_Keyboard,0,Study 1,Gridworld,Anytime Feedback,Keyboard,120,18,4,9,0,UP,3,9,-1.5,-12.0,0,0,0,0.04711107566341574,0
1788307762.055195,P001,P001_S01,P001_S01_ST1ST_T02_R01,T02,R01,Gridworld_Anytime_Keyboard,0,Study 1,Gridworld,Anytime Feedback,Keyboard,120,19,3,9,2,LEFT,3,8,-50.0,-62.0,1,0,1,0.04708752012558404,0
1788307762.172038,P001,P001_S01,P001_S01_ST1ST_T02_R01,T02,R01,Gridworld_Anytime_Keyboard,0,Study 1,Gridworld,Anytime Feedback,Keyboard,121,1,0,0,1,DOWN,1,0,-0.5,-0.5,0,0,0,0.04708752012558404,0
1788307762.234202,P001,P001_S01,P001_S01_ST1ST_T02_R01,T02,R01,Gridworld_Anytime_Keyboard,0,Study 1,Gridworld,Anytime Feedback,Keyboard,121,2,1,0,1,DOWN,2,0,-0.5,-1.0,0,0,0,0.04708752012558404,0
1788307762.296690,P001,P001_S01,P001_S01_ST1ST_T02_R01,T02,R01,Gridworld_Anytime_Keyboard,0,Study 1,Gridworld,Anytime Feedback,Keyboard,121,3,2,0,3,RIGHT,2,1,-0.5,-1.5,0,0,0,0.04708752012558404,0
1788307762.358850,P001,P001_S01,P001_S01_ST1ST_T02_R01,T02,R01,Gridworld_Anytime_Keyboard,0,Study 1,Gridworld,Anytime Feedback,Keyboard,121,4,2,1,3,RIGHT,2,2,-0.5,-2.0,0,0,0,0.04708752012558404,0
1788307762.421601,P001,P001_S01,P001_S01_ST1ST_T02_R01,T02,R01,Gridworld_Anytime_Keyboard,0,Study 1,Gridworld,Anytime Feedback,Keyboard,121,5,2,2,1,DOWN,3,2,-50.0,-52.0,1,0,1,0.047063976365521246,0
1788307762.546972,P001,P001_S01,P001_S01_ST1ST_T02_R01,T02,R01,Gridworld_Anytime_Keyboard,0,Study 1,Gridworld,Anytime Feedback,Keyboard,122,1,0,0,1,DOWN,1,0,-0.5,-0.5,0,0,0,0.047063976365521246,0
1788307762.608574,P001,P001_S01,P001_S01_ST1ST_T02_R01,T02,R01,Gridworld_Anytime_Keyboard,0,Study 1,Gridworld,Anytime Feedback,Keyboard,122,2,1,0,1,DOWN,2,0,-0.5,-1.0,0,0,0,0.047063976365521246,0
1788307762.671378,P001,P001_S01,P001_S01_ST1ST_T02_R01,T02,R01,Gridworld_Anytime_Keyboard,0,Study 1,Gridworld,Anytime Feedback,Keyboard,122,3,2,0,3,RIGHT,2,1,-0.5,-1.5,0,0,0,0.047063976365521246,0
1788307762.733768,P001,P001_S01,P001_S01_ST1ST_T02_R01,T02,R01,Gridworld_Anytime_Keyboard,0,Study 1,Gridworld,Anytime Feedback,Keyboard,122,4,2,1,3,RIGHT,2,2,-0.5,-2.0,0,0,0,0.047063976365521246,0
