participant_code,session_id,trial_id,condition_code,run_code,condition_name,study,environment,feedback_timing,modality,practice,trial_started_at_epoch,host_time_epoch,host_time_iso_utc,trial_elapsed_s,host_monotonic,eet_sample_index,eet_timestamp_hl2ss,calibration_valid,combined_valid,combined_origin_x,combined_origin_y,combined_origin_z,combined_direction_x,combined_direction_y,combined_direction_z,left_valid,left_origin_x,left_origin_y,left_origin_z,left_direction_x,left_direction_y,left_direction_z,right_valid,right_origin_x,right_origin_y,right_origin_z,right_direction_x,right_direction_y,right_direction_z
P001,P001_S01,P001_S01_ST1ST_T01_R02,T01,R02,Room_Requested_Keyboard,Study 1,Continuous Room Navigation,Requested Feedback,Keyboard,0,1787856833.6515527,1787856833.727279,2026-08-27T18:53:53.727279+00:00,0.07572627067565918,548560.5,1,840638419633,0,0,0.0,0.0,0.0,0.0,0.0,0.0,0,0.0,0.0,0.0,0.0,0.0,0.0,0,0.0,0.0,0.0,0.0,0.0,0.0
P001,P001_S01,P001_S01_ST1ST_T01_R02,T01,R02,Room_Requested_Keyboard,Study 1,Continuous Room Navigation,Requested Feedback,Keyboard,0,1787856833.6515527,1787856833.822784,2026-08-27T18:53:53.822784+00:00,0.17123126983642578,548560.593,2,840639569630,0,0,0.0,0.0,0.0,0.0,0.0,0.0,0,0.0,0.0,0.0,0.0,0.0,0.0,0,0.0,0.0,0.0,0.0,0.0,0.0
P001,P001_S01,P001_S01_ST1ST_T01_R02,T01,R02,Room_Requested_Keyboard,Study 1,Continuous Room Navigation,Requested Feedback,Keyboard,0,1787856833.6515527,1787856833.9357827,2026-08-27T18:53:53.935783+00:00,0.28422999382019043,548560.703,3,840640676582,0,0,0.0,0.0,0.0,0.0,0.0,0.0,0,0.0,0.0,0.0,0.0,0.0,0.0,0,0.0,0.0,0.0,0.0,0.0,0.0
P001,P001_S01,P001_S01_ST1ST_T01_R02,T01,R02,Room_Requested_Keyboard,Study 1,Continuous Room Navigation,Requested Feedback,Keyboard,0,1787856833.6515527,1787856834.0448482,2026-08-27T18:53:54.044848+00:00,0.3932955265045166,548560.812,4,840641767513,0,0,0.0,0.0,0.0,0.0,0.0,0.0,0,0.0,0.0,0.0,0.0,0.0,0.0,0,0.0,0.0,0.0,0.0,0.0,0.0
P001,P001_S01,P001_S01_ST1ST_T01_R02,T01,R02,Room_Requested_Keyboard,Study 1,Continuous Room Navigation,Requested Feedback,Keyboard,0,1787856833.6515527,1787856834.1430767,2026-08-27T18:53:54.143077+00:00,0.49152398109436035,548560.906,5,840642767729,0,0,0.0,0.0,0.0,0.0,0.0,0.0,0,0.0,0.0,0.0,0.0,0.0,0.0,0,0.0,0.0,0.0,0.0,0.0,0.0
P001,P001_S01,P001_S01_ST1ST_T01_R02,T01,R02,Room_Requested_Keyboard,Study 1,Continuous Room Navigation,Requested Feedback,Keyboard,0,1787856833.6515527,1787856834.2535543,2026-08-27T18:53:54.253554+00:00,0.6020016670227051,548561.015,6,840643882891,0,0,0.0,0.0,0.0,0.0,0.0,0.0,0,0.0,0.0,0.0,0.0,0.0,0.0,0,0.0,0.0,0.0,0.0,0.0,0.0
P001,P001_S01,P001_S01_ST1ST_T01_R02,T01,R02,Room_Requested_Keyboard,Study 1,Continuous Room Navigation,Requested Feedback,Keyboard,0,1787856833.6515527,1787856834.368394,2026-08-27T18:53:54.368394+00:00,0.7168412208557129,548561.14,7,840645025159,0,0,0.0,0.0,0.0,0.0,0.0,0.0,0,0.0,0.0,0.0,0.0,0.0,0.0,0,0.0,0.0,0.0,0.0,0.0,0.0
P001,P001_S01,P001_S01_ST1ST_T01_R02,T01,R02,Room_Requested_Keyboard,Study 1,Continuous Room Navigation,Requested Feedback,Keyboard,0,1787856833.6515527,1787856834.4830425,2026-08-27T18:53:54.483042+00:00,0.8314898014068604,548561.25,8,840646166471,0,0,0.0,0.0,0.0,0.0,0.0,0.0,0,0.0,0.0,0.0,0.0,0.0,0.0,0,0.0,0.0,0.0,0.0,0.0,0.0
P001,P001_S01,P001_S01_ST1ST_T01_R02,T01,R02,Room_Requested_Keyboard,Study 1,Continuous Room Navigation,Requested Feedback,Keyboard,0,1787856833.6515527,1787856834.5840101,2026-08-27T18:53:54.584010+00:00,0.932457447052002,548561.359,9,840647184897,0,0,0.0,0.0,0.0,0.0,0.0,0.0,0,0.0,0.0,0.0,0.0,0.0,0.0,0,0.0,0.0,0.0,0.0,0.0,0.0
P001,P001_S01,P001_S01_ST1ST_T01_R02,T01,R02,Room_Requested_Keyboard,Study 1,Continuous Room Navigation,Requested Feedback,Keyboard,0,1787856833.6515527,1787856834.6882043,2026-08-27T18:53:54.688204+00:00,1.036651611328125,548561.453,10,840648228907,0,0,0.0,0.0,0.0,0.0,0.0,0.0,0,0.0,0.0,0.0,0.0,0.0,0.0,0,0.0,0.0,0.0,0.0,0.0,0.0
P001,P001_S01,P001_S01_ST1ST_T01_R02,T01,R02,Room_Requested_Keyboard,Study 1,Continuous Room Navigation,Requested Feedback,Keyboard,0,1787856833.6515527,1787856834.802219,2026-08-27T18:53:54.802219+00:00,1.1506662368774414,548561.578,11,840649367581,0,0,0.0,0.0,0.0,0.0,0.0,0.0,0,0.0,0.0,0.0,0.0,0.0,0.0,0,0.0,0.0,0.0,0.0,0.0,0.0
P001,P001_S01,P001_S01_ST1ST_T01_R02,T01,R02,Room_Requested_Keyboard,Study 1,Continuous Room Navigation,Requested Feedback,Keyboard,0,1787856833.6515527,1787856834.9181216,2026-08-27T18:53:54.918122+00:00,1.266568899154663,548561.687,12,840650525071,0,0,0.0,0.0,0.0,0.0,0.0,0.0,0,0.0,0.0,0.0,0.0,0.0,0.0,0,0.0,0.0,0.0,0.0,0.0,0.0
P001,P001_S01,P001_S01_ST1ST_T01_R02,T01,R02,Room_Requested_Keyboard,Study 1,Continuous Room Navigation,Requested Feedback,Keyboard,0,1787856833.6515527,1787856835.022446,2026-08-27T18:53:55.022446+00:00,1.3708932399749756,548561.796,13,840651567404,0,0,0.0,0.0,0.0,0.0,0.0,0.0,0,0.0,0.0,0.0,0.0,0.0,0.0,0,0.0,0.0,0.0,0.0,0.0,0.0
P001,P001_S01,P001_S01_ST1ST_T01_R02,T01,R02,Room_Requested_Keyboard,Study 1,Continuous Room Navigation,Requested Feedback,Keyboard,0,1787856833.6515527,1787856835.12369,2026-08-27T18:53:55.123690+00:00,1.472137212753296,548561.89,14,840652582998,0,0,0.0,0.0,0.0,0.0,0.0,0.0,0,0.0,0.0,0.0,0.0,0.0,0.0,0,0.0,0.0,0.0,0.0,0.0,0.0
P001,P001_S01,P001_S01_ST1ST_T01_R02,T01,R02,Room_Requested_Keyboard,Study 1,Continuous Room Navigation,Requested Feedback,Keyboard,0,1787856833.6515527,1787856835.2329578,2026-08-27T18:53:55.232958+00:00,1.5814051628112793,548562.0,15,840653670107,0,0,0.0,0.0,0.0,0.0,0.0,0.0,0,0.0,0.0,0.0,0.0,0.0,0.0,0,0.0,0.0,0.0,0.0,0.0,0.0
P001,P001_S01,P001_S01_ST1ST_T01_R02,T01,R02,Room_Requested_Keyboard,Study 1,Continuous Room Navigation,Requested Feedback,Keyboard,0,1787856833.6515527,1787856835.3440092,2026-08-27T18:53:55.344009+00:00,1.6924564838409424,548562.109,16,840654772913,0,0,0.0,0.0,0.0,0.0,0.0,0.0,0,0.0,0.0,0.0,0.0,0.0,0.0,0,0.0,0.0,0.0,0.0,0.0,0.0
P001,P001_S01,P001_S01_ST1ST_T01_R02,T01,R02,Room_Requested_Keyboard,Study 1,Continuous Room Navigation,Requested Feedback,Keyboard,0,1787856833.6515527,1787856835.4631348,2026-08-27T18:53:55.463135+00:00,1.811582088470459,548562.234,17,840655971249,0,0,0.0,0.0,0.0,0.0,0.0,0.0,0,0.0,0.0,0.0,0.0,0.0,0.0,0,0.0,0.0,0.0,0.0,0.0,0.0
P001,P001_S01,P001_S01_ST1ST_T01_R02,T01,R02,Room_Requested_Keyboard,Study 1,Continuous Room Navigation,Requested Feedback,Keyboard,0,1787856833.6515527,1787856835.5734837,2026-08-27T18:53:55.573484+00:00,1.9219310283660889,548562.343,18,840657068790,0,0,0.0,0.0,0.0,0.0,0.0,0.0,0,0.0,0.0,0.0,0.0,0.0,0.0,0,0.0,0.0,0.0,0.0,0.0,0.0
P001,P001_S01,P001_S01_ST1ST_T01_R02,T01,R02,Room_Requested_Keyboard,Study 1,Continuous Room Navigation,Requested Feedback,Keyboard,0,1787856833.6515527,1787856835.6878629,2026-08-27T18:53:55.687863+00:00,2.0363101959228516,548562.453,19,840658224297,0,0,0.0,0.0,0.0,0.0,0.0,0.0,0,0.0,0.0,0.0,0.0,0.0,0.0,0,0.0,0.0,0.0,0.0,0.0,0.0
P001,P001_S01,P001_S01_ST1ST_T01_R02,T01,R02,Room_Requested_Keyboard,Study 1,Continuous Room Navigation,Requested Feedback,Keyboard,0,1787856833.6515527,1787856835.789368,2026-08-27T18:53:55.789368+00:00,2.137815237045288,548562.562,20,840659234078,0,0,0.0,0.0,0.0,0.0,0.0,0.0,0,0.0,0.0,0.0,0.0,0.0,0.0,0,0.0,0.0,0.0,0.0,0.0,0.0
P001,P001_S01,P001_S01_ST1ST_T01_R02,T01,R02,Room_Requested_Keyboard,Study 1,Continuous Room Navigation,Requested Feedback,Keyboard,0,1787856833.6515527,1787856835.9028335,2026-08-27T18:53:55.902833+00:00,2.2512807846069336,548562.671,21,840660366261,0,0,0.0,0.0,0.0,0.0,0.0,0.0,0,0.0,0.0,0.0,0.0,0.0,0.0,0,0.0,0.0,0.0,0.0,0.0,0.0
P001,P001_S01,P001_S01_ST1ST_T01_R02,T01,R02,Room_Requested_Keyboard,Study 1,Continuous Room Navigation,Requested Feedback,Keyboard,0,1787856833.6515527,1787856836.0032449,2026-08-27T18:53:56.003245+00:00,2.3516921997070312,548562.765,22,840661368594,0,0,0.0,0.0,0.0,0.0,0.0,0.0,0,0.0,0.0,0.0,0.0,0.0,0.0,0,0.0,0.0,0.0,0.0,0.0,0.0
P001,P001_S01,P001_S01_ST1ST_T01_R02,T01,R02,Room_Requested_Keyboard,Study 1,Continuous Room Navigation,Requested Feedback,Keyboard,0,1787856833.6515527,1787856836.1042676,2026-08-27T18:53:56.104268+00:00,2.4527149200439453,548562.875,23,840662387188,0,0,0.0,0.0,0.0,0.0,0.0,0.0,0,0.0,0.0,0.0,0.0,0.0,0.0,0,0.0,0.0,0.0,0.0,0.0,0.0
P001,P001_S01,P001_S01_ST1ST_T01_R02,T01,R02,Room_Requested_Keyboard,Study 1,Continuous Room Navigation,Requested Feedback,Keyboard,0,1787856833.6515527,1787856836.212877,2026-08-27T18:53:56.212877+00:00,2.56132435798645,548562.984,24,840663471297,0,0,0.0,0.0,0.0,0.0,0.0,0.0,0,0.0,0.0,0.0,0.0,0.0,0.0,0,0.0,0.0,0.0,0.0,0.0,0.0
P001,P001_S01,P001_S01_ST1ST_T01_R02,T01,R02,Room_Requested_Keyboard,Study 1,Continuous Room Navigation,Requested Feedback,Keyboard,0,1787856833.6515527,1787856836.318342,2026-08-27T18:53:56.318342+00:00,2.6667892932891846,548563.093,25,840664524557,0,0,0.0,0.0,0.0,0.0,0.0,0.0,0,0.0,0.0,0.0,0.0,0.0,0.0,0,0.0,0.0,0.0,0.0,0.0,0.0
P001,P001_S01,P001_S01_ST1ST_T01_R02,T01,R02,Room_Requested_Keyboard,Study 1,Continuous Room Navigation,Requested Feedback,Keyboard,0,1787856833.6515527,1787856836.423713,2026-08-27T18:53:56.423713+00:00,2.772160291671753,548563.187,26,840665575939,0,0,0.0,0.0,0.0,0.0,0.0,0.0,0,0.0,0.0,0.0,0.0,0.0,0.0,0,0.0,0.0,0.0,0.0,0.0,0.0
P001,P001_S01,P001_S01_ST1ST_T01_R02,T01,R02,Room_Requested_Keyboard,Study 1,Continuous Room Navigation,Requested Feedback,Keyboard,0,1787856833.6515527,1787856836.5325491,2026-08-27T18:53:56.532549+00:00,2.8809964656829834,548563.296,27,840666667269,0,0,0.0,0.0,0.0,0.0,0.0,0.0,0,0.0,0.0,0.0,0.0,0.0,0.0,0,0.0,0.0,0.0,0.0,0.0,0.0
P001,P001_S01,P001_S01_ST1ST_T01_R02,T01,R02,Room_Requested_Keyboard,Study 1,Continuous Room Navigation,Requested Feedback,Keyboard,0,1787856833.6515527,1787856836.6462617,2026-08-27T18:53:56.646262+00:00,2.994709014892578,548563.421,28,840667768304,0,0,0.0,0.0,0.0,0.0,0.0,0.0,0,0.0,0.0,0.0,0.0,0.0,0.0,0,0.0,0.0,0.0,0.0,0.0,0.0
P001,P001_S01,P001_S01_ST1ST_T01_R02,T01,R02,Room_Requested_Keyboard,Study 1,Continuous Room Navigation,Requested Feedback,Keyboard,0,1787856833.6515527,1787856836.742723,2026-08-27T18:53:56.742723+00:00,3.091170310974121,548563.515,29,840668773475,0,0,0.0,0.0,0.0,0.0,0.0,0.0,0,0.0,0.0,0.0,0.0,0.0,0.0,0,0.0,0.0,0.0,0.0,0.0,0.0
P001,P001_S01,P001_S01_ST1ST_T01_R02,T01,R02,Room_Requested_Keyboard,Study 1,Continuous Room Navigation,Requested Feedback,Keyboard,0,1787856833.6515527,1787856836.8568904,2026-08-27T18:53:56.856890+00:00,3.2053377628326416,548563.625,30,840669920127,0,0,0.0,0.0,0.0,0.0,0.0,0.0,0,0.0,0.0,0.0,0.0,0.0,0.0,0,0.0,0.0,0.0,0.0,0.0,0.0
P001,P001_S01,P001_S01_ST1ST_T01_R02,T01,R02,Room_Requested_Keyboard,Study 1,Continuous Room Navigation,Requested Feedback,Keyboard,0,1787856833.6515527,1787856836.9745164,2026-08-27T18:53:56.974516+00:00,3.3229637145996094,548563.75,31,840670972047,0,0,0.0,0.0,0.0,0.0,0.0,0.0,0,0.0,0.0,0.0,0.0,0.0,0.0,0,0.0,0.0,0.0,0.0,0.0,0.0
P001,P001_S01,P001_S01_ST1ST_T01_R02,T01,R02,Room_Requested_Keyboard,Study 1,Continuous Room Navigation,Requested Feedback,Keyboard,0,1787856833.6515527,1787856837.0868523,2026-08-27T18:53:57.086852+00:00,3.4352996349334717,548563.859,32,840672166323,0,0,0.0,0.0,0.0,0.0,0.0,0.0,0,0.0,0.0,0.0,0.0,0.0,0.0,0,0.0,0.0,0.0,0.0,0.0,0.0
P001,P001_S01,P001_S01_ST1ST_T01_R02,T01,R02,Room_Requested_Keyboard,Study 1,Continuous Room Navigation,Requested Feedback,Keyboard,0,1787856833.6515527,1787856837.183026,2026-08-27T18:53:57.183026+00:00,3.531473398208618,548563.953,33,840673169064,0,0,0.0,0.0,0.0,0.0,0.0,0.0,0,0.0,0.0,0.0,0.0,0.0,0.0,0,0.0,0.0,0.0,0.0,0.0,0.0
P001,P001_S01,P001_S01_ST1ST_T01_R02,T01,R02,Room_Requested_Keyboard,Study 1,Continuous Room Navigation,Requested Feedback,Keyboard,0,1787856833.6515527,1787856837.2889812,2026-08-27T18:53:57.288981+00:00,3.6374285221099854,548564.062,34,840674228467,0,0,0.0,0.0,0.0,0.0,0.0,0.0,0,0.0,0.0,0.0,0.0,0.0,0.0,0,0.0,0.0,0.0,0.0,0.0,0.0
P001,P001_S01,P001_S01_ST1ST_T01_R02,T01,R02,Room_Requested_Keyboard,Study 1,Continuous Room Navigation,Requested Feedback,Keyboard,0,1787856833.6515527,1787856837.4127295,2026-08-27T18:53:57.412730+00:00,3.761176824569702,548564.187,35,840675469612,0,0,0.0,0.0,0.0,0.0,0.0,0.0,0,0.0,0.0,0.0,0.0,0.0,0.0,0,0.0,0.0,0.0,0.0,0.0,0.0
P001,P001_S01,P001_S01_ST1ST_T01_R02,T01,R02,Room_Requested_Keyboard,Study 1,Continuous Room Navigation,Requested Feedback,Keyboard,0,1787856833.6515527,1787856837.5200863,2026-08-27T18:53:57.520086+00:00,3.8685336112976074,548564.296,36,840676540092,0,0,0.0,0.0,0.0,0.0,0.0,0.0,0,0.0,0.0,0.0,0.0,0.0,0.0,0,0.0,0.0,0.0,0.0,0.0,0.0
P001,P001_S01,P001_S01_ST1ST_T01_R02,T01,R02,Room_Requested_Keyboard,Study 1,Continuous Room Navigation,Requested Feedback,Keyboard,0,1787856833.6515527,1787856837.6328204,2026-08-27T18:53:57.632820+00:00,3.9812676906585693,548564.406,37,840677664222,0,0,0.0,0.0,0.0,0.0,0.0,0.0,0,0.0,0.0,0.0,0.0,0.0,0.0,0,0.0,0.0,0.0,0.0,0.0,0.0
P001,P001_S01,P001_S01_ST1ST_T01_R02,T01,R02,Room_Requested_Keyboard,Study 1,Continuous Room Navigation,Requested Feedback,Keyboard,0,1787856833.6515527,1787856837.7338686,2026-08-27T18:53:57.733869+00:00,4.082315921783447,548564.5,38,840678677749,0,0,0.0,0.0,0.0,0.0,0.0,0.0,0,0.0,0.0,0.0,0.0,0.0,0.0,0,0.0,0.0,0.0,0.0,0.0,0.0
P001,P001_S01,P001_S01_ST1ST_T01_R02,T01,R02,Room_Requested_Keyboard,Study 1,Continuous Room Navigation,Requested Feedback,Keyboard,0,1787856833.6515527,1787856837.8456745,2026-08-27T18:53:57.845675+00:00,4.194121837615967,548564.609,39,840679767423,0,0,0.0,0.0,0.0,0.0,0.0,0.0,0,0.0,0.0,0.0,0.0,0.0,0.0,0,0.0,0.0,0.0,0.0,0.0,0.0
P001,P001_S01,P001_S01_ST1ST_T01_R02,T01,R02,Room_Requested_Keyboard,Study 1,Continuous Room Navigation,Requested Feedback,Keyboard,0,1787856833.6515527,1787856837.9634469,2026-08-27T18:53:57.963447+00:00,4.311894178390503,548564.734,40,840680971549,0,0,0.0,0.0,0.0,0.0,0.0,0.0,0,0.0,0.0,0.0,0.0,0.0,0.0,0,0.0,0.0,0.0,0.0,0.0,0.0
P001,P001_S01,P001_S01_ST1ST_T01_R02,T01,R02,Room_Requested_Keyboard,Study 1,Continuous Room Navigation,Requested Feedback,Keyboard,0,1787856833.6515527,1787856838.0824282,2026-08-27T18:53:58.082428+00:00,4.430875539779663,548564.859,41,840682167839,0,0,0.0,0.0,0.0,0.0,0.0,0.0,0,0.0,0.0,0.0,0.0,0.0,0.0,0,0.0,0.0,0.0,0.0,0.0,0.0
P001,P001_S01,P001_S01_ST1ST_T01_R02,T01,R02,Room_Requested_Keyboard,Study 1,Continuous Room Navigation,Requested Feedback,Keyboard,0,1787856833.6515527,1787856838.1829965,2026-08-27T18:53:58.182997+00:00,4.53144383430481,548564.953,42,840683169060,0,0,0.0,0.0,0.0,0.0,0.0,0.0,0,0.0,0.0,0.0,0.0,0.0,0.0,0,0.0,0.0,0.0,0.0,0.0,0.0
P001,P001_S01,P001_S01_ST1ST_T01_R02,T01,R02,Room_Requested_Keyboard,Study 1,Continuous Room Navigation,Requested Feedback,Keyboard,0,1787856833.6515527,1787856838.2893958,2026-08-27T18:53:58.289396+00:00,4.637843132019043,548565.062,43,840684229524,0,0,0.0,0.0,0.0,0.0,0.0,0.0,0,0.0,0.0,0.0,0.0,0.0,0.0,0,0.0,0.0,0.0,0.0,0.0,0.0
P001,P001_S01,P001_S01_ST1ST_T01_R02,T01,R02,Room_Requested_Keyboard,Study 1,Continuous Room Navigation,Requested Feedback,Keyboard,0,1787856833.6515527,1787856838.4003208,2026-08-27T18:53:58.400321+00:00,4.748768091201782,548565.171,44,840685345811,0,0,0.0,0.0,0.0,0.0,0.0,0.0,0,0.0,0.0,0.0,0.0,0.0,0.0,0,0.0,0.0,0.0,0.0,0.0,0.0
P001,P001_S01,P001_S01_ST1ST_T01_R02,T01,R02,Room_Requested_Keyboard,Study 1,Continuous Room Navigation,Requested Feedback,Keyboard,0,1787856833.6515527,1787856838.512557,2026-08-27T18:53:58.512557+00:00,4.86100435256958,548565.281,45,840686370799,0,0,0.0,0.0,0.0,0.0,0.0,0.0,0,0.0,0.0,0.0,0.0,0.0,0.0,0,0.0,0.0,0.0,0.0,0.0,0.0
P001,P001_S01,P001_S01_ST1ST_T01_R02,T01,R02,Room_Requested_Keyboard,Study 1,Continuous Room Navigation,Requested Feedback,Keyboard,0,1787856833.6515527,1787856838.617705,2026-08-27T18:53:58.617705+00:00,4.9661524295806885,548565.39,46,840687519051,0,0,0.0,0.0,0.0,0.0,0.0,0.0,0,0.0,0.0,0.0,0.0,0.0,0.0,0,0.0,0.0,0.0,0.0,0.0,0.0
P001,P001_S01,P001_S01_ST1ST_T01_R02,T01,R02,Room_Requested_Keyboard,Study 1,Continuous Room Navigation,Requested Feedback,Keyboard,0,1787856833.6515527,1787856838.7292964,2026-08-27T18:53:58.729296+00:00,5.077743768692017,548565.5,47,840688620337,0,0,0.0,0.0,0.0,0.0,0.0,0.0,0,0.0,0.0,0.0,0.0,0.0,0.0,0,0.0,0.0,0.0,0.0,0.0,0.0
P001,P001_S01,P001_S01_ST1ST_T01_R02,T01,R02,Room_Requested_Keyboard,Study 1,Continuous Room Navigation,Requested Feedback,Keyboard,0,1787856833.6515527,1787856838.8328094,2026-08-27T18:53:58.832809+00:00,5.1812567710876465,548565.609,48,840689667336,0,0,0.0,0.0,0.0,0.0,0.0,0.0,0,0.0,0.0,0.0,0.0,0.0,0.0,0,0.0,0.0,0.0,0.0,0.0,0.0
P001,P001_S01,P001_S01_ST1ST_T01_R02,T01,R02,Room_Requested_Keyboard,Study 1,Continuous Room Navigation,Requested Feedback,Keyboard,0,1787856833.6515527,1787856838.9438062,2026-08-27T18:53:58.943806+00:00,5.292253494262695,548565.718,49,840690767433,0,0,0.0,0.0,0.0,0.0,0.0,0.0,0,0.0,0.0,0.0,0.0,0.0,0.0,0,0.0,0.0,0.0,0.0,0.0,0.0
P001,P001_S01,P001_S01_ST1ST_T01_R02,T01,R02,Room_Requested_Keyboard,Study 1,Continuous Room Navigation,Requested Feedback,Keyboard,0,1787856833.6515527,1787856839.0450087,2026-08-27T18:53:59.045009+00:00,5.393455982208252,548565.812,50,840691768280,0,0,0.0,0.0,0.0,0.0,0.0,0.0,0,0.0,0.0,0.0,0.0,0.0,0.0,0,0.0,0.0,0.0,0.0,0.0,0.0
P001,P001_S01,P001_S01_ST1ST_T01_R02,T01,R02,Room_Requested_Keyboard,Study 1,Continuous Room Navigation,Requested Feedback,Keyboard,0,1787856833.6515527,1787856839.1535356,2026-08-27T18:53:59.153536+00:00,5.501982927322388,548565.921,51,840692869840,0,0,0.0,0.0,0.0,0.0,0.0,0.0,0,0.0,0.0,0.0,0.0,0.0,0.0,0,0.0,0.0,0.0,0.0,0.0,0.0
P001,P001_S01,P001_S01_ST1ST_T01_R02,T01,R02,Room_Requested_Keyboard,Study 1,Continuous Room Navigation,Requested Feedback,Keyboard,0,1787856833.6515527,1787856839.2730327,2026-08-27T18:53:59.273033+00:00,5.6214799880981445,548566.046,52,840694069201,0,0,0.0,0.0,0.0,0.0,0.0,0.0,0,0.0,0.0,0.0,0.0,0.0,0.0,0,0.0,0.0,0.0,0.0,0.0,0.0
P001,P001_S01,P001_S01_ST1ST_T01_R02,T01,R02,Room_Requested_Keyboard,Study 1,Continuous Room Navigation,Requested Feedback,Keyboard,0,1787856833.6515527,1787856839.3934922,2026-08-27T18:53:59.393492+00:00,5.741939544677734,548566.156,53,840695266458,0,0,0.0,0.0,0.0,0.0,0.0,0.0,0,0.0,0.0,0.0,0.0,0.0,0.0,0,0.0,0.0,0.0,0.0,0.0,0.0
P001,P001_S01,P001_S01_ST1ST_T01_R02,T01,R02,Room_Requested_Keyboard,Study 1,Continuous Room Navigation,Requested Feedback,Keyboard,0,1787856833.6515527,1787856839.5031176,2026-08-27T18:53:59.503118+00:00,5.851564884185791,548566.265,54,840696372046,0,0,0.0,0.0,0.0,0.0,0.0,0.0,0,0.0,0.0,0.0,0.0,0.0,0.0,0,0.0,0.0,0.0,0.0,0.0,0.0
P001,P001_S01,P001_S01_ST1ST_T01_R02,T01,R02,Room_Requested_Keyboard,Study 1,Continuous Room Navigation,Requested Feedback,Keyboard,0,1787856833.6515527,1787856839.6229324,2026-08-27T18:53:59.622932+00:00,5.97137975692749,548566.39,55,840697567977,0,0,0.0,0.0,0.0,0.0,0.0,0.0,0,0.0,0.0,0.0,0.0,0.0,0.0,0,0.0,0.0,0.0,0.0,0.0,0.0
P001,P001_S01,P001_S01_ST1ST_T01_R02,T01,R02,Room_Requested_Keyboard,Study 1,Continuous Room Navigation,Requested Feedback,Keyboard,0,1787856833.6515527,1787856839.7379284,2026-08-27T18:53:59.737928+00:00,6.086375713348389,548566.5,56,840698669456,0,0,0.0,0.0,0.0,0.0,0.0,0.0,0,0.0,0.0,0.0,0.0,0.0,0.0,0,0.0,0.0,0.0,0.0,0.0,0.0
P001,P001_S01,P001_S01_ST1ST_T01_R02,T01,R02,Room_Requested_Keyboard,Study 1,Continuous Room Navigation,Requested Feedback,Keyboard,0,1787856833.6515527,1787856839.854336,2026-08-27T18:53:59.854336+00:00,6.2027833461761475,548566.625,57,840699867361,0,0,0.0,0.0,0.0,0.0,0.0,0.0,0,0.0,0.0,0.0,0.0,0.0,0.0,0,0.0,0.0,0.0,0.0,0.0,0.0
P001,P001_S01,P001_S01_ST1ST_T01_R02,T01,R02,Room_Requested_Keyboard,Study 1,Continuous Room Navigation,Requested Feedback,Keyboard,0,1787856833.6515527,1787856839.9530582,2026-08-27T18:53:59.953058+00:00,6.3015055656433105,548566.718,58,840700871299,0,0,0.0,0.0,0.0,0.0,0.0,0.0,0,0.0,0.0,0.0,0.0,0.0,0.0,0,0.0,0.0,0.0,0.0,0.0,0.0
P001,P001_S01,P001_S01_ST1ST_T01_R02,T01,R02,Room_Requested_Keyboard,Study 1,Continuous Room Navigation,Requested Feedback,Keyboard,0,1787856833.6515527,1787856840.0650163,2026-08-27T18:54:00.065016+00:00,6.413463592529297,548566.828,59,840701970665,0,0,0.0,0.0,0.0,0.0,0.0,0.0,0,0.0,0.0,0.0,0.0,0.0,0.0,0,0.0,0.0,0.0,0.0,0.0,0.0
P001,P001_S01,P001_S01_ST1ST_T01_R02,T01,R02,Room_Requested_Keyboard,Study 1,Continuous Room Navigation,Requested Feedback,Keyboard,0,1787856833.6515527,1787856840.1748044,2026-08-27T18:54:00.174804+00:00,6.52325177192688,548566.937,60,840703026439,0,0,0.0,0.0,0.0,0.0,0.0,0.0,0,0.0,0.0,0.0,0.0,0.0,0.0,0,0.0,0.0,0.0,0.0,0.0,0.0
P001,P001_S01,P001_S01_ST1ST_T01_R02,T01,R02,Room_Requested_Keyboard,Study 1,Continuous Room Navigation,Requested Feedback,Keyboard,0,1787856833.6515527,1787856840.312558,2026-08-27T18:54:00.312558+00:00,6.661005258560181,548567.078,61,840704169067,0,0,0.0,0.0,0.0,0.0,0.0,0.0,0,0.0,0.0,0.0,0.0,0.0,0.0,0,0.0,0.0,0.0,0.0,0.0,0.0
P001,P001_S01,P001_S01_ST1ST_T01_R02,T01,R02,Room_Requested_Keyboard,Study 1,Continuous Room Navigation,Requested Feedback,Keyboard,0,1787856833.6515527,1787856840.4031022,2026-08-27T18:54:00.403102+00:00,6.751549482345581,548567.171,62,840705182136,0,0,0.0,0.0,0.0,0.0,0.0,0.0,0,0.0,0.0,0.0,0.0,0.0,0.0,0,0.0,0.0,0.0,0.0,0.0,0.0
P001,P001_S01,P001_S01_ST1ST_T01_R02,T01,R02,Room_Requested_Keyboard,Study 1,Continuous Room Navigation,Requested Feedback,Keyboard,0,1787856833.6515527,1787856840.51299,2026-08-27T18:54:00.512990+00:00,6.8614373207092285,548567.281,63,840706369556,0,0,0.0,0.0,0.0,0.0,0.0,0.0,0,0.0,0.0,0.0,0.0,0.0,0.0,0,0.0,0.0,0.0,0.0,0.0,0.0
P001,P001_S01,P001_S01_ST1ST_T01_R02,T01,R02,Room_Requested_Keyboard,Study 1,Continuous Room Navigation,Requested Feedback,Keyboard,0,1787856833.6515527,1787856840.611985,2026-08-27T18:54:00.611985+00:00,6.960432291030884,548567.375,64,840707469911,0,0,0.0,0.0,0.0,0.0,0.0,0.0,0,0.0,0.0,0.0,0.0,0.0,0.0,0,0.0,0.0,0.0,0.0,0.0,0.0
P001,P001_S01,P001_S01_ST1ST_T01_R02,T01,R02,Room_Requested_Keyboard,Study 1,Continuous Room Navigation,Requested Feedback,Keyboard,0,1787856833.6515527,1787856840.7267964,2026-08-27T18:54:00.726796+00:00,7.075243711471558,548567.5,65,840708569757,0,0,0.0,0.0,0.0,0.0,0.0,0.0,0,0.0,0.0,0.0,0.0,0.0,0.0,0,0.0,0.0,0.0,0.0,0.0,0.0
P001,P001_S01,P001_S01_ST1ST_T01_R02,T01,R02,Room_Requested_Keyboard,Study 1,Continuous Room Navigation,Requested Feedback,Keyboard,0,1787856833.6515527,1787856840.8438437,2026-08-27T18:54:00.843844+00:00,7.192291021347046,548567.609,66,840709768412,0,0,0.0,0.0,0.0,0.0,0.0,0.0,0,0.0,0.0,0.0,0.0,0.0,0.0,0,0.0,0.0,0.0,0.0,0.0,0.0
P001,P001_S01,P001_S01_ST1ST_T01_R02,T01,R02,Room_Requested_Keyboard,Study 1,Continuous Room Navigation,Requested Feedback,Keyboard,0,1787856833.6515527,1787856840.963594,2026-08-27T18:54:00.963594+00:00,7.312041282653809,548567.734,67,840710974027,0,0,0.0,0.0,0.0,0.0,0.0,0.0,0,0.0,0.0,0.0,0.0,0.0,0.0,0,0.0,0.0,0.0,0.0,0.0,0.0
P001,P001_S01,P001_S01_ST1ST_T01_R02,T01,R02,Room_Requested_Keyboard,Study 1,Continuous Room Navigation,Requested Feedback,Keyboard,0,1787856833.6515527,1787856841.069202,2026-08-27T18:54:01.069202+00:00,7.417649269104004,548567.843,68,840712030403,0,0,0.0,0.0,0.0,0.0,0.0,0.0,0,0.0,0.0,0.0,0.0,0.0,0.0,0,0.0,0.0,0.0,0.0,0.0,0.0
P001,P001_S01,P001_S01_ST1ST_T01_R02,T01,R02,Room_Requested_Keyboard,Study 1,Continuous Room Navigation,Requested Feedback,Keyboard,0,1787856833.6515527,1787856841.1843257,2026-08-27T18:54:01.184326+00:00,7.532773017883301,548567.953,69,840713189229,0,0,0.0,0.0,0.0,0.0,0.0,0.0,0,0.0,0.0,0.0,0.0,0.0,0.0,0,0.0,0.0,0.0,0.0,0.0,0.0
P001,P001_S01,P001_S01_ST1ST_T01_R02,T01,R02,Room_Requested_Keyboard,Study 1,Continuous Room Navigation,Requested Feedback,Keyboard,0,1787856833.6515527,1787856841.302967,2026-08-27T18:54:01.302967+00:00,7.651414394378662,548568.078,70,840714369291,0,0,0.0,0.0,0.0,0.0,0.0,0.0,0,0.0,0.0,0.0,0.0,0.0,0.0,0,0.0,0.0,0.0,0.0,0.0,0.0
P001,P001_S01,P001_S01_ST1ST_T01_R02,T01,R02,Room_Requested_Keyboard,Study 1,Continuous Room Navigation,Requested Feedback,Keyboard,0,1787856833.6515527,1787856841.4326808,2026-08-27T18:54:01.432681+00:00,7.781128168106079,548568.203,71,840715505535,0,0,0.0,0.0,0.0,0.0,0.0,0.0,0,0.0,0.0,0.0,0.0,0.0,0.0,0,0.0,0.0,0.0,0.0,0.0,0.0
P001,P001_S01,P001_S01_ST1ST_T01_R02,T01,R02,Room_Requested_Keyboard,Study 1,Continuous Room Navigation,Requested Feedback,Keyboard,0,1787856833.6515527,1787856841.5204234,2026-08-27T18:54:01.520423+00:00,7.868870735168457,548568.296,72,840716534277,0,0,0.0,0.0,0.0,0.0,0.0,0.0,0,0.0,0.0,0.0,0.0,0.0,0.0,0,0.0,0.0,0.0,0.0,0.0,0.0
P001,P001_S01,P001_S01_ST1ST_T01_R02,T01,R02,Room_Requested_Keyboard,Study 1,Continuous Room Navigation,Requested Feedback,Keyboard,0,1787856833.6515527,1787856841.6238878,2026-08-27T18:54:01.623888+00:00,7.97233510017395,548568.39,73,840717571461,0,0,0.0,0.0,0.0,0.0,0.0,0.0,0,0.0,0.0,0.0,0.0,0.0,0.0,0,0.0,0.0,0.0,0.0,0.0,0.0
P001,P001_S01,P001_S01_ST1ST_T01_R02,T01,R02,Room_Requested_Keyboard,Study 1,Continuous Room Navigation,Requested Feedback,Keyboard,0,1787856833.6515527,1787856841.734976,2026-08-27T18:54:01.734976+00:00,8.083423376083374,548568.5,74,840718688144,0,0,0.0,0.0,0.0,0.0,0.0,0.0,0,0.0,0.0,0.0,0.0,0.0,0.0,0,0.0,0.0,0.0,0.0,0.0,0.0
P001,P001_S01,P001_S01_ST1ST_T01_R02,T01,R02,Room_Requested_Keyboard,Study 1,Continuous Room Navigation,Requested Feedback,Keyboard,0,1787856833.6515527,1787856841.8533823,2026-08-27T18:54:01.853382+00:00,8.201829671859741,548568.625,75,840719869966,0,0,0.0,0.0,0.0,0.0,0.0,0.0,0,0.0,0.0,0.0,0.0,0.0,0.0,0,0.0,0.0,0.0,0.0,0.0,0.0
P001,P001_S01,P001_S01_ST1ST_T01_R02,T01,R02,Room_Requested_Keyboard,Study 1,Continuous Room Navigation,Requested Feedback,Keyboard,0,1787856833.6515527,1787856841.9676793,2026-08-27T18:54:01.967679+00:00,8.316126585006714,548568.734,76,840721020187,0,0,0.0,0.0,0.0,0.0,0.0,0.0,0,0.0,0.0,0.0,0.0,0.0,0.0,0,0.0,0.0,0.0,0.0,0.0,0.0
P001,P001_S01,P001_S01_ST1ST_T01_R02,T01,R02,Room_Requested_Keyboard,Study 1,Continuous Room Navigation,Requested Feedback,Keyboard,0,1787856833.6515527,1787856842.0830276,2026-08-27T18:54:02.083028+00:00,8.431474924087524,548568.859,77,840722172702,0,0,0.0,0.0,0.0,0.0,0.0,0.0,0,0.0,0.0,0.0,0.0,0.0,0.0,0,0.0,0.0,0.0,0.0,0.0,0.0
P001,P001_S01,P001_S01_ST1ST_T01_R02,T01,R02,Room_Requested_Keyboard,Study 1,Continuous Room Navigation,Requested Feedback,Keyboard,0,1787856833.6515527,1787856842.2021441,2026-08-27T18:54:02.202144+00:00,8.550591468811035,548568.968,78,840723273814,0,0,0.0,0.0,0.0,0.0,0.0,0.0,0,0.0,0.0,0.0,0.0,0.0,0.0,0,0.0,0.0,0.0,0.0,0.0,0.0
P001,P001_S01,P001_S01_ST1ST_T01_R02,T01,R02,Room_Requested_Keyboard,Study 1,Continuous Room Navigation,Requested Feedback,Keyboard,0,1787856833.6515527,1787856842.3030365,2026-08-27T18:54:02.303036+00:00,8.65148377418518,548569.078,79,840724369565,0,0,0.0,0.0,0.0,0.0,0.0,0.0,0,0.0,0.0,0.0,0.0,0.0,0.0,0,0.0,0.0,0.0,0.0,0.0,0.0
P001,P001_S01,P001_S01_ST1ST_T01_R02,T01,R02,Room_Requested_Keyboard,Study 1,Continuous Room Navigation,Requested Feedback,Keyboard,0,1787856833.6515527,1787856842.422744,2026-08-27T18:54:02.422744+00:00,8.771191358566284,548569.187,80,840725568195,0,0,0.0,0.0,0.0,0.0,0.0,0.0,0,0.0,0.0,0.0,0.0,0.0,0.0,0,0.0,0.0,0.0,0.0,0.0,0.0
P001,P001_S01,P001_S01_ST1ST_T01_R02,T01,R02,Room_Requested_Keyboard,Study 1,Continuous Room Navigation,Requested Feedback,Keyboard,0,1787856833.6515527,1787856842.5228167,2026-08-27T18:54:02.522817+00:00,8.871263980865479,548569.296,81,840726573479,0,0,0.0,0.0,0.0,0.0,0.0,0.0,0,0.0,0.0,0.0,0.0,0.0,0.0,0,0.0,0.0,0.0,0.0,0.0,0.0
P001,P001_S01,P001_S01_ST1ST_T01_R02,T01,R02,Room_Requested_Keyboard,Study 1,Continuous Room Navigation,Requested Feedback,Keyboard,0,1787856833.6515527,1787856842.6428368,2026-08-27T18:54:02.642837+00:00,8.991284132003784,548569.406,82,840727769766,0,0,0.0,0.0,0.0,0.0,0.0,0.0,0,0.0,0.0,0.0,0.0,0.0,0.0,0,0.0,0.0,0.0,0.0,0.0,0.0
P001,P001_S01,P001_S01_ST1ST_T01_R02,T01,R02,Room_Requested_Keyboard,Study 1,Continuous Room Navigation,Requested Feedback,Keyboard,0,1787856833.6515527,1787856842.7623954,2026-08-27T18:54:02.762395+00:00,9.11084270477295,548569.531,83,840728972666,0,0,0.0,0.0,0.0,0.0,0.0,0.0,0,0.0,0.0,0.0,0.0,0.0,0.0,0,0.0,0.0,0.0,0.0,0.0,0.0
P001,P001_S01,P001_S01_ST1ST_T01_R02,T01,R02,Room_Requested_Keyboard,Study 1,Continuous Room Navigation,Requested Feedback,Keyboard,0,1787856833.6515527,1787856842.8693905,2026-08-27T18:54:02.869390+00:00,9.217837810516357,548569.64,84,840730031404,0,0,0.0,0.0,0.0,0.0,0.0,0.0,0,0.0,0.0,0.0,0.0,0.0,0.0,0,0.0,0.0,0.0,0.0,0.0,0.0
P001,P001_S01,P001_S01_ST1ST_T01_R02,T01,R02,Room_Requested_Keyboard,Study 1,Continuous Room Navigation,Requested Feedback,Keyboard,0,1787856833.6515527,1787856843.0080132,2026-08-27T18:54:03.008013+00:00,9.356460571289062,548569.781,85,840731195226,0,0,0.0,0.0,0.0,0.0,0.0,0.0,0,0.0,0.0,0.0,0.0,0.0,0.0,0,0.0,0.0,0.0,0.0,0.0,0.0
P001,P001_S01,P001_S01_ST1ST_T01_R02,T01,R02,Room_Requested_Keyboard,Study 1,Continuous Room Navigation,Requested Feedback,Keyboard,0,1787856833.6515527,1787856843.1038127,2026-08-27T18:54:03.103813+00:00,9.45226001739502,548569.875,86,840732370472,0,0,0.0,0.0,0.0,0.0,0.0,0.0,0,0.0,0.0,0.0,0.0,0.0,0.0,0,0.0,0.0,0.0,0.0,0.0,0.0
P001,P001_S01,P001_S01_ST1ST_T01_R02,T01,R02,Room_Requested_Keyboard,Study 1,Continuous Room Navigation,Requested Feedback,Keyboard,0,1787856833.6515527,1787856843.2128434,2026-08-27T18:54:03.212843+00:00,9.561290740966797,548569.984,87,840733471322,0,0,0.0,0.0,0.0,0.0,0.0,0.0,0,0.0,0.0,0.0,0.0,0.0,0.0,0,0.0,0.0,0.0,0.0,0.0,0.0
P001,P001_S01,P001_S01_ST1ST_T01_R02,T01,R02,Room_Requested_Keyboard,Study 1,Continuous Room Navigation,Requested Feedback,Keyboard,0,1787856833.6515527,1787856843.3196332,2026-08-27T18:54:03.319633+00:00,9.668080568313599,548570.093,88,840734534378,0,0,0.0,0.0,0.0,0.0,0.0,0.0,0,0.0,0.0,0.0,0.0,0.0,0.0,0,0.0,0.0,0.0,0.0,0.0,0.0
P001,P001_S01,P001_S01_ST1ST_T01_R02,T01,R02,Room_Requested_Keyboard,Study 1,Continuous Room Navigation,Requested Feedback,Keyboard,0,1787856833.6515527,1787856843.4223487,2026-08-27T18:54:03.422349+00:00,9.770796060562134,548570.187,89,840735567778,0,0,0.0,0.0,0.0,0.0,0.0,0.0,0,0.0,0.0,0.0,0.0,0.0,0.0,0,0.0,0.0,0.0,0.0,0.0,0.0
P001,P001_S01,P001_S01_ST1ST_T01_R02,T01,R02,Room_Requested_Keyboard,Study 1,Continuous Room Navigation,Requested Feedback,Keyboard,0,1787856833.6515527,1787856843.5367138,2026-08-27T18:54:03.536714+00:00,9.88516116142273,548570.312,90,840736686392,0,0,0.0,0.0,0.0,0.0,0.0,0.0,0,0.0,0.0,0.0,0.0,0.0,0.0,0,0.0,0.0,0.0,0.0,0.0,0.0
P001,P001_S01,P001_S01_ST1ST_T01_R02,T01,R02,Room_Requested_Keyboard,Study 1,Continuous Room Navigation,Requested Feedback,Keyboard,0,1787856833.6515527,1787856843.6347916,2026-08-27T18:54:03.634792+00:00,9.983238935470581,548570.406,91,840737690674,0,0,0.0,0.0,0.0,0.0,0.0,0.0,0,0.0,0.0,0.0,0.0,0.0,0.0,0,0.0,0.0,0.0,0.0,0.0,0.0
P001,P001_S01,P001_S01_ST1ST_T01_R02,T01,R02,Room_Requested_Keyboard,Study 1,Continuous Room Navigation,Requested Feedback,Keyboard,0,1787856833.6515527,1787856843.7360818,2026-08-27T18:54:03.736082+00:00,10.084529161453247,548570.5,92,840738691849,0,0,0.0,0.0,0.0,0.0,0.0,0.0,0,0.0,0.0,0.0,0.0,0.0,0.0,0,0.0,0.0,0.0,0.0,0.0,0.0
P001,P001_S01,P001_S01_ST1ST_T01_R02,T01,R02,Room_Requested_Keyboard,Study 1,Continuous Room Navigation,Requested Feedback,Keyboard,0,1787856833.6515527,1787856843.8669536,2026-08-27T18:54:03.866954+00:00,10.21540093421936,548570.64,93,840739870406,0,0,0.0,0.0,0.0,0.0,0.0,0.0,0,0.0,0.0,0.0,0.0,0.0,0.0,0,0.0,0.0,0.0,0.0,0.0,0.0
P001,P001_S01,P001_S01_ST1ST_T01_R02,T01,R02,Room_Requested_Keyboard,Study 1,Continuous Room Navigation,Requested Feedback,Keyboard,0,1787856833.6515527,1787856843.9699767,2026-08-27T18:54:03.969977+00:00,10.318423986434937,548570.734,94,840741041566,0,0,0.0,0.0,0.0,0.0,0.0,0.0,0,0.0,0.0,0.0,0.0,0.0,0.0,0,0.0,0.0,0.0,0.0,0.0,0.0
P001,P001_S01,P001_S01_ST1ST_T01_R02,T01,R02,Room_Requested_Keyboard,Study 1,Continuous Room Navigation,Requested Feedback,Keyboard,0,1787856833.6515527,1787856844.0841277,2026-08-27T18:54:04.084128+00:00,10.432574987411499,548570.859,95,840742183926,0,0,0.0,0.0,0.0,0.0,0.0,0.0,0,0.0,0.0,0.0,0.0,0.0,0.0,0,0.0,0.0,0.0,0.0,0.0,0.0
P001,P001_S01,P001_S01_ST1ST_T01_R02,T01,R02,Room_Requested_Keyboard,Study 1,Continuous Room Navigation,Requested Feedback,Keyboard,0,1787856833.6515527,1787856844.185944,2026-08-27T18:54:04.185944+00:00,10.534391403198242,548570.953,96,840743195568,0,0,0.0,0.0,0.0,0.0,0.0,0.0,0,0.0,0.0,0.0,0.0,0.0,0.0,0,0.0,0.0,0.0,0.0,0.0,0.0
P001,P001_S01,P001_S01_ST1ST_T01_R02,T01,R02,Room_Requested_Keyboard,Study 1,Continuous Room Navigation,Requested Feedback,Keyboard,0,1787856833.6515527,1787856844.3029928,2026-08-27T18:54:04.302993+00:00,10.651440143585205,548571.078,97,840744369391,0,0,0.0,0.0,0.0,0.0,0.0,0.0,0,0.0,0.0,0.0,0.0,0.0,0.0,0,0.0,0.0,0.0,0.0,0.0,0.0
P001,P001_S01,P001_S01_ST1ST_T01_R02,T01,R02,Room_Requested_Keyboard,Study 1,Continuous Room Navigation,Requested Feedback,Keyboard,0,1787856833.6515527,1787856844.4168868,2026-08-27T18:54:04.416887+00:00,10.765334129333496,548571.187,98,840745507385,0,0,0.0,0.0,0.0,0.0,0.0,0.0,0,0.0,0.0,0.0,0.0,0.0,0.0,0,0.0,0.0,0.0,0.0,0.0,0.0
P001,P001_S01,P001_S01_ST1ST_T01_R02,T01,R02,Room_Requested_Keyboard,Study 1,Continuous Room Navigation,Requested Feedback,Keyboard,0,1787856833.6515527,1787856844.5241923,2026-08-27T18:54:04.524192+00:00,10.872639656066895,548571.296,99,840746570429,0,0,0.0,0.0,0.0,0.0,0.0,0.0,0,0.0,0.0,0.0,0.0,0.0,0.0,0,0.0,0.0,0.0,0.0,0.0,0.0
P001,P001_S01,P001_S01_ST1ST_T01_R02,T01,R02,Room_Requested_Keyboard,Study 1,Continuous Room Navigation,Requested Feedback,Keyboard,0,1787856833.6515527,1787856844.6545737,2026-08-27T18:54:04.654574+00:00,11.003021001815796,548571.421,100,840747670917,0,0,0.0,0.0,0.0,0.0,0.0,0.0,0,0.0,0.0,0.0,0.0,0.0,0.0,0,0.0,0.0,0.0,0.0,0.0,0.0
P001,P001_S01,P001_S01_ST1ST_T01_R02,T01,R02,Room_Requested_Keyboard,Study 1,Continuous Room Navigation,Requested Feedback,Keyboard,0,1787856833.6515527,1787856844.7353494,2026-08-27T18:54:04.735349+00:00,11.083796739578247,548571.5,101,840748685649,0,0,0.0,0.0,0.0,0.0,0.0,0.0,0,0.0,0.0,0.0,0.0,0.0,0.0,0,0.0,0.0,0.0,0.0,0.0,0.0
P001,P001_S01,P001_S01_ST1ST_T01_R02,T01,R02,Room_Requested_Keyboard,Study 1,Continuous Room Navigation,Requested Feedback,Keyboard,0,1787856833.6515527,1787856844.8538635,2026-08-27T18:54:04.853863+00:00,11.202310800552368,548571.625,102,840749870540,0,0,0.0,0.0,0.0,0.0,0.0,0.0,0,0.0,0.0,0.0,0.0,0.0,0.0,0,0.0,0.0,0.0,0.0,0.0,0.0
P001,P001_S01,P001_S01_ST1ST_T01_R02,T01,R02,Room_Requested_Keyboard,Study 1,Continuous Room Navigation,Requested Feedback,Keyboard,0,1787856833.6515527,1787856844.968627,2026-08-27T18:54:04.968627+00:00,11.317074298858643,548571.734,103,840751026974,0,0,0.0,0.0,0.0,0.0,0.0,0.0,0,0.0,0.0,0.0,0.0,0.0,0.0,0,0.0,0.0,0.0,0.0,0.0,0.0
P001,P001_S01,P001_S01_ST1ST_T01_R02,T01,R02,Room_Requested_Keyboard,Study 1,Continuous Room Navigation,Requested Feedback,Keyboard,0,1787856833.6515527,1787856845.070211,2026-08-27T18:54:05.070211+00:00,11.418658256530762,548571.843,104,840752043058,0,0,0.0,0.0,0.0,0.0,0.0,0.0,0,0.0,0.0,0.0,0.0,0.0,0.0,0,0.0,0.0,0.0,0.0,0.0,0.0
P001,P001_S01,P001_S01_ST1ST_T01_R02,T01,R02,Room_Requested_Keyboard,Study 1,Continuous Room Navigation,Requested Feedback,Keyboard,0,1787856833.6515527,1787856845.183821,2026-08-27T18:54:05.183821+00:00,11.532268285751343,548571.953,105,840753173825,0,0,0.0,0.0,0.0,0.0,0.0,0.0,0,0.0,0.0,0.0,0.0,0.0,0.0,0,0.0,0.0,0.0,0.0,0.0,0.0
P001,P001_S01,P001_S01_ST1ST_T01_R02,T01,R02,Room_Requested_Keyboard,Study 1,Continuous Room Navigation,Requested Feedback,Keyboard,0,1787856833.6515527,1787856845.3030326,2026-08-27T18:54:05.303033+00:00,11.651479959487915,548572.078,106,840754369240,0,0,0.0,0.0,0.0,0.0,0.0,0.0,0,0.0,0.0,0.0,0.0,0.0,0.0,0,0.0,0.0,0.0,0.0,0.0,0.0
P001,P001_S01,P001_S01_ST1ST_T01_R02,T01,R02,Room_Requested_Keyboard,Study 1,Continuous Room Navigation,Requested Feedback,Keyboard,0,1787856833.6515527,1787856845.4292974,2026-08-27T18:54:05.429297+00:00,11.777744770050049,548572.203,107,840755509100,0,0,0.0,0.0,0.0,0.0,0.0,0.0,0,0.0,0.0,0.0,0.0,0.0,0.0,0,0.0,0.0,0.0,0.0,0.0,0.0
P001,P001_S01,P001_S01_ST1ST_T01_R02,T01,R02,Room_Requested_Keyboard,Study 1,Continuous Room Navigation,Requested Feedback,Keyboard,0,1787856833.6515527,1787856845.5206277,2026-08-27T18:54:05.520628+00:00,11.869075059890747,548572.296,108,840756544771,0,0,0.0,0.0,0.0,0.0,0.0,0.0,0,0.0,0.0,0.0,0.0,0.0,0.0,0,0.0,0.0,0.0,0.0,0.0,0.0
P001,P001_S01,P001_S01_ST1ST_T01_R02,T01,R02,Room_Requested_Keyboard,Study 1,Continuous Room Navigation,Requested Feedback,Keyboard,0,1787856833.6515527,1787856845.6334877,2026-08-27T18:54:05.633488+00:00,11.981935024261475,548572.406,109,840757670503,0,0,0.0,0.0,0.0,0.0,0.0,0.0,0,0.0,0.0,0.0,0.0,0.0,0.0,0,0.0,0.0,0.0,0.0,0.0,0.0
P001,P001_S01,P001_S01_ST1ST_T01_R02,T01,R02,Room_Requested_Keyboard,Study 1,Continuous Room Navigation,Requested Feedback,Keyboard,0,1787856833.6515527,1787856845.7442403,2026-08-27T18:54:05.744240+00:00,12.092687606811523,548572.515,110,840758772055,0,0,0.0,0.0,0.0,0.0,0.0,0.0,0,0.0,0.0,0.0,0.0,0.0,0.0,0,0.0,0.0,0.0,0.0,0.0,0.0
P001,P001_S01,P001_S01_ST1ST_T01_R02,T01,R02,Room_Requested_Keyboard,Study 1,Continuous Room Navigation,Requested Feedback,Keyboard,0,1787856833.6515527,1787856845.8857913,2026-08-27T18:54:05.885791+00:00,12.234238624572754,548572.656,111,840759872925,0,0,0.0,0.0,0.0,0.0,0.0,0.0,0,0.0,0.0,0.0,0.0,0.0,0.0,0,0.0,0.0,0.0,0.0,0.0,0.0
P001,P001_S01,P001_S01_ST1ST_T01_R02,T01,R02,Room_Requested_Keyboard,Study 1,Continuous Room Navigation,Requested Feedback,Keyboard,0,1787856833.6515527,1787856845.9752986,2026-08-27T18:54:05.975299+00:00,12.323745965957642,548572.75,112,840761053145,0,0,0.0,0.0,0.0,0.0,0.0,0.0,0,0.0,0.0,0.0,0.0,0.0,0.0,0,0.0,0.0,0.0,0.0,0.0,0.0
P001,P001_S01,P001_S01_ST1ST_T01_R02,T01,R02,Room_Requested_Keyboard,Study 1,Continuous Room Navigation,Requested Feedback,Keyboard,0,1787856833.6515527,1787856846.073145,2026-08-27T18:54:06.073145+00:00,12.421592235565186,548572.843,113,840762069096,0,0,0.0,0.0,0.0,0.0,0.0,0.0,0,0.0,0.0,0.0,0.0,0.0,0.0,0,0.0,0.0,0.0,0.0,0.0,0.0
P001,P001_S01,P001_S01_ST1ST_T01_R02,T01,R02,Room_Requested_Keyboard,Study 1,Continuous Room Navigation,Requested Feedback,Keyboard,0,1787856833.6515527,1787856846.1833184,2026-08-27T18:54:06.183318+00:00,12.531765699386597,548572.953,114,840763169244,0,0,0.0,0.0,0.0,0.0,0.0,0.0,0,0.0,0.0,0.0,0.0,0.0,0.0,0,0.0,0.0,0.0,0.0,0.0,0.0
P001,P001_S01,P001_S01_ST1ST_T01_R02,T01,R02,Room_Requested_Keyboard,Study 1,Continuous Room Navigation,Requested Feedback,Keyboard,0,1787856833.6515527,1787856846.2876198,2026-08-27T18:54:06.287620+00:00,12.636067152023315,548573.062,115,840764216238,0,0,0.0,0.0,0.0,0.0,0.0,0.0,0,0.0,0.0,0.0,0.0,0.0,0.0,0,0.0,0.0,0.0,0.0,0.0,0.0
P001,P001_S01,P001_S01_ST1ST_T01_R02,T01,R02,Room_Requested_Keyboard,Study 1,Continuous Room Navigation,Requested Feedback,Keyboard,0,1787856833.6515527,1787856846.4031909,2026-08-27T18:54:06.403191+00:00,12.751638174057007,548573.171,116,840765368778,0,0,0.0,0.0,0.0,0.0,0.0,0.0,0,0.0,0.0,0.0,0.0,0.0,0.0,0,0.0,0.0,0.0,0.0,0.0,0.0
P001,P001_S01,P001_S01_ST1ST_T01_R02,T01,R02,Room_Requested_Keyboard,Study 1,Continuous Room Navigation,Requested Feedback,Keyboard,0,1787856833.6515527,1787856846.5475852,2026-08-27T18:54:06.547585+00:00,12.896032571792603,548573.312,117,840766512762,0,0,0.0,0.0,0.0,0.0,0.0,0.0,0,0.0,0.0,0.0,0.0,0.0,0.0,0,0.0,0.0,0.0,0.0,0.0,0.0
P001,P001_S01,P001_S01_ST1ST_T01_R02,T01,R02,Room_Requested_Keyboard,Study 1,Continuous Room Navigation,Requested Feedback,Keyboard,0,1787856833.6515527,1787856846.656921,2026-08-27T18:54:06.656921+00:00,13.00536823272705,548573.421,118,840767669063,0,0,0.0,0.0,0.0,0.0,0.0,0.0,0,0.0,0.0,0.0,0.0,0.0,0.0,0,0.0,0.0,0.0,0.0,0.0,0.0
P001,P001_S01,P001_S01_ST1ST_T01_R02,T01,R02,Room_Requested_Keyboard,Study 1,Continuous Room Navigation,Requested Feedback,Keyboard,0,1787856833.6515527,1787856846.7471652,2026-08-27T18:54:06.747165+00:00,13.095612525939941,548573.515,119,840768781399,0,0,0.0,0.0,0.0,0.0,0.0,0.0,0,0.0,0.0,0.0,0.0,0.0,0.0,0,0.0,0.0,0.0,0.0,0.0,0.0
P001,P001_S01,P001_S01_ST1ST_T01_R02,T01,R02,Room_Requested_Keyboard,Study 1,Continuous Room Navigation,Requested Feedback,Keyboard,0,1787856833.6515527,1787856846.85407,2026-08-27T18:54:06.854070+00:00,13.20251727104187,548573.625,120,840769875221,0,0,0.0,0.0,0.0,0.0,0.0,0.0,0,0.0,0.0,0.0,0.0,0.0,0.0,0,0.0,0.0,0.0,0.0,0.0,0.0
P001,P001_S01,P001_S01_ST1ST_T01_R02,T01,R02,Room_Requested_Keyboard,Study 1,Continuous Room Navigation,Requested Feedback,Keyboard,0,1787856833.6515527,1787856846.9649434,2026-08-27T18:54:06.964943+00:00,13.313390731811523,548573.734,121,840770972125,0,0,0.0,0.0,0.0,0.0,0.0,0.0,0,0.0,0.0,0.0,0.0,0.0,0.0,0,0.0,0.0,0.0,0.0,0.0,0.0
P001,P001_S01,P001_S01_ST1ST_T01_R02,T01,R02,Room_Requested_Keyboard,Study 1,Continuous Room Navigation,Requested Feedback,Keyboard,0,1787856833.6515527,1787856847.0822203,2026-08-27T18:54:07.082220+00:00,13.430667638778687,548573.859,122,840772173027,0,0,0.0,0.0,0.0,0.0,0.0,0.0,0,0.0,0.0,0.0,0.0,0.0,0.0,0,0.0,0.0,0.0,0.0,0.0,0.0
P001,P001_S01,P001_S01_ST1ST_T01_R02,T01,R02,Room_Requested_Keyboard,Study 1,Continuous Room Navigation,Requested Feedback,Keyboard,0,1787856833.6515527,1787856847.185464,2026-08-27T18:54:07.185464+00:00,13.533911228179932,548573.953,123,840773186327,0,0,0.0,0.0,0.0,0.0,0.0,0.0,0,0.0,0.0,0.0,0.0,0.0,0.0,0,0.0,0.0,0.0,0.0,0.0,0.0
P001,P001_S01,P001_S01_ST1ST_T01_R02,T01,R02,Room_Requested_Keyboard,Study 1,Continuous Room Navigation,Requested Feedback,Keyboard,0,1787856833.6515527,1787856847.2925842,2026-08-27T18:54:07.292584+00:00,13.641031503677368,548574.062,124,840774268472,0,0,0.0,0.0,0.0,0.0,0.0,0.0,0,0.0,0.0,0.0,0.0,0.0,0.0,0,0.0,0.0,0.0,0.0,0.0,0.0
P001,P001_S01,P001_S01_ST1ST_T01_R02,T01,R02,Room_Requested_Keyboard,Study 1,Continuous Room Navigation,Requested Feedback,Keyboard,0,1787856833.6515527,1787856847.4218972,2026-08-27T18:54:07.421897+00:00,13.770344495773315,548574.187,125,840775368185,0,0,0.0,0.0,0.0,0.0,0.0,0.0,0,0.0,0.0,0.0,0.0,0.0,0.0,0,0.0,0.0,0.0,0.0,0.0,0.0
P001,P001_S01,P001_S01_ST1ST_T01_R02,T01,R02,Room_Requested_Keyboard,Study 1,Continuous Room Navigation,Requested Feedback,Keyboard,0,1787856833.6515527,1787856847.512129,2026-08-27T18:54:07.512129+00:00,13.860576391220093,548574.281,126,840776369382,0,0,0.0,0.0,0.0,0.0,0.0,0.0,0,0.0,0.0,0.0,0.0,0.0,0.0,0,0.0,0.0,0.0,0.0,0.0,0.0
P001,P001_S01,P001_S01_ST1ST_T01_R02,T01,R02,Room_Requested_Keyboard,Study 1,Continuous Room Navigation,Requested Feedback,Keyboard,0,1787856833.6515527,1787856847.6276386,2026-08-27T18:54:07.627639+00:00,13.976085901260376,548574.39,127,840777471646,0,0,0.0,0.0,0.0,0.0,0.0,0.0,0,0.0,0.0,0.0,0.0,0.0,0.0,0,0.0,0.0,0.0,0.0,0.0,0.0
P001,P001_S01,P001_S01_ST1ST_T01_R02,T01,R02,Room_Requested_Keyboard,Study 1,Continuous Room Navigation,Requested Feedback,Keyboard,0,1787856833.6515527,1787856847.7192092,2026-08-27T18:54:07.719209+00:00,14.067656517028809,548574.484,128,840778518585,0,0,0.0,0.0,0.0,0.0,0.0,0.0,0,0.0,0.0,0.0,0.0,0.0,0.0,0,0.0,0.0,0.0,0.0,0.0,0.0
P001,P001_S01,P001_S01_ST1ST_T01_R02,T01,R02,Room_Requested_Keyboard,Study 1,Continuous Room Navigation,Requested Feedback,Keyboard,0,1787856833.6515527,1787856847.823365,2026-08-27T18:54:07.823365+00:00,14.171812295913696,548574.593,129,840779569166,0,0,0.0,0.0,0.0,0.0,0.0,0.0,0,0.0,0.0,0.0,0.0,0.0,0.0,0,0.0,0.0,0.0,0.0,0.0,0.0
P001,P001_S01,P001_S01_ST1ST_T01_R02,T01,R02,Room_Requested_Keyboard,Study 1,Continuous Room Navigation,Requested Feedback,Keyboard,0,1787856833.6515527,1787856847.933301,2026-08-27T18:54:07.933301+00:00,14.281748294830322,548574.703,130,840780670355,0,0,0.0,0.0,0.0,0.0,0.0,0.0,0,0.0,0.0,0.0,0.0,0.0,0.0,0,0.0,0.0,0.0,0.0,0.0,0.0
P001,P001_S01,P001_S01_ST1ST_T01_R02,T01,R02,Room_Requested_Keyboard,Study 1,Continuous Room Navigation,Requested Feedback,Keyboard,0,1787856833.6515527,1787856848.0547152,2026-08-27T18:54:08.054715+00:00,14.403162479400635,548574.828,131,840781869510,0,0,0.0,0.0,0.0,0.0,0.0,0.0,0,0.0,0.0,0.0,0.0,0.0,0.0,0,0.0,0.0,0.0,0.0,0.0,0.0
P001,P001_S01,P001_S01_ST1ST_T01_R02,T01,R02,Room_Requested_Keyboard,Study 1,Continuous Room Navigation,Requested Feedback,Keyboard,0,1787856833.6515527,1787856848.1671875,2026-08-27T18:54:08.167187+00:00,14.515634775161743,548574.937,132,840783001633,0,0,0.0,0.0,0.0,0.0,0.0,0.0,0,0.0,0.0,0.0,0.0,0.0,0.0,0,0.0,0.0,0.0,0.0,0.0,0.0
P001,P001_S01,P001_S01_ST1ST_T01_R02,T01,R02,Room_Requested_Keyboard,Study 1,Continuous Room Navigation,Requested Feedback,Keyboard,0,1787856833.6515527,1787856848.274037,2026-08-27T18:54:08.274037+00:00,14.62248420715332,548575.046,133,840784070230,0,0,0.0,0.0,0.0,0.0,0.0,0.0,0,0.0,0.0,0.0,0.0,0.0,0.0,0,0.0,0.0,0.0,0.0,0.0,0.0
P001,P001_S01,P001_S01_ST1ST_T01_R02,T01,R02,Room_Requested_Keyboard,Study 1,Continuous Room Navigation,Requested Feedback,Keyboard,0,1787856833.6515527,1787856848.3797855,2026-08-27T18:54:08.379786+00:00,14.728232860565186,548575.156,134,840785135599,0,0,0.0,0.0,0.0,0.0,0.0,0.0,0,0.0,0.0,0.0,0.0,0.0,0.0,0,0.0,0.0,0.0,0.0,0.0,0.0
P001,P001_S01,P001_S01_ST1ST_T01_R02,T01,R02,Room_Requested_Keyboard,Study 1,Continuous Room Navigation,Requested Feedback,Keyboard,0,1787856833.6515527,1787856848.4928389,2026-08-27T18:54:08.492839+00:00,14.841286182403564,548575.265,135,840786267814,0,0,0.0,0.0,0.0,0.0,0.0,0.0,0,0.0,0.0,0.0,0.0,0.0,0.0,0,0.0,0.0,0.0,0.0,0.0,0.0
P001,P001_S01,P001_S01_ST1ST_T01_R02,T01,R02,Room_Requested_Keyboard,Study 1,Continuous Room Navigation,Requested Feedback,Keyboard,0,1787856833.6515527,1787856848.5924077,2026-08-27T18:54:08.592408+00:00,14.940855026245117,548575.359,136,840787272574,0,0,0.0,0.0,0.0,0.0,0.0,0.0,0,0.0,0.0,0.0,0.0,0.0,0.0,0,0.0,0.0,0.0,0.0,0.0,0.0
P001,P001_S01,P001_S01_ST1ST_T01_R02,T01,R02,Room_Requested_Keyboard,Study 1,Continuous Room Navigation,Requested Feedback,Keyboard,0,1787856833.6515527,1787856848.7031019,2026-08-27T18:54:08.703102+00:00,15.051549196243286,548575.468,137,840788369581,0,0,0.0,0.0,0.0,0.0,0.0,0.0,0,0.0,0.0,0.0,0.0,0.0,0.0,0,0.0,0.0,0.0,0.0,0.0,0.0
P001,P001_S01,P001_S01_ST1ST_T01_R02,T01,R02,Room_Requested_Keyboard,Study 1,Continuous Room Navigation,Requested Feedback,Keyboard,0,1787856833.6515527,1787856848.8129425,2026-08-27T18:54:08.812943+00:00,15.161389827728271,548575.578,138,840789469079,0,0,0.0,0.0,0.0,0.0,0.0,0.0,0,0.0,0.0,0.0,0.0,0.0,0.0,0,0.0,0.0,0.0,0.0,0.0,0.0
P001,P001_S01,P001_S01_ST1ST_T01_R02,T01,R02,Room_Requested_Keyboard,Study 1,Continuous Room Navigation,Requested Feedback,Keyboard,0,1787856833.6515527,1787856848.9273763,2026-08-27T18:54:08.927376+00:00,15.275823593139648,548575.703,139,840790614302,0,0,0.0,0.0,0.0,0.0,0.0,0.0,0,0.0,0.0,0.0,0.0,0.0,0.0,0,0.0,0.0,0.0,0.0,0.0,0.0
P001,P001_S01,P001_S01_ST1ST_T01_R02,T01,R02,Room_Requested_Keyboard,Study 1,Continuous Room Navigation,Requested Feedback,Keyboard,0,1787856833.6515527,1787856849.0379856,2026-08-27T18:54:09.037986+00:00,15.386432886123657,548575.812,140,840791725445,0,0,0.0,0.0,0.0,0.0,0.0,0.0,0,0.0,0.0,0.0,0.0,0.0,0.0,0,0.0,0.0,0.0,0.0,0.0,0.0
P001,P001_S01,P001_S01_ST1ST_T01_R02,T01,R02,Room_Requested_Keyboard,Study 1,Continuous Room Navigation,Requested Feedback,Keyboard,0,1787856833.6515527,1787856849.1489012,2026-08-27T18:54:09.148901+00:00,15.497348546981812,548575.921,141,840792831922,0,0,0.0,0.0,0.0,0.0,0.0,0.0,0,0.0,0.0,0.0,0.0,0.0,0.0,0,0.0,0.0,0.0,0.0,0.0,0.0
P001,P001_S01,P001_S01_ST1ST_T01_R02,T01,R02,Room_Requested_Keyboard,Study 1,Continuous Room Navigation,Requested Feedback,Keyboard,0,1787856833.6515527,1787856849.2549875,2026-08-27T18:54:09.254987+00:00,15.603434801101685,548576.031,142,840793887150,0,0,0.0,0.0,0.0,0.0,0.0,0.0,0,0.0,0.0,0.0,0.0,0.0,0.0,0,0.0,0.0,0.0,0.0,0.0,0.0
P001,P001_S01,P001_S01_ST1ST_T01_R02,T01,R02,Room_Requested_Keyboard,Study 1,Continuous Room Navigation,Requested Feedback,Keyboard,0,1787856833.6515527,1787856849.3686323,2026-08-27T18:54:09.368632+00:00,15.717079639434814,548576.14,143,840795028149,0,0,0.0,0.0,0.0,0.0,0.0,0.0,0,0.0,0.0,0.0,0.0,0.0,0.0,0,0.0,0.0,0.0,0.0,0.0,0.0
P001,P001_S01,P001_S01_ST1ST_T01_R02,T01,R02,Room_Requested_Keyboard,Study 1,Continuous Room Navigation,Requested Feedback,Keyboard,0,1787856833.6515527,1787856849.4725397,2026-08-27T18:54:09.472540+00:00,15.820986986160278,548576.25,144,840796067612,0,0,0.0,0.0,0.0,0.0,0.0,0.0,0,0.0,0.0,0.0,0.0,0.0,0.0,0,0.0,0.0,0.0,0.0,0.0,0.0
P001,P001_S01,P001_S01_ST1ST_T01_R02,T01,R02,Room_Requested_Keyboard,Study 1,Continuous Room Navigation,Requested Feedback,Keyboard,0,1787856833.6515527,1787856849.5849004,2026-08-27T18:54:09.584900+00:00,15.933347702026367,548576.359,145,840797192298,0,0,0.0,0.0,0.0,0.0,0.0,0.0,0,0.0,0.0,0.0,0.0,0.0,0.0,0,0.0,0.0,0.0,0.0,0.0,0.0
P001,P001_S01,P001_S01_ST1ST_T01_R02,T01,R02,Room_Requested_Keyboard,Study 1,Continuous Room Navigation,Requested Feedback,Keyboard,0,1787856833.6515527,1787856849.703369,2026-08-27T18:54:09.703369+00:00,16.05181622505188,548576.468,146,840798369899,0,0,0.0,0.0,0.0,0.0,0.0,0.0,0,0.0,0.0,0.0,0.0,0.0,0.0,0,0.0,0.0,0.0,0.0,0.0,0.0
P001,P001_S01,P001_S01_ST1ST_T01_R02,T01,R02,Room_Requested_Keyboard,Study 1,Continuous Room Navigation,Requested Feedback,Keyboard,0,1787856833.6515527,1787856849.8231657,2026-08-27T18:54:09.823166+00:00,16.171612977981567,548576.593,147,840799568274,0,0,0.0,0.0,0.0,0.0,0.0,0.0,0,0.0,0.0,0.0,0.0,0.0,0.0,0,0.0,0.0,0.0,0.0,0.0,0.0
P001,P001_S01,P001_S01_ST1ST_T01_R02,T01,R02,Room_Requested_Keyboard,Study 1,Continuous Room Navigation,Requested Feedback,Keyboard,0,1787856833.6515527,1787856849.9327178,2026-08-27T18:54:09.932718+00:00,16.28116512298584,548576.703,148,840800672313,0,0,0.0,0.0,0.0,0.0,0.0,0.0,0,0.0,0.0,0.0,0.0,0.0,0.0,0,0.0,0.0,0.0,0.0,0.0,0.0
P001,P001_S01,P001_S01_ST1ST_T01_R02,T01,R02,Room_Requested_Keyboard,Study 1,Continuous Room Navigation,Requested Feedback,Keyboard,0,1787856833.6515527,1787856850.0332537,2026-08-27T18:54:10.033254+00:00,16.38170099258423,548576.796,149,840801677532,0,0,0.0,0.0,0.0,0.0,0.0,0.0,0,0.0,0.0,0.0,0.0,0.0,0.0,0,0.0,0.0,0.0,0.0,0.0,0.0
P001,P001_S01,P001_S01_ST1ST_T01_R02,T01,R02,Room_Requested_Keyboard,Study 1,Continuous Room Navigation,Requested Feedback,Keyboard,0,1787856833.6515527,1787856850.1348095,2026-08-27T18:54:10.134809+00:00,16.483256816864014,548576.906,150,840802689062,0,0,0.0,0.0,0.0,0.0,0.0,0.0,0,0.0,0.0,0.0,0.0,0.0,0.0,0,0.0,0.0,0.0,0.0,0.0,0.0
P001,P001_S01,P001_S01_ST1ST_T01_R02,T01,R02,Room_Requested_Keyboard,Study 1,Continuous Room Navigation,Requested Feedback,Keyboard,0,1787856833.6515527,1787856850.239155,2026-08-27T18:54:10.239155+00:00,16.587602376937866,548577.015,151,840803722659,0,0,0.0,0.0,0.0,0.0,0.0,0.0,0,0.0,0.0,0.0,0.0,0.0,0.0,0,0.0,0.0,0.0,0.0,0.0,0.0
P001,P001_S01,P001_S01_ST1ST_T01_R02,T01,R02,Room_Requested_Keyboard,Study 1,Continuous Room Navigation,Requested Feedback,Keyboard,0,1787856833.6515527,1787856850.349546,2026-08-27T18:54:10.349546+00:00,16.697993278503418,548577.125,152,840804836047,0,0,0.0,0.0,0.0,0.0,0.0,0.0,0,0.0,0.0,0.0,0.0,0.0,0.0,0,0.0,0.0,0.0,0.0,0.0,0.0
P001,P001_S01,P001_S01_ST1ST_T01_R02,T01,R02,Room_Requested_Keyboard,Study 1,Continuous Room Navigation,Requested Feedback,Keyboard,0,1787856833.6515527,1787856850.4515228,2026-08-27T18:54:10.451523+00:00,16.799970149993896,548577.218,153,840805846340,0,0,0.0,0.0,0.0,0.0,0.0,0.0,0,0.0,0.0,0.0,0.0,0.0,0.0,0,0.0,0.0,0.0,0.0,0.0,0.0
P001,P001_S01,P001_S01_ST1ST_T01_R02,T01,R02,Room_Requested_Keyboard,Study 1,Continuous Room Navigation,Requested Feedback,Keyboard,0,1787856833.6515527,1787856850.5643644,2026-08-27T18:54:10.564364+00:00,16.912811756134033,548577.328,154,840806975386,0,0,0.0,0.0,0.0,0.0,0.0,0.0,0,0.0,0.0,0.0,0.0,0.0,0.0,0,0.0,0.0,0.0,0.0,0.0,0.0
P001,P001_S01,P001_S01_ST1ST_T01_R02,T01,R02,Room_Requested_Keyboard,Study 1,Continuous Room Navigation,Requested Feedback,Keyboard,0,1787856833.6515527,1787856850.6835427,2026-08-27T18:54:10.683543+00:00,17.03199005126953,548577.453,155,840808175101,0,0,0.0,0.0,0.0,0.0,0.0,0.0,0,0.0,0.0,0.0,0.0,0.0,0.0,0,0.0,0.0,0.0,0.0,0.0,0.0
P001,P001_S01,P001_S01_ST1ST_T01_R02,T01,R02,Room_Requested_Keyboard,Study 1,Continuous Room Navigation,Requested Feedback,Keyboard,0,1787856833.6515527,1787856850.7847056,2026-08-27T18:54:10.784706+00:00,17.133152961730957,548577.546,156,840809184463,0,0,0.0,0.0,0.0,0.0,0.0,0.0,0,0.0,0.0,0.0,0.0,0.0,0.0,0,0.0,0.0,0.0,0.0,0.0,0.0
P001,P001_S01,P001_S01_ST1ST_T01_R02,T01,R02,Room_Requested_Keyboard,Study 1,Continuous Room Navigation,Requested Feedback,Keyboard,0,1787856833.6515527,1787856850.9025133,2026-08-27T18:54:10.902513+00:00,17.2509605884552,548577.671,157,840810369621,0,0,0.0,0.0,0.0,0.0,0.0,0.0,0,0.0,0.0,0.0,0.0,0.0,0.0,0,0.0,0.0,0.0,0.0,0.0,0.0
P001,P001_S01,P001_S01_ST1ST_T01_R02,T01,R02,Room_Requested_Keyboard,Study 1,Continuous Room Navigation,Requested Feedback,Keyboard,0,1787856833.6515527,1787856851.0128434,2026-08-27T18:54:11.012843+00:00,17.36129069328308,548577.781,158,840811473134,0,0,0.0,0.0,0.0,0.0,0.0,0.0,0,0.0,0.0,0.0,0.0,0.0,0.0,0,0.0,0.0,0.0,0.0,0.0,0.0
P001,P001_S01,P001_S01_ST1ST_T01_R02,T01,R02,Room_Requested_Keyboard,Study 1,Continuous Room Navigation,Requested Feedback,Keyboard,0,1787856833.6515527,1787856851.1224225,2026-08-27T18:54:11.122422+00:00,17.470869779586792,548577.89,159,840812557921,0,0,0.0,0.0,0.0,0.0,0.0,0.0,0,0.0,0.0,0.0,0.0,0.0,0.0,0,0.0,0.0,0.0,0.0,0.0,0.0
P001,P001_S01,P001_S01_ST1ST_T01_R02,T01,R02,Room_Requested_Keyboard,Study 1,Continuous Room Navigation,Requested Feedback,Keyboard,0,1787856833.6515527,1787856851.233082,2026-08-27T18:54:11.233082+00:00,17.58152937889099,548578.0,160,840813668906,0,0,0.0,0.0,0.0,0.0,0.0,0.0,0,0.0,0.0,0.0,0.0,0.0,0.0,0,0.0,0.0,0.0,0.0,0.0,0.0
P001,P001_S01,P001_S01_ST1ST_T01_R02,T01,R02,Room_Requested_Keyboard,Study 1,Continuous Room Navigation,Requested Feedback,Keyboard,0,1787856833.6515527,1787856851.3336046,2026-08-27T18:54:11.333605+00:00,17.68205189704895,548578.109,161,840814674589,0,0,0.0,0.0,0.0,0.0,0.0,0.0,0,0.0,0.0,0.0,0.0,0.0,0.0,0,0.0,0.0,0.0,0.0,0.0,0.0
P001,P001_S01,P001_S01_ST1ST_T01_R02,T01,R02,Room_Requested_Keyboard,Study 1,Continuous Room Navigation,Requested Feedback,Keyboard,0,1787856833.6515527,1787856851.4405172,2026-08-27T18:54:11.440517+00:00,17.78896450996399,548578.203,162,840815732734,0,0,0.0,0.0,0.0,0.0,0.0,0.0,0,0.0,0.0,0.0,0.0,0.0,0.0,0,0.0,0.0,0.0,0.0,0.0,0.0
P001,P001_S01,P001_S01_ST1ST_T01_R02,T01,R02,Room_Requested_Keyboard,Study 1,Continuous Room Navigation,Requested Feedback,Keyboard,0,1787856833.6515527,1787856851.5529284,2026-08-27T18:54:11.552928+00:00,17.901375770568848,548578.328,163,840816870448,0,0,0.0,0.0,0.0,0.0,0.0,0.0,0,0.0,0.0,0.0,0.0,0.0,0.0,0,0.0,0.0,0.0,0.0,0.0,0.0
P001,P001_S01,P001_S01_ST1ST_T01_R02,T01,R02,Room_Requested_Keyboard,Study 1,Continuous Room Navigation,Requested Feedback,Keyboard,0,1787856833.6515527,1787856851.6729076,2026-08-27T18:54:11.672908+00:00,18.021354913711548,548578.437,164,840818066919,0,0,0.0,0.0,0.0,0.0,0.0,0.0,0,0.0,0.0,0.0,0.0,0.0,0.0,0,0.0,0.0,0.0,0.0,0.0,0.0
P001,P001_S01,P001_S01_ST1ST_T01_R02,T01,R02,Room_Requested_Keyboard,Study 1,Continuous Room Navigation,Requested Feedback,Keyboard,0,1787856833.6515527,1787856851.7724183,2026-08-27T18:54:11.772418+00:00,18.1208655834198,548578.546,165,840819068626,0,0,0.0,0.0,0.0,0.0,0.0,0.0,0,0.0,0.0,0.0,0.0,0.0,0.0,0,0.0,0.0,0.0,0.0,0.0,0.0
P001,P001_S01,P001_S01_ST1ST_T01_R02,T01,R02,Room_Requested_Keyboard,Study 1,Continuous Room Navigation,Requested Feedback,Keyboard,0,1787856833.6515527,1787856851.8830507,2026-08-27T18:54:11.883051+00:00,18.23149800300598,548578.656,166,840820171379,0,0,0.0,0.0,0.0,0.0,0.0,0.0,0,0.0,0.0,0.0,0.0,0.0,0.0,0,0.0,0.0,0.0,0.0,0.0,0.0
P001,P001_S01,P001_S01_ST1ST_T01_R02,T01,R02,Room_Requested_Keyboard,Study 1,Continuous Room Navigation,Requested Feedback,Keyboard,0,1787856833.6515527,1787856851.994067,2026-08-27T18:54:11.994067+00:00,18.342514276504517,548578.765,167,840821271394,0,0,0.0,0.0,0.0,0.0,0.0,0.0,0,0.0,0.0,0.0,0.0,0.0,0.0,0,0.0,0.0,0.0,0.0,0.0,0.0
P001,P001_S01,P001_S01_ST1ST_T01_R02,T01,R02,Room_Requested_Keyboard,Study 1,Continuous Room Navigation,Requested Feedback,Keyboard,0,1787856833.6515527,1787856852.1155767,2026-08-27T18:54:12.115577+00:00,18.46402406692505,548578.89,168,840822272525,0,0,0.0,0.0,0.0,0.0,0.0,0.0,0,0.0,0.0,0.0,0.0,0.0,0.0,0,0.0,0.0,0.0,0.0,0.0,0.0
P001,P001_S01,P001_S01_ST1ST_T01_R02,T01,R02,Room_Requested_Keyboard,Study 1,Continuous Room Navigation,Requested Feedback,Keyboard,0,1787856833.6515527,1787856852.2309625,2026-08-27T18:54:12.230963+00:00,18.57940983772278,548579.0,169,840823375264,0,0,0.0,0.0,0.0,0.0,0.0,0.0,0,0.0,0.0,0.0,0.0,0.0,0.0,0,0.0,0.0,0.0,0.0,0.0,0.0
P001,P001_S01,P001_S01_ST1ST_T01_R02,T01,R02,Room_Requested_Keyboard,Study 1,Continuous Room Navigation,Requested Feedback,Keyboard,0,1787856833.6515527,1787856852.3219109,2026-08-27T18:54:12.321911+00:00,18.670358180999756,548579.093,170,840824542900,0,0,0.0,0.0,0.0,0.0,0.0,0.0,0,0.0,0.0,0.0,0.0,0.0,0.0,0,0.0,0.0,0.0,0.0,0.0,0.0
P001,P001_S01,P001_S01_ST1ST_T01_R02,T01,R02,Room_Requested_Keyboard,Study 1,Continuous Room Navigation,Requested Feedback,Keyboard,0,1787856833.6515527,1787856852.4329271,2026-08-27T18:54:12.432927+00:00,18.78137445449829,548579.203,171,840825668465,0,0,0.0,0.0,0.0,0.0,0.0,0.0,0,0.0,0.0,0.0,0.0,0.0,0.0,0,0.0,0.0,0.0,0.0,0.0,0.0
P001,P001_S01,P001_S01_ST1ST_T01_R02,T01,R02,Room_Requested_Keyboard,Study 1,Continuous Room Navigation,Requested Feedback,Keyboard,0,1787856833.6515527,1787856852.5336337,2026-08-27T18:54:12.533634+00:00,18.882081031799316,548579.296,172,840826669422,0,0,0.0,0.0,0.0,0.0,0.0,0.0,0,0.0,0.0,0.0,0.0,0.0,0.0,0,0.0,0.0,0.0,0.0,0.0,0.0
P001,P001_S01,P001_S01_ST1ST_T01_R02,T01,R02,Room_Requested_Keyboard,Study 1,Continuous Room Navigation,Requested Feedback,Keyboard,0,1787856833.6515527,1787856852.6495662,2026-08-27T18:54:12.649566+00:00,18.998013496398926,548579.421,173,840827828372,0,0,0.0,0.0,0.0,0.0,0.0,0.0,0,0.0,0.0,0.0,0.0,0.0,0.0,0,0.0,0.0,0.0,0.0,0.0,0.0
P001,P001_S01,P001_S01_ST1ST_T01_R02,T01,R02,Room_Requested_Keyboard,Study 1,Continuous Room Navigation,Requested Feedback,Keyboard,0,1787856833.6515527,1787856852.7530751,2026-08-27T18:54:12.753075+00:00,19.10152244567871,548579.515,174,840828871781,0,0,0.0,0.0,0.0,0.0,0.0,0.0,0,0.0,0.0,0.0,0.0,0.0,0.0,0,0.0,0.0,0.0,0.0,0.0,0.0
P001,P001_S01,P001_S01_ST1ST_T01_R02,T01,R02,Room_Requested_Keyboard,Study 1,Continuous Room Navigation,Requested Feedback,Keyboard,0,1787856833.6515527,1787856852.8744533,2026-08-27T18:54:12.874453+00:00,19.22290062904358,548579.64,175,840830070420,0,0,0.0,0.0,0.0,0.0,0.0,0.0,0,0.0,0.0,0.0,0.0,0.0,0.0,0,0.0,0.0,0.0,0.0,0.0,0.0
P001,P001_S01,P001_S01_ST1ST_T01_R02,T01,R02,Room_Requested_Keyboard,Study 1,Continuous Room Navigation,Requested Feedback,Keyboard,0,1787856833.6515527,1787856852.9841502,2026-08-27T18:54:12.984150+00:00,19.332597494125366,548579.75,176,840831180189,0,0,0.0,0.0,0.0,0.0,0.0,0.0,0,0.0,0.0,0.0,0.0,0.0,0.0,0,0.0,0.0,0.0,0.0,0.0,0.0
P001,P001_S01,P001_S01_ST1ST_T01_R02,T01,R02,Room_Requested_Keyboard,Study 1,Continuous Room Navigation,Requested Feedback,Keyboard,0,1787856833.6515527,1787856853.093231,2026-08-27T18:54:13.093231+00:00,19.441678285598755,548579.859,177,840832270712,0,0,0.0,0.0,0.0,0.0,0.0,0.0,0,0.0,0.0,0.0,0.0,0.0,0.0,0,0.0,0.0,0.0,0.0,0.0,0.0
P001,P001_S01,P001_S01_ST1ST_T01_R02,T01,R02,Room_Requested_Keyboard,Study 1,Continuous Room Navigation,Requested Feedback,Keyboard,0,1787856833.6515527,1787856853.2031462,2026-08-27T18:54:13.203146+00:00,19.551593542099,548579.968,178,840833371246,0,0,0.0,0.0,0.0,0.0,0.0,0.0,0,0.0,0.0,0.0,0.0,0.0,0.0,0,0.0,0.0,0.0,0.0,0.0,0.0
P001,P001_S01,P001_S01_ST1ST_T01_R02,T01,R02,Room_Requested_Keyboard,Study 1,Continuous Room Navigation,Requested Feedback,Keyboard,0,1787856833.6515527,1787856853.3212082,2026-08-27T18:54:13.321208+00:00,19.669655561447144,548580.093,179,840834551923,0,0,0.0,0.0,0.0,0.0,0.0,0.0,0,0.0,0.0,0.0,0.0,0.0,0.0,0,0.0,0.0,0.0,0.0,0.0,0.0
P001,P001_S01,P001_S01_ST1ST_T01_R02,T01,R02,Room_Requested_Keyboard,Study 1,Continuous Room Navigation,Requested Feedback,Keyboard,0,1787856833.6515527,1787856853.4228685,2026-08-27T18:54:13.422868+00:00,19.771315813064575,548580.187,180,840835567993,0,0,0.0,0.0,0.0,0.0,0.0,0.0,0,0.0,0.0,0.0,0.0,0.0,0.0,0,0.0,0.0,0.0,0.0,0.0,0.0
P001,P001_S01,P001_S01_ST1ST_T01_R02,T01,R02,Room_Requested_Keyboard,Study 1,Continuous Room Navigation,Requested Feedback,Keyboard,0,1787856833.6515527,1787856853.5341277,2026-08-27T18:54:13.534128+00:00,19.882575035095215,548580.296,181,840836670544,0,0,0.0,0.0,0.0,0.0,0.0,0.0,0,0.0,0.0,0.0,0.0,0.0,0.0,0,0.0,0.0,0.0,0.0,0.0,0.0
P001,P001_S01,P001_S01_ST1ST_T01_R02,T01,R02,Room_Requested_Keyboard,Study 1,Continuous Room Navigation,Requested Feedback,Keyboard,0,1787856833.6515527,1787856853.6417196,2026-08-27T18:54:13.641720+00:00,19.990166902542114,548580.406,182,840837760426,0,0,0.0,0.0,0.0,0.0,0.0,0.0,0,0.0,0.0,0.0,0.0,0.0,0.0,0,0.0,0.0,0.0,0.0,0.0,0.0
P001,P001_S01,P001_S01_ST1ST_T01_R02,T01,R02,Room_Requested_Keyboard,Study 1,Continuous Room Navigation,Requested Feedback,Keyboard,0,1787856833.6515527,1787856853.7831833,2026-08-27T18:54:13.783183+00:00,20.131630659103394,548580.546,183,840838786743,0,0,0.0,0.0,0.0,0.0,0.0,0.0,0,0.0,0.0,0.0,0.0,0.0,0.0,0,0.0,0.0,0.0,0.0,0.0,0.0
P001,P001_S01,P001_S01_ST1ST_T01_R02,T01,R02,Room_Requested_Keyboard,Study 1,Continuous Room Navigation,Requested Feedback,Keyboard,0,1787856833.6515527,1787856853.85705,2026-08-27T18:54:13.857050+00:00,20.20549726486206,548580.625,184,840839912805,0,0,0.0,0.0,0.0,0.0,0.0,0.0,0,0.0,0.0,0.0,0.0,0.0,0.0,0,0.0,0.0,0.0,0.0,0.0,0.0
P001,P001_S01,P001_S01_ST1ST_T01_R02,T01,R02,Room_Requested_Keyboard,Study 1,Continuous Room Navigation,Requested Feedback,Keyboard,0,1787856833.6515527,1787856853.9637494,2026-08-27T18:54:13.963749+00:00,20.312196731567383,548580.734,185,840840980008,0,0,0.0,0.0,0.0,0.0,0.0,0.0,0,0.0,0.0,0.0,0.0,0.0,0.0,0,0.0,0.0,0.0,0.0,0.0,0.0
P001,P001_S01,P001_S01_ST1ST_T01_R02,T01,R02,Room_Requested_Keyboard,Study 1,Continuous Room Navigation,Requested Feedback,Keyboard,0,1787856833.6515527,1787856854.0840993,2026-08-27T18:54:14.084099+00:00,20.432546615600586,548580.859,186,840842124072,0,0,0.0,0.0,0.0,0.0,0.0,0.0,0,0.0,0.0,0.0,0.0,0.0,0.0,0,0.0,0.0,0.0,0.0,0.0,0.0
P001,P001_S01,P001_S01_ST1ST_T01_R02,T01,R02,Room_Requested_Keyboard,Study 1,Continuous Room Navigation,Requested Feedback,Keyboard,0,1787856833.6515527,1787856854.1943521,2026-08-27T18:54:14.194352+00:00,20.542799472808838,548580.968,187,840843277665,0,0,0.0,0.0,0.0,0.0,0.0,0.0,0,0.0,0.0,0.0,0.0,0.0,0.0,0,0.0,0.0,0.0,0.0,0.0,0.0
P001,P001_S01,P001_S01_ST1ST_T01_R02,T01,R02,Room_Requested_Keyboard,Study 1,Continuous Room Navigation,Requested Feedback,Keyboard,0,1787856833.6515527,1787856854.3319755,2026-08-27T18:54:14.331975+00:00,20.68042278289795,548581.109,188,840844478071,0,0,0.0,0.0,0.0,0.0,0.0,0.0,0,0.0,0.0,0.0,0.0,0.0,0.0,0,0.0,0.0,0.0,0.0,0.0,0.0
P001,P001_S01,P001_S01_ST1ST_T01_R02,T01,R02,Room_Requested_Keyboard,Study 1,Continuous Room Navigation,Requested Feedback,Keyboard,0,1787856833.6515527,1787856854.4324238,2026-08-27T18:54:14.432424+00:00,20.780871152877808,548581.203,189,840845668927,0,0,0.0,0.0,0.0,0.0,0.0,0.0,0,0.0,0.0,0.0,0.0,0.0,0.0,0,0.0,0.0,0.0,0.0,0.0,0.0
P001,P001_S01,P001_S01_ST1ST_T01_R02,T01,R02,Room_Requested_Keyboard,Study 1,Continuous Room Navigation,Requested Feedback,Keyboard,0,1787856833.6515527,1787856854.537429,2026-08-27T18:54:14.537429+00:00,20.885876417160034,548581.312,190,840846712657,0,0,0.0,0.0,0.0,0.0,0.0,0.0,0,0.0,0.0,0.0,0.0,0.0,0.0,0,0.0,0.0,0.0,0.0,0.0,0.0
P001,P001_S01,P001_S01_ST1ST_T01_R02,T01,R02,Room_Requested_Keyboard,Study 1,Continuous Room Navigation,Requested Feedback,Keyboard,0,1787856833.6515527,1787856854.6492753,2026-08-27T18:54:14.649275+00:00,20.997722625732422,548581.421,191,840847763482,0,0,0.0,0.0,0.0,0.0,0.0,0.0,0,0.0,0.0,0.0,0.0,0.0,0.0,0,0.0,0.0,0.0,0.0,0.0,0.0
P001,P001_S01,P001_S01_ST1ST_T01_R02,T01,R02,Room_Requested_Keyboard,Study 1,Continuous Room Navigation,Requested Feedback,Keyboard,0,1787856833.6515527,1787856854.74459,2026-08-27T18:54:14.744590+00:00,21.093037366867065,548581.515,192,840848766984,0,0,0.0,0.0,0.0,0.0,0.0,0.0,0,0.0,0.0,0.0,0.0,0.0,0.0,0,0.0,0.0,0.0,0.0,0.0,0.0
P001,P001_S01,P001_S01_ST1ST_T01_R02,T01,R02,Room_Requested_Keyboard,Study 1,Continuous Room Navigation,Requested Feedback,Keyboard,0,1787856833.6515527,1787856854.8633723,2026-08-27T18:54:14.863372+00:00,21.211819648742676,548581.64,193,840849971712,0,0,0.0,0.0,0.0,0.0,0.0,0.0,0,0.0,0.0,0.0,0.0,0.0,0.0,0,0.0,0.0,0.0,0.0,0.0,0.0
P001,P001_S01,P001_S01_ST1ST_T01_R02,T01,R02,Room_Requested_Keyboard,Study 1,Continuous Room Navigation,Requested Feedback,Keyboard,0,1787856833.6515527,1787856855.0004551,2026-08-27T18:54:15.000455+00:00,21.348902463912964,548581.765,194,840851023255,0,0,0.0,0.0,0.0,0.0,0.0,0.0,0,0.0,0.0,0.0,0.0,0.0,0.0,0,0.0,0.0,0.0,0.0,0.0,0.0
P001,P001_S01,P001_S01_ST1ST_T01_R02,T01,R02,Room_Requested_Keyboard,Study 1,Continuous Room Navigation,Requested Feedback,Keyboard,0,1787856833.6515527,1787856855.0828795,2026-08-27T18:54:15.082880+00:00,21.431326866149902,548581.859,195,840852169026,0,0,0.0,0.0,0.0,0.0,0.0,0.0,0,0.0,0.0,0.0,0.0,0.0,0.0,0,0.0,0.0,0.0,0.0,0.0,0.0
P001,P001_S01,P001_S01_ST1ST_T01_R02,T01,R02,Room_Requested_Keyboard,Study 1,Continuous Room Navigation,Requested Feedback,Keyboard,0,1787856833.6515527,1787856855.184526,2026-08-27T18:54:15.184526+00:00,21.532973289489746,548581.953,196,840853177132,0,0,0.0,0.0,0.0,0.0,0.0,0.0,0,0.0,0.0,0.0,0.0,0.0,0.0,0,0.0,0.0,0.0,0.0,0.0,0.0
P001,P001_S01,P001_S01_ST1ST_T01_R02,T01,R02,Room_Requested_Keyboard,Study 1,Continuous Room Navigation,Requested Feedback,Keyboard,0,1787856833.6515527,1787856855.292723,2026-08-27T18:54:15.292723+00:00,21.641170263290405,548582.062,197,840854272966,0,0,0.0,0.0,0.0,0.0,0.0,0.0,0,0.0,0.0,0.0,0.0,0.0,0.0,0,0.0,0.0,0.0,0.0,0.0,0.0
P001,P001_S01,P001_S01_ST1ST_T01_R02,T01,R02,Room_Requested_Keyboard,Study 1,Continuous Room Navigation,Requested Feedback,Keyboard,0,1787856833.6515527,1787856855.4138806,2026-08-27T18:54:15.413881+00:00,21.762327909469604,548582.187,198,840855469381,0,0,0.0,0.0,0.0,0.0,0.0,0.0,0,0.0,0.0,0.0,0.0,0.0,0.0,0,0.0,0.0,0.0,0.0,0.0,0.0
P001,P001_S01,P001_S01_ST1ST_T01_R02,T01,R02,Room_Requested_Keyboard,Study 1,Continuous Room Navigation,Requested Feedback,Keyboard,0,1787856833.6515527,1787856855.5202625,2026-08-27T18:54:15.520262+00:00,21.868709802627563,548582.296,199,840856536252,0,0,0.0,0.0,0.0,0.0,0.0,0.0,0,0.0,0.0,0.0,0.0,0.0,0.0,0,0.0,0.0,0.0,0.0,0.0,0.0
P001,P001_S01,P001_S01_ST1ST_T01_R02,T01,R02,Room_Requested_Keyboard,Study 1,Continuous Room Navigation,Requested Feedback,Keyboard,0,1787856833.6515527,1787856855.6539323,2026-08-27T18:54:15.653932+00:00,22.002379655838013,548582.421,200,840857669190,0,0,0.0,0.0,0.0,0.0,0.0,0.0,0,0.0,0.0,0.0,0.0,0.0,0.0,0,0.0,0.0,0.0,0.0,0.0,0.0
P001,P001_S01,P001_S01_ST1ST_T01_R02,T01,R02,Room_Requested_Keyboard,Study 1,Continuous Room Navigation,Requested Feedback,Keyboard,0,1787856833.6515527,1787856855.7365348,2026-08-27T18:54:15.736535+00:00,22.08498215675354,548582.5,201,840858711032,0,0,0.0,0.0,0.0,0.0,0.0,0.0,0,0.0,0.0,0.0,0.0,0.0,0.0,0,0.0,0.0,0.0,0.0,0.0,0.0
P001,P001_S01,P001_S01_ST1ST_T01_R02,T01,R02,Room_Requested_Keyboard,Study 1,Continuous Room Navigation,Requested Feedback,Keyboard,0,1787856833.6515527,1787856855.8489716,2026-08-27T18:54:15.848972+00:00,22.197418928146362,548582.625,202,840859836732,0,0,0.0,0.0,0.0,0.0,0.0,0.0,0,0.0,0.0,0.0,0.0,0.0,0.0,0,0.0,0.0,0.0,0.0,0.0,0.0
P001,P001_S01,P001_S01_ST1ST_T01_R02,T01,R02,Room_Requested_Keyboard,Study 1,Continuous Room Navigation,Requested Feedback,Keyboard,0,1787856833.6515527,1787856855.9533079,2026-08-27T18:54:15.953308+00:00,22.30175518989563,548582.718,203,840860870204,0,0,0.0,0.0,0.0,0.0,0.0,0.0,0,0.0,0.0,0.0,0.0,0.0,0.0,0,0.0,0.0,0.0,0.0,0.0,0.0
P001,P001_S01,P001_S01_ST1ST_T01_R02,T01,R02,Room_Requested_Keyboard,Study 1,Continuous Room Navigation,Requested Feedback,Keyboard,0,1787856833.6515527,1787856856.063318,2026-08-27T18:54:16.063318+00:00,22.411765336990356,548582.828,204,840861971007,0,0,0.0,0.0,0.0,0.0,0.0,0.0,0,0.0,0.0,0.0,0.0,0.0,0.0,0,0.0,0.0,0.0,0.0,0.0,0.0
P001,P001_S01,P001_S01_ST1ST_T01_R02,T01,R02,Room_Requested_Keyboard,Study 1,Continuous Room Navigation,Requested Feedback,Keyboard,0,1787856833.6515527,1787856856.1671534,2026-08-27T18:54:16.167153+00:00,22.51560068130493,548582.937,205,840862997150,0,0,0.0,0.0,0.0,0.0,0.0,0.0,0,0.0,0.0,0.0,0.0,0.0,0.0,0,0.0,0.0,0.0,0.0,0.0,0.0
P001,P001_S01,P001_S01_ST1ST_T01_R02,T01,R02,Room_Requested_Keyboard,Study 1,Continuous Room Navigation,Requested Feedback,Keyboard,0,1787856833.6515527,1787856856.2746584,2026-08-27T18:54:16.274658+00:00,22.623105764389038,548583.046,206,840864090906,0,0,0.0,0.0,0.0,0.0,0.0,0.0,0,0.0,0.0,0.0,0.0,0.0,0.0,0,0.0,0.0,0.0,0.0,0.0,0.0
P001,P001_S01,P001_S01_ST1ST_T01_R02,T01,R02,Room_Requested_Keyboard,Study 1,Continuous Room Navigation,Requested Feedback,Keyboard,0,1787856833.6515527,1787856856.430454,2026-08-27T18:54:16.430454+00:00,22.77890133857727,548583.203,207,840865271015,0,0,0.0,0.0,0.0,0.0,0.0,0.0,0,0.0,0.0,0.0,0.0,0.0,0.0,0,0.0,0.0,0.0,0.0,0.0,0.0
P001,P001_S01,P001_S01_ST1ST_T01_R02,T01,R02,Room_Requested_Keyboard,Study 1,Continuous Room Navigation,Requested Feedback,Keyboard,0,1787856833.6515527,1787856856.5279696,2026-08-27T18:54:16.527970+00:00,22.8764169216156,548583.296,208,840866371300,0,0,0.0,0.0,0.0,0.0,0.0,0.0,0,0.0,0.0,0.0,0.0,0.0,0.0,0,0.0,0.0,0.0,0.0,0.0,0.0
P001,P001_S01,P001_S01_ST1ST_T01_R02,T01,R02,Room_Requested_Keyboard,Study 1,Continuous Room Navigation,Requested Feedback,Keyboard,0,1787856833.6515527,1787856856.6144981,2026-08-27T18:54:16.614498+00:00,22.962945461273193,548583.39,209,840867372410,0,0,0.0,0.0,0.0,0.0,0.0,0.0,0,0.0,0.0,0.0,0.0,0.0,0.0,0,0.0,0.0,0.0,0.0,0.0,0.0
P001,P001_S01,P001_S01_ST1ST_T01_R02,T01,R02,Room_Requested_Keyboard,Study 1,Continuous Room Navigation,Requested Feedback,Keyboard,0,1787856833.6515527,1787856856.716004,2026-08-27T18:54:16.716004+00:00,23.064451217651367,548583.484,210,840868375015,0,0,0.0,0.0,0.0,0.0,0.0,0.0,0,0.0,0.0,0.0,0.0,0.0,0.0,0,0.0,0.0,0.0,0.0,0.0,0.0
P001,P001_S01,P001_S01_ST1ST_T01_R02,T01,R02,Room_Requested_Keyboard,Study 1,Continuous Room Navigation,Requested Feedback,Keyboard,0,1787856833.6515527,1787856856.8126962,2026-08-27T18:54:16.812696+00:00,23.16114354133606,548583.578,211,840869469470,0,0,0.0,0.0,0.0,0.0,0.0,0.0,0,0.0,0.0,0.0,0.0,0.0,0.0,0,0.0,0.0,0.0,0.0,0.0,0.0
P001,P001_S01,P001_S01_ST1ST_T01_R02,T01,R02,Room_Requested_Keyboard,Study 1,Continuous Room Navigation,Requested Feedback,Keyboard,0,1787856833.6515527,1787856856.9241004,2026-08-27T18:54:16.924100+00:00,23.272547721862793,548583.687,212,840870575205,0,0,0.0,0.0,0.0,0.0,0.0,0.0,0,0.0,0.0,0.0,0.0,0.0,0.0,0,0.0,0.0,0.0,0.0,0.0,0.0
P001,P001_S01,P001_S01_ST1ST_T01_R02,T01,R02,Room_Requested_Keyboard,Study 1,Continuous Room Navigation,Requested Feedback,Keyboard,0,1787856833.6515527,1787856857.036144,2026-08-27T18:54:17.036144+00:00,23.384591341018677,548583.812,213,840871672947,0,0,0.0,0.0,0.0,0.0,0.0,0.0,0,0.0,0.0,0.0,0.0,0.0,0.0,0,0.0,0.0,0.0,0.0,0.0,0.0
P001,P001_S01,P001_S01_ST1ST_T01_R02,T01,R02,Room_Requested_Keyboard,Study 1,Continuous Room Navigation,Requested Feedback,Keyboard,0,1787856833.6515527,1787856857.1434338,2026-08-27T18:54:17.143434+00:00,23.491881132125854,548583.906,214,840872775703,0,0,0.0,0.0,0.0,0.0,0.0,0.0,0,0.0,0.0,0.0,0.0,0.0,0.0,0,0.0,0.0,0.0,0.0,0.0,0.0
P001,P001_S01,P001_S01_ST1ST_T01_R02,T01,R02,Room_Requested_Keyboard,Study 1,Continuous Room Navigation,Requested Feedback,Keyboard,0,1787856833.6515527,1787856857.2544105,2026-08-27T18:54:17.254411+00:00,23.60285782814026,548584.031,215,840873885348,0,0,0.0,0.0,0.0,0.0,0.0,0.0,0,0.0,0.0,0.0,0.0,0.0,0.0,0,0.0,0.0,0.0,0.0,0.0,0.0
P001,P001_S01,P001_S01_ST1ST_T01_R02,T01,R02,Room_Requested_Keyboard,Study 1,Continuous Room Navigation,Requested Feedback,Keyboard,0,1787856833.6515527,1787856857.3631227,2026-08-27T18:54:17.363123+00:00,23.711570024490356,548584.125,216,840874970245,0,0,0.0,0.0,0.0,0.0,0.0,0.0,0,0.0,0.0,0.0,0.0,0.0,0.0,0,0.0,0.0,0.0,0.0,0.0,0.0
P001,P001_S01,P001_S01_ST1ST_T01_R02,T01,R02,Room_Requested_Keyboard,Study 1,Continuous Room Navigation,Requested Feedback,Keyboard,0,1787856833.6515527,1787856857.4691508,2026-08-27T18:54:17.469151+00:00,23.81759810447693,548584.234,217,840876029259,0,0,0.0,0.0,0.0,0.0,0.0,0.0,0,0.0,0.0,0.0,0.0,0.0,0.0,0,0.0,0.0,0.0,0.0,0.0,0.0
P001,P001_S01,P001_S01_ST1ST_T01_R02,T01,R02,Room_Requested_Keyboard,Study 1,Continuous Room Navigation,Requested Feedback,Keyboard,0,1787856833.6515527,1787856857.5992317,2026-08-27T18:54:17.599232+00:00,23.947679042816162,548584.375,218,840877068387,0,0,0.0,0.0,0.0,0.0,0.0,0.0,0,0.0,0.0,0.0,0.0,0.0,0.0,0,0.0,0.0,0.0,0.0,0.0,0.0
P001,P001_S01,P001_S01_ST1ST_T01_R02,T01,R02,Room_Requested_Keyboard,Study 1,Continuous Room Navigation,Requested Feedback,Keyboard,0,1787856833.6515527,1787856857.6864283,2026-08-27T18:54:17.686428+00:00,24.034875631332397,548584.453,219,840878170599,0,0,0.0,0.0,0.0,0.0,0.0,0.0,0,0.0,0.0,0.0,0.0,0.0,0.0,0,0.0,0.0,0.0,0.0,0.0,0.0
P001,P001_S01,P001_S01_ST1ST_T01_R02,T01,R02,Room_Requested_Keyboard,Study 1,Continuous Room Navigation,Requested Feedback,Keyboard,0,1787856833.6515527,1787856857.7936559,2026-08-27T18:54:17.793656+00:00,24.14210319519043,548584.562,220,840879281174,0,0,0.0,0.0,0.0,0.0,0.0,0.0,0,0.0,0.0,0.0,0.0,0.0,0.0,0,0.0,0.0,0.0,0.0,0.0,0.0
P001,P001_S01,P001_S01_ST1ST_T01_R02,T01,R02,Room_Requested_Keyboard,Study 1,Continuous Room Navigation,Requested Feedback,Keyboard,0,1787856833.6515527,1787856857.8994114,2026-08-27T18:54:17.899411+00:00,24.24785876274109,548584.671,221,840880330102,0,0,0.0,0.0,0.0,0.0,0.0,0.0,0,0.0,0.0,0.0,0.0,0.0,0.0,0,0.0,0.0,0.0,0.0,0.0,0.0
P001,P001_S01,P001_S01_ST1ST_T01_R02,T01,R02,Room_Requested_Keyboard,Study 1,Continuous Room Navigation,Requested Feedback,Keyboard,0,1787856833.6515527,1787856858.0141675,2026-08-27T18:54:18.014168+00:00,24.36261487007141,548584.781,222,840881475359,0,0,0.0,0.0,0.0,0.0,0.0,0.0,0,0.0,0.0,0.0,0.0,0.0,0.0,0,0.0,0.0,0.0,0.0,0.0,0.0
P001,P001_S01,P001_S01_ST1ST_T01_R02,T01,R02,Room_Requested_Keyboard,Study 1,Continuous Room Navigation,Requested Feedback,Keyboard,0,1787856833.6515527,1787856858.1212943,2026-08-27T18:54:18.121294+00:00,24.469741582870483,548584.89,223,840882547836,0,0,0.0,0.0,0.0,0.0,0.0,0.0,0,0.0,0.0,0.0,0.0,0.0,0.0,0,0.0,0.0,0.0,0.0,0.0,0.0
P001,P001_S01,P001_S01_ST1ST_T01_R02,T01,R02,Room_Requested_Keyboard,Study 1,Continuous Room Navigation,Requested Feedback,Keyboard,0,1787856833.6515527,1787856858.2244906,2026-08-27T18:54:18.224491+00:00,24.572937965393066,548585.0,224,840883573853,0,0,0.0,0.0,0.0,0.0,0.0,0.0,0,0.0,0.0,0.0,0.0,0.0,0.0,0,0.0,0.0,0.0,0.0,0.0,0.0
P001,P001_S01,P001_S01_ST1ST_T01_R02,T01,R02,Room_Requested_Keyboard,Study 1,Continuous Room Navigation,Requested Feedback,Keyboard,0,1787856833.6515527,1787856858.3364294,2026-08-27T18:54:18.336429+00:00,24.684876680374146,548585.109,225,840884674440,0,0,0.0,0.0,0.0,0.0,0.0,0.0,0,0.0,0.0,0.0,0.0,0.0,0.0,0,0.0,0.0,0.0,0.0,0.0,0.0
P001,P001_S01,P001_S01_ST1ST_T01_R02,T01,R02,Room_Requested_Keyboard,Study 1,Continuous Room Navigation,Requested Feedback,Keyboard,0,1787856833.6515527,1787856858.450614,2026-08-27T18:54:18.450614+00:00,24.79906129837036,548585.218,226,840885844115,0,0,0.0,0.0,0.0,0.0,0.0,0.0,0,0.0,0.0,0.0,0.0,0.0,0.0,0,0.0,0.0,0.0,0.0,0.0,0.0
P001,P001_S01,P001_S01_ST1ST_T01_R02,T01,R02,Room_Requested_Keyboard,Study 1,Continuous Room Navigation,Requested Feedback,Keyboard,0,1787856833.6515527,1787856858.5644784,2026-08-27T18:54:18.564478+00:00,24.912925720214844,548585.328,227,840886983584,0,0,0.0,0.0,0.0,0.0,0.0,0.0,0,0.0,0.0,0.0,0.0,0.0,0.0,0,0.0,0.0,0.0,0.0,0.0,0.0
P001,P001_S01,P001_S01_ST1ST_T01_R02,T01,R02,Room_Requested_Keyboard,Study 1,Continuous Room Navigation,Requested Feedback,Keyboard,0,1787856833.6515527,1787856858.6935325,2026-08-27T18:54:18.693532+00:00,25.041979789733887,548585.468,228,840888168592,0,0,0.0,0.0,0.0,0.0,0.0,0.0,0,0.0,0.0,0.0,0.0,0.0,0.0,0,0.0,0.0,0.0,0.0,0.0,0.0
P001,P001_S01,P001_S01_ST1ST_T01_R02,T01,R02,Room_Requested_Keyboard,Study 1,Continuous Room Navigation,Requested Feedback,Keyboard,0,1787856833.6515527,1787856858.805195,2026-08-27T18:54:18.805195+00:00,25.153642416000366,548585.578,229,840889372561,0,0,0.0,0.0,0.0,0.0,0.0,0.0,0,0.0,0.0,0.0,0.0,0.0,0.0,0,0.0,0.0,0.0,0.0,0.0,0.0
P001,P001_S01,P001_S01_ST1ST_T01_R02,T01,R02,Room_Requested_Keyboard,Study 1,Continuous Room Navigation,Requested Feedback,Keyboard,0,1787856833.6515527,1787856858.922816,2026-08-27T18:54:18.922816+00:00,25.271263360977173,548585.687,230,840890565039,0,0,0.0,0.0,0.0,0.0,0.0,0.0,0,0.0,0.0,0.0,0.0,0.0,0.0,0,0.0,0.0,0.0,0.0,0.0,0.0
P001,P001_S01,P001_S01_ST1ST_T01_R02,T01,R02,Room_Requested_Keyboard,Study 1,Continuous Room Navigation,Requested Feedback,Keyboard,0,1787856833.6515527,1787856859.022739,2026-08-27T18:54:19.022739+00:00,25.37118625640869,548585.796,231,840891568764,0,0,0.0,0.0,0.0,0.0,0.0,0.0,0,0.0,0.0,0.0,0.0,0.0,0.0,0,0.0,0.0,0.0,0.0,0.0,0.0
P001,P001_S01,P001_S01_ST1ST_T01_R02,T01,R02,Room_Requested_Keyboard,Study 1,Continuous Room Navigation,Requested Feedback,Keyboard,0,1787856833.6515527,1787856859.125364,2026-08-27T18:54:19.125364+00:00,25.473811388015747,548585.89,232,840892586753,0,0,0.0,0.0,0.0,0.0,0.0,0.0,0,0.0,0.0,0.0,0.0,0.0,0.0,0,0.0,0.0,0.0,0.0,0.0,0.0
P001,P001_S01,P001_S01_ST1ST_T01_R02,T01,R02,Room_Requested_Keyboard,Study 1,Continuous Room Navigation,Requested Feedback,Keyboard,0,1787856833.6515527,1787856859.2600012,2026-08-27T18:54:19.260001+00:00,25.60844850540161,548586.031,233,840893676669,0,0,0.0,0.0,0.0,0.0,0.0,0.0,0,0.0,0.0,0.0,0.0,0.0,0.0,0,0.0,0.0,0.0,0.0,0.0,0.0
P001,P001_S01,P001_S01_ST1ST_T01_R02,T01,R02,Room_Requested_Keyboard,Study 1,Continuous Room Navigation,Requested Feedback,Keyboard,0,1787856833.6515527,1787856859.3492491,2026-08-27T18:54:19.349249+00:00,25.697696447372437,548586.125,234,840894837865,0,0,0.0,0.0,0.0,0.0,0.0,0.0,0,0.0,0.0,0.0,0.0,0.0,0.0,0,0.0,0.0,0.0,0.0,0.0,0.0
P001,P001_S01,P001_S01_ST1ST_T01_R02,T01,R02,Room_Requested_Keyboard,Study 1,Continuous Room Navigation,Requested Feedback,Keyboard,0,1787856833.6515527,1787856859.463993,2026-08-27T18:54:19.463993+00:00,25.812440395355225,548586.234,235,840895971738,0,0,0.0,0.0,0.0,0.0,0.0,0.0,0,0.0,0.0,0.0,0.0,0.0,0.0,0,0.0,0.0,0.0,0.0,0.0,0.0
P001,P001_S01,P001_S01_ST1ST_T01_R02,T01,R02,Room_Requested_Keyboard,Study 1,Continuous Room Navigation,Requested Feedback,Keyboard,0,1787856833.6515527,1787856859.5656297,2026-08-27T18:54:19.565630+00:00,25.914077043533325,548586.328,236,840896981719,0,0,0.0,0.0,0.0,0.0,0.0,0.0,0,0.0,0.0,0.0,0.0,0.0,0.0,0,0.0,0.0,0.0,0.0,0.0,0.0
P001,P001_S01,P001_S01_ST1ST_T01_R02,T01,R02,Room_Requested_Keyboard,Study 1,Continuous Room Navigation,Requested Feedback,Keyboard,0,1787856833.6515527,1787856859.6654842,2026-08-27T18:54:19.665484+00:00,26.01393151283264,548586.437,237,840897992590,0,0,0.0,0.0,0.0,0.0,0.0,0.0,0,0.0,0.0,0.0,0.0,0.0,0.0,0,0.0,0.0,0.0,0.0,0.0,0.0
P001,P001_S01,P001_S01_ST1ST_T01_R02,T01,R02,Room_Requested_Keyboard,Study 1,Continuous Room Navigation,Requested Feedback,Keyboard,0,1787856833.6515527,1787856859.783074,2026-08-27T18:54:19.783074+00:00,26.131521224975586,548586.546,238,840899174156,0,0,0.0,0.0,0.0,0.0,0.0,0.0,0,0.0,0.0,0.0,0.0,0.0,0.0,0,0.0,0.0,0.0,0.0,0.0,0.0
P001,P001_S01,P001_S01_ST1ST_T01_R02,T01,R02,Room_Requested_Keyboard,Study 1,Continuous Room Navigation,Requested Feedback,Keyboard,0,1787856833.6515527,1787856859.8968549,2026-08-27T18:54:19.896855+00:00,26.245302200317383,548586.671,239,840900314561,0,0,0.0,0.0,0.0,0.0,0.0,0.0,0,0.0,0.0,0.0,0.0,0.0,0.0,0,0.0,0.0,0.0,0.0,0.0,0.0
P001,P001_S01,P001_S01_ST1ST_T01_R02,T01,R02,Room_Requested_Keyboard,Study 1,Continuous Room Navigation,Requested Feedback,Keyboard,0,1787856833.6515527,1787856860.0140362,2026-08-27T18:54:20.014036+00:00,26.362483501434326,548586.781,240,840901474871,0,0,0.0,0.0,0.0,0.0,0.0,0.0,0,0.0,0.0,0.0,0.0,0.0,0.0,0,0.0,0.0,0.0,0.0,0.0,0.0
P001,P001_S01,P001_S01_ST1ST_T01_R02,T01,R02,Room_Requested_Keyboard,Study 1,Continuous Room Navigation,Requested Feedback,Keyboard,0,1787856833.6515527,1787856860.121549,2026-08-27T18:54:20.121549+00:00,26.469996213912964,548586.89,241,840902522815,0,0,0.0,0.0,0.0,0.0,0.0,0.0,0,0.0,0.0,0.0,0.0,0.0,0.0,0,0.0,0.0,0.0,0.0,0.0,0.0
P001,P001_S01,P001_S01_ST1ST_T01_R02,T01,R02,Room_Requested_Keyboard,Study 1,Continuous Room Navigation,Requested Feedback,Keyboard,0,1787856833.6515527,1787856860.2580547,2026-08-27T18:54:20.258055+00:00,26.606502056121826,548587.031,242,840903673017,0,0,0.0,0.0,0.0,0.0,0.0,0.0,0,0.0,0.0,0.0,0.0,0.0,0.0,0,0.0,0.0,0.0,0.0,0.0,0.0
P001,P001_S01,P001_S01_ST1ST_T01_R02,T01,R02,Room_Requested_Keyboard,Study 1,Continuous Room Navigation,Requested Feedback,Keyboard,0,1787856833.6515527,1787856860.3450356,2026-08-27T18:54:20.345036+00:00,26.693482875823975,548587.109,243,840904790241,0,0,0.0,0.0,0.0,0.0,0.0,0.0,0,0.0,0.0,0.0,0.0,0.0,0.0,0,0.0,0.0,0.0,0.0,0.0,0.0
P001,P001_S01,P001_S01_ST1ST_T01_R02,T01,R02,Room_Requested_Keyboard,Study 1,Continuous Room Navigation,Requested Feedback,Keyboard,0,1787856833.6515527,1787856860.4493573,2026-08-27T18:54:20.449357+00:00,26.797804594039917,548587.218,244,840905830521,0,0,0.0,0.0,0.0,0.0,0.0,0.0,0,0.0,0.0,0.0,0.0,0.0,0.0,0,0.0,0.0,0.0,0.0,0.0,0.0
P001,P001_S01,P001_S01_ST1ST_T01_R02,T01,R02,Room_Requested_Keyboard,Study 1,Continuous Room Navigation,Requested Feedback,Keyboard,0,1787856833.6515527,1787856860.5637372,2026-08-27T18:54:20.563737+00:00,26.912184476852417,548587.328,245,840906844448,0,0,0.0,0.0,0.0,0.0,0.0,0.0,0,0.0,0.0,0.0,0.0,0.0,0.0,0,0.0,0.0,0.0,0.0,0.0,0.0
P001,P001_S01,P001_S01_ST1ST_T01_R02,T01,R02,Room_Requested_Keyboard,Study 1,Continuous Room Navigation,Requested Feedback,Keyboard,0,1787856833.6515527,1787856860.7050788,2026-08-27T18:54:20.705079+00:00,27.053526163101196,548587.468,246,840907971133,0,0,0.0,0.0,0.0,0.0,0.0,0.0,0,0.0,0.0,0.0,0.0,0.0,0.0,0,0.0,0.0,0.0,0.0,0.0,0.0
P001,P001_S01,P001_S01_ST1ST_T01_R02,T01,R02,Room_Requested_Keyboard,Study 1,Continuous Room Navigation,Requested Feedback,Keyboard,0,1787856833.6515527,1787856860.7715013,2026-08-27T18:54:20.771501+00:00,27.119948625564575,548587.546,247,840909052132,0,0,0.0,0.0,0.0,0.0,0.0,0.0,0,0.0,0.0,0.0,0.0,0.0,0.0,0,0.0,0.0,0.0,0.0,0.0,0.0
P001,P001_S01,P001_S01_ST1ST_T01_R02,T01,R02,Room_Requested_Keyboard,Study 1,Continuous Room Navigation,Requested Feedback,Keyboard,0,1787856833.6515527,1787856860.8779712,2026-08-27T18:54:20.877971+00:00,27.226418495178223,548587.64,248,840910121834,0,0,0.0,0.0,0.0,0.0,0.0,0.0,0,0.0,0.0,0.0,0.0,0.0,0.0,0,0.0,0.0,0.0,0.0,0.0,0.0
P001,P001_S01,P001_S01_ST1ST_T01_R02,T01,R02,Room_Requested_Keyboard,Study 1,Continuous Room Navigation,Requested Feedback,Keyboard,0,1787856833.6515527,1787856860.9936514,2026-08-27T18:54:20.993651+00:00,27.342098712921143,548587.765,249,840911272891,0,0,0.0,0.0,0.0,0.0,0.0,0.0,0,0.0,0.0,0.0,0.0,0.0,0.0,0,0.0,0.0,0.0,0.0,0.0,0.0
P001,P001_S01,P001_S01_ST1ST_T01_R02,T01,R02,Room_Requested_Keyboard,Study 1,Continuous Room Navigation,Requested Feedback,Keyboard,0,1787856833.6515527,1787856861.0973735,2026-08-27T18:54:21.097373+00:00,27.445820808410645,548587.859,250,840912312087,0,0,0.0,0.0,0.0,0.0,0.0,0.0,0,0.0,0.0,0.0,0.0,0.0,0.0,0,0.0,0.0,0.0,0.0,0.0,0.0
P001,P001_S01,P001_S01_ST1ST_T01_R02,T01,R02,Room_Requested_Keyboard,Study 1,Continuous Room Navigation,Requested Feedback,Keyboard,0,1787856833.6515527,1787856861.2045193,2026-08-27T18:54:21.204519+00:00,27.552966594696045,548587.968,251,840913370912,0,0,0.0,0.0,0.0,0.0,0.0,0.0,0,0.0,0.0,0.0,0.0,0.0,0.0,0,0.0,0.0,0.0,0.0,0.0,0.0
P001,P001_S01,P001_S01_ST1ST_T01_R02,T01,R02,Room_Requested_Keyboard,Study 1,Continuous Room Navigation,Requested Feedback,Keyboard,0,1787856833.6515527,1787856861.3224013,2026-08-27T18:54:21.322401+00:00,27.670848608016968,548588.093,252,840914556759,0,0,0.0,0.0,0.0,0.0,0.0,0.0,0,0.0,0.0,0.0,0.0,0.0,0.0,0,0.0,0.0,0.0,0.0,0.0,0.0
P001,P001_S01,P001_S01_ST1ST_T01_R02,T01,R02,Room_Requested_Keyboard,Study 1,Continuous Room Navigation,Requested Feedback,Keyboard,0,1787856833.6515527,1787856861.434753,2026-08-27T18:54:21.434753+00:00,27.78320026397705,548588.203,253,840915570352,0,0,0.0,0.0,0.0,0.0,0.0,0.0,0,0.0,0.0,0.0,0.0,0.0,0.0,0,0.0,0.0,0.0,0.0,0.0,0.0
P001,P001_S01,P001_S01_ST1ST_T01_R02,T01,R02,Room_Requested_Keyboard,Study 1,Continuous Room Navigation,Requested Feedback,Keyboard,0,1787856833.6515527,1787856861.5439327,2026-08-27T18:54:21.543933+00:00,27.892379999160767,548588.312,254,840916774656,0,0,0.0,0.0,0.0,0.0,0.0,0.0,0,0.0,0.0,0.0,0.0,0.0,0.0,0,0.0,0.0,0.0,0.0,0.0,0.0
P001,P001_S01,P001_S01_ST1ST_T01_R02,T01,R02,Room_Requested_Keyboard,Study 1,Continuous Room Navigation,Requested Feedback,Keyboard,0,1787856833.6515527,1787856861.6443028,2026-08-27T18:54:21.644303+00:00,27.99275016784668,548588.406,255,840917779581,0,0,0.0,0.0,0.0,0.0,0.0,0.0,0,0.0,0.0,0.0,0.0,0.0,0.0,0,0.0,0.0,0.0,0.0,0.0,0.0
P001,P001_S01,P001_S01_ST1ST_T01_R02,T01,R02,Room_Requested_Keyboard,Study 1,Continuous Room Navigation,Requested Feedback,Keyboard,0,1787856833.6515527,1787856861.7439897,2026-08-27T18:54:21.743990+00:00,28.092437028884888,548588.515,256,840918781442,0,0,0.0,0.0,0.0,0.0,0.0,0.0,0,0.0,0.0,0.0,0.0,0.0,0.0,0,0.0,0.0,0.0,0.0,0.0,0.0
P001,P001_S01,P001_S01_ST1ST_T01_R02,T01,R02,Room_Requested_Keyboard,Study 1,Continuous Room Navigation,Requested Feedback,Keyboard,0,1787856833.6515527,1787856861.8840313,2026-08-27T18:54:21.884031+00:00,28.232478618621826,548588.656,257,840919929572,0,0,0.0,0.0,0.0,0.0,0.0,0.0,0,0.0,0.0,0.0,0.0,0.0,0.0,0,0.0,0.0,0.0,0.0,0.0,0.0
P001,P001_S01,P001_S01_ST1ST_T01_R02,T01,R02,Room_Requested_Keyboard,Study 1,Continuous Room Navigation,Requested Feedback,Keyboard,0,1787856833.6515527,1787856861.9618514,2026-08-27T18:54:21.961851+00:00,28.310298681259155,548588.734,258,840920956962,0,0,0.0,0.0,0.0,0.0,0.0,0.0,0,0.0,0.0,0.0,0.0,0.0,0.0,0,0.0,0.0,0.0,0.0,0.0,0.0
P001,P001_S01,P001_S01_ST1ST_T01_R02,T01,R02,Room_Requested_Keyboard,Study 1,Continuous Room Navigation,Requested Feedback,Keyboard,0,1787856833.6515527,1787856862.0654662,2026-08-27T18:54:22.065466+00:00,28.41391348838806,548588.828,259,840921997032,0,0,0.0,0.0,0.0,0.0,0.0,0.0,0,0.0,0.0,0.0,0.0,0.0,0.0,0,0.0,0.0,0.0,0.0,0.0,0.0
P001,P001_S01,P001_S01_ST1ST_T01_R02,T01,R02,Room_Requested_Keyboard,Study 1,Continuous Room Navigation,Requested Feedback,Keyboard,0,1787856833.6515527,1787856862.1655126,2026-08-27T18:54:22.165513+00:00,28.513959884643555,548588.937,260,840923000775,0,0,0.0,0.0,0.0,0.0,0.0,0.0,0,0.0,0.0,0.0,0.0,0.0,0.0,0,0.0,0.0,0.0,0.0,0.0,0.0
P001,P001_S01,P001_S01_ST1ST_T01_R02,T01,R02,Room_Requested_Keyboard,Study 1,Continuous Room Navigation,Requested Feedback,Keyboard,0,1787856833.6515527,1787856862.28358,2026-08-27T18:54:22.283580+00:00,28.63202738761902,548589.046,261,840924174058,0,0,0.0,0.0,0.0,0.0,0.0,0.0,0,0.0,0.0,0.0,0.0,0.0,0.0,0,0.0,0.0,0.0,0.0,0.0,0.0
P001,P001_S01,P001_S01_ST1ST_T01_R02,T01,R02,Room_Requested_Keyboard,Study 1,Continuous Room Navigation,Requested Feedback,Keyboard,0,1787856833.6515527,1787856862.383956,2026-08-27T18:54:22.383956+00:00,28.73240327835083,548589.156,262,840925176921,0,0,0.0,0.0,0.0,0.0,0.0,0.0,0,0.0,0.0,0.0,0.0,0.0,0.0,0,0.0,0.0,0.0,0.0,0.0,0.0
P001,P001_S01,P001_S01_ST1ST_T01_R02,T01,R02,Room_Requested_Keyboard,Study 1,Continuous Room Navigation,Requested Feedback,Keyboard,0,1787856833.6515527,1787856862.5048795,2026-08-27T18:54:22.504879+00:00,28.85332679748535,548589.281,263,840926369613,0,0,0.0,0.0,0.0,0.0,0.0,0.0,0,0.0,0.0,0.0,0.0,0.0,0.0,0,0.0,0.0,0.0,0.0,0.0,0.0
P001,P001_S01,P001_S01_ST1ST_T01_R02,T01,R02,Room_Requested_Keyboard,Study 1,Continuous Room Navigation,Requested Feedback,Keyboard,0,1787856833.6515527,1787856862.6243682,2026-08-27T18:54:22.624368+00:00,28.97281551361084,548589.39,264,840927370412,0,0,0.0,0.0,0.0,0.0,0.0,0.0,0,0.0,0.0,0.0,0.0,0.0,0.0,0,0.0,0.0,0.0,0.0,0.0,0.0
P001,P001_S01,P001_S01_ST1ST_T01_R02,T01,R02,Room_Requested_Keyboard,Study 1,Continuous Room Navigation,Requested Feedback,Keyboard,0,1787856833.6515527,1787856862.705168,2026-08-27T18:54:22.705168+00:00,29.05361533164978,548589.468,265,840928371069,0,0,0.0,0.0,0.0,0.0,0.0,0.0,0,0.0,0.0,0.0,0.0,0.0,0.0,0,0.0,0.0,0.0,0.0,0.0,0.0
P001,P001_S01,P001_S01_ST1ST_T01_R02,T01,R02,Room_Requested_Keyboard,Study 1,Continuous Room Navigation,Requested Feedback,Keyboard,0,1787856833.6515527,1787856862.806401,2026-08-27T18:54:22.806401+00:00,29.154848337173462,548589.578,266,840929409724,0,0,0.0,0.0,0.0,0.0,0.0,0.0,0,0.0,0.0,0.0,0.0,0.0,0.0,0,0.0,0.0,0.0,0.0,0.0,0.0
P001,P001_S01,P001_S01_ST1ST_T01_R02,T01,R02,Room_Requested_Keyboard,Study 1,Continuous Room Navigation,Requested Feedback,Keyboard,0,1787856833.6515527,1787856862.9216475,2026-08-27T18:54:22.921648+00:00,29.270094871520996,548589.687,267,840930489912,0,0,0.0,0.0,0.0,0.0,0.0,0.0,0,0.0,0.0,0.0,0.0,0.0,0.0,0,0.0,0.0,0.0,0.0,0.0,0.0
P001,P001_S01,P001_S01_ST1ST_T01_R02,T01,R02,Room_Requested_Keyboard,Study 1,Continuous Room Navigation,Requested Feedback,Keyboard,0,1787856833.6515527,1787856863.0542464,2026-08-27T18:54:23.054246+00:00,29.40269374847412,548589.828,268,840931572212,0,0,0.0,0.0,0.0,0.0,0.0,0.0,0,0.0,0.0,0.0,0.0,0.0,0.0,0,0.0,0.0,0.0,0.0,0.0,0.0
P001,P001_S01,P001_S01_ST1ST_T01_R02,T01,R02,Room_Requested_Keyboard,Study 1,Continuous Room Navigation,Requested Feedback,Keyboard,0,1787856833.6515527,1787856863.144843,2026-08-27T18:54:23.144843+00:00,29.493290424346924,548589.906,269,840932785615,0,0,0.0,0.0,0.0,0.0,0.0,0.0,0,0.0,0.0,0.0,0.0,0.0,0.0,0,0.0,0.0,0.0,0.0,0.0,0.0
P001,P001_S01,P001_S01_ST1ST_T01_R02,T01,R02,Room_Requested_Keyboard,Study 1,Continuous Room Navigation,Requested Feedback,Keyboard,0,1787856833.6515527,1787856863.2557204,2026-08-27T18:54:23.255720+00:00,29.604167699813843,548590.031,270,840933830947,0,0,0.0,0.0,0.0,0.0,0.0,0.0,0,0.0,0.0,0.0,0.0,0.0,0.0,0,0.0,0.0,0.0,0.0,0.0,0.0
P001,P001_S01,P001_S01_ST1ST_T01_R02,T01,R02,Room_Requested_Keyboard,Study 1,Continuous Room Navigation,Requested Feedback,Keyboard,0,1787856833.6515527,1787856863.3489983,2026-08-27T18:54:23.348998+00:00,29.69744563102722,548590.125,271,840934833559,0,0,0.0,0.0,0.0,0.0,0.0,0.0,0,0.0,0.0,0.0,0.0,0.0,0.0,0,0.0,0.0,0.0,0.0,0.0,0.0
P001,P001_S01,P001_S01_ST1ST_T01_R02,T01,R02,Room_Requested_Keyboard,Study 1,Continuous Room Navigation,Requested Feedback,Keyboard,0,1787856833.6515527,1787856863.4647925,2026-08-27T18:54:23.464792+00:00,29.813239812850952,548590.234,272,840935974210,0,0,0.0,0.0,0.0,0.0,0.0,0.0,0,0.0,0.0,0.0,0.0,0.0,0.0,0,0.0,0.0,0.0,0.0,0.0,0.0
P001,P001_S01,P001_S01_ST1ST_T01_R02,T01,R02,Room_Requested_Keyboard,Study 1,Continuous Room Navigation,Requested Feedback,Keyboard,0,1787856833.6515527,1787856863.5670052,2026-08-27T18:54:23.567005+00:00,29.915452480316162,548590.343,273,840937002978,0,0,0.0,0.0,0.0,0.0,0.0,0.0,0,0.0,0.0,0.0,0.0,0.0,0.0,0,0.0,0.0,0.0,0.0,0.0,0.0
P001,P001_S01,P001_S01_ST1ST_T01_R02,T01,R02,Room_Requested_Keyboard,Study 1,Continuous Room Navigation,Requested Feedback,Keyboard,0,1787856833.6515527,1787856863.6754732,2026-08-27T18:54:23.675473+00:00,30.02392053604126,548590.437,274,840938091010,0,0,0.0,0.0,0.0,0.0,0.0,0.0,0,0.0,0.0,0.0,0.0,0.0,0.0,0,0.0,0.0,0.0,0.0,0.0,0.0
P001,P001_S01,P001_S01_ST1ST_T01_R02,T01,R02,Room_Requested_Keyboard,Study 1,Continuous Room Navigation,Requested Feedback,Keyboard,0,1787856833.6515527,1787856863.819066,2026-08-27T18:54:23.819066+00:00,30.167513370513916,548590.593,275,840939170900,0,0,0.0,0.0,0.0,0.0,0.0,0.0,0,0.0,0.0,0.0,0.0,0.0,0.0,0,0.0,0.0,0.0,0.0,0.0,0.0
P001,P001_S01,P001_S01_ST1ST_T01_R02,T01,R02,Room_Requested_Keyboard,Study 1,Continuous Room Navigation,Requested Feedback,Keyboard,0,1787856833.6515527,1787856863.9184546,2026-08-27T18:54:23.918455+00:00,30.266901969909668,548590.687,276,840940172087,0,0,0.0,0.0,0.0,0.0,0.0,0.0,0,0.0,0.0,0.0,0.0,0.0,0.0,0,0.0,0.0,0.0,0.0,0.0,0.0
P001,P001_S01,P001_S01_ST1ST_T01_R02,T01,R02,Room_Requested_Keyboard,Study 1,Continuous Room Navigation,Requested Feedback,Keyboard,0,1787856833.6515527,1787856864.0036094,2026-08-27T18:54:24.003609+00:00,30.352056741714478,548590.765,277,840941370734,0,0,0.0,0.0,0.0,0.0,0.0,0.0,0,0.0,0.0,0.0,0.0,0.0,0.0,0,0.0,0.0,0.0,0.0,0.0,0.0
P001,P001_S01,P001_S01_ST1ST_T01_R02,T01,R02,Room_Requested_Keyboard,Study 1,Continuous Room Navigation,Requested Feedback,Keyboard,0,1787856833.6515527,1787856864.1217597,2026-08-27T18:54:24.121760+00:00,30.47020697593689,548590.89,278,840942554648,0,0,0.0,0.0,0.0,0.0,0.0,0.0,0,0.0,0.0,0.0,0.0,0.0,0.0,0,0.0,0.0,0.0,0.0,0.0,0.0
P001,P001_S01,P001_S01_ST1ST_T01_R02,T01,R02,Room_Requested_Keyboard,Study 1,Continuous Room Navigation,Requested Feedback,Keyboard,0,1787856833.6515527,1787856864.2235923,2026-08-27T18:54:24.223592+00:00,30.57203960418701,548591.0,279,840943572044,0,0,0.0,0.0,0.0,0.0,0.0,0.0,0,0.0,0.0,0.0,0.0,0.0,0.0,0,0.0,0.0,0.0,0.0,0.0,0.0
P001,P001_S01,P001_S01_ST1ST_T01_R02,T01,R02,Room_Requested_Keyboard,Study 1,Continuous Room Navigation,Requested Feedback,Keyboard,0,1787856833.6515527,1787856864.3295333,2026-08-27T18:54:24.329533+00:00,30.677980661392212,548591.093,280,840944630879,0,0,0.0,0.0,0.0,0.0,0.0,0.0,0,0.0,0.0,0.0,0.0,0.0,0.0,0,0.0,0.0,0.0,0.0,0.0,0.0
P001,P001_S01,P001_S01_ST1ST_T01_R02,T01,R02,Room_Requested_Keyboard,Study 1,Continuous Room Navigation,Requested Feedback,Keyboard,0,1787856833.6515527,1787856864.4695082,2026-08-27T18:54:24.469508+00:00,30.817955493927002,548591.234,281,840945671603,0,0,0.0,0.0,0.0,0.0,0.0,0.0,0,0.0,0.0,0.0,0.0,0.0,0.0,0,0.0,0.0,0.0,0.0,0.0,0.0
P001,P001_S01,P001_S01_ST1ST_T01_R02,T01,R02,Room_Requested_Keyboard,Study 1,Continuous Room Navigation,Requested Feedback,Keyboard,0,1787856833.6515527,1787856864.5346735,2026-08-27T18:54:24.534673+00:00,30.88312077522278,548591.296,282,840946689440,0,0,0.0,0.0,0.0,0.0,0.0,0.0,0,0.0,0.0,0.0,0.0,0.0,0.0,0,0.0,0.0,0.0,0.0,0.0,0.0
P001,P001_S01,P001_S01_ST1ST_T01_R02,T01,R02,Room_Requested_Keyboard,Study 1,Continuous Room Navigation,Requested Feedback,Keyboard,0,1787856833.6515527,1787856864.688576,2026-08-27T18:54:24.688576+00:00,31.037023305892944,548591.453,283,840947846036,0,0,0.0,0.0,0.0,0.0,0.0,0.0,0,0.0,0.0,0.0,0.0,0.0,0.0,0,0.0,0.0,0.0,0.0,0.0,0.0
P001,P001_S01,P001_S01_ST1ST_T01_R02,T01,R02,Room_Requested_Keyboard,Study 1,Continuous Room Navigation,Requested Feedback,Keyboard,0,1787856833.6515527,1787856864.7830834,2026-08-27T18:54:24.783083+00:00,31.13153076171875,548591.546,284,840948853441,0,0,0.0,0.0,0.0,0.0,0.0,0.0,0,0.0,0.0,0.0,0.0,0.0,0.0,0,0.0,0.0,0.0,0.0,0.0,0.0
P001,P001_S01,P001_S01_ST1ST_T01_R02,T01,R02,Room_Requested_Keyboard,Study 1,Continuous Room Navigation,Requested Feedback,Keyboard,0,1787856833.6515527,1787856864.8942142,2026-08-27T18:54:24.894214+00:00,31.242661476135254,548591.656,285,840949930827,0,0,0.0,0.0,0.0,0.0,0.0,0.0,0,0.0,0.0,0.0,0.0,0.0,0.0,0,0.0,0.0,0.0,0.0,0.0,0.0
P001,P001_S01,P001_S01_ST1ST_T01_R02,T01,R02,Room_Requested_Keyboard,Study 1,Continuous Room Navigation,Requested Feedback,Keyboard,0,1787856833.6515527,1787856864.9877245,2026-08-27T18:54:24.987725+00:00,31.336171865463257,548591.75,286,840950986825,0,0,0.0,0.0,0.0,0.0,0.0,0.0,0,0.0,0.0,0.0,0.0,0.0,0.0,0,0.0,0.0,0.0,0.0,0.0,0.0
P001,P001_S01,P001_S01_ST1ST_T01_R02,T01,R02,Room_Requested_Keyboard,Study 1,Continuous Room Navigation,Requested Feedback,Keyboard,0,1787856833.6515527,1787856865.0670114,2026-08-27T18:54:25.067011+00:00,31.41545867919922,548591.843,287,840951990397,0,0,0.0,0.0,0.0,0.0,0.0,0.0,0,0.0,0.0,0.0,0.0,0.0,0.0,0,0.0,0.0,0.0,0.0,0.0,0.0
P001,P001_S01,P001_S01_ST1ST_T01_R02,T01,R02,Room_Requested_Keyboard,Study 1,Continuous Room Navigation,Requested Feedback,Keyboard,0,1787856833.6515527,1787856865.170091,2026-08-27T18:54:25.170091+00:00,31.518538236618042,548591.937,288,840953039183,0,0,0.0,0.0,0.0,0.0,0.0,0.0,0,0.0,0.0,0.0,0.0,0.0,0.0,0,0.0,0.0,0.0,0.0,0.0,0.0
P001,P001_S01,P001_S01_ST1ST_T01_R02,T01,R02,Room_Requested_Keyboard,Study 1,Continuous Room Navigation,Requested Feedback,Keyboard,0,1787856833.6515527,1787856865.284551,2026-08-27T18:54:25.284551+00:00,31.63299822807312,548592.046,289,840954186850,0,0,0.0,0.0,0.0,0.0,0.0,0.0,0,0.0,0.0,0.0,0.0,0.0,0.0,0,0.0,0.0,0.0,0.0,0.0,0.0
P001,P001_S01,P001_S01_ST1ST_T01_R02,T01,R02,Room_Requested_Keyboard,Study 1,Continuous Room Navigation,Requested Feedback,Keyboard,0,1787856833.6515527,1787856865.3850536,2026-08-27T18:54:25.385054+00:00,31.733500957489014,548592.156,290,840955187142,0,0,0.0,0.0,0.0,0.0,0.0,0.0,0,0.0,0.0,0.0,0.0,0.0,0.0,0,0.0,0.0,0.0,0.0,0.0,0.0
P001,P001_S01,P001_S01_ST1ST_T01_R02,T01,R02,Room_Requested_Keyboard,Study 1,Continuous Room Navigation,Requested Feedback,Keyboard,0,1787856833.6515527,1787856865.4940789,2026-08-27T18:54:25.494079+00:00,31.84252619743347,548592.265,291,840956281082,0,0,0.0,0.0,0.0,0.0,0.0,0.0,0,0.0,0.0,0.0,0.0,0.0,0.0,0,0.0,0.0,0.0,0.0,0.0,0.0
P001,P001_S01,P001_S01_ST1ST_T01_R02,T01,R02,Room_Requested_Keyboard,Study 1,Continuous Room Navigation,Requested Feedback,Keyboard,0,1787856833.6515527,1787856865.609339,2026-08-27T18:54:25.609339+00:00,31.957786321640015,548592.375,292,840957434176,0,0,0.0,0.0,0.0,0.0,0.0,0.0,0,0.0,0.0,0.0,0.0,0.0,0.0,0,0.0,0.0,0.0,0.0,0.0,0.0
P001,P001_S01,P001_S01_ST1ST_T01_R02,T01,R02,Room_Requested_Keyboard,Study 1,Continuous Room Navigation,Requested Feedback,Keyboard,0,1787856833.6515527,1787856865.7201674,2026-08-27T18:54:25.720167+00:00,32.06861472129822,548592.484,293,840958532054,0,0,0.0,0.0,0.0,0.0,0.0,0.0,0,0.0,0.0,0.0,0.0,0.0,0.0,0,0.0,0.0,0.0,0.0,0.0,0.0
P001,P001_S01,P001_S01_ST1ST_T01_R02,T01,R02,Room_Requested_Keyboard,Study 1,Continuous Room Navigation,Requested Feedback,Keyboard,0,1787856833.6515527,1787856865.8240702,2026-08-27T18:54:25.824070+00:00,32.17251753807068,548592.593,294,840959569438,0,0,0.0,0.0,0.0,0.0,0.0,0.0,0,0.0,0.0,0.0,0.0,0.0,0.0,0,0.0,0.0,0.0,0.0,0.0,0.0
P001,P001_S01,P001_S01_ST1ST_T01_R02,T01,R02,Room_Requested_Keyboard,Study 1,Continuous Room Navigation,Requested Feedback,Keyboard,0,1787856833.6515527,1787856865.935425,2026-08-27T18:54:25.935425+00:00,32.28387236595154,548592.703,295,840960679433,0,0,0.0,0.0,0.0,0.0,0.0,0.0,0,0.0,0.0,0.0,0.0,0.0,0.0,0,0.0,0.0,0.0,0.0,0.0,0.0
P001,P001_S01,P001_S01_ST1ST_T01_R02,T01,R02,Room_Requested_Keyboard,Study 1,Continuous Room Navigation,Requested Feedback,Keyboard,0,1787856833.6515527,1787856866.0709314,2026-08-27T18:54:26.070931+00:00,32.41937875747681,548592.843,296,840961824002,0,0,0.0,0.0,0.0,0.0,0.0,0.0,0,0.0,0.0,0.0,0.0,0.0,0.0,0,0.0,0.0,0.0,0.0,0.0,0.0
P001,P001_S01,P001_S01_ST1ST_T01_R02,T01,R02,Room_Requested_Keyboard,Study 1,Continuous Room Navigation,Requested Feedback,Keyboard,0,1787856833.6515527,1787856866.1657774,2026-08-27T18:54:26.165777+00:00,32.51422476768494,548592.937,297,840962985344,0,0,0.0,0.0,0.0,0.0,0.0,0.0,0,0.0,0.0,0.0,0.0,0.0,0.0,0,0.0,0.0,0.0,0.0,0.0,0.0
P001,P001_S01,P001_S01_ST1ST_T01_R02,T01,R02,Room_Requested_Keyboard,Study 1,Continuous Room Navigation,Requested Feedback,Keyboard,0,1787856833.6515527,1787856866.266968,2026-08-27T18:54:26.266968+00:00,32.61541533470154,548593.031,298,840964011576,0,0,0.0,0.0,0.0,0.0,0.0,0.0,0,0.0,0.0,0.0,0.0,0.0,0.0,0,0.0,0.0,0.0,0.0,0.0,0.0
P001,P001_S01,P001_S01_ST1ST_T01_R02,T01,R02,Room_Requested_Keyboard,Study 1,Continuous Room Navigation,Requested Feedback,Keyboard,0,1787856833.6515527,1787856866.3842952,2026-08-27T18:54:26.384295+00:00,32.73274254798889,548593.156,299,840965177757,0,0,0.0,0.0,0.0,0.0,0.0,0.0,0,0.0,0.0,0.0,0.0,0.0,0.0,0,0.0,0.0,0.0,0.0,0.0,0.0
P001,P001_S01,P001_S01_ST1ST_T01_R02,T01,R02,Room_Requested_Keyboard,Study 1,Continuous Room Navigation,Requested Feedback,Keyboard,0,1787856833.6515527,1787856866.5040314,2026-08-27T18:54:26.504031+00:00,32.85247874259949,548593.281,300,840966377756,0,0,0.0,0.0,0.0,0.0,0.0,0.0,0,0.0,0.0,0.0,0.0,0.0,0.0,0,0.0,0.0,0.0,0.0,0.0,0.0
P001,P001_S01,P001_S01_ST1ST_T01_R02,T01,R02,Room_Requested_Keyboard,Study 1,Continuous Room Navigation,Requested Feedback,Keyboard,0,1787856833.6515527,1787856866.635876,2026-08-27T18:54:26.635876+00:00,32.984323263168335,548593.406,301,840967482979,0,0,0.0,0.0,0.0,0.0,0.0,0.0,0,0.0,0.0,0.0,0.0,0.0,0.0,0,0.0,0.0,0.0,0.0,0.0,0.0
P001,P001_S01,P001_S01_ST1ST_T01_R02,T01,R02,Room_Requested_Keyboard,Study 1,Continuous Room Navigation,Requested Feedback,Keyboard,0,1787856833.6515527,1787856866.7239747,2026-08-27T18:54:26.723975+00:00,33.07242202758789,548593.5,302,840968573616,0,0,0.0,0.0,0.0,0.0,0.0,0.0,0,0.0,0.0,0.0,0.0,0.0,0.0,0,0.0,0.0,0.0,0.0,0.0,0.0
P001,P001_S01,P001_S01_ST1ST_T01_R02,T01,R02,Room_Requested_Keyboard,Study 1,Continuous Room Navigation,Requested Feedback,Keyboard,0,1787856833.6515527,1787856866.8337247,2026-08-27T18:54:26.833725+00:00,33.18217206001282,548593.609,303,840969671174,0,0,0.0,0.0,0.0,0.0,0.0,0.0,0,0.0,0.0,0.0,0.0,0.0,0.0,0,0.0,0.0,0.0,0.0,0.0,0.0
P001,P001_S01,P001_S01_ST1ST_T01_R02,T01,R02,Room_Requested_Keyboard,Study 1,Continuous Room Navigation,Requested Feedback,Keyboard,0,1787856833.6515527,1787856866.938891,2026-08-27T18:54:26.938891+00:00,33.28733825683594,548593.703,304,840970691005,0,0,0.0,0.0,0.0,0.0,0.0,0.0,0,0.0,0.0,0.0,0.0,0.0,0.0,0,0.0,0.0,0.0,0.0,0.0,0.0
P001,P001_S01,P001_S01_ST1ST_T01_R02,T01,R02,Room_Requested_Keyboard,Study 1,Continuous Room Navigation,Requested Feedback,Keyboard,0,1787856833.6515527,1787856867.080559,2026-08-27T18:54:27.080559+00:00,33.42900633811951,548593.843,305,840971778541,0,0,0.0,0.0,0.0,0.0,0.0,0.0,0,0.0,0.0,0.0,0.0,0.0,0.0,0,0.0,0.0,0.0,0.0,0.0,0.0
P001,P001_S01,P001_S01_ST1ST_T01_R02,T01,R02,Room_Requested_Keyboard,Study 1,Continuous Room Navigation,Requested Feedback,Keyboard,0,1787856833.6515527,1787856867.1842532,2026-08-27T18:54:27.184253+00:00,33.532700538635254,548593.953,306,840972874161,0,0,0.0,0.0,0.0,0.0,0.0,0.0,0,0.0,0.0,0.0,0.0,0.0,0.0,0,0.0,0.0,0.0,0.0,0.0,0.0
P001,P001_S01,P001_S01_ST1ST_T01_R02,T01,R02,Room_Requested_Keyboard,Study 1,Continuous Room Navigation,Requested Feedback,Keyboard,0,1787856833.6515527,1787856867.2748568,2026-08-27T18:54:27.274857+00:00,33.62330412864685,548594.046,307,840974074842,0,0,0.0,0.0,0.0,0.0,0.0,0.0,0,0.0,0.0,0.0,0.0,0.0,0.0,0,0.0,0.0,0.0,0.0,0.0,0.0
P001,P001_S01,P001_S01_ST1ST_T01_R02,T01,R02,Room_Requested_Keyboard,Study 1,Continuous Room Navigation,Requested Feedback,Keyboard,0,1787856833.6515527,1787856867.3895764,2026-08-27T18:54:27.389576+00:00,33.73802375793457,548594.156,308,840975231724,0,0,0.0,0.0,0.0,0.0,0.0,0.0,0,0.0,0.0,0.0,0.0,0.0,0.0,0,0.0,0.0,0.0,0.0,0.0,0.0
P001,P001_S01,P001_S01_ST1ST_T01_R02,T01,R02,Room_Requested_Keyboard,Study 1,Continuous Room Navigation,Requested Feedback,Keyboard,0,1787856833.6515527,1787856867.4934592,2026-08-27T18:54:27.493459+00:00,33.84190654754639,548594.265,309,840976274251,0,0,0.0,0.0,0.0,0.0,0.0,0.0,0,0.0,0.0,0.0,0.0,0.0,0.0,0,0.0,0.0,0.0,0.0,0.0,0.0
P001,P001_S01,P001_S01_ST1ST_T01_R02,T01,R02,Room_Requested_Keyboard,Study 1,Continuous Room Navigation,Requested Feedback,Keyboard,0,1787856833.6515527,1787856867.6024828,2026-08-27T18:54:27.602483+00:00,33.95093011856079,548594.375,310,840977369966,0,0,0.0,0.0,0.0,0.0,0.0,0.0,0,0.0,0.0,0.0,0.0,0.0,0.0,0,0.0,0.0,0.0,0.0,0.0,0.0
P001,P001_S01,P001_S01_ST1ST_T01_R02,T01,R02,Room_Requested_Keyboard,Study 1,Continuous Room Navigation,Requested Feedback,Keyboard,0,1787856833.6515527,1787856867.748062,2026-08-27T18:54:27.748062+00:00,34.09650921821594,548594.515,311,840978372901,0,0,0.0,0.0,0.0,0.0,0.0,0.0,0,0.0,0.0,0.0,0.0,0.0,0.0,0,0.0,0.0,0.0,0.0,0.0,0.0
P001,P001_S01,P001_S01_ST1ST_T01_R02,T01,R02,Room_Requested_Keyboard,Study 1,Continuous Room Navigation,Requested Feedback,Keyboard,0,1787856833.6515527,1787856867.807007,2026-08-27T18:54:27.807007+00:00,34.15545439720154,548594.578,312,840979391897,0,0,0.0,0.0,0.0,0.0,0.0,0.0,0,0.0,0.0,0.0,0.0,0.0,0.0,0,0.0,0.0,0.0,0.0,0.0,0.0
P001,P001_S01,P001_S01_ST1ST_T01_R02,T01,R02,Room_Requested_Keyboard,Study 1,Continuous Room Navigation,Requested Feedback,Keyboard,0,1787856833.6515527,1787856867.9202182,2026-08-27T18:54:27.920218+00:00,34.26866555213928,548594.687,313,840980536293,0,0,0.0,0.0,0.0,0.0,0.0,0.0,0,0.0,0.0,0.0,0.0,0.0,0.0,0,0.0,0.0,0.0,0.0,0.0,0.0
P001,P001_S01,P001_S01_ST1ST_T01_R02,T01,R02,Room_Requested_Keyboard,Study 1,Continuous Room Navigation,Requested Feedback,Keyboard,0,1787856833.6515527,1787856868.0236871,2026-08-27T18:54:28.023687+00:00,34.37213444709778,548594.796,314,840981574124,0,0,0.0,0.0,0.0,0.0,0.0,0.0,0,0.0,0.0,0.0,0.0,0.0,0.0,0,0.0,0.0,0.0,0.0,0.0,0.0
P001,P001_S01,P001_S01_ST1ST_T01_R02,T01,R02,Room_Requested_Keyboard,Study 1,Continuous Room Navigation,Requested Feedback,Keyboard,0,1787856833.6515527,1787856868.1440706,2026-08-27T18:54:28.144071+00:00,34.492517948150635,548594.906,315,840982781310,0,0,0.0,0.0,0.0,0.0,0.0,0.0,0,0.0,0.0,0.0,0.0,0.0,0.0,0,0.0,0.0,0.0,0.0,0.0,0.0
P001,P001_S01,P001_S01_ST1ST_T01_R02,T01,R02,Room_Requested_Keyboard,Study 1,Continuous Room Navigation,Requested Feedback,Keyboard,0,1787856833.6515527,1787856868.265371,2026-08-27T18:54:28.265371+00:00,34.613818407058716,548595.031,316,840983977862,0,0,0.0,0.0,0.0,0.0,0.0,0.0,0,0.0,0.0,0.0,0.0,0.0,0.0,0,0.0,0.0,0.0,0.0,0.0,0.0
P001,P001_S01,P001_S01_ST1ST_T01_R02,T01,R02,Room_Requested_Keyboard,Study 1,Continuous Room Navigation,Requested Feedback,Keyboard,0,1787856833.6515527,1787856868.4139848,2026-08-27T18:54:28.413985+00:00,34.76243209838867,548595.187,317,840985032632,0,0,0.0,0.0,0.0,0.0,0.0,0.0,0,0.0,0.0,0.0,0.0,0.0,0.0,0,0.0,0.0,0.0,0.0,0.0,0.0
P001,P001_S01,P001_S01_ST1ST_T01_R02,T01,R02,Room_Requested_Keyboard,Study 1,Continuous Room Navigation,Requested Feedback,Keyboard,0,1787856833.6515527,1787856868.4836423,2026-08-27T18:54:28.483642+00:00,34.83208966255188,548595.25,318,840986175702,0,0,0.0,0.0,0.0,0.0,0.0,0.0,0,0.0,0.0,0.0,0.0,0.0,0.0,0,0.0,0.0,0.0,0.0,0.0,0.0
P001,P001_S01,P001_S01_ST1ST_T01_R02,T01,R02,Room_Requested_Keyboard,Study 1,Continuous Room Navigation,Requested Feedback,Keyboard,0,1787856833.6515527,1787856868.5891306,2026-08-27T18:54:28.589131+00:00,34.937577962875366,548595.359,319,840987231620,0,0,0.0,0.0,0.0,0.0,0.0,0.0,0,0.0,0.0,0.0,0.0,0.0,0.0,0,0.0,0.0,0.0,0.0,0.0,0.0
P001,P001_S01,P001_S01_ST1ST_T01_R02,T01,R02,Room_Requested_Keyboard,Study 1,Continuous Room Navigation,Requested Feedback,Keyboard,0,1787856833.6515527,1787856868.7360168,2026-08-27T18:54:28.736017+00:00,35.08446407318115,548595.5,320,840988274526,0,0,0.0,0.0,0.0,0.0,0.0,0.0,0,0.0,0.0,0.0,0.0,0.0,0.0,0,0.0,0.0,0.0,0.0,0.0,0.0
P001,P001_S01,P001_S01_ST1ST_T01_R02,T01,R02,Room_Requested_Keyboard,Study 1,Continuous Room Navigation,Requested Feedback,Keyboard,0,1787856833.6515527,1787856868.8029487,2026-08-27T18:54:28.802949+00:00,35.15139603614807,548595.578,321,840989375119,0,0,0.0,0.0,0.0,0.0,0.0,0.0,0,0.0,0.0,0.0,0.0,0.0,0.0,0,0.0,0.0,0.0,0.0,0.0,0.0
P001,P001_S01,P001_S01_ST1ST_T01_R02,T01,R02,Room_Requested_Keyboard,Study 1,Continuous Room Navigation,Requested Feedback,Keyboard,0,1787856833.6515527,1787856868.9207542,2026-08-27T18:54:28.920754+00:00,35.2692015171051,548595.687,322,840990542883,0,0,0.0,0.0,0.0,0.0,0.0,0.0,0,0.0,0.0,0.0,0.0,0.0,0.0,0,0.0,0.0,0.0,0.0,0.0,0.0
P001,P001_S01,P001_S01_ST1ST_T01_R02,T01,R02,Room_Requested_Keyboard,Study 1,Continuous Room Navigation,Requested Feedback,Keyboard,0,1787856833.6515527,1787856869.0237765,2026-08-27T18:54:29.023777+00:00,35.37222385406494,548595.796,323,840991573649,0,0,0.0,0.0,0.0,0.0,0.0,0.0,0,0.0,0.0,0.0,0.0,0.0,0.0,0,0.0,0.0,0.0,0.0,0.0,0.0
P001,P001_S01,P001_S01_ST1ST_T01_R02,T01,R02,Room_Requested_Keyboard,Study 1,Continuous Room Navigation,Requested Feedback,Keyboard,0,1787856833.6515527,1787856869.1461737,2026-08-27T18:54:29.146174+00:00,35.49462103843689,548595.921,324,840992690146,0,0,0.0,0.0,0.0,0.0,0.0,0.0,0,0.0,0.0,0.0,0.0,0.0,0.0,0,0.0,0.0,0.0,0.0,0.0,0.0
P001,P001_S01,P001_S01_ST1ST_T01_R02,T01,R02,Room_Requested_Keyboard,Study 1,Continuous Room Navigation,Requested Feedback,Keyboard,0,1787856833.6515527,1787856869.2449093,2026-08-27T18:54:29.244909+00:00,35.59335660934448,548596.015,325,840993783969,0,0,0.0,0.0,0.0,0.0,0.0,0.0,0,0.0,0.0,0.0,0.0,0.0,0.0,0,0.0,0.0,0.0,0.0,0.0,0.0
P001,P001_S01,P001_S01_ST1ST_T01_R02,T01,R02,Room_Requested_Keyboard,Study 1,Continuous Room Navigation,Requested Feedback,Keyboard,0,1787856833.6515527,1787856869.3528411,2026-08-27T18:54:29.352841+00:00,35.70128846168518,548596.125,326,840994870265,0,0,0.0,0.0,0.0,0.0,0.0,0.0,0,0.0,0.0,0.0,0.0,0.0,0.0,0,0.0,0.0,0.0,0.0,0.0,0.0
P001,P001_S01,P001_S01_ST1ST_T01_R02,T01,R02,Room_Requested_Keyboard,Study 1,Continuous Room Navigation,Requested Feedback,Keyboard,0,1787856833.6515527,1787856869.4618757,2026-08-27T18:54:29.461876+00:00,35.810322999954224,548596.234,327,840995871619,0,0,0.0,0.0,0.0,0.0,0.0,0.0,0,0.0,0.0,0.0,0.0,0.0,0.0,0,0.0,0.0,0.0,0.0,0.0,0.0
P001,P001_S01,P001_S01_ST1ST_T01_R02,T01,R02,Room_Requested_Keyboard,Study 1,Continuous Room Navigation,Requested Feedback,Keyboard,0,1787856833.6515527,1787856869.5545878,2026-08-27T18:54:29.554588+00:00,35.903035163879395,548596.328,328,840996873066,0,0,0.0,0.0,0.0,0.0,0.0,0.0,0,0.0,0.0,0.0,0.0,0.0,0.0,0,0.0,0.0,0.0,0.0,0.0,0.0
P001,P001_S01,P001_S01_ST1ST_T01_R02,T01,R02,Room_Requested_Keyboard,Study 1,Continuous Room Navigation,Requested Feedback,Keyboard,0,1787856833.6515527,1787856869.6991987,2026-08-27T18:54:29.699199+00:00,36.047646045684814,548596.468,329,840997973525,0,0,0.0,0.0,0.0,0.0,0.0,0.0,0,0.0,0.0,0.0,0.0,0.0,0.0,0,0.0,0.0,0.0,0.0,0.0,0.0
P001,P001_S01,P001_S01_ST1ST_T01_R02,T01,R02,Room_Requested_Keyboard,Study 1,Continuous Room Navigation,Requested Feedback,Keyboard,0,1787856833.6515527,1787856869.768706,2026-08-27T18:54:29.768706+00:00,36.11715340614319,548596.531,330,840999025552,0,0,0.0,0.0,0.0,0.0,0.0,0.0,0,0.0,0.0,0.0,0.0,0.0,0.0,0,0.0,0.0,0.0,0.0,0.0,0.0
P001,P001_S01,P001_S01_ST1ST_T01_R02,T01,R02,Room_Requested_Keyboard,Study 1,Continuous Room Navigation,Requested Feedback,Keyboard,0,1787856833.6515527,1787856869.8835485,2026-08-27T18:54:29.883548+00:00,36.231995820999146,548596.656,331,841000173630,0,0,0.0,0.0,0.0,0.0,0.0,0.0,0,0.0,0.0,0.0,0.0,0.0,0.0,0,0.0,0.0,0.0,0.0,0.0,0.0
P001,P001_S01,P001_S01_ST1ST_T01_R02,T01,R02,Room_Requested_Keyboard,Study 1,Continuous Room Navigation,Requested Feedback,Keyboard,0,1787856833.6515527,1787856869.9848409,2026-08-27T18:54:29.984841+00:00,36.33328819274902,548596.75,332,841001184074,0,0,0.0,0.0,0.0,0.0,0.0,0.0,0,0.0,0.0,0.0,0.0,0.0,0.0,0,0.0,0.0,0.0,0.0,0.0,0.0
P001,P001_S01,P001_S01_ST1ST_T01_R02,T01,R02,Room_Requested_Keyboard,Study 1,Continuous Room Navigation,Requested Feedback,Keyboard,0,1787856833.6515527,1787856870.1031146,2026-08-27T18:54:30.103115+00:00,36.45156192779541,548596.875,333,841002370586,0,0,0.0,0.0,0.0,0.0,0.0,0.0,0,0.0,0.0,0.0,0.0,0.0,0.0,0,0.0,0.0,0.0,0.0,0.0,0.0
P001,P001_S01,P001_S01_ST1ST_T01_R02,T01,R02,Room_Requested_Keyboard,Study 1,Continuous Room Navigation,Requested Feedback,Keyboard,0,1787856833.6515527,1787856870.2132287,2026-08-27T18:54:30.213229+00:00,36.561676025390625,548596.984,334,841003470041,0,0,0.0,0.0,0.0,0.0,0.0,0.0,0,0.0,0.0,0.0,0.0,0.0,0.0,0,0.0,0.0,0.0,0.0,0.0,0.0
P001,P001_S01,P001_S01_ST1ST_T01_R02,T01,R02,Room_Requested_Keyboard,Study 1,Continuous Room Navigation,Requested Feedback,Keyboard,0,1787856833.6515527,1787856870.3200755,2026-08-27T18:54:30.320076+00:00,36.66852283477783,548597.093,335,841004538745,0,0,0.0,0.0,0.0,0.0,0.0,0.0,0,0.0,0.0,0.0,0.0,0.0,0.0,0,0.0,0.0,0.0,0.0,0.0,0.0
P001,P001_S01,P001_S01_ST1ST_T01_R02,T01,R02,Room_Requested_Keyboard,Study 1,Continuous Room Navigation,Requested Feedback,Keyboard,0,1787856833.6515527,1787856870.4200778,2026-08-27T18:54:30.420078+00:00,36.76852512359619,548597.187,336,841005538978,0,0,0.0,0.0,0.0,0.0,0.0,0.0,0,0.0,0.0,0.0,0.0,0.0,0.0,0,0.0,0.0,0.0,0.0,0.0,0.0
P001,P001_S01,P001_S01_ST1ST_T01_R02,T01,R02,Room_Requested_Keyboard,Study 1,Continuous Room Navigation,Requested Feedback,Keyboard,0,1787856833.6515527,1787856870.5267322,2026-08-27T18:54:30.526732+00:00,36.87517952919006,548597.296,337,841006609506,0,0,0.0,0.0,0.0,0.0,0.0,0.0,0,0.0,0.0,0.0,0.0,0.0,0.0,0,0.0,0.0,0.0,0.0,0.0,0.0
P001,P001_S01,P001_S01_ST1ST_T01_R02,T01,R02,Room_Requested_Keyboard,Study 1,Continuous Room Navigation,Requested Feedback,Keyboard,0,1787856833.6515527,1787856870.6454577,2026-08-27T18:54:30.645458+00:00,36.99390506744385,548597.421,338,841007776757,0,0,0.0,0.0,0.0,0.0,0.0,0.0,0,0.0,0.0,0.0,0.0,0.0,0.0,0,0.0,0.0,0.0,0.0,0.0,0.0
P001,P001_S01,P001_S01_ST1ST_T01_R02,T01,R02,Room_Requested_Keyboard,Study 1,Continuous Room Navigation,Requested Feedback,Keyboard,0,1787856833.6515527,1787856870.7515662,2026-08-27T18:54:30.751566+00:00,37.10001349449158,548597.515,339,841008842858,0,0,0.0,0.0,0.0,0.0,0.0,0.0,0,0.0,0.0,0.0,0.0,0.0,0.0,0,0.0,0.0,0.0,0.0,0.0,0.0
P001,P001_S01,P001_S01_ST1ST_T01_R02,T01,R02,Room_Requested_Keyboard,Study 1,Continuous Room Navigation,Requested Feedback,Keyboard,0,1787856833.6515527,1787856870.8534193,2026-08-27T18:54:30.853419+00:00,37.2018666267395,548597.625,340,841009872393,0,0,0.0,0.0,0.0,0.0,0.0,0.0,0,0.0,0.0,0.0,0.0,0.0,0.0,0,0.0,0.0,0.0,0.0,0.0,0.0
P001,P001_S01,P001_S01_ST1ST_T01_R02,T01,R02,Room_Requested_Keyboard,Study 1,Continuous Room Navigation,Requested Feedback,Keyboard,0,1787856833.6515527,1787856870.9535215,2026-08-27T18:54:30.953521+00:00,37.301968812942505,548597.718,341,841010873278,0,0,0.0,0.0,0.0,0.0,0.0,0.0,0,0.0,0.0,0.0,0.0,0.0,0.0,0,0.0,0.0,0.0,0.0,0.0,0.0
P001,P001_S01,P001_S01_ST1ST_T01_R02,T01,R02,Room_Requested_Keyboard,Study 1,Continuous Room Navigation,Requested Feedback,Keyboard,0,1787856833.6515527,1787856871.0634806,2026-08-27T18:54:31.063481+00:00,37.411927938461304,548597.828,342,841011975178,0,0,0.0,0.0,0.0,0.0,0.0,0.0,0,0.0,0.0,0.0,0.0,0.0,0.0,0,0.0,0.0,0.0,0.0,0.0,0.0
P001,P001_S01,P001_S01_ST1ST_T01_R02,T01,R02,Room_Requested_Keyboard,Study 1,Continuous Room Navigation,Requested Feedback,Keyboard,0,1787856833.6515527,1787856871.1839287,2026-08-27T18:54:31.183929+00:00,37.5323760509491,548597.953,343,841013171792,0,0,0.0,0.0,0.0,0.0,0.0,0.0,0,0.0,0.0,0.0,0.0,0.0,0.0,0,0.0,0.0,0.0,0.0,0.0,0.0
P001,P001_S01,P001_S01_ST1ST_T01_R02,T01,R02,Room_Requested_Keyboard,Study 1,Continuous Room Navigation,Requested Feedback,Keyboard,0,1787856833.6515527,1787856871.2835567,2026-08-27T18:54:31.283557+00:00,37.63200402259827,548598.046,344,841014173981,0,0,0.0,0.0,0.0,0.0,0.0,0.0,0,0.0,0.0,0.0,0.0,0.0,0.0,0,0.0,0.0,0.0,0.0,0.0,0.0
P001,P001_S01,P001_S01_ST1ST_T01_R02,T01,R02,Room_Requested_Keyboard,Study 1,Continuous Room Navigation,Requested Feedback,Keyboard,0,1787856833.6515527,1787856871.3898475,2026-08-27T18:54:31.389848+00:00,37.73829483985901,548598.156,345,841015222941,0,0,0.0,0.0,0.0,0.0,0.0,0.0,0,0.0,0.0,0.0,0.0,0.0,0.0,0,0.0,0.0,0.0,0.0,0.0,0.0
P001,P001_S01,P001_S01_ST1ST_T01_R02,T01,R02,Room_Requested_Keyboard,Study 1,Continuous Room Navigation,Requested Feedback,Keyboard,0,1787856833.6515527,1787856871.5032415,2026-08-27T18:54:31.503242+00:00,37.851688861846924,548598.265,346,841016376137,0,0,0.0,0.0,0.0,0.0,0.0,0.0,0,0.0,0.0,0.0,0.0,0.0,0.0,0,0.0,0.0,0.0,0.0,0.0,0.0
P001,P001_S01,P001_S01_ST1ST_T01_R02,T01,R02,Room_Requested_Keyboard,Study 1,Continuous Room Navigation,Requested Feedback,Keyboard,0,1787856833.6515527,1787856871.6600926,2026-08-27T18:54:31.660093+00:00,38.00853991508484,548598.421,347,841017480495,0,0,0.0,0.0,0.0,0.0,0.0,0.0,0,0.0,0.0,0.0,0.0,0.0,0.0,0,0.0,0.0,0.0,0.0,0.0,0.0
P001,P001_S01,P001_S01_ST1ST_T01_R02,T01,R02,Room_Requested_Keyboard,Study 1,Continuous Room Navigation,Requested Feedback,Keyboard,0,1787856833.6515527,1787856871.718093,2026-08-27T18:54:31.718093+00:00,38.066540241241455,548598.484,348,841018523775,0,0,0.0,0.0,0.0,0.0,0.0,0.0,0,0.0,0.0,0.0,0.0,0.0,0.0,0,0.0,0.0,0.0,0.0,0.0,0.0
P001,P001_S01,P001_S01_ST1ST_T01_R02,T01,R02,Room_Requested_Keyboard,Study 1,Continuous Room Navigation,Requested Feedback,Keyboard,0,1787856833.6515527,1787856871.8303967,2026-08-27T18:54:31.830397+00:00,38.17884397506714,548598.593,349,841019632102,0,0,0.0,0.0,0.0,0.0,0.0,0.0,0,0.0,0.0,0.0,0.0,0.0,0.0,0,0.0,0.0,0.0,0.0,0.0,0.0
P001,P001_S01,P001_S01_ST1ST_T01_R02,T01,R02,Room_Requested_Keyboard,Study 1,Continuous Room Navigation,Requested Feedback,Keyboard,0,1787856833.6515527,1787856871.935761,2026-08-27T18:54:31.935761+00:00,38.28420829772949,548598.703,350,841020694487,0,0,0.0,0.0,0.0,0.0,0.0,0.0,0,0.0,0.0,0.0,0.0,0.0,0.0,0,0.0,0.0,0.0,0.0,0.0,0.0
P001,P001_S01,P001_S01_ST1ST_T01_R02,T01,R02,Room_Requested_Keyboard,Study 1,Continuous Room Navigation,Requested Feedback,Keyboard,0,1787856833.6515527,1787856872.071446,2026-08-27T18:54:32.071446+00:00,38.41989326477051,548598.843,351,841021821494,0,0,0.0,0.0,0.0,0.0,0.0,0.0,0,0.0,0.0,0.0,0.0,0.0,0.0,0,0.0,0.0,0.0,0.0,0.0,0.0
P001,P001_S01,P001_S01_ST1ST_T01_R02,T01,R02,Room_Requested_Keyboard,Study 1,Continuous Room Navigation,Requested Feedback,Keyboard,0,1787856833.6515527,1787856872.1674097,2026-08-27T18:54:32.167410+00:00,38.515856981277466,548598.937,352,841022871698,0,0,0.0,0.0,0.0,0.0,0.0,0.0,0,0.0,0.0,0.0,0.0,0.0,0.0,0,0.0,0.0,0.0,0.0,0.0,0.0
P001,P001_S01,P001_S01_ST1ST_T01_R02,T01,R02,Room_Requested_Keyboard,Study 1,Continuous Room Navigation,Requested Feedback,Keyboard,0,1787856833.6515527,1787856872.269921,2026-08-27T18:54:32.269921+00:00,38.61836838722229,548599.046,353,841023973060,0,0,0.0,0.0,0.0,0.0,0.0,0.0,0,0.0,0.0,0.0,0.0,0.0,0.0,0,0.0,0.0,0.0,0.0,0.0,0.0
P001,P001_S01,P001_S01_ST1ST_T01_R02,T01,R02,Room_Requested_Keyboard,Study 1,Continuous Room Navigation,Requested Feedback,Keyboard,0,1787856833.6515527,1787856872.3739781,2026-08-27T18:54:32.373978+00:00,38.72242546081543,548599.14,354,841025077145,0,0,0.0,0.0,0.0,0.0,0.0,0.0,0,0.0,0.0,0.0,0.0,0.0,0.0,0,0.0,0.0,0.0,0.0,0.0,0.0
P001,P001_S01,P001_S01_ST1ST_T01_R02,T01,R02,Room_Requested_Keyboard,Study 1,Continuous Room Navigation,Requested Feedback,Keyboard,0,1787856833.6515527,1787856872.4983506,2026-08-27T18:54:32.498351+00:00,38.846797943115234,548599.265,355,841026175371,0,0,0.0,0.0,0.0,0.0,0.0,0.0,0,0.0,0.0,0.0,0.0,0.0,0.0,0,0.0,0.0,0.0,0.0,0.0,0.0
P001,P001_S01,P001_S01_ST1ST_T01_R02,T01,R02,Room_Requested_Keyboard,Study 1,Continuous Room Navigation,Requested Feedback,Keyboard,0,1787856833.6515527,1787856872.6274445,2026-08-27T18:54:32.627445+00:00,38.97589182853699,548599.39,356,841027178066,0,0,0.0,0.0,0.0,0.0,0.0,0.0,0,0.0,0.0,0.0,0.0,0.0,0.0,0,0.0,0.0,0.0,0.0,0.0,0.0
P001,P001_S01,P001_S01_ST1ST_T01_R02,T01,R02,Room_Requested_Keyboard,Study 1,Continuous Room Navigation,Requested Feedback,Keyboard,0,1787856833.6515527,1787856872.705251,2026-08-27T18:54:32.705251+00:00,39.05369830131531,548599.468,357,841028369633,0,0,0.0,0.0,0.0,0.0,0.0,0.0,0,0.0,0.0,0.0,0.0,0.0,0.0,0,0.0,0.0,0.0,0.0,0.0,0.0
P001,P001_S01,P001_S01_ST1ST_T01_R02,T01,R02,Room_Requested_Keyboard,Study 1,Continuous Room Navigation,Requested Feedback,Keyboard,0,1787856833.6515527,1787856872.8057165,2026-08-27T18:54:32.805717+00:00,39.15416383743286,548599.578,358,841029392405,0,0,0.0,0.0,0.0,0.0,0.0,0.0,0,0.0,0.0,0.0,0.0,0.0,0.0,0,0.0,0.0,0.0,0.0,0.0,0.0
P001,P001_S01,P001_S01_ST1ST_T01_R02,T01,R02,Room_Requested_Keyboard,Study 1,Continuous Room Navigation,Requested Feedback,Keyboard,0,1787856833.6515527,1787856872.9178913,2026-08-27T18:54:32.917891+00:00,39.26633858680725,548599.687,359,841030501978,0,0,0.0,0.0,0.0,0.0,0.0,0.0,0,0.0,0.0,0.0,0.0,0.0,0.0,0,0.0,0.0,0.0,0.0,0.0,0.0
P001,P001_S01,P001_S01_ST1ST_T01_R02,T01,R02,Room_Requested_Keyboard,Study 1,Continuous Room Navigation,Requested Feedback,Keyboard,0,1787856833.6515527,1787856873.019684,2026-08-27T18:54:33.019684+00:00,39.36813139915466,548599.781,360,841031531837,0,0,0.0,0.0,0.0,0.0,0.0,0.0,0,0.0,0.0,0.0,0.0,0.0,0.0,0,0.0,0.0,0.0,0.0,0.0,0.0
P001,P001_S01,P001_S01_ST1ST_T01_R02,T01,R02,Room_Requested_Keyboard,Study 1,Continuous Room Navigation,Requested Feedback,Keyboard,0,1787856833.6515527,1787856873.1297355,2026-08-27T18:54:33.129735+00:00,39.478182792663574,548599.906,361,841032637199,0,0,0.0,0.0,0.0,0.0,0.0,0.0,0,0.0,0.0,0.0,0.0,0.0,0.0,0,0.0,0.0,0.0,0.0,0.0,0.0
P001,P001_S01,P001_S01_ST1ST_T01_R02,T01,R02,Room_Requested_Keyboard,Study 1,Continuous Room Navigation,Requested Feedback,Keyboard,0,1787856833.6515527,1787856873.2319086,2026-08-27T18:54:33.231909+00:00,39.58035588264465,548600.0,362,841033638774,0,0,0.0,0.0,0.0,0.0,0.0,0.0,0,0.0,0.0,0.0,0.0,0.0,0.0,0,0.0,0.0,0.0,0.0,0.0,0.0
P001,P001_S01,P001_S01_ST1ST_T01_R02,T01,R02,Room_Requested_Keyboard,Study 1,Continuous Room Navigation,Requested Feedback,Keyboard,0,1787856833.6515527,1787856873.3346045,2026-08-27T18:54:33.334605+00:00,39.6830518245697,548600.109,363,841034675919,0,0,0.0,0.0,0.0,0.0,0.0,0.0,0,0.0,0.0,0.0,0.0,0.0,0.0,0,0.0,0.0,0.0,0.0,0.0,0.0
P001,P001_S01,P001_S01_ST1ST_T01_R02,T01,R02,Room_Requested_Keyboard,Study 1,Continuous Room Navigation,Requested Feedback,Keyboard,0,1787856833.6515527,1787856873.439326,2026-08-27T18:54:33.439326+00:00,39.7877733707428,548600.203,364,841035734673,0,0,0.0,0.0,0.0,0.0,0.0,0.0,0,0.0,0.0,0.0,0.0,0.0,0.0,0,0.0,0.0,0.0,0.0,0.0,0.0
P001,P001_S01,P001_S01_ST1ST_T01_R02,T01,R02,Room_Requested_Keyboard,Study 1,Continuous Room Navigation,Requested Feedback,Keyboard,0,1787856833.6515527,1787856873.54694,2026-08-27T18:54:33.546940+00:00,39.895387411117554,548600.312,365,841036807163,0,0,0.0,0.0,0.0,0.0,0.0,0.0,0,0.0,0.0,0.0,0.0,0.0,0.0,0,0.0,0.0,0.0,0.0,0.0,0.0
P001,P001_S01,P001_S01_ST1ST_T01_R02,T01,R02,Room_Requested_Keyboard,Study 1,Continuous Room Navigation,Requested Feedback,Keyboard,0,1787856833.6515527,1787856873.6536624,2026-08-27T18:54:33.653662+00:00,40.00210976600647,548600.421,366,841037874796,0,0,0.0,0.0,0.0,0.0,0.0,0.0,0,0.0,0.0,0.0,0.0,0.0,0.0,0,0.0,0.0,0.0,0.0,0.0,0.0
P001,P001_S01,P001_S01_ST1ST_T01_R02,T01,R02,Room_Requested_Keyboard,Study 1,Continuous Room Navigation,Requested Feedback,Keyboard,0,1787856833.6515527,1787856873.7607615,2026-08-27T18:54:33.760761+00:00,40.109208822250366,548600.531,367,841038934117,0,0,0.0,0.0,0.0,0.0,0.0,0.0,0,0.0,0.0,0.0,0.0,0.0,0.0,0,0.0,0.0,0.0,0.0,0.0,0.0
P001,P001_S01,P001_S01_ST1ST_T01_R02,T01,R02,Room_Requested_Keyboard,Study 1,Continuous Room Navigation,Requested Feedback,Keyboard,0,1787856833.6515527,1787856873.8637853,2026-08-27T18:54:33.863785+00:00,40.21223258972168,548600.64,368,841039976965,0,0,0.0,0.0,0.0,0.0,0.0,0.0,0,0.0,0.0,0.0,0.0,0.0,0.0,0,0.0,0.0,0.0,0.0,0.0,0.0
P001,P001_S01,P001_S01_ST1ST_T01_R02,T01,R02,Room_Requested_Keyboard,Study 1,Continuous Room Navigation,Requested Feedback,Keyboard,0,1787856833.6515527,1787856873.9679596,2026-08-27T18:54:33.967960+00:00,40.31640696525574,548600.734,369,841041013867,0,0,0.0,0.0,0.0,0.0,0.0,0.0,0,0.0,0.0,0.0,0.0,0.0,0.0,0,0.0,0.0,0.0,0.0,0.0,0.0
P001,P001_S01,P001_S01_ST1ST_T01_R02,T01,R02,Room_Requested_Keyboard,Study 1,Continuous Room Navigation,Requested Feedback,Keyboard,0,1787856833.6515527,1787856874.0754344,2026-08-27T18:54:34.075434+00:00,40.4238817691803,548600.843,370,841042092758,0,0,0.0,0.0,0.0,0.0,0.0,0.0,0,0.0,0.0,0.0,0.0,0.0,0.0,0,0.0,0.0,0.0,0.0,0.0,0.0
P001,P001_S01,P001_S01_ST1ST_T01_R02,T01,R02,Room_Requested_Keyboard,Study 1,Continuous Room Navigation,Requested Feedback,Keyboard,0,1787856833.6515527,1787856874.1839316,2026-08-27T18:54:34.183932+00:00,40.532378911972046,548600.953,371,841043183393,0,0,0.0,0.0,0.0,0.0,0.0,0.0,0,0.0,0.0,0.0,0.0,0.0,0.0,0,0.0,0.0,0.0,0.0,0.0,0.0
P001,P001_S01,P001_S01_ST1ST_T01_R02,T01,R02,Room_Requested_Keyboard,Study 1,Continuous Room Navigation,Requested Feedback,Keyboard,0,1787856833.6515527,1787856874.3181276,2026-08-27T18:54:34.318128+00:00,40.66657495498657,548601.093,372,841044277096,0,0,0.0,0.0,0.0,0.0,0.0,0.0,0,0.0,0.0,0.0,0.0,0.0,0.0,0,0.0,0.0,0.0,0.0,0.0,0.0
P001,P001_S01,P001_S01_ST1ST_T01_R02,T01,R02,Room_Requested_Keyboard,Study 1,Continuous Room Navigation,Requested Feedback,Keyboard,0,1787856833.6515527,1787856874.4039836,2026-08-27T18:54:34.403984+00:00,40.75243091583252,548601.171,373,841045379967,0,0,0.0,0.0,0.0,0.0,0.0,0.0,0,0.0,0.0,0.0,0.0,0.0,0.0,0,0.0,0.0,0.0,0.0,0.0,0.0
P001,P001_S01,P001_S01_ST1ST_T01_R02,T01,R02,Room_Requested_Keyboard,Study 1,Continuous Room Navigation,Requested Feedback,Keyboard,0,1787856833.6515527,1787856874.5185075,2026-08-27T18:54:34.518507+00:00,40.8669548034668,548601.281,374,841046497029,0,0,0.0,0.0,0.0,0.0,0.0,0.0,0,0.0,0.0,0.0,0.0,0.0,0.0,0,0.0,0.0,0.0,0.0,0.0,0.0
P001,P001_S01,P001_S01_ST1ST_T01_R02,T01,R02,Room_Requested_Keyboard,Study 1,Continuous Room Navigation,Requested Feedback,Keyboard,0,1787856833.6515527,1787856874.623557,2026-08-27T18:54:34.623557+00:00,40.972004413604736,548601.39,375,841047574680,0,0,0.0,0.0,0.0,0.0,0.0,0.0,0,0.0,0.0,0.0,0.0,0.0,0.0,0,0.0,0.0,0.0,0.0,0.0,0.0
P001,P001_S01,P001_S01_ST1ST_T01_R02,T01,R02,Room_Requested_Keyboard,Study 1,Continuous Room Navigation,Requested Feedback,Keyboard,0,1787856833.6515527,1787856874.7329776,2026-08-27T18:54:34.732978+00:00,41.081424951553345,548601.5,376,841048666489,0,0,0.0,0.0,0.0,0.0,0.0,0.0,0,0.0,0.0,0.0,0.0,0.0,0.0,0,0.0,0.0,0.0,0.0,0.0,0.0
P001,P001_S01,P001_S01_ST1ST_T01_R02,T01,R02,Room_Requested_Keyboard,Study 1,Continuous Room Navigation,Requested Feedback,Keyboard,0,1787856833.6515527,1787856874.8527317,2026-08-27T18:54:34.852732+00:00,41.20117902755737,548601.625,377,841049870800,0,0,0.0,0.0,0.0,0.0,0.0,0.0,0,0.0,0.0,0.0,0.0,0.0,0.0,0,0.0,0.0,0.0,0.0,0.0,0.0
P001,P001_S01,P001_S01_ST1ST_T01_R02,T01,R02,Room_Requested_Keyboard,Study 1,Continuous Room Navigation,Requested Feedback,Keyboard,0,1787856833.6515527,1787856874.969075,2026-08-27T18:54:34.969075+00:00,41.317522287368774,548601.734,378,841051028401,0,0,0.0,0.0,0.0,0.0,0.0,0.0,0,0.0,0.0,0.0,0.0,0.0,0.0,0,0.0,0.0,0.0,0.0,0.0,0.0
P001,P001_S01,P001_S01_ST1ST_T01_R02,T01,R02,Room_Requested_Keyboard,Study 1,Continuous Room Navigation,Requested Feedback,Keyboard,0,1787856833.6515527,1787856875.0730612,2026-08-27T18:54:35.073061+00:00,41.42150855064392,548601.843,379,841052075171,0,0,0.0,0.0,0.0,0.0,0.0,0.0,0,0.0,0.0,0.0,0.0,0.0,0.0,0,0.0,0.0,0.0,0.0,0.0,0.0
P001,P001_S01,P001_S01_ST1ST_T01_R02,T01,R02,Room_Requested_Keyboard,Study 1,Continuous Room Navigation,Requested Feedback,Keyboard,0,1787856833.6515527,1787856875.1838436,2026-08-27T18:54:35.183844+00:00,41.53229093551636,548601.953,380,841053180893,0,0,0.0,0.0,0.0,0.0,0.0,0.0,0,0.0,0.0,0.0,0.0,0.0,0.0,0,0.0,0.0,0.0,0.0,0.0,0.0
P001,P001_S01,P001_S01_ST1ST_T01_R02,T01,R02,Room_Requested_Keyboard,Study 1,Continuous Room Navigation,Requested Feedback,Keyboard,0,1787856833.6515527,1787856875.2894776,2026-08-27T18:54:35.289478+00:00,41.637924909591675,548602.062,381,841054232144,0,0,0.0,0.0,0.0,0.0,0.0,0.0,0,0.0,0.0,0.0,0.0,0.0,0.0,0,0.0,0.0,0.0,0.0,0.0,0.0
P001,P001_S01,P001_S01_ST1ST_T01_R02,T01,R02,Room_Requested_Keyboard,Study 1,Continuous Room Navigation,Requested Feedback,Keyboard,0,1787856833.6515527,1787856875.395345,2026-08-27T18:54:35.395345+00:00,41.74379229545593,548602.171,382,841055278952,0,0,0.0,0.0,0.0,0.0,0.0,0.0,0,0.0,0.0,0.0,0.0,0.0,0.0,0,0.0,0.0,0.0,0.0,0.0,0.0
P001,P001_S01,P001_S01_ST1ST_T01_R02,T01,R02,Room_Requested_Keyboard,Study 1,Continuous Room Navigation,Requested Feedback,Keyboard,0,1787856833.6515527,1787856875.5142221,2026-08-27T18:54:35.514222+00:00,41.862669467926025,548602.281,383,841056479526,0,0,0.0,0.0,0.0,0.0,0.0,0.0,0,0.0,0.0,0.0,0.0,0.0,0.0,0,0.0,0.0,0.0,0.0,0.0,0.0
P001,P001_S01,P001_S01_ST1ST_T01_R02,T01,R02,Room_Requested_Keyboard,Study 1,Continuous Room Navigation,Requested Feedback,Keyboard,0,1787856833.6515527,1787856875.62355,2026-08-27T18:54:35.623550+00:00,41.97199726104736,548602.39,384,841057557295,0,0,0.0,0.0,0.0,0.0,0.0,0.0,0,0.0,0.0,0.0,0.0,0.0,0.0,0,0.0,0.0,0.0,0.0,0.0,0.0
P001,P001_S01,P001_S01_ST1ST_T01_R02,T01,R02,Room_Requested_Keyboard,Study 1,Continuous Room Navigation,Requested Feedback,Keyboard,0,1787856833.6515527,1787856875.744681,2026-08-27T18:54:35.744681+00:00,42.0931282043457,548602.515,385,841058585437,0,0,0.0,0.0,0.0,0.0,0.0,0.0,0,0.0,0.0,0.0,0.0,0.0,0.0,0,0.0,0.0,0.0,0.0,0.0,0.0
P001,P001_S01,P001_S01_ST1ST_T01_R02,T01,R02,Room_Requested_Keyboard,Study 1,Continuous Room Navigation,Requested Feedback,Keyboard,0,1787856833.6515527,1787856875.8326678,2026-08-27T18:54:35.832668+00:00,42.18111515045166,548602.609,386,841059664669,0,0,0.0,0.0,0.0,0.0,0.0,0.0,0,0.0,0.0,0.0,0.0,0.0,0.0,0,0.0,0.0,0.0,0.0,0.0,0.0
P001,P001_S01,P001_S01_ST1ST_T01_R02,T01,R02,Room_Requested_Keyboard,Study 1,Continuous Room Navigation,Requested Feedback,Keyboard,0,1787856833.6515527,1787856875.935978,2026-08-27T18:54:35.935978+00:00,42.284425258636475,548602.703,387,841060696335,0,0,0.0,0.0,0.0,0.0,0.0,0.0,0,0.0,0.0,0.0,0.0,0.0,0.0,0,0.0,0.0,0.0,0.0,0.0,0.0
P001,P001_S01,P001_S01_ST1ST_T01_R02,T01,R02,Room_Requested_Keyboard,Study 1,Continuous Room Navigation,Requested Feedback,Keyboard,0,1787856833.6515527,1787856876.0500596,2026-08-27T18:54:36.050060+00:00,42.39850687980652,548602.812,388,841061774586,0,0,0.0,0.0,0.0,0.0,0.0,0.0,0,0.0,0.0,0.0,0.0,0.0,0.0,0,0.0,0.0,0.0,0.0,0.0,0.0
P001,P001_S01,P001_S01_ST1ST_T01_R02,T01,R02,Room_Requested_Keyboard,Study 1,Continuous Room Navigation,Requested Feedback,Keyboard,0,1787856833.6515527,1787856876.154115,2026-08-27T18:54:36.154115+00:00,42.502562284469604,548602.921,389,841062779422,0,0,0.0,0.0,0.0,0.0,0.0,0.0,0,0.0,0.0,0.0,0.0,0.0,0.0,0,0.0,0.0,0.0,0.0,0.0,0.0
P001,P001_S01,P001_S01_ST1ST_T01_R02,T01,R02,Room_Requested_Keyboard,Study 1,Continuous Room Navigation,Requested Feedback,Keyboard,0,1787856833.6515527,1787856876.2534256,2026-08-27T18:54:36.253426+00:00,42.60187292098999,548603.015,390,841063871817,0,0,0.0,0.0,0.0,0.0,0.0,0.0,0,0.0,0.0,0.0,0.0,0.0,0.0,0,0.0,0.0,0.0,0.0,0.0,0.0
P001,P001_S01,P001_S01_ST1ST_T01_R02,T01,R02,Room_Requested_Keyboard,Study 1,Continuous Room Navigation,Requested Feedback,Keyboard,0,1787856833.6515527,1787856876.3658617,2026-08-27T18:54:36.365862+00:00,42.714308977127075,548603.14,391,841064982517,0,0,0.0,0.0,0.0,0.0,0.0,0.0,0,0.0,0.0,0.0,0.0,0.0,0.0,0,0.0,0.0,0.0,0.0,0.0,0.0
P001,P001_S01,P001_S01_ST1ST_T01_R02,T01,R02,Room_Requested_Keyboard,Study 1,Continuous Room Navigation,Requested Feedback,Keyboard,0,1787856833.6515527,1787856876.4985077,2026-08-27T18:54:36.498508+00:00,42.84695506095886,548603.265,392,841066075413,0,0,0.0,0.0,0.0,0.0,0.0,0.0,0,0.0,0.0,0.0,0.0,0.0,0.0,0,0.0,0.0,0.0,0.0,0.0,0.0
P001,P001_S01,P001_S01_ST1ST_T01_R02,T01,R02,Room_Requested_Keyboard,Study 1,Continuous Room Navigation,Requested Feedback,Keyboard,0,1787856833.6515527,1787856876.5793617,2026-08-27T18:54:36.579362+00:00,42.92780900001526,548603.343,393,841067123601,0,0,0.0,0.0,0.0,0.0,0.0,0.0,0,0.0,0.0,0.0,0.0,0.0,0.0,0,0.0,0.0,0.0,0.0,0.0,0.0
P001,P001_S01,P001_S01_ST1ST_T01_R02,T01,R02,Room_Requested_Keyboard,Study 1,Continuous Room Navigation,Requested Feedback,Keyboard,0,1787856833.6515527,1787856876.7039433,2026-08-27T18:54:36.703943+00:00,43.052390575408936,548603.468,394,841068173952,0,0,0.0,0.0,0.0,0.0,0.0,0.0,0,0.0,0.0,0.0,0.0,0.0,0.0,0,0.0,0.0,0.0,0.0,0.0,0.0
P001,P001_S01,P001_S01_ST1ST_T01_R02,T01,R02,Room_Requested_Keyboard,Study 1,Continuous Room Navigation,Requested Feedback,Keyboard,0,1787856833.6515527,1787856876.7838318,2026-08-27T18:54:36.783832+00:00,43.13227915763855,548603.546,395,841069176127,0,0,0.0,0.0,0.0,0.0,0.0,0.0,0,0.0,0.0,0.0,0.0,0.0,0.0,0,0.0,0.0,0.0,0.0,0.0,0.0
P001,P001_S01,P001_S01_ST1ST_T01_R02,T01,R02,Room_Requested_Keyboard,Study 1,Continuous Room Navigation,Requested Feedback,Keyboard,0,1787856833.6515527,1787856876.8897946,2026-08-27T18:54:36.889795+00:00,43.23824191093445,548603.656,396,841070234665,0,0,0.0,0.0,0.0,0.0,0.0,0.0,0,0.0,0.0,0.0,0.0,0.0,0.0,0,0.0,0.0,0.0,0.0,0.0,0.0
P001,P001_S01,P001_S01_ST1ST_T01_R02,T01,R02,Room_Requested_Keyboard,Study 1,Continuous Room Navigation,Requested Feedback,Keyboard,0,1787856833.6515527,1787856877.0038714,2026-08-27T18:54:37.003871+00:00,43.35231876373291,548603.781,397,841071377863,0,0,0.0,0.0,0.0,0.0,0.0,0.0,0,0.0,0.0,0.0,0.0,0.0,0.0,0,0.0,0.0,0.0,0.0,0.0,0.0
P001,P001_S01,P001_S01_ST1ST_T01_R02,T01,R02,Room_Requested_Keyboard,Study 1,Continuous Room Navigation,Requested Feedback,Keyboard,0,1787856833.6515527,1787856877.106066,2026-08-27T18:54:37.106066+00:00,43.45451331138611,548603.875,398,841072387494,0,0,0.0,0.0,0.0,0.0,0.0,0.0,0,0.0,0.0,0.0,0.0,0.0,0.0,0,0.0,0.0,0.0,0.0,0.0,0.0
P001,P001_S01,P001_S01_ST1ST_T01_R02,T01,R02,Room_Requested_Keyboard,Study 1,Continuous Room Navigation,Requested Feedback,Keyboard,0,1787856833.6515527,1787856877.2215295,2026-08-27T18:54:37.221529+00:00,43.569976806640625,548603.984,399,841073474370,0,0,0.0,0.0,0.0,0.0,0.0,0.0,0,0.0,0.0,0.0,0.0,0.0,0.0,0,0.0,0.0,0.0,0.0,0.0,0.0
P001,P001_S01,P001_S01_ST1ST_T01_R02,T01,R02,Room_Requested_Keyboard,Study 1,Continuous Room Navigation,Requested Feedback,Keyboard,0,1787856833.6515527,1787856877.3186023,2026-08-27T18:54:37.318602+00:00,43.66704964637756,548604.093,400,841074520613,0,0,0.0,0.0,0.0,0.0,0.0,0.0,0,0.0,0.0,0.0,0.0,0.0,0.0,0,0.0,0.0,0.0,0.0,0.0,0.0
P001,P001_S01,P001_S01_ST1ST_T01_R02,T01,R02,Room_Requested_Keyboard,Study 1,Continuous Room Navigation,Requested Feedback,Keyboard,0,1787856833.6515527,1787856877.4194872,2026-08-27T18:54:37.419487+00:00,43.76793456077576,548604.187,401,841075532020,0,0,0.0,0.0,0.0,0.0,0.0,0.0,0,0.0,0.0,0.0,0.0,0.0,0.0,0,0.0,0.0,0.0,0.0,0.0,0.0
P001,P001_S01,P001_S01_ST1ST_T01_R02,T01,R02,Room_Requested_Keyboard,Study 1,Continuous Room Navigation,Requested Feedback,Keyboard,0,1787856833.6515527,1787856877.5198646,2026-08-27T18:54:37.519865+00:00,43.86831188201904,548604.296,402,841076533603,0,0,0.0,0.0,0.0,0.0,0.0,0.0,0,0.0,0.0,0.0,0.0,0.0,0.0,0,0.0,0.0,0.0,0.0,0.0,0.0
P001,P001_S01,P001_S01_ST1ST_T01_R02,T01,R02,Room_Requested_Keyboard,Study 1,Continuous Room Navigation,Requested Feedback,Keyboard,0,1787856833.6515527,1787856877.6238253,2026-08-27T18:54:37.623825+00:00,43.972272634506226,548604.39,403,841077575542,0,0,0.0,0.0,0.0,0.0,0.0,0.0,0,0.0,0.0,0.0,0.0,0.0,0.0,0,0.0,0.0,0.0,0.0,0.0,0.0
P001,P001_S01,P001_S01_ST1ST_T01_R02,T01,R02,Room_Requested_Keyboard,Study 1,Continuous Room Navigation,Requested Feedback,Keyboard,0,1787856833.6515527,1787856877.7443137,2026-08-27T18:54:37.744314+00:00,44.09276103973389,548604.515,404,841078778064,0,0,0.0,0.0,0.0,0.0,0.0,0.0,0,0.0,0.0,0.0,0.0,0.0,0.0,0,0.0,0.0,0.0,0.0,0.0,0.0
P001,P001_S01,P001_S01_ST1ST_T01_R02,T01,R02,Room_Requested_Keyboard,Study 1,Continuous Room Navigation,Requested Feedback,Keyboard,0,1787856833.6515527,1787856877.863501,2026-08-27T18:54:37.863501+00:00,44.21194839477539,548604.64,405,841079973485,0,0,0.0,0.0,0.0,0.0,0.0,0.0,0,0.0,0.0,0.0,0.0,0.0,0.0,0,0.0,0.0,0.0,0.0,0.0,0.0
P001,P001_S01,P001_S01_ST1ST_T01_R02,T01,R02,Room_Requested_Keyboard,Study 1,Continuous Room Navigation,Requested Feedback,Keyboard,0,1787856833.6515527,1787856877.9732027,2026-08-27T18:54:37.973203+00:00,44.32165002822876,548604.75,406,841081072622,0,0,0.0,0.0,0.0,0.0,0.0,0.0,0,0.0,0.0,0.0,0.0,0.0,0.0,0,0.0,0.0,0.0,0.0,0.0,0.0
P001,P001_S01,P001_S01_ST1ST_T01_R02,T01,R02,Room_Requested_Keyboard,Study 1,Continuous Room Navigation,Requested Feedback,Keyboard,0,1787856833.6515527,1787856878.0845113,2026-08-27T18:54:38.084511+00:00,44.43295860290527,548604.859,407,841082185106,0,0,0.0,0.0,0.0,0.0,0.0,0.0,0,0.0,0.0,0.0,0.0,0.0,0.0,0,0.0,0.0,0.0,0.0,0.0,0.0
P001,P001_S01,P001_S01_ST1ST_T01_R02,T01,R02,Room_Requested_Keyboard,Study 1,Continuous Room Navigation,Requested Feedback,Keyboard,0,1787856833.6515527,1787856878.1864138,2026-08-27T18:54:38.186414+00:00,44.53486108779907,548604.953,408,841083198073,0,0,0.0,0.0,0.0,0.0,0.0,0.0,0,0.0,0.0,0.0,0.0,0.0,0.0,0,0.0,0.0,0.0,0.0,0.0,0.0
P001,P001_S01,P001_S01_ST1ST_T01_R02,T01,R02,Room_Requested_Keyboard,Study 1,Continuous Room Navigation,Requested Feedback,Keyboard,0,1787856833.6515527,1787856878.3146875,2026-08-27T18:54:38.314687+00:00,44.663134813308716,548605.078,409,841084375491,0,0,0.0,0.0,0.0,0.0,0.0,0.0,0,0.0,0.0,0.0,0.0,0.0,0.0,0,0.0,0.0,0.0,0.0,0.0,0.0
P001,P001_S01,P001_S01_ST1ST_T01_R02,T01,R02,Room_Requested_Keyboard,Study 1,Continuous Room Navigation,Requested Feedback,Keyboard,0,1787856833.6515527,1787856878.4042537,2026-08-27T18:54:38.404254+00:00,44.75270104408264,548605.171,410,841085387338,0,0,0.0,0.0,0.0,0.0,0.0,0.0,0,0.0,0.0,0.0,0.0,0.0,0.0,0,0.0,0.0,0.0,0.0,0.0,0.0
P001,P001_S01,P001_S01_ST1ST_T01_R02,T01,R02,Room_Requested_Keyboard,Study 1,Continuous Room Navigation,Requested Feedback,Keyboard,0,1787856833.6515527,1787856878.510283,2026-08-27T18:54:38.510283+00:00,44.85873031616211,548605.281,411,841086435588,0,0,0.0,0.0,0.0,0.0,0.0,0.0,0,0.0,0.0,0.0,0.0,0.0,0.0,0,0.0,0.0,0.0,0.0,0.0,0.0
P001,P001_S01,P001_S01_ST1ST_T01_R02,T01,R02,Room_Requested_Keyboard,Study 1,Continuous Room Navigation,Requested Feedback,Keyboard,0,1787856833.6515527,1787856878.6143317,2026-08-27T18:54:38.614332+00:00,44.96277904510498,548605.39,412,841087474945,0,0,0.0,0.0,0.0,0.0,0.0,0.0,0,0.0,0.0,0.0,0.0,0.0,0.0,0,0.0,0.0,0.0,0.0,0.0,0.0
P001,P001_S01,P001_S01_ST1ST_T01_R02,T01,R02,Room_Requested_Keyboard,Study 1,Continuous Room Navigation,Requested Feedback,Keyboard,0,1787856833.6515527,1787856878.7237363,2026-08-27T18:54:38.723736+00:00,45.07218360900879,548605.5,413,841088573211,0,0,0.0,0.0,0.0,0.0,0.0,0.0,0,0.0,0.0,0.0,0.0,0.0,0.0,0,0.0,0.0,0.0,0.0,0.0,0.0
P001,P001_S01,P001_S01_ST1ST_T01_R02,T01,R02,Room_Requested_Keyboard,Study 1,Continuous Room Navigation,Requested Feedback,Keyboard,0,1787856833.6515527,1787856878.8356407,2026-08-27T18:54:38.835641+00:00,45.18408799171448,548605.609,414,841089696280,0,0,0.0,0.0,0.0,0.0,0.0,0.0,0,0.0,0.0,0.0,0.0,0.0,0.0,0,0.0,0.0,0.0,0.0,0.0,0.0
P001,P001_S01,P001_S01_ST1ST_T01_R02,T01,R02,Room_Requested_Keyboard,Study 1,Continuous Room Navigation,Requested Feedback,Keyboard,0,1787856833.6515527,1787856878.9799957,2026-08-27T18:54:38.979996+00:00,45.32844305038452,548605.75,415,841090876599,0,0,0.0,0.0,0.0,0.0,0.0,0.0,0,0.0,0.0,0.0,0.0,0.0,0.0,0,0.0,0.0,0.0,0.0,0.0,0.0
P001,P001_S01,P001_S01_ST1ST_T01_R02,T01,R02,Room_Requested_Keyboard,Study 1,Continuous Room Navigation,Requested Feedback,Keyboard,0,1787856833.6515527,1787856879.074001,2026-08-27T18:54:39.074001+00:00,45.42244839668274,548605.843,416,841092076034,0,0,0.0,0.0,0.0,0.0,0.0,0.0,0,0.0,0.0,0.0,0.0,0.0,0.0,0,0.0,0.0,0.0,0.0,0.0,0.0
P001,P001_S01,P001_S01_ST1ST_T01_R02,T01,R02,Room_Requested_Keyboard,Study 1,Continuous Room Navigation,Requested Feedback,Keyboard,0,1787856833.6515527,1787856879.194751,2026-08-27T18:54:39.194751+00:00,45.543198347091675,548605.968,417,841093274399,0,0,0.0,0.0,0.0,0.0,0.0,0.0,0,0.0,0.0,0.0,0.0,0.0,0.0,0,0.0,0.0,0.0,0.0,0.0,0.0
P001,P001_S01,P001_S01_ST1ST_T01_R02,T01,R02,Room_Requested_Keyboard,Study 1,Continuous Room Navigation,Requested Feedback,Keyboard,0,1787856833.6515527,1787856879.2939148,2026-08-27T18:54:39.293915+00:00,45.642362117767334,548606.062,418,841094279026,0,0,0.0,0.0,0.0,0.0,0.0,0.0,0,0.0,0.0,0.0,0.0,0.0,0.0,0,0.0,0.0,0.0,0.0,0.0,0.0
P001,P001_S01,P001_S01_ST1ST_T01_R02,T01,R02,Room_Requested_Keyboard,Study 1,Continuous Room Navigation,Requested Feedback,Keyboard,0,1787856833.6515527,1787856879.4145575,2026-08-27T18:54:39.414557+00:00,45.763004779815674,548606.187,419,841095480080,0,0,0.0,0.0,0.0,0.0,0.0,0.0,0,0.0,0.0,0.0,0.0,0.0,0.0,0,0.0,0.0,0.0,0.0,0.0,0.0
P001,P001_S01,P001_S01_ST1ST_T01_R02,T01,R02,Room_Requested_Keyboard,Study 1,Continuous Room Navigation,Requested Feedback,Keyboard,0,1787856833.6515527,1787856879.5193477,2026-08-27T18:54:39.519348+00:00,45.86779499053955,548606.281,420,841096535148,0,0,0.0,0.0,0.0,0.0,0.0,0.0,0,0.0,0.0,0.0,0.0,0.0,0.0,0,0.0,0.0,0.0,0.0,0.0,0.0
P001,P001_S01,P001_S01_ST1ST_T01_R02,T01,R02,Room_Requested_Keyboard,Study 1,Continuous Room Navigation,Requested Feedback,Keyboard,0,1787856833.6515527,1787856879.6337569,2026-08-27T18:54:39.633757+00:00,45.98220419883728,548606.406,421,841097673624,0,0,0.0,0.0,0.0,0.0,0.0,0.0,0,0.0,0.0,0.0,0.0,0.0,0.0,0,0.0,0.0,0.0,0.0,0.0,0.0
P001,P001_S01,P001_S01_ST1ST_T01_R02,T01,R02,Room_Requested_Keyboard,Study 1,Continuous Room Navigation,Requested Feedback,Keyboard,0,1787856833.6515527,1787856879.7366385,2026-08-27T18:54:39.736639+00:00,46.08508586883545,548606.5,422,841098686049,0,0,0.0,0.0,0.0,0.0,0.0,0.0,0,0.0,0.0,0.0,0.0,0.0,0.0,0,0.0,0.0,0.0,0.0,0.0,0.0
P001,P001_S01,P001_S01_ST1ST_T01_R02,T01,R02,Room_Requested_Keyboard,Study 1,Continuous Room Navigation,Requested Feedback,Keyboard,0,1787856833.6515527,1787856879.8352466,2026-08-27T18:54:39.835247+00:00,46.18369388580322,548606.609,423,841099696133,0,0,0.0,0.0,0.0,0.0,0.0,0.0,0,0.0,0.0,0.0,0.0,0.0,0.0,0,0.0,0.0,0.0,0.0,0.0,0.0
P001,P001_S01,P001_S01_ST1ST_T01_R02,T01,R02,Room_Requested_Keyboard,Study 1,Continuous Room Navigation,Requested Feedback,Keyboard,0,1787856833.6515527,1787856879.9365325,2026-08-27T18:54:39.936532+00:00,46.284979820251465,548606.703,424,841100704004,0,0,0.0,0.0,0.0,0.0,0.0,0.0,0,0.0,0.0,0.0,0.0,0.0,0.0,0,0.0,0.0,0.0,0.0,0.0,0.0
P001,P001_S01,P001_S01_ST1ST_T01_R02,T01,R02,Room_Requested_Keyboard,Study 1,Continuous Room Navigation,Requested Feedback,Keyboard,0,1787856833.6515527,1787856880.0458045,2026-08-27T18:54:40.045805+00:00,46.39425182342529,548606.812,425,841101801663,0,0,0.0,0.0,0.0,0.0,0.0,0.0,0,0.0,0.0,0.0,0.0,0.0,0.0,0,0.0,0.0,0.0,0.0,0.0,0.0
P001,P001_S01,P001_S01_ST1ST_T01_R02,T01,R02,Room_Requested_Keyboard,Study 1,Continuous Room Navigation,Requested Feedback,Keyboard,0,1787856833.6515527,1787856880.150949,2026-08-27T18:54:40.150949+00:00,46.499396324157715,548606.921,426,841102833750,0,0,0.0,0.0,0.0,0.0,0.0,0.0,0,0.0,0.0,0.0,0.0,0.0,0.0,0,0.0,0.0,0.0,0.0,0.0,0.0
P001,P001_S01,P001_S01_ST1ST_T01_R02,T01,R02,Room_Requested_Keyboard,Study 1,Continuous Room Navigation,Requested Feedback,Keyboard,0,1787856833.6515527,1787856880.2960958,2026-08-27T18:54:40.296096+00:00,46.644543170928955,548607.062,427,841103931837,0,0,0.0,0.0,0.0,0.0,0.0,0.0,0,0.0,0.0,0.0,0.0,0.0,0.0,0,0.0,0.0,0.0,0.0,0.0,0.0
P001,P001_S01,P001_S01_ST1ST_T01_R02,T01,R02,Room_Requested_Keyboard,Study 1,Continuous Room Navigation,Requested Feedback,Keyboard,0,1787856833.6515527,1787856880.3838148,2026-08-27T18:54:40.383815+00:00,46.732262134552,548607.156,428,841105175972,0,0,0.0,0.0,0.0,0.0,0.0,0.0,0,0.0,0.0,0.0,0.0,0.0,0.0,0,0.0,0.0,0.0,0.0,0.0,0.0
P001,P001_S01,P001_S01_ST1ST_T01_R02,T01,R02,Room_Requested_Keyboard,Study 1,Continuous Room Navigation,Requested Feedback,Keyboard,0,1787856833.6515527,1787856880.4943502,2026-08-27T18:54:40.494350+00:00,46.84279751777649,548607.265,429,841106206855,0,0,0.0,0.0,0.0,0.0,0.0,0.0,0,0.0,0.0,0.0,0.0,0.0,0.0,0,0.0,0.0,0.0,0.0,0.0,0.0
P001,P001_S01,P001_S01_ST1ST_T01_R02,T01,R02,Room_Requested_Keyboard,Study 1,Continuous Room Navigation,Requested Feedback,Keyboard,0,1787856833.6515527,1787856880.6040854,2026-08-27T18:54:40.604085+00:00,46.95253276824951,548607.375,430,841107375476,0,0,0.0,0.0,0.0,0.0,0.0,0.0,0,0.0,0.0,0.0,0.0,0.0,0.0,0,0.0,0.0,0.0,0.0,0.0,0.0
P001,P001_S01,P001_S01_ST1ST_T01_R02,T01,R02,Room_Requested_Keyboard,Study 1,Continuous Room Navigation,Requested Feedback,Keyboard,0,1787856833.6515527,1787856880.716906,2026-08-27T18:54:40.716906+00:00,47.06535339355469,548607.484,431,841108503790,0,0,0.0,0.0,0.0,0.0,0.0,0.0,0,0.0,0.0,0.0,0.0,0.0,0.0,0,0.0,0.0,0.0,0.0,0.0,0.0
P001,P001_S01,P001_S01_ST1ST_T01_R02,T01,R02,Room_Requested_Keyboard,Study 1,Continuous Room Navigation,Requested Feedback,Keyboard,0,1787856833.6515527,1787856880.8337278,2026-08-27T18:54:40.833728+00:00,47.182175159454346,548607.609,432,841109678398,0,0,0.0,0.0,0.0,0.0,0.0,0.0,0,0.0,0.0,0.0,0.0,0.0,0.0,0,0.0,0.0,0.0,0.0,0.0,0.0
P001,P001_S01,P001_S01_ST1ST_T01_R02,T01,R02,Room_Requested_Keyboard,Study 1,Continuous Room Navigation,Requested Feedback,Keyboard,0,1787856833.6515527,1787856880.944786,2026-08-27T18:54:40.944786+00:00,47.2932333946228,548607.718,433,841110791965,0,0,0.0,0.0,0.0,0.0,0.0,0.0,0,0.0,0.0,0.0,0.0,0.0,0.0,0,0.0,0.0,0.0,0.0,0.0,0.0
P001,P001_S01,P001_S01_ST1ST_T01_R02,T01,R02,Room_Requested_Keyboard,Study 1,Continuous Room Navigation,Requested Feedback,Keyboard,0,1787856833.6515527,1787856881.0812862,2026-08-27T18:54:41.081286+00:00,47.42973351478577,548607.843,434,841111925340,0,0,0.0,0.0,0.0,0.0,0.0,0.0,0,0.0,0.0,0.0,0.0,0.0,0.0,0,0.0,0.0,0.0,0.0,0.0,0.0
P001,P001_S01,P001_S01_ST1ST_T01_R02,T01,R02,Room_Requested_Keyboard,Study 1,Continuous Room Navigation,Requested Feedback,Keyboard,0,1787856833.6515527,1787856881.1744576,2026-08-27T18:54:41.174458+00:00,47.52290487289429,548607.937,435,841113079786,0,0,0.0,0.0,0.0,0.0,0.0,0.0,0,0.0,0.0,0.0,0.0,0.0,0.0,0,0.0,0.0,0.0,0.0,0.0,0.0
P001,P001_S01,P001_S01_ST1ST_T01_R02,T01,R02,Room_Requested_Keyboard,Study 1,Continuous Room Navigation,Requested Feedback,Keyboard,0,1787856833.6515527,1787856881.275243,2026-08-27T18:54:41.275243+00:00,47.623690366744995,548608.046,436,841114085918,0,0,0.0,0.0,0.0,0.0,0.0,0.0,0,0.0,0.0,0.0,0.0,0.0,0.0,0,0.0,0.0,0.0,0.0,0.0,0.0
P001,P001_S01,P001_S01_ST1ST_T01_R02,T01,R02,Room_Requested_Keyboard,Study 1,Continuous Room Navigation,Requested Feedback,Keyboard,0,1787856833.6515527,1787856881.3956578,2026-08-27T18:54:41.395658+00:00,47.744105100631714,548608.171,437,841115273460,0,0,0.0,0.0,0.0,0.0,0.0,0.0,0,0.0,0.0,0.0,0.0,0.0,0.0,0,0.0,0.0,0.0,0.0,0.0,0.0
P001,P001_S01,P001_S01_ST1ST_T01_R02,T01,R02,Room_Requested_Keyboard,Study 1,Continuous Room Navigation,Requested Feedback,Keyboard,0,1787856833.6515527,1787856881.5201457,2026-08-27T18:54:41.520146+00:00,47.868592977523804,548608.296,438,841116477453,0,0,0.0,0.0,0.0,0.0,0.0,0.0,0,0.0,0.0,0.0,0.0,0.0,0.0,0,0.0,0.0,0.0,0.0,0.0,0.0
P001,P001_S01,P001_S01_ST1ST_T01_R02,T01,R02,Room_Requested_Keyboard,Study 1,Continuous Room Navigation,Requested Feedback,Keyboard,0,1787856833.6515527,1787856881.6195886,2026-08-27T18:54:41.619589+00:00,47.96803593635559,548608.39,439,841117532681,0,0,0.0,0.0,0.0,0.0,0.0,0.0,0,0.0,0.0,0.0,0.0,0.0,0.0,0,0.0,0.0,0.0,0.0,0.0,0.0
P001,P001_S01,P001_S01_ST1ST_T01_R02,T01,R02,Room_Requested_Keyboard,Study 1,Continuous Room Navigation,Requested Feedback,Keyboard,0,1787856833.6515527,1787856881.7492187,2026-08-27T18:54:41.749219+00:00,48.09766602516174,548608.515,440,841118564800,0,0,0.0,0.0,0.0,0.0,0.0,0.0,0,0.0,0.0,0.0,0.0,0.0,0.0,0,0.0,0.0,0.0,0.0,0.0,0.0
P001,P001_S01,P001_S01_ST1ST_T01_R02,T01,R02,Room_Requested_Keyboard,Study 1,Continuous Room Navigation,Requested Feedback,Keyboard,0,1787856833.6515527,1787856881.886236,2026-08-27T18:54:41.886236+00:00,48.23468327522278,548608.656,441,841119676280,0,0,0.0,0.0,0.0,0.0,0.0,0.0,0,0.0,0.0,0.0,0.0,0.0,0.0,0,0.0,0.0,0.0,0.0,0.0,0.0
P001,P001_S01,P001_S01_ST1ST_T01_R02,T01,R02,Room_Requested_Keyboard,Study 1,Continuous Room Navigation,Requested Feedback,Keyboard,0,1787856833.6515527,1787856881.9412382,2026-08-27T18:54:41.941238+00:00,48.28968548774719,548608.703,442,841120735563,0,0,0.0,0.0,0.0,0.0,0.0,0.0,0,0.0,0.0,0.0,0.0,0.0,0.0,0,0.0,0.0,0.0,0.0,0.0,0.0
P001,P001_S01,P001_S01_ST1ST_T01_R02,T01,R02,Room_Requested_Keyboard,Study 1,Continuous Room Navigation,Requested Feedback,Keyboard,0,1787856833.6515527,1787856882.0482876,2026-08-27T18:54:42.048288+00:00,48.396734952926636,548608.812,443,841121736567,0,0,0.0,0.0,0.0,0.0,0.0,0.0,0,0.0,0.0,0.0,0.0,0.0,0.0,0,0.0,0.0,0.0,0.0,0.0,0.0
P001,P001_S01,P001_S01_ST1ST_T01_R02,T01,R02,Room_Requested_Keyboard,Study 1,Continuous Room Navigation,Requested Feedback,Keyboard,0,1787856833.6515527,1787856882.1538348,2026-08-27T18:54:42.153835+00:00,48.50228214263916,548608.921,444,841122877171,0,0,0.0,0.0,0.0,0.0,0.0,0.0,0,0.0,0.0,0.0,0.0,0.0,0.0,0,0.0,0.0,0.0,0.0,0.0,0.0
P001,P001_S01,P001_S01_ST1ST_T01_R02,T01,R02,Room_Requested_Keyboard,Study 1,Continuous Room Navigation,Requested Feedback,Keyboard,0,1787856833.6515527,1787856882.2573552,2026-08-27T18:54:42.257355+00:00,48.60580253601074,548609.031,445,841123908063,0,0,0.0,0.0,0.0,0.0,0.0,0.0,0,0.0,0.0,0.0,0.0,0.0,0.0,0,0.0,0.0,0.0,0.0,0.0,0.0
P001,P001_S01,P001_S01_ST1ST_T01_R02,T01,R02,Room_Requested_Keyboard,Study 1,Continuous Room Navigation,Requested Feedback,Keyboard,0,1787856833.6515527,1787856882.3698432,2026-08-27T18:54:42.369843+00:00,48.71829056739807,548609.14,446,841125033033,0,0,0.0,0.0,0.0,0.0,0.0,0.0,0,0.0,0.0,0.0,0.0,0.0,0.0,0,0.0,0.0,0.0,0.0,0.0,0.0
P001,P001_S01,P001_S01_ST1ST_T01_R02,T01,R02,Room_Requested_Keyboard,Study 1,Continuous Room Navigation,Requested Feedback,Keyboard,0,1787856833.6515527,1787856882.4844544,2026-08-27T18:54:42.484454+00:00,48.8329017162323,548609.25,447,841126186168,0,0,0.0,0.0,0.0,0.0,0.0,0.0,0,0.0,0.0,0.0,0.0,0.0,0.0,0,0.0,0.0,0.0,0.0,0.0,0.0
P001,P001_S01,P001_S01_ST1ST_T01_R02,T01,R02,Room_Requested_Keyboard,Study 1,Continuous Room Navigation,Requested Feedback,Keyboard,0,1787856833.6515527,1787856882.60564,2026-08-27T18:54:42.605640+00:00,48.954087257385254,548609.375,448,841127376513,0,0,0.0,0.0,0.0,0.0,0.0,0.0,0,0.0,0.0,0.0,0.0,0.0,0.0,0,0.0,0.0,0.0,0.0,0.0,0.0
P001,P001_S01,P001_S01_ST1ST_T01_R02,T01,R02,Room_Requested_Keyboard,Study 1,Continuous Room Navigation,Requested Feedback,Keyboard,0,1787856833.6515527,1787856882.7138462,2026-08-27T18:54:42.713846+00:00,49.0622935295105,548609.484,449,841128478027,0,0,0.0,0.0,0.0,0.0,0.0,0.0,0,0.0,0.0,0.0,0.0,0.0,0.0,0,0.0,0.0,0.0,0.0,0.0,0.0
P001,P001_S01,P001_S01_ST1ST_T01_R02,T01,R02,Room_Requested_Keyboard,Study 1,Continuous Room Navigation,Requested Feedback,Keyboard,0,1787856833.6515527,1787856882.8241174,2026-08-27T18:54:42.824117+00:00,49.17256474494934,548609.593,450,841129575678,0,0,0.0,0.0,0.0,0.0,0.0,0.0,0,0.0,0.0,0.0,0.0,0.0,0.0,0,0.0,0.0,0.0,0.0,0.0,0.0
P001,P001_S01,P001_S01_ST1ST_T01_R02,T01,R02,Room_Requested_Keyboard,Study 1,Continuous Room Navigation,Requested Feedback,Keyboard,0,1787856833.6515527,1787856882.924463,2026-08-27T18:54:42.924463+00:00,49.272910356521606,548609.687,451,841130580461,0,0,0.0,0.0,0.0,0.0,0.0,0.0,0,0.0,0.0,0.0,0.0,0.0,0.0,0,0.0,0.0,0.0,0.0,0.0,0.0
P001,P001_S01,P001_S01_ST1ST_T01_R02,T01,R02,Room_Requested_Keyboard,Study 1,Continuous Room Navigation,Requested Feedback,Keyboard,0,1787856833.6515527,1787856883.0337949,2026-08-27T18:54:43.033795+00:00,49.38224220275879,548609.796,452,841131676152,0,0,0.0,0.0,0.0,0.0,0.0,0.0,0,0.0,0.0,0.0,0.0,0.0,0.0,0,0.0,0.0,0.0,0.0,0.0,0.0
P001,P001_S01,P001_S01_ST1ST_T01_R02,T01,R02,Room_Requested_Keyboard,Study 1,Continuous Room Navigation,Requested Feedback,Keyboard,0,1787856833.6515527,1787856883.1452463,2026-08-27T18:54:43.145246+00:00,49.493693590164185,548609.921,453,841132694371,0,0,0.0,0.0,0.0,0.0,0.0,0.0,0,0.0,0.0,0.0,0.0,0.0,0.0,0,0.0,0.0,0.0,0.0,0.0,0.0
P001,P001_S01,P001_S01_ST1ST_T01_R02,T01,R02,Room_Requested_Keyboard,Study 1,Continuous Room Navigation,Requested Feedback,Keyboard,0,1787856833.6515527,1787856883.2865944,2026-08-27T18:54:43.286594+00:00,49.6350417137146,548610.062,454,841133826441,0,0,0.0,0.0,0.0,0.0,0.0,0.0,0,0.0,0.0,0.0,0.0,0.0,0.0,0,0.0,0.0,0.0,0.0,0.0,0.0
P001,P001_S01,P001_S01_ST1ST_T01_R02,T01,R02,Room_Requested_Keyboard,Study 1,Continuous Room Navigation,Requested Feedback,Keyboard,0,1787856833.6515527,1787856883.3546376,2026-08-27T18:54:43.354638+00:00,49.70308494567871,548610.125,455,841134875435,0,0,0.0,0.0,0.0,0.0,0.0,0.0,0,0.0,0.0,0.0,0.0,0.0,0.0,0,0.0,0.0,0.0,0.0,0.0,0.0
P001,P001_S01,P001_S01_ST1ST_T01_R02,T01,R02,Room_Requested_Keyboard,Study 1,Continuous Room Navigation,Requested Feedback,Keyboard,0,1787856833.6515527,1787856883.46986,2026-08-27T18:54:43.469860+00:00,49.818307399749756,548610.234,456,841136033337,0,0,0.0,0.0,0.0,0.0,0.0,0.0,0,0.0,0.0,0.0,0.0,0.0,0.0,0,0.0,0.0,0.0,0.0,0.0,0.0
P001,P001_S01,P001_S01_ST1ST_T01_R02,T01,R02,Room_Requested_Keyboard,Study 1,Continuous Room Navigation,Requested Feedback,Keyboard,0,1787856833.6515527,1787856883.57418,2026-08-27T18:54:43.574180+00:00,49.922627210617065,548610.343,457,841137072560,0,0,0.0,0.0,0.0,0.0,0.0,0.0,0,0.0,0.0,0.0,0.0,0.0,0.0,0,0.0,0.0,0.0,0.0,0.0,0.0
P001,P001_S01,P001_S01_ST1ST_T01_R02,T01,R02,Room_Requested_Keyboard,Study 1,Continuous Room Navigation,Requested Feedback,Keyboard,0,1787856833.6515527,1787856883.6957264,2026-08-27T18:54:43.695726+00:00,50.04417371749878,548610.468,458,841138190840,0,0,0.0,0.0,0.0,0.0,0.0,0.0,0,0.0,0.0,0.0,0.0,0.0,0.0,0,0.0,0.0,0.0,0.0,0.0,0.0
P001,P001_S01,P001_S01_ST1ST_T01_R02,T01,R02,Room_Requested_Keyboard,Study 1,Continuous Room Navigation,Requested Feedback,Keyboard,0,1787856833.6515527,1787856883.7860243,2026-08-27T18:54:43.786024+00:00,50.13447165489197,548610.562,459,841139196987,0,0,0.0,0.0,0.0,0.0,0.0,0.0,0,0.0,0.0,0.0,0.0,0.0,0.0,0,0.0,0.0,0.0,0.0,0.0,0.0
P001,P001_S01,P001_S01_ST1ST_T01_R02,T01,R02,Room_Requested_Keyboard,Study 1,Continuous Room Navigation,Requested Feedback,Keyboard,0,1787856833.6515527,1787856883.8931475,2026-08-27T18:54:43.893147+00:00,50.24159479141235,548610.656,460,841140275383,0,0,0.0,0.0,0.0,0.0,0.0,0.0,0,0.0,0.0,0.0,0.0,0.0,0.0,0,0.0,0.0,0.0,0.0,0.0,0.0
P001,P001_S01,P001_S01_ST1ST_T01_R02,T01,R02,Room_Requested_Keyboard,Study 1,Continuous Room Navigation,Requested Feedback,Keyboard,0,1787856833.6515527,1787856883.9935756,2026-08-27T18:54:43.993576+00:00,50.34202289581299,548610.765,461,841141278776,0,0,0.0,0.0,0.0,0.0,0.0,0.0,0,0.0,0.0,0.0,0.0,0.0,0.0,0,0.0,0.0,0.0,0.0,0.0,0.0
P001,P001_S01,P001_S01_ST1ST_T01_R02,T01,R02,Room_Requested_Keyboard,Study 1,Continuous Room Navigation,Requested Feedback,Keyboard,0,1787856833.6515527,1787856884.1059904,2026-08-27T18:54:44.105990+00:00,50.45443773269653,548610.875,462,841142379915,0,0,0.0,0.0,0.0,0.0,0.0,0.0,0,0.0,0.0,0.0,0.0,0.0,0.0,0,0.0,0.0,0.0,0.0,0.0,0.0
P001,P001_S01,P001_S01_ST1ST_T01_R02,T01,R02,Room_Requested_Keyboard,Study 1,Continuous Room Navigation,Requested Feedback,Keyboard,0,1787856833.6515527,1787856884.21382,2026-08-27T18:54:44.213820+00:00,50.5622673034668,548610.984,463,841143472728,0,0,0.0,0.0,0.0,0.0,0.0,0.0,0,0.0,0.0,0.0,0.0,0.0,0.0,0,0.0,0.0,0.0,0.0,0.0,0.0
P001,P001_S01,P001_S01_ST1ST_T01_R02,T01,R02,Room_Requested_Keyboard,Study 1,Continuous Room Navigation,Requested Feedback,Keyboard,0,1787856833.6515527,1787856884.3204932,2026-08-27T18:54:44.320493+00:00,50.66894054412842,548611.093,464,841144547483,0,0,0.0,0.0,0.0,0.0,0.0,0.0,0,0.0,0.0,0.0,0.0,0.0,0.0,0,0.0,0.0,0.0,0.0,0.0,0.0
P001,P001_S01,P001_S01_ST1ST_T01_R02,T01,R02,Room_Requested_Keyboard,Study 1,Continuous Room Navigation,Requested Feedback,Keyboard,0,1787856833.6515527,1787856884.4593472,2026-08-27T18:54:44.459347+00:00,50.80779457092285,548611.234,465,841145580447,0,0,0.0,0.0,0.0,0.0,0.0,0.0,0,0.0,0.0,0.0,0.0,0.0,0.0,0,0.0,0.0,0.0,0.0,0.0,0.0
P001,P001_S01,P001_S01_ST1ST_T01_R02,T01,R02,Room_Requested_Keyboard,Study 1,Continuous Room Navigation,Requested Feedback,Keyboard,0,1787856833.6515527,1787856884.5338573,2026-08-27T18:54:44.533857+00:00,50.882304668426514,548611.296,466,841146675919,0,0,0.0,0.0,0.0,0.0,0.0,0.0,0,0.0,0.0,0.0,0.0,0.0,0.0,0,0.0,0.0,0.0,0.0,0.0,0.0
P001,P001_S01,P001_S01_ST1ST_T01_R02,T01,R02,Room_Requested_Keyboard,Study 1,Continuous Room Navigation,Requested Feedback,Keyboard,0,1787856833.6515527,1787856884.6541965,2026-08-27T18:54:44.654197+00:00,51.00264382362366,548611.421,467,841147875142,0,0,0.0,0.0,0.0,0.0,0.0,0.0,0,0.0,0.0,0.0,0.0,0.0,0.0,0,0.0,0.0,0.0,0.0,0.0,0.0
P001,P001_S01,P001_S01_ST1ST_T01_R02,T01,R02,Room_Requested_Keyboard,Study 1,Continuous Room Navigation,Requested Feedback,Keyboard,0,1787856833.6515527,1787856884.753458,2026-08-27T18:54:44.753458+00:00,51.10190534591675,548611.515,468,841148877485,0,0,0.0,0.0,0.0,0.0,0.0,0.0,0,0.0,0.0,0.0,0.0,0.0,0.0,0,0.0,0.0,0.0,0.0,0.0,0.0
P001,P001_S01,P001_S01_ST1ST_T01_R02,T01,R02,Room_Requested_Keyboard,Study 1,Continuous Room Navigation,Requested Feedback,Keyboard,0,1787856833.6515527,1787856884.8741908,2026-08-27T18:54:44.874191+00:00,51.22263813018799,548611.64,469,841150076951,0,0,0.0,0.0,0.0,0.0,0.0,0.0,0,0.0,0.0,0.0,0.0,0.0,0.0,0,0.0,0.0,0.0,0.0,0.0,0.0
P001,P001_S01,P001_S01_ST1ST_T01_R02,T01,R02,Room_Requested_Keyboard,Study 1,Continuous Room Navigation,Requested Feedback,Keyboard,0,1787856833.6515527,1787856884.99187,2026-08-27T18:54:44.991870+00:00,51.340317249298096,548611.765,470,841151234069,0,0,0.0,0.0,0.0,0.0,0.0,0.0,0,0.0,0.0,0.0,0.0,0.0,0.0,0,0.0,0.0,0.0,0.0,0.0,0.0
P001,P001_S01,P001_S01_ST1ST_T01_R02,T01,R02,Room_Requested_Keyboard,Study 1,Continuous Room Navigation,Requested Feedback,Keyboard,0,1787856833.6515527,1787856885.093399,2026-08-27T18:54:45.093399+00:00,51.44184637069702,548611.859,471,841152279199,0,0,0.0,0.0,0.0,0.0,0.0,0.0,0,0.0,0.0,0.0,0.0,0.0,0.0,0,0.0,0.0,0.0,0.0,0.0,0.0
P001,P001_S01,P001_S01_ST1ST_T01_R02,T01,R02,Room_Requested_Keyboard,Study 1,Continuous Room Navigation,Requested Feedback,Keyboard,0,1787856833.6515527,1787856885.2145948,2026-08-27T18:54:45.214595+00:00,51.56304216384888,548611.984,472,841153478885,0,0,0.0,0.0,0.0,0.0,0.0,0.0,0,0.0,0.0,0.0,0.0,0.0,0.0,0,0.0,0.0,0.0,0.0,0.0,0.0
P001,P001_S01,P001_S01_ST1ST_T01_R02,T01,R02,Room_Requested_Keyboard,Study 1,Continuous Room Navigation,Requested Feedback,Keyboard,0,1787856833.6515527,1787856885.3463616,2026-08-27T18:54:45.346362+00:00,51.69480895996094,548612.109,473,841154553335,0,0,0.0,0.0,0.0,0.0,0.0,0.0,0,0.0,0.0,0.0,0.0,0.0,0.0,0,0.0,0.0,0.0,0.0,0.0,0.0
P001,P001_S01,P001_S01_ST1ST_T01_R02,T01,R02,Room_Requested_Keyboard,Study 1,Continuous Room Navigation,Requested Feedback,Keyboard,0,1787856833.6515527,1787856885.466387,2026-08-27T18:54:45.466387+00:00,51.81483435630798,548612.234,474,841155678653,0,0,0.0,0.0,0.0,0.0,0.0,0.0,0,0.0,0.0,0.0,0.0,0.0,0.0,0,0.0,0.0,0.0,0.0,0.0,0.0
P001,P001_S01,P001_S01_ST1ST_T01_R02,T01,R02,Room_Requested_Keyboard,Study 1,Continuous Room Navigation,Requested Feedback,Keyboard,0,1787856833.6515527,1787856885.5343878,2026-08-27T18:54:45.534388+00:00,51.882835149765015,548612.296,475,841156680821,0,0,0.0,0.0,0.0,0.0,0.0,0.0,0,0.0,0.0,0.0,0.0,0.0,0.0,0,0.0,0.0,0.0,0.0,0.0,0.0
P001,P001_S01,P001_S01_ST1ST_T01_R02,T01,R02,Room_Requested_Keyboard,Study 1,Continuous Room Navigation,Requested Feedback,Keyboard,0,1787856833.6515527,1787856885.643976,2026-08-27T18:54:45.643976+00:00,51.99242329597473,548612.406,476,841157778214,0,0,0.0,0.0,0.0,0.0,0.0,0.0,0,0.0,0.0,0.0,0.0,0.0,0.0,0,0.0,0.0,0.0,0.0,0.0,0.0
P001,P001_S01,P001_S01_ST1ST_T01_R02,T01,R02,Room_Requested_Keyboard,Study 1,Continuous Room Navigation,Requested Feedback,Keyboard,0,1787856833.6515527,1787856885.7540126,2026-08-27T18:54:45.754013+00:00,52.10245990753174,548612.531,477,841158875153,0,0,0.0,0.0,0.0,0.0,0.0,0.0,0,0.0,0.0,0.0,0.0,0.0,0.0,0,0.0,0.0,0.0,0.0,0.0,0.0
P001,P001_S01,P001_S01_ST1ST_T01_R02,T01,R02,Room_Requested_Keyboard,Study 1,Continuous Room Navigation,Requested Feedback,Keyboard,0,1787856833.6515527,1787856885.9098148,2026-08-27T18:54:45.909815+00:00,52.258262157440186,548612.671,478,841160074300,0,0,0.0,0.0,0.0,0.0,0.0,0.0,0,0.0,0.0,0.0,0.0,0.0,0.0,0,0.0,0.0,0.0,0.0,0.0,0.0
P001,P001_S01,P001_S01_ST1ST_T01_R02,T01,R02,Room_Requested_Keyboard,Study 1,Continuous Room Navigation,Requested Feedback,Keyboard,0,1787856833.6515527,1787856885.9743268,2026-08-27T18:54:45.974327+00:00,52.322774171829224,548612.75,479,841161079670,0,0,0.0,0.0,0.0,0.0,0.0,0.0,0,0.0,0.0,0.0,0.0,0.0,0.0,0,0.0,0.0,0.0,0.0,0.0,0.0
P001,P001_S01,P001_S01_ST1ST_T01_R02,T01,R02,Room_Requested_Keyboard,Study 1,Continuous Room Navigation,Requested Feedback,Keyboard,0,1787856833.6515527,1787856886.0839927,2026-08-27T18:54:46.083993+00:00,52.43244004249573,548612.859,480,841162177312,0,0,0.0,0.0,0.0,0.0,0.0,0.0,0,0.0,0.0,0.0,0.0,0.0,0.0,0,0.0,0.0,0.0,0.0,0.0,0.0
P001,P001_S01,P001_S01_ST1ST_T01_R02,T01,R02,Room_Requested_Keyboard,Study 1,Continuous Room Navigation,Requested Feedback,Keyboard,0,1787856833.6515527,1787856886.2050285,2026-08-27T18:54:46.205029+00:00,52.553475856781006,548612.968,481,841163380606,0,0,0.0,0.0,0.0,0.0,0.0,0.0,0,0.0,0.0,0.0,0.0,0.0,0.0,0,0.0,0.0,0.0,0.0,0.0,0.0
P001,P001_S01,P001_S01_ST1ST_T01_R02,T01,R02,Room_Requested_Keyboard,Study 1,Continuous Room Navigation,Requested Feedback,Keyboard,0,1787856833.6515527,1787856886.3471303,2026-08-27T18:54:46.347130+00:00,52.69557762145996,548613.109,482,841164504805,0,0,0.0,0.0,0.0,0.0,0.0,0.0,0,0.0,0.0,0.0,0.0,0.0,0.0,0,0.0,0.0,0.0,0.0,0.0,0.0
P001,P001_S01,P001_S01_ST1ST_T01_R02,T01,R02,Room_Requested_Keyboard,Study 1,Continuous Room Navigation,Requested Feedback,Keyboard,0,1787856833.6515527,1787856886.4701586,2026-08-27T18:54:46.470159+00:00,52.81860589981079,548613.234,483,841165576933,0,0,0.0,0.0,0.0,0.0,0.0,0.0,0,0.0,0.0,0.0,0.0,0.0,0.0,0,0.0,0.0,0.0,0.0,0.0,0.0
P001,P001_S01,P001_S01_ST1ST_T01_R02,T01,R02,Room_Requested_Keyboard,Study 1,Continuous Room Navigation,Requested Feedback,Keyboard,0,1787856833.6515527,1787856886.5351622,2026-08-27T18:54:46.535162+00:00,52.88360953330994,548613.312,484,841166680834,0,0,0.0,0.0,0.0,0.0,0.0,0.0,0,0.0,0.0,0.0,0.0,0.0,0.0,0,0.0,0.0,0.0,0.0,0.0,0.0
P001,P001_S01,P001_S01_ST1ST_T01_R02,T01,R02,Room_Requested_Keyboard,Study 1,Continuous Room Navigation,Requested Feedback,Keyboard,0,1787856833.6515527,1787856886.6444259,2026-08-27T18:54:46.644426+00:00,52.992873191833496,548613.421,485,841167781168,0,0,0.0,0.0,0.0,0.0,0.0,0.0,0,0.0,0.0,0.0,0.0,0.0,0.0,0,0.0,0.0,0.0,0.0,0.0,0.0
P001,P001_S01,P001_S01_ST1ST_T01_R02,T01,R02,Room_Requested_Keyboard,Study 1,Continuous Room Navigation,Requested Feedback,Keyboard,0,1787856833.6515527,1787856886.7677307,2026-08-27T18:54:46.767731+00:00,53.116178035736084,548613.531,486,841168987801,0,0,0.0,0.0,0.0,0.0,0.0,0.0,0,0.0,0.0,0.0,0.0,0.0,0.0,0,0.0,0.0,0.0,0.0,0.0,0.0
P001,P001_S01,P001_S01_ST1ST_T01_R02,T01,R02,Room_Requested_Keyboard,Study 1,Continuous Room Navigation,Requested Feedback,Keyboard,0,1787856833.6515527,1787856886.8749585,2026-08-27T18:54:46.874959+00:00,53.223405838012695,548613.64,487,841170087245,0,0,0.0,0.0,0.0,0.0,0.0,0.0,0,0.0,0.0,0.0,0.0,0.0,0.0,0,0.0,0.0,0.0,0.0,0.0,0.0
P001,P001_S01,P001_S01_ST1ST_T01_R02,T01,R02,Room_Requested_Keyboard,Study 1,Continuous Room Navigation,Requested Feedback,Keyboard,0,1787856833.6515527,1787856886.9954913,2026-08-27T18:54:46.995491+00:00,53.34393858909607,548613.765,488,841171274026,0,0,0.0,0.0,0.0,0.0,0.0,0.0,0,0.0,0.0,0.0,0.0,0.0,0.0,0,0.0,0.0,0.0,0.0,0.0,0.0
P001,P001_S01,P001_S01_ST1ST_T01_R02,T01,R02,Room_Requested_Keyboard,Study 1,Continuous Room Navigation,Requested Feedback,Keyboard,0,1787856833.6515527,1787856887.093775,2026-08-27T18:54:47.093775+00:00,53.442222356796265,548613.859,489,841172278523,0,0,0.0,0.0,0.0,0.0,0.0,0.0,0,0.0,0.0,0.0,0.0,0.0,0.0,0,0.0,0.0,0.0,0.0,0.0,0.0
P001,P001_S01,P001_S01_ST1ST_T01_R02,T01,R02,Room_Requested_Keyboard,Study 1,Continuous Room Navigation,Requested Feedback,Keyboard,0,1787856833.6515527,1787856887.2283323,2026-08-27T18:54:47.228332+00:00,53.57677960395813,548614.0,490,841173376254,0,0,0.0,0.0,0.0,0.0,0.0,0.0,0,0.0,0.0,0.0,0.0,0.0,0.0,0,0.0,0.0,0.0,0.0,0.0,0.0
P001,P001_S01,P001_S01_ST1ST_T01_R02,T01,R02,Room_Requested_Keyboard,Study 1,Continuous Room Navigation,Requested Feedback,Keyboard,0,1787856833.6515527,1787856887.3198416,2026-08-27T18:54:47.319842+00:00,53.66828894615173,548614.093,491,841174537934,0,0,0.0,0.0,0.0,0.0,0.0,0.0,0,0.0,0.0,0.0,0.0,0.0,0.0,0,0.0,0.0,0.0,0.0,0.0,0.0
P001,P001_S01,P001_S01_ST1ST_T01_R02,T01,R02,Room_Requested_Keyboard,Study 1,Continuous Room Navigation,Requested Feedback,Keyboard,0,1787856833.6515527,1787856887.4254131,2026-08-27T18:54:47.425413+00:00,53.773860454559326,548614.187,492,841175576296,0,0,0.0,0.0,0.0,0.0,0.0,0.0,0,0.0,0.0,0.0,0.0,0.0,0.0,0,0.0,0.0,0.0,0.0,0.0,0.0
P001,P001_S01,P001_S01_ST1ST_T01_R02,T01,R02,Room_Requested_Keyboard,Study 1,Continuous Room Navigation,Requested Feedback,Keyboard,0,1787856833.6515527,1787856887.5646117,2026-08-27T18:54:47.564612+00:00,53.91305899620056,548614.328,493,841176730679,0,0,0.0,0.0,0.0,0.0,0.0,0.0,0,0.0,0.0,0.0,0.0,0.0,0.0,0,0.0,0.0,0.0,0.0,0.0,0.0
P001,P001_S01,P001_S01_ST1ST_T01_R02,T01,R02,Room_Requested_Keyboard,Study 1,Continuous Room Navigation,Requested Feedback,Keyboard,0,1787856833.6515527,1787856887.6512272,2026-08-27T18:54:47.651227+00:00,53.999674558639526,548614.421,494,841177852048,0,0,0.0,0.0,0.0,0.0,0.0,0.0,0,0.0,0.0,0.0,0.0,0.0,0.0,0,0.0,0.0,0.0,0.0,0.0,0.0
P001,P001_S01,P001_S01_ST1ST_T01_R02,T01,R02,Room_Requested_Keyboard,Study 1,Continuous Room Navigation,Requested Feedback,Keyboard,0,1787856833.6515527,1787856887.768247,2026-08-27T18:54:47.768247+00:00,54.11669421195984,548614.531,495,841179014130,0,0,0.0,0.0,0.0,0.0,0.0,0.0,0,0.0,0.0,0.0,0.0,0.0,0.0,0,0.0,0.0,0.0,0.0,0.0,0.0
P001,P001_S01,P001_S01_ST1ST_T01_R02,T01,R02,Room_Requested_Keyboard,Study 1,Continuous Room Navigation,Requested Feedback,Keyboard,0,1787856833.6515527,1787856887.883687,2026-08-27T18:54:47.883687+00:00,54.2321343421936,548614.656,496,841180175167,0,0,0.0,0.0,0.0,0.0,0.0,0.0,0,0.0,0.0,0.0,0.0,0.0,0.0,0,0.0,0.0,0.0,0.0,0.0,0.0
P001,P001_S01,P001_S01_ST1ST_T01_R02,T01,R02,Room_Requested_Keyboard,Study 1,Continuous Room Navigation,Requested Feedback,Keyboard,0,1787856833.6515527,1787856887.9839187,2026-08-27T18:54:47.983919+00:00,54.33236598968506,548614.75,497,841181176684,0,0,0.0,0.0,0.0,0.0,0.0,0.0,0,0.0,0.0,0.0,0.0,0.0,0.0,0,0.0,0.0,0.0,0.0,0.0,0.0
P001,P001_S01,P001_S01_ST1ST_T01_R02,T01,R02,Room_Requested_Keyboard,Study 1,Continuous Room Navigation,Requested Feedback,Keyboard,0,1787856833.6515527,1787856888.0839882,2026-08-27T18:54:48.083988+00:00,54.432435512542725,548614.859,498,841182178606,0,0,0.0,0.0,0.0,0.0,0.0,0.0,0,0.0,0.0,0.0,0.0,0.0,0.0,0,0.0,0.0,0.0,0.0,0.0,0.0
P001,P001_S01,P001_S01_ST1ST_T01_R02,T01,R02,Room_Requested_Keyboard,Study 1,Continuous Room Navigation,Requested Feedback,Keyboard,0,1787856833.6515527,1787856888.205225,2026-08-27T18:54:48.205225+00:00,54.553672313690186,548614.968,499,841183375769,0,0,0.0,0.0,0.0,0.0,0.0,0.0,0,0.0,0.0,0.0,0.0,0.0,0.0,0,0.0,0.0,0.0,0.0,0.0,0.0
P001,P001_S01,P001_S01_ST1ST_T01_R02,T01,R02,Room_Requested_Keyboard,Study 1,Continuous Room Navigation,Requested Feedback,Keyboard,0,1787856833.6515527,1787856888.319587,2026-08-27T18:54:48.319587+00:00,54.66803431510925,548615.093,500,841184532968,0,0,0.0,0.0,0.0,0.0,0.0,0.0,0,0.0,0.0,0.0,0.0,0.0,0.0,0,0.0,0.0,0.0,0.0,0.0,0.0
P001,P001_S01,P001_S01_ST1ST_T01_R02,T01,R02,Room_Requested_Keyboard,Study 1,Continuous Room Navigation,Requested Feedback,Keyboard,0,1787856833.6515527,1787856888.4669406,2026-08-27T18:54:48.466941+00:00,54.81538796424866,548615.234,501,841185678269,0,0,0.0,0.0,0.0,0.0,0.0,0.0,0,0.0,0.0,0.0,0.0,0.0,0.0,0,0.0,0.0,0.0,0.0,0.0,0.0
P001,P001_S01,P001_S01_ST1ST_T01_R02,T01,R02,Room_Requested_Keyboard,Study 1,Continuous Room Navigation,Requested Feedback,Keyboard,0,1787856833.6515527,1787856888.5359437,2026-08-27T18:54:48.535944+00:00,54.88439106941223,548615.312,502,841186686982,0,0,0.0,0.0,0.0,0.0,0.0,0.0,0,0.0,0.0,0.0,0.0,0.0,0.0,0,0.0,0.0,0.0,0.0,0.0,0.0
P001,P001_S01,P001_S01_ST1ST_T01_R02,T01,R02,Room_Requested_Keyboard,Study 1,Continuous Room Navigation,Requested Feedback,Keyboard,0,1787856833.6515527,1787856888.660462,2026-08-27T18:54:48.660462+00:00,55.00890922546387,548615.437,503,841187776211,0,0,0.0,0.0,0.0,0.0,0.0,0.0,0,0.0,0.0,0.0,0.0,0.0,0.0,0,0.0,0.0,0.0,0.0,0.0,0.0
P001,P001_S01,P001_S01_ST1ST_T01_R02,T01,R02,Room_Requested_Keyboard,Study 1,Continuous Room Navigation,Requested Feedback,Keyboard,0,1787856833.6515527,1787856888.7939992,2026-08-27T18:54:48.793999+00:00,55.142446517944336,548615.562,504,841188781040,0,0,0.0,0.0,0.0,0.0,0.0,0.0,0,0.0,0.0,0.0,0.0,0.0,0.0,0,0.0,0.0,0.0,0.0,0.0,0.0
P001,P001_S01,P001_S01_ST1ST_T01_R02,T01,R02,Room_Requested_Keyboard,Study 1,Continuous Room Navigation,Requested Feedback,Keyboard,0,1787856833.6515527,1787856888.9115155,2026-08-27T18:54:48.911515+00:00,55.25996279716492,548615.687,505,841189980659,0,0,0.0,0.0,0.0,0.0,0.0,0.0,0,0.0,0.0,0.0,0.0,0.0,0.0,0,0.0,0.0,0.0,0.0,0.0,0.0
P001,P001_S01,P001_S01_ST1ST_T01_R02,T01,R02,Room_Requested_Keyboard,Study 1,Continuous Room Navigation,Requested Feedback,Keyboard,0,1787856833.6515527,1787856888.96603,2026-08-27T18:54:48.966030+00:00,55.31447720527649,548615.734,506,841190997629,0,0,0.0,0.0,0.0,0.0,0.0,0.0,0,0.0,0.0,0.0,0.0,0.0,0.0,0,0.0,0.0,0.0,0.0,0.0,0.0
P001,P001_S01,P001_S01_ST1ST_T01_R02,T01,R02,Room_Requested_Keyboard,Study 1,Continuous Room Navigation,Requested Feedback,Keyboard,0,1787856833.6515527,1787856889.0685449,2026-08-27T18:54:49.068545+00:00,55.4169921875,548615.843,507,841192016153,0,0,0.0,0.0,0.0,0.0,0.0,0.0,0,0.0,0.0,0.0,0.0,0.0,0.0,0,0.0,0.0,0.0,0.0,0.0,0.0
P001,P001_S01,P001_S01_ST1ST_T01_R02,T01,R02,Room_Requested_Keyboard,Study 1,Continuous Room Navigation,Requested Feedback,Keyboard,0,1787856833.6515527,1787856889.1685529,2026-08-27T18:54:49.168553+00:00,55.51700019836426,548615.937,508,841193017278,0,0,0.0,0.0,0.0,0.0,0.0,0.0,0,0.0,0.0,0.0,0.0,0.0,0.0,0,0.0,0.0,0.0,0.0,0.0,0.0
P001,P001_S01,P001_S01_ST1ST_T01_R02,T01,R02,Room_Requested_Keyboard,Study 1,Continuous Room Navigation,Requested Feedback,Keyboard,0,1787856833.6515527,1787856889.2842326,2026-08-27T18:54:49.284233+00:00,55.63267993927002,548616.046,509,841194177065,0,0,0.0,0.0,0.0,0.0,0.0,0.0,0,0.0,0.0,0.0,0.0,0.0,0.0,0,0.0,0.0,0.0,0.0,0.0,0.0
P001,P001_S01,P001_S01_ST1ST_T01_R02,T01,R02,Room_Requested_Keyboard,Study 1,Continuous Room Navigation,Requested Feedback,Keyboard,0,1787856833.6515527,1787856889.3981595,2026-08-27T18:54:49.398160+00:00,55.74660682678223,548616.171,510,841195317791,0,0,0.0,0.0,0.0,0.0,0.0,0.0,0,0.0,0.0,0.0,0.0,0.0,0.0,0,0.0,0.0,0.0,0.0,0.0,0.0
P001,P001_S01,P001_S01_ST1ST_T01_R02,T01,R02,Room_Requested_Keyboard,Study 1,Continuous Room Navigation,Requested Feedback,Keyboard,0,1787856833.6515527,1787856889.4991028,2026-08-27T18:54:49.499103+00:00,55.8475501537323,548616.265,511,841196334530,0,0,0.0,0.0,0.0,0.0,0.0,0.0,0,0.0,0.0,0.0,0.0,0.0,0.0,0,0.0,0.0,0.0,0.0,0.0,0.0
P001,P001_S01,P001_S01_ST1ST_T01_R02,T01,R02,Room_Requested_Keyboard,Study 1,Continuous Room Navigation,Requested Feedback,Keyboard,0,1787856833.6515527,1787856889.6057131,2026-08-27T18:54:49.605713+00:00,55.95416045188904,548616.375,512,841197382508,0,0,0.0,0.0,0.0,0.0,0.0,0.0,0,0.0,0.0,0.0,0.0,0.0,0.0,0,0.0,0.0,0.0,0.0,0.0,0.0
P001,P001_S01,P001_S01_ST1ST_T01_R02,T01,R02,Room_Requested_Keyboard,Study 1,Continuous Room Navigation,Requested Feedback,Keyboard,0,1787856833.6515527,1787856889.7049706,2026-08-27T18:54:49.704971+00:00,56.053417921066284,548616.468,513,841198386982,0,0,0.0,0.0,0.0,0.0,0.0,0.0,0,0.0,0.0,0.0,0.0,0.0,0.0,0,0.0,0.0,0.0,0.0,0.0,0.0
P001,P001_S01,P001_S01_ST1ST_T01_R02,T01,R02,Room_Requested_Keyboard,Study 1,Continuous Room Navigation,Requested Feedback,Keyboard,0,1787856833.6515527,1787856889.816779,2026-08-27T18:54:49.816779+00:00,56.165226221084595,548616.593,514,841199496002,0,0,0.0,0.0,0.0,0.0,0.0,0.0,0,0.0,0.0,0.0,0.0,0.0,0.0,0,0.0,0.0,0.0,0.0,0.0,0.0
P001,P001_S01,P001_S01_ST1ST_T01_R02,T01,R02,Room_Requested_Keyboard,Study 1,Continuous Room Navigation,Requested Feedback,Keyboard,0,1787856833.6515527,1787856889.919429,2026-08-27T18:54:49.919429+00:00,56.267876386642456,548616.687,515,841200526885,0,0,0.0,0.0,0.0,0.0,0.0,0.0,0,0.0,0.0,0.0,0.0,0.0,0.0,0,0.0,0.0,0.0,0.0,0.0,0.0
P001,P001_S01,P001_S01_ST1ST_T01_R02,T01,R02,Room_Requested_Keyboard,Study 1,Continuous Room Navigation,Requested Feedback,Keyboard,0,1787856833.6515527,1787856890.0249405,2026-08-27T18:54:50.024940+00:00,56.373387813568115,548616.796,516,841201576358,0,0,0.0,0.0,0.0,0.0,0.0,0.0,0,0.0,0.0,0.0,0.0,0.0,0.0,0,0.0,0.0,0.0,0.0,0.0,0.0
P001,P001_S01,P001_S01_ST1ST_T01_R02,T01,R02,Room_Requested_Keyboard,Study 1,Continuous Room Navigation,Requested Feedback,Keyboard,0,1787856833.6515527,1787856890.1344547,2026-08-27T18:54:50.134455+00:00,56.48290205001831,548616.906,517,841202685784,0,0,0.0,0.0,0.0,0.0,0.0,0.0,0,0.0,0.0,0.0,0.0,0.0,0.0,0,0.0,0.0,0.0,0.0,0.0,0.0
P001,P001_S01,P001_S01_ST1ST_T01_R02,T01,R02,Room_Requested_Keyboard,Study 1,Continuous Room Navigation,Requested Feedback,Keyboard,0,1787856833.6515527,1787856890.2529714,2026-08-27T18:54:50.252971+00:00,56.6014187335968,548617.015,518,841203775143,0,0,0.0,0.0,0.0,0.0,0.0,0.0,0,0.0,0.0,0.0,0.0,0.0,0.0,0,0.0,0.0,0.0,0.0,0.0,0.0
P001,P001_S01,P001_S01_ST1ST_T01_R02,T01,R02,Room_Requested_Keyboard,Study 1,Continuous Room Navigation,Requested Feedback,Keyboard,0,1787856833.6515527,1787856890.3434799,2026-08-27T18:54:50.343480+00:00,56.69192719459534,548617.109,519,841204777211,0,0,0.0,0.0,0.0,0.0,0.0,0.0,0,0.0,0.0,0.0,0.0,0.0,0.0,0,0.0,0.0,0.0,0.0,0.0,0.0
P001,P001_S01,P001_S01_ST1ST_T01_R02,T01,R02,Room_Requested_Keyboard,Study 1,Continuous Room Navigation,Requested Feedback,Keyboard,0,1787856833.6515527,1787856890.4995084,2026-08-27T18:54:50.499508+00:00,56.84795570373535,548617.265,520,841205829635,0,0,0.0,0.0,0.0,0.0,0.0,0.0,0,0.0,0.0,0.0,0.0,0.0,0.0,0,0.0,0.0,0.0,0.0,0.0,0.0
P001,P001_S01,P001_S01_ST1ST_T01_R02,T01,R02,Room_Requested_Keyboard,Study 1,Continuous Room Navigation,Requested Feedback,Keyboard,0,1787856833.6515527,1787856890.5615149,2026-08-27T18:54:50.561515+00:00,56.90996217727661,548617.328,521,841206836836,0,0,0.0,0.0,0.0,0.0,0.0,0.0,0,0.0,0.0,0.0,0.0,0.0,0.0,0,0.0,0.0,0.0,0.0,0.0,0.0
P001,P001_S01,P001_S01_ST1ST_T01_R02,T01,R02,Room_Requested_Keyboard,Study 1,Continuous Room Navigation,Requested Feedback,Keyboard,0,1787856833.6515527,1787856890.6663446,2026-08-27T18:54:50.666345+00:00,57.01479196548462,548617.437,522,841208002142,0,0,0.0,0.0,0.0,0.0,0.0,0.0,0,0.0,0.0,0.0,0.0,0.0,0.0,0,0.0,0.0,0.0,0.0,0.0,0.0
P001,P001_S01,P001_S01_ST1ST_T01_R02,T01,R02,Room_Requested_Keyboard,Study 1,Continuous Room Navigation,Requested Feedback,Keyboard,0,1787856833.6515527,1787856890.8193188,2026-08-27T18:54:50.819319+00:00,57.167766094207764,548617.593,523,841209143987,0,0,0.0,0.0,0.0,0.0,0.0,0.0,0,0.0,0.0,0.0,0.0,0.0,0.0,0,0.0,0.0,0.0,0.0,0.0,0.0
P001,P001_S01,P001_S01_ST1ST_T01_R02,T01,R02,Room_Requested_Keyboard,Study 1,Continuous Room Navigation,Requested Feedback,Keyboard,0,1787856833.6515527,1787856890.9188375,2026-08-27T18:54:50.918838+00:00,57.267284870147705,548617.687,524,841210175457,0,0,0.0,0.0,0.0,0.0,0.0,0.0,0,0.0,0.0,0.0,0.0,0.0,0.0,0,0.0,0.0,0.0,0.0,0.0,0.0
P001,P001_S01,P001_S01_ST1ST_T01_R02,T01,R02,Room_Requested_Keyboard,Study 1,Continuous Room Navigation,Requested Feedback,Keyboard,0,1787856833.6515527,1787856890.9843538,2026-08-27T18:54:50.984354+00:00,57.33280110359192,548617.75,525,841211175474,0,0,0.0,0.0,0.0,0.0,0.0,0.0,0,0.0,0.0,0.0,0.0,0.0,0.0,0,0.0,0.0,0.0,0.0,0.0,0.0
P001,P001_S01,P001_S01_ST1ST_T01_R02,T01,R02,Room_Requested_Keyboard,Study 1,Continuous Room Navigation,Requested Feedback,Keyboard,0,1787856833.6515527,1787856891.0954893,2026-08-27T18:54:51.095489+00:00,57.443936586380005,548617.859,526,841212287789,0,0,0.0,0.0,0.0,0.0,0.0,0.0,0,0.0,0.0,0.0,0.0,0.0,0.0,0,0.0,0.0,0.0,0.0,0.0,0.0
P001,P001_S01,P001_S01_ST1ST_T01_R02,T01,R02,Room_Requested_Keyboard,Study 1,Continuous Room Navigation,Requested Feedback,Keyboard,0,1787856833.6515527,1787856891.2094862,2026-08-27T18:54:51.209486+00:00,57.55793356895447,548617.984,527,841213434736,0,0,0.0,0.0,0.0,0.0,0.0,0.0,0,0.0,0.0,0.0,0.0,0.0,0.0,0,0.0,0.0,0.0,0.0,0.0,0.0
P001,P001_S01,P001_S01_ST1ST_T01_R02,T01,R02,Room_Requested_Keyboard,Study 1,Continuous Room Navigation,Requested Feedback,Keyboard,0,1787856833.6515527,1787856891.3420618,2026-08-27T18:54:51.342062+00:00,57.69050908088684,548618.109,528,841214506055,0,0,0.0,0.0,0.0,0.0,0.0,0.0,0,0.0,0.0,0.0,0.0,0.0,0.0,0,0.0,0.0,0.0,0.0,0.0,0.0
P001,P001_S01,P001_S01_ST1ST_T01_R02,T01,R02,Room_Requested_Keyboard,Study 1,Continuous Room Navigation,Requested Feedback,Keyboard,0,1787856833.6515527,1787856891.4730928,2026-08-27T18:54:51.473093+00:00,57.821540117263794,548618.25,529,841215676480,0,0,0.0,0.0,0.0,0.0,0.0,0.0,0,0.0,0.0,0.0,0.0,0.0,0.0,0,0.0,0.0,0.0,0.0,0.0,0.0
P001,P001_S01,P001_S01_ST1ST_T01_R02,T01,R02,Room_Requested_Keyboard,Study 1,Continuous Room Navigation,Requested Feedback,Keyboard,0,1787856833.6515527,1787856891.5347085,2026-08-27T18:54:51.534708+00:00,57.883155822753906,548618.296,530,841216686082,0,0,0.0,0.0,0.0,0.0,0.0,0.0,0,0.0,0.0,0.0,0.0,0.0,0.0,0,0.0,0.0,0.0,0.0,0.0,0.0
P001,P001_S01,P001_S01_ST1ST_T01_R02,T01,R02,Room_Requested_Keyboard,Study 1,Continuous Room Navigation,Requested Feedback,Keyboard,0,1787856833.6515527,1787856891.6495128,2026-08-27T18:54:51.649513+00:00,57.99796009063721,548618.421,531,841217834195,0,0,0.0,0.0,0.0,0.0,0.0,0.0,0,0.0,0.0,0.0,0.0,0.0,0.0,0,0.0,0.0,0.0,0.0,0.0,0.0
P001,P001_S01,P001_S01_ST1ST_T01_R02,T01,R02,Room_Requested_Keyboard,Study 1,Continuous Room Navigation,Requested Feedback,Keyboard,0,1787856833.6515527,1787856891.7679195,2026-08-27T18:54:51.767920+00:00,58.11636686325073,548618.531,532,841218982310,0,0,0.0,0.0,0.0,0.0,0.0,0.0,0,0.0,0.0,0.0,0.0,0.0,0.0,0,0.0,0.0,0.0,0.0,0.0,0.0
P001,P001_S01,P001_S01_ST1ST_T01_R02,T01,R02,Room_Requested_Keyboard,Study 1,Continuous Room Navigation,Requested Feedback,Keyboard,0,1787856833.6515527,1787856891.8904629,2026-08-27T18:54:51.890463+00:00,58.23891019821167,548618.656,533,841220013112,0,0,0.0,0.0,0.0,0.0,0.0,0.0,0,0.0,0.0,0.0,0.0,0.0,0.0,0,0.0,0.0,0.0,0.0,0.0,0.0
P001,P001_S01,P001_S01_ST1ST_T01_R02,T01,R02,Room_Requested_Keyboard,Study 1,Continuous Room Navigation,Requested Feedback,Keyboard,0,1787856833.6515527,1787856891.9820719,2026-08-27T18:54:51.982072+00:00,58.33051919937134,548618.75,534,841221017118,0,0,0.0,0.0,0.0,0.0,0.0,0.0,0,0.0,0.0,0.0,0.0,0.0,0.0,0,0.0,0.0,0.0,0.0,0.0,0.0
P001,P001_S01,P001_S01_ST1ST_T01_R02,T01,R02,Room_Requested_Keyboard,Study 1,Continuous Room Navigation,Requested Feedback,Keyboard,0,1787856833.6515527,1787856892.0845938,2026-08-27T18:54:52.084594+00:00,58.43304109573364,548618.859,535,841222175420,0,0,0.0,0.0,0.0,0.0,0.0,0.0,0,0.0,0.0,0.0,0.0,0.0,0.0,0,0.0,0.0,0.0,0.0,0.0,0.0
P001,P001_S01,P001_S01_ST1ST_T01_R02,T01,R02,Room_Requested_Keyboard,Study 1,Continuous Room Navigation,Requested Feedback,Keyboard,0,1787856833.6515527,1787856892.1846976,2026-08-27T18:54:52.184698+00:00,58.5331449508667,548618.953,536,841223178180,0,0,0.0,0.0,0.0,0.0,0.0,0.0,0,0.0,0.0,0.0,0.0,0.0,0.0,0,0.0,0.0,0.0,0.0,0.0,0.0
P001,P001_S01,P001_S01_ST1ST_T01_R02,T01,R02,Room_Requested_Keyboard,Study 1,Continuous Room Navigation,Requested Feedback,Keyboard,0,1787856833.6515527,1787856892.2999942,2026-08-27T18:54:52.299994+00:00,58.648441553115845,548619.062,537,841224336150,0,0,0.0,0.0,0.0,0.0,0.0,0.0,0,0.0,0.0,0.0,0.0,0.0,0.0,0,0.0,0.0,0.0,0.0,0.0,0.0
P001,P001_S01,P001_S01_ST1ST_T01_R02,T01,R02,Room_Requested_Keyboard,Study 1,Continuous Room Navigation,Requested Feedback,Keyboard,0,1787856833.6515527,1787856892.403779,2026-08-27T18:54:52.403779+00:00,58.75222635269165,548619.171,538,841225378173,0,0,0.0,0.0,0.0,0.0,0.0,0.0,0,0.0,0.0,0.0,0.0,0.0,0.0,0,0.0,0.0,0.0,0.0,0.0,0.0
P001,P001_S01,P001_S01_ST1ST_T01_R02,T01,R02,Room_Requested_Keyboard,Study 1,Continuous Room Navigation,Requested Feedback,Keyboard,0,1787856833.6515527,1787856892.5193112,2026-08-27T18:54:52.519311+00:00,58.86775851249695,548619.281,539,841226529611,0,0,0.0,0.0,0.0,0.0,0.0,0.0,0,0.0,0.0,0.0,0.0,0.0,0.0,0,0.0,0.0,0.0,0.0,0.0,0.0
P001,P001_S01,P001_S01_ST1ST_T01_R02,T01,R02,Room_Requested_Keyboard,Study 1,Continuous Room Navigation,Requested Feedback,Keyboard,0,1787856833.6515527,1787856892.6352031,2026-08-27T18:54:52.635203+00:00,58.98365044593811,548619.406,540,841227687778,0,0,0.0,0.0,0.0,0.0,0.0,0.0,0,0.0,0.0,0.0,0.0,0.0,0.0,0,0.0,0.0,0.0,0.0,0.0,0.0
P001,P001_S01,P001_S01_ST1ST_T01_R02,T01,R02,Room_Requested_Keyboard,Study 1,Continuous Room Navigation,Requested Feedback,Keyboard,0,1787856833.6515527,1787856892.7496548,2026-08-27T18:54:52.749655+00:00,59.09810209274292,548619.515,541,841228835467,0,0,0.0,0.0,0.0,0.0,0.0,0.0,0,0.0,0.0,0.0,0.0,0.0,0.0,0,0.0,0.0,0.0,0.0,0.0,0.0
P001,P001_S01,P001_S01_ST1ST_T01_R02,T01,R02,Room_Requested_Keyboard,Study 1,Continuous Room Navigation,Requested Feedback,Keyboard,0,1787856833.6515527,1787856892.8664694,2026-08-27T18:54:52.866469+00:00,59.214916706085205,548619.64,542,841230000563,0,0,0.0,0.0,0.0,0.0,0.0,0.0,0,0.0,0.0,0.0,0.0,0.0,0.0,0,0.0,0.0,0.0,0.0,0.0,0.0
P001,P001_S01,P001_S01_ST1ST_T01_R02,T01,R02,Room_Requested_Keyboard,Study 1,Continuous Room Navigation,Requested Feedback,Keyboard,0,1787856833.6515527,1787856892.9665895,2026-08-27T18:54:52.966589+00:00,59.31503677368164,548619.734,543,841231007979,0,0,0.0,0.0,0.0,0.0,0.0,0.0,0,0.0,0.0,0.0,0.0,0.0,0.0,0,0.0,0.0,0.0,0.0,0.0,0.0
P001,P001_S01,P001_S01_ST1ST_T01_R02,T01,R02,Room_Requested_Keyboard,Study 1,Continuous Room Navigation,Requested Feedback,Keyboard,0,1787856833.6515527,1787856893.1335366,2026-08-27T18:54:53.133537+00:00,59.48198390007019,548619.906,544,841232175397,0,0,0.0,0.0,0.0,0.0,0.0,0.0,0,0.0,0.0,0.0,0.0,0.0,0.0,0,0.0,0.0,0.0,0.0,0.0,0.0
P001,P001_S01,P001_S01_ST1ST_T01_R02,T01,R02,Room_Requested_Keyboard,Study 1,Continuous Room Navigation,Requested Feedback,Keyboard,0,1787856833.6515527,1787856893.1843014,2026-08-27T18:54:53.184301+00:00,59.53274869918823,548619.953,545,841233180427,0,0,0.0,0.0,0.0,0.0,0.0,0.0,0,0.0,0.0,0.0,0.0,0.0,0.0,0,0.0,0.0,0.0,0.0,0.0,0.0
P001,P001_S01,P001_S01_ST1ST_T01_R02,T01,R02,Room_Requested_Keyboard,Study 1,Continuous Room Navigation,Requested Feedback,Keyboard,0,1787856833.6515527,1787856893.303905,2026-08-27T18:54:53.303905+00:00,59.65235233306885,548620.078,546,841234377547,0,0,0.0,0.0,0.0,0.0,0.0,0.0,0,0.0,0.0,0.0,0.0,0.0,0.0,0,0.0,0.0,0.0,0.0,0.0,0.0
P001,P001_S01,P001_S01_ST1ST_T01_R02,T01,R02,Room_Requested_Keyboard,Study 1,Continuous Room Navigation,Requested Feedback,Keyboard,0,1787856833.6515527,1787856893.4562175,2026-08-27T18:54:53.456218+00:00,59.804664850234985,548620.218,547,841235576396,0,0,0.0,0.0,0.0,0.0,0.0,0.0,0,0.0,0.0,0.0,0.0,0.0,0.0,0,0.0,0.0,0.0,0.0,0.0,0.0
P001,P001_S01,P001_S01_ST1ST_T01_R02,T01,R02,Room_Requested_Keyboard,Study 1,Continuous Room Navigation,Requested Feedback,Keyboard,0,1787856833.6515527,1787856893.5417295,2026-08-27T18:54:53.541729+00:00,59.89017677307129,548620.312,548,841236678609,0,0,0.0,0.0,0.0,0.0,0.0,0.0,0,0.0,0.0,0.0,0.0,0.0,0.0,0,0.0,0.0,0.0,0.0,0.0,0.0
P001,P001_S01,P001_S01_ST1ST_T01_R02,T01,R02,Room_Requested_Keyboard,Study 1,Continuous Room Navigation,Requested Feedback,Keyboard,0,1787856833.6515527,1787856893.636241,2026-08-27T18:54:53.636241+00:00,59.98468828201294,548620.406,549,841237691811,0,0,0.0,0.0,0.0,0.0,0.0,0.0,0,0.0,0.0,0.0,0.0,0.0,0.0,0,0.0,0.0,0.0,0.0,0.0,0.0
P001,P001_S01,P001_S01_ST1ST_T01_R02,T01,R02,Room_Requested_Keyboard,Study 1,Continuous Room Navigation,Requested Feedback,Keyboard,0,1787856833.6515527,1787856893.7495055,2026-08-27T18:54:53.749506+00:00,60.0979528427124,548620.515,550,841238836353,0,0,0.0,0.0,0.0,0.0,0.0,0.0,0,0.0,0.0,0.0,0.0,0.0,0.0,0,0.0,0.0,0.0,0.0,0.0,0.0
P001,P001_S01,P001_S01_ST1ST_T01_R02,T01,R02,Room_Requested_Keyboard,Study 1,Continuous Room Navigation,Requested Feedback,Keyboard,0,1787856833.6515527,1787856893.8664672,2026-08-27T18:54:53.866467+00:00,60.21491456031799,548620.64,551,841240006053,0,0,0.0,0.0,0.0,0.0,0.0,0.0,0,0.0,0.0,0.0,0.0,0.0,0.0,0,0.0,0.0,0.0,0.0,0.0,0.0
P001,P001_S01,P001_S01_ST1ST_T01_R02,T01,R02,Room_Requested_Keyboard,Study 1,Continuous Room Navigation,Requested Feedback,Keyboard,0,1787856833.6515527,1787856893.9683647,2026-08-27T18:54:53.968365+00:00,60.31681203842163,548620.734,552,841241016056,0,0,0.0,0.0,0.0,0.0,0.0,0.0,0,0.0,0.0,0.0,0.0,0.0,0.0,0,0.0,0.0,0.0,0.0,0.0,0.0
P001,P001_S01,P001_S01_ST1ST_T01_R02,T01,R02,Room_Requested_Keyboard,Study 1,Continuous Room Navigation,Requested Feedback,Keyboard,0,1787856833.6515527,1787856894.1095028,2026-08-27T18:54:54.109503+00:00,60.45795011520386,548620.875,553,841242133128,0,0,0.0,0.0,0.0,0.0,0.0,0.0,0,0.0,0.0,0.0,0.0,0.0,0.0,0,0.0,0.0,0.0,0.0,0.0,0.0
P001,P001_S01,P001_S01_ST1ST_T01_R02,T01,R02,Room_Requested_Keyboard,Study 1,Continuous Room Navigation,Requested Feedback,Keyboard,0,1787856833.6515527,1787856894.1833277,2026-08-27T18:54:54.183328+00:00,60.53177499771118,548620.953,554,841243168016,0,0,0.0,0.0,0.0,0.0,0.0,0.0,0,0.0,0.0,0.0,0.0,0.0,0.0,0,0.0,0.0,0.0,0.0,0.0,0.0
P001,P001_S01,P001_S01_ST1ST_T01_R02,T01,R02,Room_Requested_Keyboard,Study 1,Continuous Room Navigation,Requested Feedback,Keyboard,0,1787856833.6515527,1787856894.297259,2026-08-27T18:54:54.297259+00:00,60.64570641517639,548621.062,555,841244275198,0,0,0.0,0.0,0.0,0.0,0.0,0.0,0,0.0,0.0,0.0,0.0,0.0,0.0,0,0.0,0.0,0.0,0.0,0.0,0.0
P001,P001_S01,P001_S01_ST1ST_T01_R02,T01,R02,Room_Requested_Keyboard,Study 1,Continuous Room Navigation,Requested Feedback,Keyboard,0,1787856833.6515527,1787856894.3997762,2026-08-27T18:54:54.399776+00:00,60.748223543167114,548621.171,556,841245329866,0,0,0.0,0.0,0.0,0.0,0.0,0.0,0,0.0,0.0,0.0,0.0,0.0,0.0,0,0.0,0.0,0.0,0.0,0.0,0.0
P001,P001_S01,P001_S01_ST1ST_T01_R02,T01,R02,Room_Requested_Keyboard,Study 1,Continuous Room Navigation,Requested Feedback,Keyboard,0,1787856833.6515527,1787856894.5060856,2026-08-27T18:54:54.506086+00:00,60.854532957077026,548621.281,557,841246375429,0,0,0.0,0.0,0.0,0.0,0.0,0.0,0,0.0,0.0,0.0,0.0,0.0,0.0,0,0.0,0.0,0.0,0.0,0.0,0.0
P001,P001_S01,P001_S01_ST1ST_T01_R02,T01,R02,Room_Requested_Keyboard,Study 1,Continuous Room Navigation,Requested Feedback,Keyboard,0,1787856833.6515527,1787856894.605324,2026-08-27T18:54:54.605324+00:00,60.953771352767944,548621.375,558,841247382999,0,0,0.0,0.0,0.0,0.0,0.0,0.0,0,0.0,0.0,0.0,0.0,0.0,0.0,0,0.0,0.0,0.0,0.0,0.0,0.0
P001,P001_S01,P001_S01_ST1ST_T01_R02,T01,R02,Room_Requested_Keyboard,Study 1,Continuous Room Navigation,Requested Feedback,Keyboard,0,1787856833.6515527,1787856894.7166586,2026-08-27T18:54:54.716659+00:00,61.06510591506958,548621.484,559,841248500241,0,0,0.0,0.0,0.0,0.0,0.0,0.0,0,0.0,0.0,0.0,0.0,0.0,0.0,0,0.0,0.0,0.0,0.0,0.0,0.0
P001,P001_S01,P001_S01_ST1ST_T01_R02,T01,R02,Room_Requested_Keyboard,Study 1,Continuous Room Navigation,Requested Feedback,Keyboard,0,1787856833.6515527,1787856894.835943,2026-08-27T18:54:54.835943+00:00,61.18439030647278,548621.609,560,841249634565,0,0,0.0,0.0,0.0,0.0,0.0,0.0,0,0.0,0.0,0.0,0.0,0.0,0.0,0,0.0,0.0,0.0,0.0,0.0,0.0
P001,P001_S01,P001_S01_ST1ST_T01_R02,T01,R02,Room_Requested_Keyboard,Study 1,Continuous Room Navigation,Requested Feedback,Keyboard,0,1787856833.6515527,1787856894.9725761,2026-08-27T18:54:54.972576+00:00,61.32102346420288,548621.75,561,841250677910,0,0,0.0,0.0,0.0,0.0,0.0,0.0,0,0.0,0.0,0.0,0.0,0.0,0.0,0,0.0,0.0,0.0,0.0,0.0,0.0
P001,P001_S01,P001_S01_ST1ST_T01_R02,T01,R02,Room_Requested_Keyboard,Study 1,Continuous Room Navigation,Requested Feedback,Keyboard,0,1787856833.6515527,1787856895.0345764,2026-08-27T18:54:55.034576+00:00,61.383023738861084,548621.796,562,841251681494,0,0,0.0,0.0,0.0,0.0,0.0,0.0,0,0.0,0.0,0.0,0.0,0.0,0.0,0,0.0,0.0,0.0,0.0,0.0,0.0
P001,P001_S01,P001_S01_ST1ST_T01_R02,T01,R02,Room_Requested_Keyboard,Study 1,Continuous Room Navigation,Requested Feedback,Keyboard,0,1787856833.6515527,1787856895.1498296,2026-08-27T18:54:55.149830+00:00,61.49827694892883,548621.921,563,841252840664,0,0,0.0,0.0,0.0,0.0,0.0,0.0,0,0.0,0.0,0.0,0.0,0.0,0.0,0,0.0,0.0,0.0,0.0,0.0,0.0
P001,P001_S01,P001_S01_ST1ST_T01_R02,T01,R02,Room_Requested_Keyboard,Study 1,Continuous Room Navigation,Requested Feedback,Keyboard,0,1787856833.6515527,1787856895.2665246,2026-08-27T18:54:55.266525+00:00,61.61497187614441,548622.031,564,841254000548,0,0,0.0,0.0,0.0,0.0,0.0,0.0,0,0.0,0.0,0.0,0.0,0.0,0.0,0,0.0,0.0,0.0,0.0,0.0,0.0
P001,P001_S01,P001_S01_ST1ST_T01_R02,T01,R02,Room_Requested_Keyboard,Study 1,Continuous Room Navigation,Requested Feedback,Keyboard,0,1787856833.6515527,1787856895.3665843,2026-08-27T18:54:55.366584+00:00,61.71503162384033,548622.14,565,841255008207,0,0,0.0,0.0,0.0,0.0,0.0,0.0,0,0.0,0.0,0.0,0.0,0.0,0.0,0,0.0,0.0,0.0,0.0,0.0,0.0
P001,P001_S01,P001_S01_ST1ST_T01_R02,T01,R02,Room_Requested_Keyboard,Study 1,Continuous Room Navigation,Requested Feedback,Keyboard,0,1787856833.6515527,1787856895.525169,2026-08-27T18:54:55.525169+00:00,61.873616218566895,548622.296,566,841256175719,0,0,0.0,0.0,0.0,0.0,0.0,0.0,0,0.0,0.0,0.0,0.0,0.0,0.0,0,0.0,0.0,0.0,0.0,0.0,0.0
P001,P001_S01,P001_S01_ST1ST_T01_R02,T01,R02,Room_Requested_Keyboard,Study 1,Continuous Room Navigation,Requested Feedback,Keyboard,0,1787856833.6515527,1787856895.5946822,2026-08-27T18:54:55.594682+00:00,61.943129539489746,548622.359,567,841257289614,0,0,0.0,0.0,0.0,0.0,0.0,0.0,0,0.0,0.0,0.0,0.0,0.0,0.0,0,0.0,0.0,0.0,0.0,0.0,0.0
P001,P001_S01,P001_S01_ST1ST_T01_R02,T01,R02,Room_Requested_Keyboard,Study 1,Continuous Room Navigation,Requested Feedback,Keyboard,0,1787856833.6515527,1787856895.7180989,2026-08-27T18:54:55.718099+00:00,62.06654620170593,548622.484,568,841258518595,0,0,0.0,0.0,0.0,0.0,0.0,0.0,0,0.0,0.0,0.0,0.0,0.0,0.0,0,0.0,0.0,0.0,0.0,0.0,0.0
P001,P001_S01,P001_S01_ST1ST_T01_R02,T01,R02,Room_Requested_Keyboard,Study 1,Continuous Room Navigation,Requested Feedback,Keyboard,0,1787856833.6515527,1787856895.8242211,2026-08-27T18:54:55.824221+00:00,62.17266845703125,548622.593,569,841259579683,0,0,0.0,0.0,0.0,0.0,0.0,0.0,0,0.0,0.0,0.0,0.0,0.0,0.0,0,0.0,0.0,0.0,0.0,0.0,0.0
P001,P001_S01,P001_S01_ST1ST_T01_R02,T01,R02,Room_Requested_Keyboard,Study 1,Continuous Room Navigation,Requested Feedback,Keyboard,0,1787856833.6515527,1787856895.937256,2026-08-27T18:54:55.937256+00:00,62.28570342063904,548622.703,570,841260697996,0,0,0.0,0.0,0.0,0.0,0.0,0.0,0,0.0,0.0,0.0,0.0,0.0,0.0,0,0.0,0.0,0.0,0.0,0.0,0.0
P001,P001_S01,P001_S01_ST1ST_T01_R02,T01,R02,Room_Requested_Keyboard,Study 1,Continuous Room Navigation,Requested Feedback,Keyboard,0,1787856833.6515527,1787856896.0361164,2026-08-27T18:54:56.036116+00:00,62.3845636844635,548622.812,571,841261700438,0,0,0.0,0.0,0.0,0.0,0.0,0.0,0,0.0,0.0,0.0,0.0,0.0,0.0,0,0.0,0.0,0.0,0.0,0.0,0.0
P001,P001_S01,P001_S01_ST1ST_T01_R02,T01,R02,Room_Requested_Keyboard,Study 1,Continuous Room Navigation,Requested Feedback,Keyboard,0,1787856833.6515527,1787856896.1540322,2026-08-27T18:54:56.154032+00:00,62.502479553222656,548622.921,572,841262851653,0,0,0.0,0.0,0.0,0.0,0.0,0.0,0,0.0,0.0,0.0,0.0,0.0,0.0,0,0.0,0.0,0.0,0.0,0.0,0.0
P001,P001_S01,P001_S01_ST1ST_T01_R02,T01,R02,Room_Requested_Keyboard,Study 1,Continuous Room Navigation,Requested Feedback,Keyboard,0,1787856833.6515527,1787856896.2795794,2026-08-27T18:54:56.279579+00:00,62.628026723861694,548623.046,573,841263979090,0,0,0.0,0.0,0.0,0.0,0.0,0.0,0,0.0,0.0,0.0,0.0,0.0,0.0,0,0.0,0.0,0.0,0.0,0.0,0.0
P001,P001_S01,P001_S01_ST1ST_T01_R02,T01,R02,Room_Requested_Keyboard,Study 1,Continuous Room Navigation,Requested Feedback,Keyboard,0,1787856833.6515527,1787856896.4061103,2026-08-27T18:54:56.406110+00:00,62.754557609558105,548623.171,574,841265030377,0,0,0.0,0.0,0.0,0.0,0.0,0.0,0,0.0,0.0,0.0,0.0,0.0,0.0,0,0.0,0.0,0.0,0.0,0.0,0.0
P001,P001_S01,P001_S01_ST1ST_T01_R02,T01,R02,Room_Requested_Keyboard,Study 1,Continuous Room Navigation,Requested Feedback,Keyboard,0,1787856833.6515527,1787856896.5346246,2026-08-27T18:54:56.534625+00:00,62.88307189941406,548623.296,575,841266175011,0,0,0.0,0.0,0.0,0.0,0.0,0.0,0,0.0,0.0,0.0,0.0,0.0,0.0,0,0.0,0.0,0.0,0.0,0.0,0.0
P001,P001_S01,P001_S01_ST1ST_T01_R02,T01,R02,Room_Requested_Keyboard,Study 1,Continuous Room Navigation,Requested Feedback,Keyboard,0,1787856833.6515527,1787856896.605138,2026-08-27T18:54:56.605138+00:00,62.953585386276245,548623.375,576,841267383864,0,0,0.0,0.0,0.0,0.0,0.0,0.0,0,0.0,0.0,0.0,0.0,0.0,0.0,0,0.0,0.0,0.0,0.0,0.0,0.0
P001,P001_S01,P001_S01_ST1ST_T01_R02,T01,R02,Room_Requested_Keyboard,Study 1,Continuous Room Navigation,Requested Feedback,Keyboard,0,1787856833.6515527,1787856896.7174127,2026-08-27T18:54:56.717413+00:00,63.06586003303528,548623.484,577,841268500469,0,0,0.0,0.0,0.0,0.0,0.0,0.0,0,0.0,0.0,0.0,0.0,0.0,0.0,0,0.0,0.0,0.0,0.0,0.0,0.0
P001,P001_S01,P001_S01_ST1ST_T01_R02,T01,R02,Room_Requested_Keyboard,Study 1,Continuous Room Navigation,Requested Feedback,Keyboard,0,1787856833.6515527,1787856896.824262,2026-08-27T18:54:56.824262+00:00,63.172709226608276,548623.593,578,841269577355,0,0,0.0,0.0,0.0,0.0,0.0,0.0,0,0.0,0.0,0.0,0.0,0.0,0.0,0,0.0,0.0,0.0,0.0,0.0,0.0
P001,P001_S01,P001_S01_ST1ST_T01_R02,T01,R02,Room_Requested_Keyboard,Study 1,Continuous Room Navigation,Requested Feedback,Keyboard,0,1787856833.6515527,1787856896.9440942,2026-08-27T18:54:56.944094+00:00,63.29254150390625,548623.718,579,841270779336,0,0,0.0,0.0,0.0,0.0,0.0,0.0,0,0.0,0.0,0.0,0.0,0.0,0.0,0,0.0,0.0,0.0,0.0,0.0,0.0
P001,P001_S01,P001_S01_ST1ST_T01_R02,T01,R02,Room_Requested_Keyboard,Study 1,Continuous Room Navigation,Requested Feedback,Keyboard,0,1787856833.6515527,1787856897.0502393,2026-08-27T18:54:57.050239+00:00,63.39868664741516,548623.812,580,841271835492,0,0,0.0,0.0,0.0,0.0,0.0,0.0,0,0.0,0.0,0.0,0.0,0.0,0.0,0,0.0,0.0,0.0,0.0,0.0,0.0
P001,P001_S01,P001_S01_ST1ST_T01_R02,T01,R02,Room_Requested_Keyboard,Study 1,Continuous Room Navigation,Requested Feedback,Keyboard,0,1787856833.6515527,1787856897.1662338,2026-08-27T18:54:57.166234+00:00,63.51468110084534,548623.937,581,841272981526,0,0,0.0,0.0,0.0,0.0,0.0,0.0,0,0.0,0.0,0.0,0.0,0.0,0.0,0,0.0,0.0,0.0,0.0,0.0,0.0
P001,P001_S01,P001_S01_ST1ST_T01_R02,T01,R02,Room_Requested_Keyboard,Study 1,Continuous Room Navigation,Requested Feedback,Keyboard,0,1787856833.6515527,1787856897.2804916,2026-08-27T18:54:57.280492+00:00,63.62893891334534,548624.046,582,841274135900,0,0,0.0,0.0,0.0,0.0,0.0,0.0,0,0.0,0.0,0.0,0.0,0.0,0.0,0,0.0,0.0,0.0,0.0,0.0,0.0
P001,P001_S01,P001_S01_ST1ST_T01_R02,T01,R02,Room_Requested_Keyboard,Study 1,Continuous Room Navigation,Requested Feedback,Keyboard,0,1787856833.6515527,1787856897.382351,2026-08-27T18:54:57.382351+00:00,63.73079824447632,548624.156,583,841275160298,0,0,0.0,0.0,0.0,0.0,0.0,0.0,0,0.0,0.0,0.0,0.0,0.0,0.0,0,0.0,0.0,0.0,0.0,0.0,0.0
P001,P001_S01,P001_S01_ST1ST_T01_R02,T01,R02,Room_Requested_Keyboard,Study 1,Continuous Room Navigation,Requested Feedback,Keyboard,0,1787856833.6515527,1787856897.4839885,2026-08-27T18:54:57.483989+00:00,63.832435846328735,548624.25,584,841276175558,0,0,0.0,0.0,0.0,0.0,0.0,0.0,0,0.0,0.0,0.0,0.0,0.0,0.0,0,0.0,0.0,0.0,0.0,0.0,0.0
P001,P001_S01,P001_S01_ST1ST_T01_R02,T01,R02,Room_Requested_Keyboard,Study 1,Continuous Room Navigation,Requested Feedback,Keyboard,0,1787856833.6515527,1787856897.5990932,2026-08-27T18:54:57.599093+00:00,63.947540521621704,548624.375,585,841277333926,0,0,0.0,0.0,0.0,0.0,0.0,0.0,0,0.0,0.0,0.0,0.0,0.0,0.0,0,0.0,0.0,0.0,0.0,0.0,0.0
P001,P001_S01,P001_S01_ST1ST_T01_R02,T01,R02,Room_Requested_Keyboard,Study 1,Continuous Room Navigation,Requested Feedback,Keyboard,0,1787856833.6515527,1787856897.7041073,2026-08-27T18:54:57.704107+00:00,64.05255460739136,548624.468,586,841278378218,0,0,0.0,0.0,0.0,0.0,0.0,0.0,0,0.0,0.0,0.0,0.0,0.0,0.0,0,0.0,0.0,0.0,0.0,0.0,0.0
P001,P001_S01,P001_S01_ST1ST_T01_R02,T01,R02,Room_Requested_Keyboard,Study 1,Continuous Room Navigation,Requested Feedback,Keyboard,0,1787856833.6515527,1787856897.8141673,2026-08-27T18:54:57.814167+00:00,64.16261458396912,548624.578,587,841279474249,0,0,0.0,0.0,0.0,0.0,0.0,0.0,0,0.0,0.0,0.0,0.0,0.0,0.0,0,0.0,0.0,0.0,0.0,0.0,0.0
P001,P001_S01,P001_S01_ST1ST_T01_R02,T01,R02,Room_Requested_Keyboard,Study 1,Continuous Room Navigation,Requested Feedback,Keyboard,0,1787856833.6515527,1787856897.9201264,2026-08-27T18:54:57.920126+00:00,64.26857376098633,548624.687,588,841280533664,0,0,0.0,0.0,0.0,0.0,0.0,0.0,0,0.0,0.0,0.0,0.0,0.0,0.0,0,0.0,0.0,0.0,0.0,0.0,0.0
P001,P001_S01,P001_S01_ST1ST_T01_R02,T01,R02,Room_Requested_Keyboard,Study 1,Continuous Room Navigation,Requested Feedback,Keyboard,0,1787856833.6515527,1787856898.0265086,2026-08-27T18:54:58.026509+00:00,64.37495589256287,548624.796,589,841281577354,0,0,0.0,0.0,0.0,0.0,0.0,0.0,0,0.0,0.0,0.0,0.0,0.0,0.0,0,0.0,0.0,0.0,0.0,0.0,0.0
P001,P001_S01,P001_S01_ST1ST_T01_R02,T01,R02,Room_Requested_Keyboard,Study 1,Continuous Room Navigation,Requested Feedback,Keyboard,0,1787856833.6515527,1787856898.1343892,2026-08-27T18:54:58.134389+00:00,64.48283648490906,548624.906,590,841282677914,0,0,0.0,0.0,0.0,0.0,0.0,0.0,0,0.0,0.0,0.0,0.0,0.0,0.0,0,0.0,0.0,0.0,0.0,0.0,0.0
P001,P001_S01,P001_S01_ST1ST_T01_R02,T01,R02,Room_Requested_Keyboard,Study 1,Continuous Room Navigation,Requested Feedback,Keyboard,0,1787856833.6515527,1787856898.2466223,2026-08-27T18:54:58.246622+00:00,64.59506964683533,548625.015,591,841283800113,0,0,0.0,0.0,0.0,0.0,0.0,0.0,0,0.0,0.0,0.0,0.0,0.0,0.0,0,0.0,0.0,0.0,0.0,0.0,0.0
P001,P001_S01,P001_S01_ST1ST_T01_R02,T01,R02,Room_Requested_Keyboard,Study 1,Continuous Room Navigation,Requested Feedback,Keyboard,0,1787856833.6515527,1787856898.346193,2026-08-27T18:54:58.346193+00:00,64.69464039802551,548625.109,592,841284802624,0,0,0.0,0.0,0.0,0.0,0.0,0.0,0,0.0,0.0,0.0,0.0,0.0,0.0,0,0.0,0.0,0.0,0.0,0.0,0.0
P001,P001_S01,P001_S01_ST1ST_T01_R02,T01,R02,Room_Requested_Keyboard,Study 1,Continuous Room Navigation,Requested Feedback,Keyboard,0,1787856833.6515527,1787856898.5204074,2026-08-27T18:54:58.520407+00:00,64.86885476112366,548625.296,593,841285982304,0,0,0.0,0.0,0.0,0.0,0.0,0.0,0,0.0,0.0,0.0,0.0,0.0,0.0,0,0.0,0.0,0.0,0.0,0.0,0.0
P001,P001_S01,P001_S01_ST1ST_T01_R02,T01,R02,Room_Requested_Keyboard,Study 1,Continuous Room Navigation,Requested Feedback,Keyboard,0,1787856833.6515527,1787856898.5660748,2026-08-27T18:54:58.566075+00:00,64.91452217102051,548625.328,594,841286983454,0,0,0.0,0.0,0.0,0.0,0.0,0.0,0,0.0,0.0,0.0,0.0,0.0,0.0,0,0.0,0.0,0.0,0.0,0.0,0.0
P001,P001_S01,P001_S01_ST1ST_T01_R02,T01,R02,Room_Requested_Keyboard,Study 1,Continuous Room Navigation,Requested Feedback,Keyboard,0,1787856833.6515527,1787856898.7120996,2026-08-27T18:54:58.712100+00:00,65.060546875,548625.484,595,841287987363,0,0,0.0,0.0,0.0,0.0,0.0,0.0,0,0.0,0.0,0.0,0.0,0.0,0.0,0,0.0,0.0,0.0,0.0,0.0,0.0
P001,P001_S01,P001_S01_ST1ST_T01_R02,T01,R02,Room_Requested_Keyboard,Study 1,Continuous Room Navigation,Requested Feedback,Keyboard,0,1787856833.6515527,1787856898.7716134,2026-08-27T18:54:58.771613+00:00,65.12006068229675,548625.546,596,841289049807,0,0,0.0,0.0,0.0,0.0,0.0,0.0,0,0.0,0.0,0.0,0.0,0.0,0.0,0,0.0,0.0,0.0,0.0,0.0,0.0
P001,P001_S01,P001_S01_ST1ST_T01_R02,T01,R02,Room_Requested_Keyboard,Study 1,Continuous Room Navigation,Requested Feedback,Keyboard,0,1787856833.6515527,1787856898.8843796,2026-08-27T18:54:58.884380+00:00,65.2328269481659,548625.656,597,841290178750,0,0,0.0,0.0,0.0,0.0,0.0,0.0,0,0.0,0.0,0.0,0.0,0.0,0.0,0,0.0,0.0,0.0,0.0,0.0,0.0
P001,P001_S01,P001_S01_ST1ST_T01_R02,T01,R02,Room_Requested_Keyboard,Study 1,Continuous Room Navigation,Requested Feedback,Keyboard,0,1787856833.6515527,1787856899.003526,2026-08-27T18:54:59.003526+00:00,65.35197329521179,548625.765,598,841291375772,0,0,0.0,0.0,0.0,0.0,0.0,0.0,0,0.0,0.0,0.0,0.0,0.0,0.0,0,0.0,0.0,0.0,0.0,0.0,0.0
P001,P001_S01,P001_S01_ST1ST_T01_R02,T01,R02,Room_Requested_Keyboard,Study 1,Continuous Room Navigation,Requested Feedback,Keyboard,0,1787856833.6515527,1787856899.119867,2026-08-27T18:54:59.119867+00:00,65.46831440925598,548625.89,599,841292534879,0,0,0.0,0.0,0.0,0.0,0.0,0.0,0,0.0,0.0,0.0,0.0,0.0,0.0,0,0.0,0.0,0.0,0.0,0.0,0.0
P001,P001_S01,P001_S01_ST1ST_T01_R02,T01,R02,Room_Requested_Keyboard,Study 1,Continuous Room Navigation,Requested Feedback,Keyboard,0,1787856833.6515527,1787856899.224355,2026-08-27T18:54:59.224355+00:00,65.57280230522156,548626.0,600,841293578157,0,0,0.0,0.0,0.0,0.0,0.0,0.0,0,0.0,0.0,0.0,0.0,0.0,0.0,0,0.0,0.0,0.0,0.0,0.0,0.0
P001,P001_S01,P001_S01_ST1ST_T01_R02,T01,R02,Room_Requested_Keyboard,Study 1,Continuous Room Navigation,Requested Feedback,Keyboard,0,1787856833.6515527,1787856899.3382623,2026-08-27T18:54:59.338262+00:00,65.68670964241028,548626.109,601,841294698885,0,0,0.0,0.0,0.0,0.0,0.0,0.0,0,0.0,0.0,0.0,0.0,0.0,0.0,0,0.0,0.0,0.0,0.0,0.0,0.0
P001,P001_S01,P001_S01_ST1ST_T01_R02,T01,R02,Room_Requested_Keyboard,Study 1,Continuous Room Navigation,Requested Feedback,Keyboard,0,1787856833.6515527,1787856899.4443855,2026-08-27T18:54:59.444386+00:00,65.79283285140991,548626.218,602,841295774357,0,0,0.0,0.0,0.0,0.0,0.0,0.0,0,0.0,0.0,0.0,0.0,0.0,0.0,0,0.0,0.0,0.0,0.0,0.0,0.0
P001,P001_S01,P001_S01_ST1ST_T01_R02,T01,R02,Room_Requested_Keyboard,Study 1,Continuous Room Navigation,Requested Feedback,Keyboard,0,1787856833.6515527,1787856899.5556004,2026-08-27T18:54:59.555600+00:00,65.90404772758484,548626.328,603,841296875656,0,0,0.0,0.0,0.0,0.0,0.0,0.0,0,0.0,0.0,0.0,0.0,0.0,0.0,0,0.0,0.0,0.0,0.0,0.0,0.0
P001,P001_S01,P001_S01_ST1ST_T01_R02,T01,R02,Room_Requested_Keyboard,Study 1,Continuous Room Navigation,Requested Feedback,Keyboard,0,1787856833.6515527,1787856899.7022474,2026-08-27T18:54:59.702247+00:00,66.05069470405579,548626.468,604,841297983362,0,0,0.0,0.0,0.0,0.0,0.0,0.0,0,0.0,0.0,0.0,0.0,0.0,0.0,0,0.0,0.0,0.0,0.0,0.0,0.0
P001,P001_S01,P001_S01_ST1ST_T01_R02,T01,R02,Room_Requested_Keyboard,Study 1,Continuous Room Navigation,Requested Feedback,Keyboard,0,1787856833.6515527,1787856899.7747495,2026-08-27T18:54:59.774750+00:00,66.12319684028625,548626.546,605,841299083763,0,0,0.0,0.0,0.0,0.0,0.0,0.0,0,0.0,0.0,0.0,0.0,0.0,0.0,0,0.0,0.0,0.0,0.0,0.0,0.0
P001,P001_S01,P001_S01_ST1ST_T01_R02,T01,R02,Room_Requested_Keyboard,Study 1,Continuous Room Navigation,Requested Feedback,Keyboard,0,1787856833.6515527,1787856899.8940384,2026-08-27T18:54:59.894038+00:00,66.24248576164246,548626.656,606,841300275918,0,0,0.0,0.0,0.0,0.0,0.0,0.0,0,0.0,0.0,0.0,0.0,0.0,0.0,0,0.0,0.0,0.0,0.0,0.0,0.0
P001,P001_S01,P001_S01_ST1ST_T01_R02,T01,R02,Room_Requested_Keyboard,Study 1,Continuous Room Navigation,Requested Feedback,Keyboard,0,1787856833.6515527,1787856899.9982107,2026-08-27T18:54:59.998211+00:00,66.3466579914093,548626.765,607,841301306790,0,0,0.0,0.0,0.0,0.0,0.0,0.0,0,0.0,0.0,0.0,0.0,0.0,0.0,0,0.0,0.0,0.0,0.0,0.0,0.0
P001,P001_S01,P001_S01_ST1ST_T01_R02,T01,R02,Room_Requested_Keyboard,Study 1,Continuous Room Navigation,Requested Feedback,Keyboard,0,1787856833.6515527,1787856900.1457253,2026-08-27T18:55:00.145725+00:00,66.4941725730896,548626.921,608,841302376697,0,0,0.0,0.0,0.0,0.0,0.0,0.0,0,0.0,0.0,0.0,0.0,0.0,0.0,0,0.0,0.0,0.0,0.0,0.0,0.0
P001,P001_S01,P001_S01_ST1ST_T01_R02,T01,R02,Room_Requested_Keyboard,Study 1,Continuous Room Navigation,Requested Feedback,Keyboard,0,1787856833.6515527,1787856900.214108,2026-08-27T18:55:00.214108+00:00,66.56255531311035,548626.984,609,841303479912,0,0,0.0,0.0,0.0,0.0,0.0,0.0,0,0.0,0.0,0.0,0.0,0.0,0.0,0,0.0,0.0,0.0,0.0,0.0,0.0
P001,P001_S01,P001_S01_ST1ST_T01_R02,T01,R02,Room_Requested_Keyboard,Study 1,Continuous Room Navigation,Requested Feedback,Keyboard,0,1787856833.6515527,1787856900.321701,2026-08-27T18:55:00.321701+00:00,66.67014837265015,548627.093,610,841304535505,0,0,0.0,0.0,0.0,0.0,0.0,0.0,0,0.0,0.0,0.0,0.0,0.0,0.0,0,0.0,0.0,0.0,0.0,0.0,0.0
P001,P001_S01,P001_S01_ST1ST_T01_R02,T01,R02,Room_Requested_Keyboard,Study 1,Continuous Room Navigation,Requested Feedback,Keyboard,0,1787856833.6515527,1787856900.4697149,2026-08-27T18:55:00.469715+00:00,66.81816220283508,548627.234,611,841305575307,0,0,0.0,0.0,0.0,0.0,0.0,0.0,0,0.0,0.0,0.0,0.0,0.0,0.0,0,0.0,0.0,0.0,0.0,0.0,0.0
P001,P001_S01,P001_S01_ST1ST_T01_R02,T01,R02,Room_Requested_Keyboard,Study 1,Continuous Room Navigation,Requested Feedback,Keyboard,0,1787856833.6515527,1787856900.5446632,2026-08-27T18:55:00.544663+00:00,66.89311051368713,548627.312,612,841306778141,0,0,0.0,0.0,0.0,0.0,0.0,0.0,0,0.0,0.0,0.0,0.0,0.0,0.0,0,0.0,0.0,0.0,0.0,0.0,0.0
P001,P001_S01,P001_S01_ST1ST_T01_R02,T01,R02,Room_Requested_Keyboard,Study 1,Continuous Room Navigation,Requested Feedback,Keyboard,0,1787856833.6515527,1787856900.6656818,2026-08-27T18:55:00.665682+00:00,67.01412916183472,548627.437,613,841307988062,0,0,0.0,0.0,0.0,0.0,0.0,0.0,0,0.0,0.0,0.0,0.0,0.0,0.0,0,0.0,0.0,0.0,0.0,0.0,0.0
P001,P001_S01,P001_S01_ST1ST_T01_R02,T01,R02,Room_Requested_Keyboard,Study 1,Continuous Room Navigation,Requested Feedback,Keyboard,0,1787856833.6515527,1787856900.7680874,2026-08-27T18:55:00.768087+00:00,67.11653470993042,548627.531,614,841309004757,0,0,0.0,0.0,0.0,0.0,0.0,0.0,0,0.0,0.0,0.0,0.0,0.0,0.0,0,0.0,0.0,0.0,0.0,0.0,0.0
P001,P001_S01,P001_S01_ST1ST_T01_R02,T01,R02,Room_Requested_Keyboard,Study 1,Continuous Room Navigation,Requested Feedback,Keyboard,0,1787856833.6515527,1787856900.8991015,2026-08-27T18:55:00.899101+00:00,67.24754881858826,548627.671,615,841310175368,0,0,0.0,0.0,0.0,0.0,0.0,0.0,0,0.0,0.0,0.0,0.0,0.0,0.0,0,0.0,0.0,0.0,0.0,0.0,0.0
P001,P001_S01,P001_S01_ST1ST_T01_R02,T01,R02,Room_Requested_Keyboard,Study 1,Continuous Room Navigation,Requested Feedback,Keyboard,0,1787856833.6515527,1787856900.9866111,2026-08-27T18:55:00.986611+00:00,67.33505845069885,548627.75,616,841311180958,0,0,0.0,0.0,0.0,0.0,0.0,0.0,0,0.0,0.0,0.0,0.0,0.0,0.0,0,0.0,0.0,0.0,0.0,0.0,0.0
P001,P001_S01,P001_S01_ST1ST_T01_R02,T01,R02,Room_Requested_Keyboard,Study 1,Continuous Room Navigation,Requested Feedback,Keyboard,0,1787856833.6515527,1787856901.1008272,2026-08-27T18:55:01.100827+00:00,67.44927453994751,548627.875,617,841312332488,0,0,0.0,0.0,0.0,0.0,0.0,0.0,0,0.0,0.0,0.0,0.0,0.0,0.0,0,0.0,0.0,0.0,0.0,0.0,0.0
P001,P001_S01,P001_S01_ST1ST_T01_R02,T01,R02,Room_Requested_Keyboard,Study 1,Continuous Room Navigation,Requested Feedback,Keyboard,0,1787856833.6515527,1787856901.203758,2026-08-27T18:55:01.203758+00:00,67.55220532417297,548627.968,618,841313375433,0,0,0.0,0.0,0.0,0.0,0.0,0.0,0,0.0,0.0,0.0,0.0,0.0,0.0,0,0.0,0.0,0.0,0.0,0.0,0.0
P001,P001_S01,P001_S01_ST1ST_T01_R02,T01,R02,Room_Requested_Keyboard,Study 1,Continuous Room Navigation,Requested Feedback,Keyboard,0,1787856833.6515527,1787856901.3036823,2026-08-27T18:55:01.303682+00:00,67.65212965011597,548628.078,619,841314377342,0,0,0.0,0.0,0.0,0.0,0.0,0.0,0,0.0,0.0,0.0,0.0,0.0,0.0,0,0.0,0.0,0.0,0.0,0.0,0.0
P001,P001_S01,P001_S01_ST1ST_T01_R02,T01,R02,Room_Requested_Keyboard,Study 1,Continuous Room Navigation,Requested Feedback,Keyboard,0,1787856833.6515527,1787856901.4255557,2026-08-27T18:55:01.425556+00:00,67.77400302886963,548628.187,620,841315576855,0,0,0.0,0.0,0.0,0.0,0.0,0.0,0,0.0,0.0,0.0,0.0,0.0,0.0,0,0.0,0.0,0.0,0.0,0.0,0.0
P001,P001_S01,P001_S01_ST1ST_T01_R02,T01,R02,Room_Requested_Keyboard,Study 1,Continuous Room Navigation,Requested Feedback,Keyboard,0,1787856833.6515527,1787856901.564071,2026-08-27T18:55:01.564071+00:00,67.91251826286316,548628.328,621,841316676549,0,0,0.0,0.0,0.0,0.0,0.0,0.0,0,0.0,0.0,0.0,0.0,0.0,0.0,0,0.0,0.0,0.0,0.0,0.0,0.0
P001,P001_S01,P001_S01_ST1ST_T01_R02,T01,R02,Room_Requested_Keyboard,Study 1,Continuous Room Navigation,Requested Feedback,Keyboard,0,1787856833.6515527,1787856901.6344483,2026-08-27T18:55:01.634448+00:00,67.98289561271667,548628.406,622,841317677637,0,0,0.0,0.0,0.0,0.0,0.0,0.0,0,0.0,0.0,0.0,0.0,0.0,0.0,0,0.0,0.0,0.0,0.0,0.0,0.0
P001,P001_S01,P001_S01_ST1ST_T01_R02,T01,R02,Room_Requested_Keyboard,Study 1,Continuous Room Navigation,Requested Feedback,Keyboard,0,1787856833.6515527,1787856901.734963,2026-08-27T18:55:01.734963+00:00,68.08341026306152,548628.5,623,841318681637,0,0,0.0,0.0,0.0,0.0,0.0,0.0,0,0.0,0.0,0.0,0.0,0.0,0.0,0,0.0,0.0,0.0,0.0,0.0,0.0
P001,P001_S01,P001_S01_ST1ST_T01_R02,T01,R02,Room_Requested_Keyboard,Study 1,Continuous Room Navigation,Requested Feedback,Keyboard,0,1787856833.6515527,1787856901.844191,2026-08-27T18:55:01.844191+00:00,68.1926383972168,548628.609,624,841319780108,0,0,0.0,0.0,0.0,0.0,0.0,0.0,0,0.0,0.0,0.0,0.0,0.0,0.0,0,0.0,0.0,0.0,0.0,0.0,0.0
P001,P001_S01,P001_S01_ST1ST_T01_R02,T01,R02,Room_Requested_Keyboard,Study 1,Continuous Room Navigation,Requested Feedback,Keyboard,0,1787856833.6515527,1787856901.9969833,2026-08-27T18:55:01.996983+00:00,68.34543061256409,548628.765,625,841321004477,0,0,0.0,0.0,0.0,0.0,0.0,0.0,0,0.0,0.0,0.0,0.0,0.0,0.0,0,0.0,0.0,0.0,0.0,0.0,0.0
P001,P001_S01,P001_S01_ST1ST_T01_R02,T01,R02,Room_Requested_Keyboard,Study 1,Continuous Room Navigation,Requested Feedback,Keyboard,0,1787856833.6515527,1787856902.0864909,2026-08-27T18:55:02.086491+00:00,68.43493819236755,548628.859,626,841322175513,0,0,0.0,0.0,0.0,0.0,0.0,0.0,0,0.0,0.0,0.0,0.0,0.0,0.0,0,0.0,0.0,0.0,0.0,0.0,0.0
P001,P001_S01,P001_S01_ST1ST_T01_R02,T01,R02,Room_Requested_Keyboard,Study 1,Continuous Room Navigation,Requested Feedback,Keyboard,0,1787856833.6515527,1787856902.1867497,2026-08-27T18:55:02.186750+00:00,68.53519701957703,548628.953,627,841323179498,0,0,0.0,0.0,0.0,0.0,0.0,0.0,0,0.0,0.0,0.0,0.0,0.0,0.0,0,0.0,0.0,0.0,0.0,0.0,0.0
P001,P001_S01,P001_S01_ST1ST_T01_R02,T01,R02,Room_Requested_Keyboard,Study 1,Continuous Room Navigation,Requested Feedback,Keyboard,0,1787856833.6515527,1787856902.3553271,2026-08-27T18:55:02.355327+00:00,68.70377445220947,548629.125,628,841324378815,0,0,0.0,0.0,0.0,0.0,0.0,0.0,0,0.0,0.0,0.0,0.0,0.0,0.0,0,0.0,0.0,0.0,0.0,0.0,0.0
P001,P001_S01,P001_S01_ST1ST_T01_R02,T01,R02,Room_Requested_Keyboard,Study 1,Continuous Room Navigation,Requested Feedback,Keyboard,0,1787856833.6515527,1787856902.4248512,2026-08-27T18:55:02.424851+00:00,68.77329850196838,548629.187,629,841325586475,0,0,0.0,0.0,0.0,0.0,0.0,0.0,0,0.0,0.0,0.0,0.0,0.0,0.0,0,0.0,0.0,0.0,0.0,0.0,0.0
P001,P001_S01,P001_S01_ST1ST_T01_R02,T01,R02,Room_Requested_Keyboard,Study 1,Continuous Room Navigation,Requested Feedback,Keyboard,0,1787856833.6515527,1787856902.5343468,2026-08-27T18:55:02.534347+00:00,68.88279414176941,548629.296,630,841326675610,0,0,0.0,0.0,0.0,0.0,0.0,0.0,0,0.0,0.0,0.0,0.0,0.0,0.0,0,0.0,0.0,0.0,0.0,0.0,0.0
P001,P001_S01,P001_S01_ST1ST_T01_R02,T01,R02,Room_Requested_Keyboard,Study 1,Continuous Room Navigation,Requested Feedback,Keyboard,0,1787856833.6515527,1787856902.6592302,2026-08-27T18:55:02.659230+00:00,69.00767755508423,548629.421,631,841327838101,0,0,0.0,0.0,0.0,0.0,0.0,0.0,0,0.0,0.0,0.0,0.0,0.0,0.0,0,0.0,0.0,0.0,0.0,0.0,0.0
P001,P001_S01,P001_S01_ST1ST_T01_R02,T01,R02,Room_Requested_Keyboard,Study 1,Continuous Room Navigation,Requested Feedback,Keyboard,0,1787856833.6515527,1787856902.7622392,2026-08-27T18:55:02.762239+00:00,69.11068654060364,548629.531,632,841328855636,0,0,0.0,0.0,0.0,0.0,0.0,0.0,0,0.0,0.0,0.0,0.0,0.0,0.0,0,0.0,0.0,0.0,0.0,0.0,0.0
P001,P001_S01,P001_S01_ST1ST_T01_R02,T01,R02,Room_Requested_Keyboard,Study 1,Continuous Room Navigation,Requested Feedback,Keyboard,0,1787856833.6515527,1787856902.865377,2026-08-27T18:55:02.865377+00:00,69.21382427215576,548629.64,633,841329982110,0,0,0.0,0.0,0.0,0.0,0.0,0.0,0,0.0,0.0,0.0,0.0,0.0,0.0,0,0.0,0.0,0.0,0.0,0.0,0.0
P001,P001_S01,P001_S01_ST1ST_T01_R02,T01,R02,Room_Requested_Keyboard,Study 1,Continuous Room Navigation,Requested Feedback,Keyboard,0,1787856833.6515527,1787856902.9673896,2026-08-27T18:55:02.967390+00:00,69.3158369064331,548629.734,634,841331010301,0,0,0.0,0.0,0.0,0.0,0.0,0.0,0,0.0,0.0,0.0,0.0,0.0,0.0,0,0.0,0.0,0.0,0.0,0.0,0.0
P001,P001_S01,P001_S01_ST1ST_T01_R02,T01,R02,Room_Requested_Keyboard,Study 1,Continuous Room Navigation,Requested Feedback,Keyboard,0,1787856833.6515527,1787856903.0834007,2026-08-27T18:55:03.083401+00:00,69.43184804916382,548629.859,635,841332166587,0,0,0.0,0.0,0.0,0.0,0.0,0.0,0,0.0,0.0,0.0,0.0,0.0,0.0,0,0.0,0.0,0.0,0.0,0.0,0.0
P001,P001_S01,P001_S01_ST1ST_T01_R02,T01,R02,Room_Requested_Keyboard,Study 1,Continuous Room Navigation,Requested Feedback,Keyboard,0,1787856833.6515527,1787856903.1874297,2026-08-27T18:55:03.187430+00:00,69.53587698936462,548629.953,636,841333176514,0,0,0.0,0.0,0.0,0.0,0.0,0.0,0,0.0,0.0,0.0,0.0,0.0,0.0,0,0.0,0.0,0.0,0.0,0.0,0.0
P001,P001_S01,P001_S01_ST1ST_T01_R02,T01,R02,Room_Requested_Keyboard,Study 1,Continuous Room Navigation,Requested Feedback,Keyboard,0,1787856833.6515527,1787856903.2957175,2026-08-27T18:55:03.295717+00:00,69.64416480064392,548630.062,637,841334294326,0,0,0.0,0.0,0.0,0.0,0.0,0.0,0,0.0,0.0,0.0,0.0,0.0,0.0,0,0.0,0.0,0.0,0.0,0.0,0.0
P001,P001_S01,P001_S01_ST1ST_T01_R02,T01,R02,Room_Requested_Keyboard,Study 1,Continuous Room Navigation,Requested Feedback,Keyboard,0,1787856833.6515527,1787856903.4502256,2026-08-27T18:55:03.450226+00:00,69.798672914505,548630.218,638,841335319422,0,0,0.0,0.0,0.0,0.0,0.0,0.0,0,0.0,0.0,0.0,0.0,0.0,0.0,0,0.0,0.0,0.0,0.0,0.0,0.0
P001,P001_S01,P001_S01_ST1ST_T01_R02,T01,R02,Room_Requested_Keyboard,Study 1,Continuous Room Navigation,Requested Feedback,Keyboard,0,1787856833.6515527,1787856903.5045784,2026-08-27T18:55:03.504578+00:00,69.85302567481995,548630.281,639,841336380535,0,0,0.0,0.0,0.0,0.0,0.0,0.0,0,0.0,0.0,0.0,0.0,0.0,0.0,0,0.0,0.0,0.0,0.0,0.0,0.0
P001,P001_S01,P001_S01_ST1ST_T01_R02,T01,R02,Room_Requested_Keyboard,Study 1,Continuous Room Navigation,Requested Feedback,Keyboard,0,1787856833.6515527,1787856903.6134036,2026-08-27T18:55:03.613404+00:00,69.96185088157654,548630.39,640,841337460315,0,0,0.0,0.0,0.0,0.0,0.0,0.0,0,0.0,0.0,0.0,0.0,0.0,0.0,0,0.0,0.0,0.0,0.0,0.0,0.0
P001,P001_S01,P001_S01_ST1ST_T01_R02,T01,R02,Room_Requested_Keyboard,Study 1,Continuous Room Navigation,Requested Feedback,Keyboard,0,1787856833.6515527,1787856903.7774305,2026-08-27T18:55:03.777431+00:00,70.12587785720825,548630.546,641,841338520172,0,0,0.0,0.0,0.0,0.0,0.0,0.0,0,0.0,0.0,0.0,0.0,0.0,0.0,0,0.0,0.0,0.0,0.0,0.0,0.0
P001,P001_S01,P001_S01_ST1ST_T01_R02,T01,R02,Room_Requested_Keyboard,Study 1,Continuous Room Navigation,Requested Feedback,Keyboard,0,1787856833.6515527,1787856903.8244328,2026-08-27T18:55:03.824433+00:00,70.17288017272949,548630.593,642,841339576300,0,0,0.0,0.0,0.0,0.0,0.0,0.0,0,0.0,0.0,0.0,0.0,0.0,0.0,0,0.0,0.0,0.0,0.0,0.0,0.0
P001,P001_S01,P001_S01_ST1ST_T01_R02,T01,R02,Room_Requested_Keyboard,Study 1,Continuous Room Navigation,Requested Feedback,Keyboard,0,1787856833.6515527,1787856903.9339678,2026-08-27T18:55:03.933968+00:00,70.28241515159607,548630.703,643,841340679184,0,0,0.0,0.0,0.0,0.0,0.0,0.0,0,0.0,0.0,0.0,0.0,0.0,0.0,0,0.0,0.0,0.0,0.0,0.0,0.0
P001,P001_S01,P001_S01_ST1ST_T01_R02,T01,R02,Room_Requested_Keyboard,Study 1,Continuous Room Navigation,Requested Feedback,Keyboard,0,1787856833.6515527,1787856904.0434809,2026-08-27T18:55:04.043481+00:00,70.39192819595337,548630.812,644,841341775660,0,0,0.0,0.0,0.0,0.0,0.0,0.0,0,0.0,0.0,0.0,0.0,0.0,0.0,0,0.0,0.0,0.0,0.0,0.0,0.0
P001,P001_S01,P001_S01_ST1ST_T01_R02,T01,R02,Room_Requested_Keyboard,Study 1,Continuous Room Navigation,Requested Feedback,Keyboard,0,1787856833.6515527,1787856904.1509964,2026-08-27T18:55:04.150996+00:00,70.49944376945496,548630.921,645,841342841437,0,0,0.0,0.0,0.0,0.0,0.0,0.0,0,0.0,0.0,0.0,0.0,0.0,0.0,0,0.0,0.0,0.0,0.0,0.0,0.0
P001,P001_S01,P001_S01_ST1ST_T01_R02,T01,R02,Room_Requested_Keyboard,Study 1,Continuous Room Navigation,Requested Feedback,Keyboard,0,1787856833.6515527,1787856904.2653873,2026-08-27T18:55:04.265387+00:00,70.6138346195221,548631.031,646,841343987728,0,0,0.0,0.0,0.0,0.0,0.0,0.0,0,0.0,0.0,0.0,0.0,0.0,0.0,0,0.0,0.0,0.0,0.0,0.0,0.0
P001,P001_S01,P001_S01_ST1ST_T01_R02,T01,R02,Room_Requested_Keyboard,Study 1,Continuous Room Navigation,Requested Feedback,Keyboard,0,1787856833.6515527,1787856904.4080186,2026-08-27T18:55:04.408019+00:00,70.75646591186523,548631.171,647,841344987755,0,0,0.0,0.0,0.0,0.0,0.0,0.0,0,0.0,0.0,0.0,0.0,0.0,0.0,0,0.0,0.0,0.0,0.0,0.0,0.0
P001,P001_S01,P001_S01_ST1ST_T01_R02,T01,R02,Room_Requested_Keyboard,Study 1,Continuous Room Navigation,Requested Feedback,Keyboard,0,1787856833.6515527,1787856904.4735315,2026-08-27T18:55:04.473531+00:00,70.82197880744934,548631.25,648,841346006047,0,0,0.0,0.0,0.0,0.0,0.0,0.0,0,0.0,0.0,0.0,0.0,0.0,0.0,0,0.0,0.0,0.0,0.0,0.0,0.0
P001,P001_S01,P001_S01_ST1ST_T01_R02,T01,R02,Room_Requested_Keyboard,Study 1,Continuous Room Navigation,Requested Feedback,Keyboard,0,1787856833.6515527,1787856904.5676043,2026-08-27T18:55:04.567604+00:00,70.91605162620544,548631.343,649,841347009326,0,0,0.0,0.0,0.0,0.0,0.0,0.0,0,0.0,0.0,0.0,0.0,0.0,0.0,0,0.0,0.0,0.0,0.0,0.0,0.0
P001,P001_S01,P001_S01_ST1ST_T01_R02,T01,R02,Room_Requested_Keyboard,Study 1,Continuous Room Navigation,Requested Feedback,Keyboard,0,1787856833.6515527,1787856904.674647,2026-08-27T18:55:04.674647+00:00,71.02309441566467,548631.437,650,841348080756,0,0,0.0,0.0,0.0,0.0,0.0,0.0,0,0.0,0.0,0.0,0.0,0.0,0.0,0,0.0,0.0,0.0,0.0,0.0,0.0
P001,P001_S01,P001_S01_ST1ST_T01_R02,T01,R02,Room_Requested_Keyboard,Study 1,Continuous Room Navigation,Requested Feedback,Keyboard,0,1787856833.6515527,1787856904.7751546,2026-08-27T18:55:04.775155+00:00,71.12360191345215,548631.546,651,841349090527,0,0,0.0,0.0,0.0,0.0,0.0,0.0,0,0.0,0.0,0.0,0.0,0.0,0.0,0,0.0,0.0,0.0,0.0,0.0,0.0
P001,P001_S01,P001_S01_ST1ST_T01_R02,T01,R02,Room_Requested_Keyboard,Study 1,Continuous Room Navigation,Requested Feedback,Keyboard,0,1787856833.6515527,1787856904.8765504,2026-08-27T18:55:04.876550+00:00,71.22499775886536,548631.64,652,841350091246,0,0,0.0,0.0,0.0,0.0,0.0,0.0,0,0.0,0.0,0.0,0.0,0.0,0.0,0,0.0,0.0,0.0,0.0,0.0,0.0
P001,P001_S01,P001_S01_ST1ST_T01_R02,T01,R02,Room_Requested_Keyboard,Study 1,Continuous Room Navigation,Requested Feedback,Keyboard,0,1787856833.6515527,1787856904.98406,2026-08-27T18:55:04.984060+00:00,71.33250737190247,548631.75,653,841351173407,0,0,0.0,0.0,0.0,0.0,0.0,0.0,0,0.0,0.0,0.0,0.0,0.0,0.0,0,0.0,0.0,0.0,0.0,0.0,0.0
P001,P001_S01,P001_S01_ST1ST_T01_R02,T01,R02,Room_Requested_Keyboard,Study 1,Continuous Room Navigation,Requested Feedback,Keyboard,0,1787856833.6515527,1787856905.1355824,2026-08-27T18:55:05.135582+00:00,71.48402976989746,548631.906,654,841352181137,0,0,0.0,0.0,0.0,0.0,0.0,0.0,0,0.0,0.0,0.0,0.0,0.0,0.0,0,0.0,0.0,0.0,0.0,0.0,0.0
P001,P001_S01,P001_S01_ST1ST_T01_R02,T01,R02,Room_Requested_Keyboard,Study 1,Continuous Room Navigation,Requested Feedback,Keyboard,0,1787856833.6515527,1787856905.2051015,2026-08-27T18:55:05.205101+00:00,71.55354881286621,548631.968,655,841353380166,0,0,0.0,0.0,0.0,0.0,0.0,0.0,0,0.0,0.0,0.0,0.0,0.0,0.0,0,0.0,0.0,0.0,0.0,0.0,0.0
P001,P001_S01,P001_S01_ST1ST_T01_R02,T01,R02,Room_Requested_Keyboard,Study 1,Continuous Room Navigation,Requested Feedback,Keyboard,0,1787856833.6515527,1787856905.362624,2026-08-27T18:55:05.362624+00:00,71.71107125282288,548632.125,656,841354510020,0,0,0.0,0.0,0.0,0.0,0.0,0.0,0,0.0,0.0,0.0,0.0,0.0,0.0,0,0.0,0.0,0.0,0.0,0.0,0.0
P001,P001_S01,P001_S01_ST1ST_T01_R02,T01,R02,Room_Requested_Keyboard,Study 1,Continuous Room Navigation,Requested Feedback,Keyboard,0,1787856833.6515527,1787856905.434136,2026-08-27T18:55:05.434136+00:00,71.78258323669434,548632.203,657,841355677994,0,0,0.0,0.0,0.0,0.0,0.0,0.0,0,0.0,0.0,0.0,0.0,0.0,0.0,0,0.0,0.0,0.0,0.0,0.0,0.0
P001,P001_S01,P001_S01_ST1ST_T01_R02,T01,R02,Room_Requested_Keyboard,Study 1,Continuous Room Navigation,Requested Feedback,Keyboard,0,1787856833.6515527,1787856905.5656545,2026-08-27T18:55:05.565655+00:00,71.91410183906555,548632.328,658,841356681218,0,0,0.0,0.0,0.0,0.0,0.0,0.0,0,0.0,0.0,0.0,0.0,0.0,0.0,0,0.0,0.0,0.0,0.0,0.0,0.0
P001,P001_S01,P001_S01_ST1ST_T01_R02,T01,R02,Room_Requested_Keyboard,Study 1,Continuous Room Navigation,Requested Feedback,Keyboard,0,1787856833.6515527,1787856905.6996753,2026-08-27T18:55:05.699675+00:00,72.04812264442444,548632.468,659,841357775800,0,0,0.0,0.0,0.0,0.0,0.0,0.0,0,0.0,0.0,0.0,0.0,0.0,0.0,0,0.0,0.0,0.0,0.0,0.0,0.0
P001,P001_S01,P001_S01_ST1ST_T01_R02,T01,R02,Room_Requested_Keyboard,Study 1,Continuous Room Navigation,Requested Feedback,Keyboard,0,1787856833.6515527,1787856905.7861865,2026-08-27T18:55:05.786186+00:00,72.13463377952576,548632.562,660,841358782683,0,0,0.0,0.0,0.0,0.0,0.0,0.0,0,0.0,0.0,0.0,0.0,0.0,0.0,0,0.0,0.0,0.0,0.0,0.0,0.0
P001,P001_S01,P001_S01_ST1ST_T01_R02,T01,R02,Room_Requested_Keyboard,Study 1,Continuous Room Navigation,Requested Feedback,Keyboard,0,1787856833.6515527,1787856905.9177005,2026-08-27T18:55:05.917701+00:00,72.26614785194397,548632.687,661,841359906935,0,0,0.0,0.0,0.0,0.0,0.0,0.0,0,0.0,0.0,0.0,0.0,0.0,0.0,0,0.0,0.0,0.0,0.0,0.0,0.0
P001,P001_S01,P001_S01_ST1ST_T01_R02,T01,R02,Room_Requested_Keyboard,Study 1,Continuous Room Navigation,Requested Feedback,Keyboard,0,1787856833.6515527,1787856905.9822114,2026-08-27T18:55:05.982211+00:00,72.33065867424011,548632.75,662,841361025138,0,0,0.0,0.0,0.0,0.0,0.0,0.0,0,0.0,0.0,0.0,0.0,0.0,0.0,0,0.0,0.0,0.0,0.0,0.0,0.0
P001,P001_S01,P001_S01_ST1ST_T01_R02,T01,R02,Room_Requested_Keyboard,Study 1,Continuous Room Navigation,Requested Feedback,Keyboard,0,1787856833.6515527,1787856906.0737245,2026-08-27T18:55:06.073725+00:00,72.42217183113098,548632.843,663,841362079376,0,0,0.0,0.0,0.0,0.0,0.0,0.0,0,0.0,0.0,0.0,0.0,0.0,0.0,0,0.0,0.0,0.0,0.0,0.0,0.0
P001,P001_S01,P001_S01_ST1ST_T01_R02,T01,R02,Room_Requested_Keyboard,Study 1,Continuous Room Navigation,Requested Feedback,Keyboard,0,1787856833.6515527,1787856906.179245,2026-08-27T18:55:06.179245+00:00,72.52769231796265,548632.953,664,841363128111,0,0,0.0,0.0,0.0,0.0,0.0,0.0,0,0.0,0.0,0.0,0.0,0.0,0.0,0,0.0,0.0,0.0,0.0,0.0,0.0
P001,P001_S01,P001_S01_ST1ST_T01_R02,T01,R02,Room_Requested_Keyboard,Study 1,Continuous Room Navigation,Requested Feedback,Keyboard,0,1787856833.6515527,1787856906.2856297,2026-08-27T18:55:06.285630+00:00,72.63407707214355,548633.062,665,841364176441,0,0,0.0,0.0,0.0,0.0,0.0,0.0,0,0.0,0.0,0.0,0.0,0.0,0.0,0,0.0,0.0,0.0,0.0,0.0,0.0
P001,P001_S01,P001_S01_ST1ST_T01_R02,T01,R02,Room_Requested_Keyboard,Study 1,Continuous Room Navigation,Requested Feedback,Keyboard,0,1787856833.6515527,1787856906.3844752,2026-08-27T18:55:06.384475+00:00,72.73292255401611,548633.156,666,841365181595,0,0,0.0,0.0,0.0,0.0,0.0,0.0,0,0.0,0.0,0.0,0.0,0.0,0.0,0,0.0,0.0,0.0,0.0,0.0,0.0
P001,P001_S01,P001_S01_ST1ST_T01_R02,T01,R02,Room_Requested_Keyboard,Study 1,Continuous Room Navigation,Requested Feedback,Keyboard,0,1787856833.6515527,1787856906.493998,2026-08-27T18:55:06.493998+00:00,72.84244537353516,548633.265,667,841366281435,0,0,0.0,0.0,0.0,0.0,0.0,0.0,0,0.0,0.0,0.0,0.0,0.0,0.0,0,0.0,0.0,0.0,0.0,0.0,0.0
P001,P001_S01,P001_S01_ST1ST_T01_R02,T01,R02,Room_Requested_Keyboard,Study 1,Continuous Room Navigation,Requested Feedback,Keyboard,0,1787856833.6515527,1787856906.6615076,2026-08-27T18:55:06.661508+00:00,73.0099549293518,548633.437,668,841367380516,0,0,0.0,0.0,0.0,0.0,0.0,0.0,0,0.0,0.0,0.0,0.0,0.0,0.0,0,0.0,0.0,0.0,0.0,0.0,0.0
P001,P001_S01,P001_S01_ST1ST_T01_R02,T01,R02,Room_Requested_Keyboard,Study 1,Continuous Room Navigation,Requested Feedback,Keyboard,0,1787856833.6515527,1787856906.7380192,2026-08-27T18:55:06.738019+00:00,73.08646655082703,548633.5,669,841368497499,0,0,0.0,0.0,0.0,0.0,0.0,0.0,0,0.0,0.0,0.0,0.0,0.0,0.0,0,0.0,0.0,0.0,0.0,0.0,0.0
P001,P001_S01,P001_S01_ST1ST_T01_R02,T01,R02,Room_Requested_Keyboard,Study 1,Continuous Room Navigation,Requested Feedback,Keyboard,0,1787856833.6515527,1787856906.8355308,2026-08-27T18:55:06.835531+00:00,73.18397808074951,548633.609,670,841369686078,0,0,0.0,0.0,0.0,0.0,0.0,0.0,0,0.0,0.0,0.0,0.0,0.0,0.0,0,0.0,0.0,0.0,0.0,0.0,0.0
P001,P001_S01,P001_S01_ST1ST_T01_R02,T01,R02,Room_Requested_Keyboard,Study 1,Continuous Room Navigation,Requested Feedback,Keyboard,0,1787856833.6515527,1787856906.9360504,2026-08-27T18:55:06.936050+00:00,73.28449773788452,548633.703,671,841370698149,0,0,0.0,0.0,0.0,0.0,0.0,0.0,0,0.0,0.0,0.0,0.0,0.0,0.0,0,0.0,0.0,0.0,0.0,0.0,0.0
P001,P001_S01,P001_S01_ST1ST_T01_R02,T01,R02,Room_Requested_Keyboard,Study 1,Continuous Room Navigation,Requested Feedback,Keyboard,0,1787856833.6515527,1787856907.090079,2026-08-27T18:55:07.090079+00:00,73.43852639198303,548633.859,672,841371782351,0,0,0.0,0.0,0.0,0.0,0.0,0.0,0,0.0,0.0,0.0,0.0,0.0,0.0,0,0.0,0.0,0.0,0.0,0.0,0.0
P001,P001_S01,P001_S01_ST1ST_T01_R02,T01,R02,Room_Requested_Keyboard,Study 1,Continuous Room Navigation,Requested Feedback,Keyboard,0,1787856833.6515527,1787856907.2135854,2026-08-27T18:55:07.213585+00:00,73.56203269958496,548633.984,673,841372855751,0,0,0.0,0.0,0.0,0.0,0.0,0.0,0,0.0,0.0,0.0,0.0,0.0,0.0,0,0.0,0.0,0.0,0.0,0.0,0.0
P001,P001_S01,P001_S01_ST1ST_T01_R02,T01,R02,Room_Requested_Keyboard,Study 1,Continuous Room Navigation,Requested Feedback,Keyboard,0,1787856833.6515527,1787856907.2840958,2026-08-27T18:55:07.284096+00:00,73.63254308700562,548634.046,674,841373899937,0,0,0.0,0.0,0.0,0.0,0.0,0.0,0,0.0,0.0,0.0,0.0,0.0,0.0,0,0.0,0.0,0.0,0.0,0.0,0.0
P001,P001_S01,P001_S01_ST1ST_T01_R02,T01,R02,Room_Requested_Keyboard,Study 1,Continuous Room Navigation,Requested Feedback,Keyboard,0,1787856833.6515527,1787856907.3746192,2026-08-27T18:55:07.374619+00:00,73.72306656837463,548634.14,675,841375079357,0,0,0.0,0.0,0.0,0.0,0.0,0.0,0,0.0,0.0,0.0,0.0,0.0,0.0,0,0.0,0.0,0.0,0.0,0.0,0.0
P001,P001_S01,P001_S01_ST1ST_T01_R02,T01,R02,Room_Requested_Keyboard,Study 1,Continuous Room Navigation,Requested Feedback,Keyboard,0,1787856833.6515527,1787856907.4851387,2026-08-27T18:55:07.485139+00:00,73.83358597755432,548634.25,676,841376183681,0,0,0.0,0.0,0.0,0.0,0.0,0.0,0,0.0,0.0,0.0,0.0,0.0,0.0,0,0.0,0.0,0.0,0.0,0.0,0.0
P001,P001_S01,P001_S01_ST1ST_T01_R02,T01,R02,Room_Requested_Keyboard,Study 1,Continuous Room Navigation,Requested Feedback,Keyboard,0,1787856833.6515527,1787856907.6038318,2026-08-27T18:55:07.603832+00:00,73.95227909088135,548634.375,677,841377377692,0,0,0.0,0.0,0.0,0.0,0.0,0.0,0,0.0,0.0,0.0,0.0,0.0,0.0,0,0.0,0.0,0.0,0.0,0.0,0.0
P001,P001_S01,P001_S01_ST1ST_T01_R02,T01,R02,Room_Requested_Keyboard,Study 1,Continuous Room Navigation,Requested Feedback,Keyboard,0,1787856833.6515527,1787856907.710343,2026-08-27T18:55:07.710343+00:00,74.05879020690918,548634.484,678,841378436813,0,0,0.0,0.0,0.0,0.0,0.0,0.0,0,0.0,0.0,0.0,0.0,0.0,0.0,0,0.0,0.0,0.0,0.0,0.0,0.0
P001,P001_S01,P001_S01_ST1ST_T01_R02,T01,R02,Room_Requested_Keyboard,Study 1,Continuous Room Navigation,Requested Feedback,Keyboard,0,1787856833.6515527,1787856907.8249712,2026-08-27T18:55:07.824971+00:00,74.1734185218811,548634.593,679,841379578788,0,0,0.0,0.0,0.0,0.0,0.0,0.0,0,0.0,0.0,0.0,0.0,0.0,0.0,0,0.0,0.0,0.0,0.0,0.0,0.0
P001,P001_S01,P001_S01_ST1ST_T01_R02,T01,R02,Room_Requested_Keyboard,Study 1,Continuous Room Navigation,Requested Feedback,Keyboard,0,1787856833.6515527,1787856907.9403346,2026-08-27T18:55:07.940335+00:00,74.2887818813324,548634.703,680,841380736856,0,0,0.0,0.0,0.0,0.0,0.0,0.0,0,0.0,0.0,0.0,0.0,0.0,0.0,0,0.0,0.0,0.0,0.0,0.0,0.0
P001,P001_S01,P001_S01_ST1ST_T01_R02,T01,R02,Room_Requested_Keyboard,Study 1,Continuous Room Navigation,Requested Feedback,Keyboard,0,1787856833.6515527,1787856908.0407097,2026-08-27T18:55:08.040710+00:00,74.38915705680847,548634.812,681,841381746231,0,0,0.0,0.0,0.0,0.0,0.0,0.0,0,0.0,0.0,0.0,0.0,0.0,0.0,0,0.0,0.0,0.0,0.0,0.0,0.0
P001,P001_S01,P001_S01_ST1ST_T01_R02,T01,R02,Room_Requested_Keyboard,Study 1,Continuous Room Navigation,Requested Feedback,Keyboard,0,1787856833.6515527,1787856908.2017307,2026-08-27T18:55:08.201731+00:00,74.55017805099487,548634.968,682,841382862508,0,0,0.0,0.0,0.0,0.0,0.0,0.0,0,0.0,0.0,0.0,0.0,0.0,0.0,0,0.0,0.0,0.0,0.0,0.0,0.0
P001,P001_S01,P001_S01_ST1ST_T01_R02,T01,R02,Room_Requested_Keyboard,Study 1,Continuous Room Navigation,Requested Feedback,Keyboard,0,1787856833.6515527,1787856908.2567346,2026-08-27T18:55:08.256735+00:00,74.60518193244934,548635.031,683,841383899665,0,0,0.0,0.0,0.0,0.0,0.0,0.0,0,0.0,0.0,0.0,0.0,0.0,0.0,0,0.0,0.0,0.0,0.0,0.0,0.0
P001,P001_S01,P001_S01_ST1ST_T01_R02,T01,R02,Room_Requested_Keyboard,Study 1,Continuous Room Navigation,Requested Feedback,Keyboard,0,1787856833.6515527,1787856908.3682442,2026-08-27T18:55:08.368244+00:00,74.71669149398804,548635.14,684,841384982543,0,0,0.0,0.0,0.0,0.0,0.0,0.0,0,0.0,0.0,0.0,0.0,0.0,0.0,0,0.0,0.0,0.0,0.0,0.0,0.0
P001,P001_S01,P001_S01_ST1ST_T01_R02,T01,R02,Room_Requested_Keyboard,Study 1,Continuous Room Navigation,Requested Feedback,Keyboard,0,1787856833.6515527,1787856908.4772587,2026-08-27T18:55:08.477259+00:00,74.82570600509644,548635.25,685,841386077107,0,0,0.0,0.0,0.0,0.0,0.0,0.0,0,0.0,0.0,0.0,0.0,0.0,0.0,0,0.0,0.0,0.0,0.0,0.0,0.0
P001,P001_S01,P001_S01_ST1ST_T01_R02,T01,R02,Room_Requested_Keyboard,Study 1,Continuous Room Navigation,Requested Feedback,Keyboard,0,1787856833.6515527,1787856908.5952835,2026-08-27T18:55:08.595284+00:00,74.94373083114624,548635.359,686,841387282837,0,0,0.0,0.0,0.0,0.0,0.0,0.0,0,0.0,0.0,0.0,0.0,0.0,0.0,0,0.0,0.0,0.0,0.0,0.0,0.0
P001,P001_S01,P001_S01_ST1ST_T01_R02,T01,R02,Room_Requested_Keyboard,Study 1,Continuous Room Navigation,Requested Feedback,Keyboard,0,1787856833.6515527,1787856908.720793,2026-08-27T18:55:08.720793+00:00,75.06924033164978,548635.484,687,841388376110,0,0,0.0,0.0,0.0,0.0,0.0,0.0,0,0.0,0.0,0.0,0.0,0.0,0.0,0,0.0,0.0,0.0,0.0,0.0,0.0
P001,P001_S01,P001_S01_ST1ST_T01_R02,T01,R02,Room_Requested_Keyboard,Study 1,Continuous Room Navigation,Requested Feedback,Keyboard,0,1787856833.6515527,1787856908.8063006,2026-08-27T18:55:08.806301+00:00,75.15474796295166,548635.578,688,841389393794,0,0,0.0,0.0,0.0,0.0,0.0,0.0,0,0.0,0.0,0.0,0.0,0.0,0.0,0,0.0,0.0,0.0,0.0,0.0,0.0
P001,P001_S01,P001_S01_ST1ST_T01_R02,T01,R02,Room_Requested_Keyboard,Study 1,Continuous Room Navigation,Requested Feedback,Keyboard,0,1787856833.6515527,1787856908.92181,2026-08-27T18:55:08.921810+00:00,75.27025723457336,548635.687,689,841390539458,0,0,0.0,0.0,0.0,0.0,0.0,0.0,0,0.0,0.0,0.0,0.0,0.0,0.0,0,0.0,0.0,0.0,0.0,0.0,0.0
P001,P001_S01,P001_S01_ST1ST_T01_R02,T01,R02,Room_Requested_Keyboard,Study 1,Continuous Room Navigation,Requested Feedback,Keyboard,0,1787856833.6515527,1787856909.0253212,2026-08-27T18:55:09.025321+00:00,75.37376856803894,548635.796,690,841391578059,0,0,0.0,0.0,0.0,0.0,0.0,0.0,0,0.0,0.0,0.0,0.0,0.0,0.0,0,0.0,0.0,0.0,0.0,0.0,0.0
P001,P001_S01,P001_S01_ST1ST_T01_R02,T01,R02,Room_Requested_Keyboard,Study 1,Continuous Room Navigation,Requested Feedback,Keyboard,0,1787856833.6515527,1787856909.1348298,2026-08-27T18:55:09.134830+00:00,75.48327708244324,548635.906,691,841392678725,0,0,0.0,0.0,0.0,0.0,0.0,0.0,0,0.0,0.0,0.0,0.0,0.0,0.0,0,0.0,0.0,0.0,0.0,0.0,0.0
P001,P001_S01,P001_S01_ST1ST_T01_R02,T01,R02,Room_Requested_Keyboard,Study 1,Continuous Room Navigation,Requested Feedback,Keyboard,0,1787856833.6515527,1787856909.2390199,2026-08-27T18:55:09.239020+00:00,75.58746719360352,548636.015,692,841393729706,0,0,0.0,0.0,0.0,0.0,0.0,0.0,0,0.0,0.0,0.0,0.0,0.0,0.0,0,0.0,0.0,0.0,0.0,0.0,0.0
P001,P001_S01,P001_S01_ST1ST_T01_R02,T01,R02,Room_Requested_Keyboard,Study 1,Continuous Room Navigation,Requested Feedback,Keyboard,0,1787856833.6515527,1787856909.3600812,2026-08-27T18:55:09.360081+00:00,75.70852851867676,548636.125,693,841394780376,0,0,0.0,0.0,0.0,0.0,0.0,0.0,0,0.0,0.0,0.0,0.0,0.0,0.0,0,0.0,0.0,0.0,0.0,0.0,0.0
P001,P001_S01,P001_S01_ST1ST_T01_R02,T01,R02,Room_Requested_Keyboard,Study 1,Continuous Room Navigation,Requested Feedback,Keyboard,0,1787856833.6515527,1787856909.4565923,2026-08-27T18:55:09.456592+00:00,75.80503964424133,548636.218,694,841395895760,0,0,0.0,0.0,0.0,0.0,0.0,0.0,0,0.0,0.0,0.0,0.0,0.0,0.0,0,0.0,0.0,0.0,0.0,0.0,0.0
P001,P001_S01,P001_S01_ST1ST_T01_R02,T01,R02,Room_Requested_Keyboard,Study 1,Continuous Room Navigation,Requested Feedback,Keyboard,0,1787856833.6515527,1787856909.5559413,2026-08-27T18:55:09.555941+00:00,75.90438866615295,548636.328,695,841396900830,0,0,0.0,0.0,0.0,0.0,0.0,0.0,0,0.0,0.0,0.0,0.0,0.0,0.0,0,0.0,0.0,0.0,0.0,0.0,0.0
P001,P001_S01,P001_S01_ST1ST_T01_R02,T01,R02,Room_Requested_Keyboard,Study 1,Continuous Room Navigation,Requested Feedback,Keyboard,0,1787856833.6515527,1787856909.7399795,2026-08-27T18:55:09.739980+00:00,76.0884268283844,548636.515,696,841398080160,0,0,0.0,0.0,0.0,0.0,0.0,0.0,0,0.0,0.0,0.0,0.0,0.0,0.0,0,0.0,0.0,0.0,0.0,0.0,0.0
P001,P001_S01,P001_S01_ST1ST_T01_R02,T01,R02,Room_Requested_Keyboard,Study 1,Continuous Room Navigation,Requested Feedback,Keyboard,0,1787856833.6515527,1787856909.7945006,2026-08-27T18:55:09.794501+00:00,76.14294791221619,548636.562,697,841399280799,0,0,0.0,0.0,0.0,0.0,0.0,0.0,0,0.0,0.0,0.0,0.0,0.0,0.0,0,0.0,0.0,0.0,0.0,0.0,0.0
P001,P001_S01,P001_S01_ST1ST_T01_R02,T01,R02,Room_Requested_Keyboard,Study 1,Continuous Room Navigation,Requested Feedback,Keyboard,0,1787856833.6515527,1787856909.9050152,2026-08-27T18:55:09.905015+00:00,76.25346255302429,548636.671,698,841400379911,0,0,0.0,0.0,0.0,0.0,0.0,0.0,0,0.0,0.0,0.0,0.0,0.0,0.0,0,0.0,0.0,0.0,0.0,0.0,0.0
P001,P001_S01,P001_S01_ST1ST_T01_R02,T01,R02,Room_Requested_Keyboard,Study 1,Continuous Room Navigation,Requested Feedback,Keyboard,0,1787856833.6515527,1787856910.0245233,2026-08-27T18:55:10.024523+00:00,76.37297058105469,548636.796,699,841401581079,0,0,0.0,0.0,0.0,0.0,0.0,0.0,0,0.0,0.0,0.0,0.0,0.0,0.0,0,0.0,0.0,0.0,0.0,0.0,0.0
P001,P001_S01,P001_S01_ST1ST_T01_R02,T01,R02,Room_Requested_Keyboard,Study 1,Continuous Room Navigation,Requested Feedback,Keyboard,0,1787856833.6515527,1787856910.1306462,2026-08-27T18:55:10.130646+00:00,76.47909355163574,548636.906,700,841402639124,0,0,0.0,0.0,0.0,0.0,0.0,0.0,0,0.0,0.0,0.0,0.0,0.0,0.0,0,0.0,0.0,0.0,0.0,0.0,0.0
P001,P001_S01,P001_S01_ST1ST_T01_R02,T01,R02,Room_Requested_Keyboard,Study 1,Continuous Room Navigation,Requested Feedback,Keyboard,0,1787856833.6515527,1787856910.283686,2026-08-27T18:55:10.283686+00:00,76.63213324546814,548637.046,701,841403680766,0,0,0.0,0.0,0.0,0.0,0.0,0.0,0,0.0,0.0,0.0,0.0,0.0,0.0,0,0.0,0.0,0.0,0.0,0.0,0.0
P001,P001_S01,P001_S01_ST1ST_T01_R02,T01,R02,Room_Requested_Keyboard,Study 1,Continuous Room Navigation,Requested Feedback,Keyboard,0,1787856833.6515527,1787856910.3396854,2026-08-27T18:55:10.339685+00:00,76.68813276290894,548637.109,702,841404730844,0,0,0.0,0.0,0.0,0.0,0.0,0.0,0,0.0,0.0,0.0,0.0,0.0,0.0,0,0.0,0.0,0.0,0.0,0.0,0.0
P001,P001_S01,P001_S01_ST1ST_T01_R02,T01,R02,Room_Requested_Keyboard,Study 1,Continuous Room Navigation,Requested Feedback,Keyboard,0,1787856833.6515527,1787856910.487715,2026-08-27T18:55:10.487715+00:00,76.83616232872009,548637.25,703,841405878390,0,0,0.0,0.0,0.0,0.0,0.0,0.0,0,0.0,0.0,0.0,0.0,0.0,0.0,0,0.0,0.0,0.0,0.0,0.0,0.0
P001,P001_S01,P001_S01_ST1ST_T01_R02,T01,R02,Room_Requested_Keyboard,Study 1,Continuous Room Navigation,Requested Feedback,Keyboard,0,1787856833.6515527,1787856910.5687237,2026-08-27T18:55:10.568724+00:00,76.91717100143433,548637.343,704,841407004300,0,0,0.0,0.0,0.0,0.0,0.0,0.0,0,0.0,0.0,0.0,0.0,0.0,0.0,0,0.0,0.0,0.0,0.0,0.0,0.0
P001,P001_S01,P001_S01_ST1ST_T01_R02,T01,R02,Room_Requested_Keyboard,Study 1,Continuous Room Navigation,Requested Feedback,Keyboard,0,1787856833.6515527,1787856910.6852555,2026-08-27T18:55:10.685256+00:00,77.0337028503418,548637.453,705,841408181764,0,0,0.0,0.0,0.0,0.0,0.0,0.0,0,0.0,0.0,0.0,0.0,0.0,0.0,0,0.0,0.0,0.0,0.0,0.0,0.0
P001,P001_S01,P001_S01_ST1ST_T01_R02,T01,R02,Room_Requested_Keyboard,Study 1,Continuous Room Navigation,Requested Feedback,Keyboard,0,1787856833.6515527,1787856910.7948012,2026-08-27T18:55:10.794801+00:00,77.14324855804443,548637.562,706,841409283844,0,0,0.0,0.0,0.0,0.0,0.0,0.0,0,0.0,0.0,0.0,0.0,0.0,0.0,0,0.0,0.0,0.0,0.0,0.0,0.0
P001,P001_S01,P001_S01_ST1ST_T01_R02,T01,R02,Room_Requested_Keyboard,Study 1,Continuous Room Navigation,Requested Feedback,Keyboard,0,1787856833.6515527,1787856910.9143069,2026-08-27T18:55:10.914307+00:00,77.26275420188904,548637.687,707,841410284107,0,0,0.0,0.0,0.0,0.0,0.0,0.0,0,0.0,0.0,0.0,0.0,0.0,0.0,0,0.0,0.0,0.0,0.0,0.0,0.0
P001,P001_S01,P001_S01_ST1ST_T01_R02,T01,R02,Room_Requested_Keyboard,Study 1,Continuous Room Navigation,Requested Feedback,Keyboard,0,1787856833.6515527,1787856910.9958234,2026-08-27T18:55:10.995823+00:00,77.34427070617676,548637.765,708,841411288573,0,0,0.0,0.0,0.0,0.0,0.0,0.0,0,0.0,0.0,0.0,0.0,0.0,0.0,0,0.0,0.0,0.0,0.0,0.0,0.0
P001,P001_S01,P001_S01_ST1ST_T01_R02,T01,R02,Room_Requested_Keyboard,Study 1,Continuous Room Navigation,Requested Feedback,Keyboard,0,1787856833.6515527,1787856911.10525,2026-08-27T18:55:11.105250+00:00,77.45369720458984,548637.875,709,841412380737,0,0,0.0,0.0,0.0,0.0,0.0,0.0,0,0.0,0.0,0.0,0.0,0.0,0.0,0,0.0,0.0,0.0,0.0,0.0,0.0
P001,P001_S01,P001_S01_ST1ST_T01_R02,T01,R02,Room_Requested_Keyboard,Study 1,Continuous Room Navigation,Requested Feedback,Keyboard,0,1787856833.6515527,1787856911.280233,2026-08-27T18:55:11.280233+00:00,77.62868022918701,548638.046,710,841413584773,0,0,0.0,0.0,0.0,0.0,0.0,0.0,0,0.0,0.0,0.0,0.0,0.0,0.0,0,0.0,0.0,0.0,0.0,0.0,0.0
P001,P001_S01,P001_S01_ST1ST_T01_R02,T01,R02,Room_Requested_Keyboard,Study 1,Continuous Room Navigation,Requested Feedback,Keyboard,0,1787856833.6515527,1787856911.3342352,2026-08-27T18:55:11.334235+00:00,77.68268251419067,548638.109,711,841414676829,0,0,0.0,0.0,0.0,0.0,0.0,0.0,0,0.0,0.0,0.0,0.0,0.0,0.0,0,0.0,0.0,0.0,0.0,0.0,0.0
P001,P001_S01,P001_S01_ST1ST_T01_R02,T01,R02,Room_Requested_Keyboard,Study 1,Continuous Room Navigation,Requested Feedback,Keyboard,0,1787856833.6515527,1787856911.4347346,2026-08-27T18:55:11.434735+00:00,77.78318190574646,548638.203,712,841415679790,0,0,0.0,0.0,0.0,0.0,0.0,0.0,0,0.0,0.0,0.0,0.0,0.0,0.0,0,0.0,0.0,0.0,0.0,0.0,0.0
P001,P001_S01,P001_S01_ST1ST_T01_R02,T01,R02,Room_Requested_Keyboard,Study 1,Continuous Room Navigation,Requested Feedback,Keyboard,0,1787856833.6515527,1787856911.5342538,2026-08-27T18:55:11.534254+00:00,77.88270115852356,548638.296,713,841416680772,0,0,0.0,0.0,0.0,0.0,0.0,0.0,0,0.0,0.0,0.0,0.0,0.0,0.0,0,0.0,0.0,0.0,0.0,0.0,0.0
P001,P001_S01,P001_S01_ST1ST_T01_R02,T01,R02,Room_Requested_Keyboard,Study 1,Continuous Room Navigation,Requested Feedback,Keyboard,0,1787856833.6515527,1787856911.6401098,2026-08-27T18:55:11.640110+00:00,77.98855710029602,548638.406,714,841417739824,0,0,0.0,0.0,0.0,0.0,0.0,0.0,0,0.0,0.0,0.0,0.0,0.0,0.0,0,0.0,0.0,0.0,0.0,0.0,0.0
P001,P001_S01,P001_S01_ST1ST_T01_R02,T01,R02,Room_Requested_Keyboard,Study 1,Continuous Room Navigation,Requested Feedback,Keyboard,0,1787856833.6515527,1787856911.7991223,2026-08-27T18:55:11.799122+00:00,78.14756965637207,548638.562,715,841418751527,0,0,0.0,0.0,0.0,0.0,0.0,0.0,0,0.0,0.0,0.0,0.0,0.0,0.0,0,0.0,0.0,0.0,0.0,0.0,0.0
P001,P001_S01,P001_S01_ST1ST_T01_R02,T01,R02,Room_Requested_Keyboard,Study 1,Continuous Room Navigation,Requested Feedback,Keyboard,0,1787856833.6515527,1787856911.8551238,2026-08-27T18:55:11.855124+00:00,78.2035710811615,548638.625,716,841419885107,0,0,0.0,0.0,0.0,0.0,0.0,0.0,0,0.0,0.0,0.0,0.0,0.0,0.0,0,0.0,0.0,0.0,0.0,0.0,0.0
P001,P001_S01,P001_S01_ST1ST_T01_R02,T01,R02,Room_Requested_Keyboard,Study 1,Continuous Room Navigation,Requested Feedback,Keyboard,0,1787856833.6515527,1787856911.9676836,2026-08-27T18:55:11.967684+00:00,78.31613087654114,548638.734,717,841421010499,0,0,0.0,0.0,0.0,0.0,0.0,0.0,0,0.0,0.0,0.0,0.0,0.0,0.0,0,0.0,0.0,0.0,0.0,0.0,0.0
P001,P001_S01,P001_S01_ST1ST_T01_R02,T01,R02,Room_Requested_Keyboard,Study 1,Continuous Room Navigation,Requested Feedback,Keyboard,0,1787856833.6515527,1787856912.074429,2026-08-27T18:55:12.074429+00:00,78.42287635803223,548638.843,718,841422081681,0,0,0.0,0.0,0.0,0.0,0.0,0.0,0,0.0,0.0,0.0,0.0,0.0,0.0,0,0.0,0.0,0.0,0.0,0.0,0.0
P001,P001_S01,P001_S01_ST1ST_T01_R02,T01,R02,Room_Requested_Keyboard,Study 1,Continuous Room Navigation,Requested Feedback,Keyboard,0,1787856833.6515527,1787856912.185949,2026-08-27T18:55:12.185949+00:00,78.5343964099884,548638.953,719,841423183319,0,0,0.0,0.0,0.0,0.0,0.0,0.0,0,0.0,0.0,0.0,0.0,0.0,0.0,0,0.0,0.0,0.0,0.0,0.0,0.0
P001,P001_S01,P001_S01_ST1ST_T01_R02,T01,R02,Room_Requested_Keyboard,Study 1,Continuous Room Navigation,Requested Feedback,Keyboard,0,1787856833.6515527,1787856912.2960784,2026-08-27T18:55:12.296078+00:00,78.64452576637268,548639.062,720,841424291584,0,0,0.0,0.0,0.0,0.0,0.0,0.0,0,0.0,0.0,0.0,0.0,0.0,0.0,0,0.0,0.0,0.0,0.0,0.0,0.0
P001,P001_S01,P001_S01_ST1ST_T01_R02,T01,R02,Room_Requested_Keyboard,Study 1,Continuous Room Navigation,Requested Feedback,Keyboard,0,1787856833.6515527,1787856912.4153235,2026-08-27T18:55:12.415323+00:00,78.76377081871033,548639.187,721,841425429626,0,0,0.0,0.0,0.0,0.0,0.0,0.0,0,0.0,0.0,0.0,0.0,0.0,0.0,0,0.0,0.0,0.0,0.0,0.0,0.0
P001,P001_S01,P001_S01_ST1ST_T01_R02,T01,R02,Room_Requested_Keyboard,Study 1,Continuous Room Navigation,Requested Feedback,Keyboard,0,1787856833.6515527,1787856912.5648324,2026-08-27T18:55:12.564832+00:00,78.91327977180481,548639.328,722,841426538272,0,0,0.0,0.0,0.0,0.0,0.0,0.0,0,0.0,0.0,0.0,0.0,0.0,0.0,0,0.0,0.0,0.0,0.0,0.0,0.0
P001,P001_S01,P001_S01_ST1ST_T01_R02,T01,R02,Room_Requested_Keyboard,Study 1,Continuous Room Navigation,Requested Feedback,Keyboard,0,1787856833.6515527,1787856912.6978564,2026-08-27T18:55:12.697856+00:00,79.04630374908447,548639.468,723,841427581076,0,0,0.0,0.0,0.0,0.0,0.0,0.0,0,0.0,0.0,0.0,0.0,0.0,0.0,0,0.0,0.0,0.0,0.0,0.0,0.0
P001,P001_S01,P001_S01_ST1ST_T01_R02,T01,R02,Room_Requested_Keyboard,Study 1,Continuous Room Navigation,Requested Feedback,Keyboard,0,1787856833.6515527,1787856912.7708933,2026-08-27T18:55:12.770893+00:00,79.11934065818787,548639.546,724,841428681369,0,0,0.0,0.0,0.0,0.0,0.0,0.0,0,0.0,0.0,0.0,0.0,0.0,0.0,0,0.0,0.0,0.0,0.0,0.0,0.0
P001,P001_S01,P001_S01_ST1ST_T01_R02,T01,R02,Room_Requested_Keyboard,Study 1,Continuous Room Navigation,Requested Feedback,Keyboard,0,1787856833.6515527,1787856912.8444157,2026-08-27T18:55:12.844416+00:00,79.19286298751831,548639.609,725,841429729935,0,0,0.0,0.0,0.0,0.0,0.0,0.0,0,0.0,0.0,0.0,0.0,0.0,0.0,0,0.0,0.0,0.0,0.0,0.0,0.0
P001,P001_S01,P001_S01_ST1ST_T01_R02,T01,R02,Room_Requested_Keyboard,Study 1,Continuous Room Navigation,Requested Feedback,Keyboard,0,1787856833.6515527,1787856912.9934435,2026-08-27T18:55:12.993443+00:00,79.34189081192017,548639.765,726,841430782561,0,0,0.0,0.0,0.0,0.0,0.0,0.0,0,0.0,0.0,0.0,0.0,0.0,0.0,0,0.0,0.0,0.0,0.0,0.0,0.0
P001,P001_S01,P001_S01_ST1ST_T01_R02,T01,R02,Room_Requested_Keyboard,Study 1,Continuous Room Navigation,Requested Feedback,Keyboard,0,1787856833.6515527,1787856913.0544431,2026-08-27T18:55:13.054443+00:00,79.40289044380188,548639.828,727,841431879121,0,0,0.0,0.0,0.0,0.0,0.0,0.0,0,0.0,0.0,0.0,0.0,0.0,0.0,0,0.0,0.0,0.0,0.0,0.0,0.0
P001,P001_S01,P001_S01_ST1ST_T01_R02,T01,R02,Room_Requested_Keyboard,Study 1,Continuous Room Navigation,Requested Feedback,Keyboard,0,1787856833.6515527,1787856913.1589663,2026-08-27T18:55:13.158966+00:00,79.50741362571716,548639.921,728,841432918641,0,0,0.0,0.0,0.0,0.0,0.0,0.0,0,0.0,0.0,0.0,0.0,0.0,0.0,0,0.0,0.0,0.0,0.0,0.0,0.0
P001,P001_S01,P001_S01_ST1ST_T01_R02,T01,R02,Room_Requested_Keyboard,Study 1,Continuous Room Navigation,Requested Feedback,Keyboard,0,1787856833.6515527,1787856913.2610471,2026-08-27T18:55:13.261047+00:00,79.60949444770813,548640.031,729,841433934879,0,0,0.0,0.0,0.0,0.0,0.0,0.0,0,0.0,0.0,0.0,0.0,0.0,0.0,0,0.0,0.0,0.0,0.0,0.0,0.0
P001,P001_S01,P001_S01_ST1ST_T01_R02,T01,R02,Room_Requested_Keyboard,Study 1,Continuous Room Navigation,Requested Feedback,Keyboard,0,1787856833.6515527,1787856913.4326181,2026-08-27T18:55:13.432618+00:00,79.78106546401978,548640.203,730,841435077512,0,0,0.0,0.0,0.0,0.0,0.0,0.0,0,0.0,0.0,0.0,0.0,0.0,0.0,0,0.0,0.0,0.0,0.0,0.0,0.0
P001,P001_S01,P001_S01_ST1ST_T01_R02,T01,R02,Room_Requested_Keyboard,Study 1,Continuous Room Navigation,Requested Feedback,Keyboard,0,1787856833.6515527,1787856913.509127,2026-08-27T18:55:13.509127+00:00,79.85757422447205,548640.281,731,841436077555,0,0,0.0,0.0,0.0,0.0,0.0,0.0,0,0.0,0.0,0.0,0.0,0.0,0.0,0,0.0,0.0,0.0,0.0,0.0,0.0
P001,P001_S01,P001_S01_ST1ST_T01_R02,T01,R02,Room_Requested_Keyboard,Study 1,Continuous Room Navigation,Requested Feedback,Keyboard,0,1787856833.6515527,1787856913.5764594,2026-08-27T18:55:13.576459+00:00,79.92490673065186,548640.343,732,841437081709,0,0,0.0,0.0,0.0,0.0,0.0,0.0,0,0.0,0.0,0.0,0.0,0.0,0.0,0,0.0,0.0,0.0,0.0,0.0,0.0
P001,P001_S01,P001_S01_ST1ST_T01_R02,T01,R02,Room_Requested_Keyboard,Study 1,Continuous Room Navigation,Requested Feedback,Keyboard,0,1787856833.6515527,1787856913.7322564,2026-08-27T18:55:13.732256+00:00,80.08070373535156,548640.5,733,841438231543,0,0,0.0,0.0,0.0,0.0,0.0,0.0,0,0.0,0.0,0.0,0.0,0.0,0.0,0,0.0,0.0,0.0,0.0,0.0,0.0
P001,P001_S01,P001_S01_ST1ST_T01_R02,T01,R02,Room_Requested_Keyboard,Study 1,Continuous Room Navigation,Requested Feedback,Keyboard,0,1787856833.6515527,1787856913.7944608,2026-08-27T18:55:13.794461+00:00,80.14290809631348,548640.562,734,841439282809,0,0,0.0,0.0,0.0,0.0,0.0,0.0,0,0.0,0.0,0.0,0.0,0.0,0.0,0,0.0,0.0,0.0,0.0,0.0,0.0
P001,P001_S01,P001_S01_ST1ST_T01_R02,T01,R02,Room_Requested_Keyboard,Study 1,Continuous Room Navigation,Requested Feedback,Keyboard,0,1787856833.6515527,1787856913.9154153,2026-08-27T18:55:13.915415+00:00,80.26386260986328,548640.687,735,841440483316,0,0,0.0,0.0,0.0,0.0,0.0,0.0,0,0.0,0.0,0.0,0.0,0.0,0.0,0,0.0,0.0,0.0,0.0,0.0,0.0
P001,P001_S01,P001_S01_ST1ST_T01_R02,T01,R02,Room_Requested_Keyboard,Study 1,Continuous Room Navigation,Requested Feedback,Keyboard,0,1787856833.6515527,1787856914.0262158,2026-08-27T18:55:14.026216+00:00,80.37466311454773,548640.796,736,841441595500,0,0,0.0,0.0,0.0,0.0,0.0,0.0,0,0.0,0.0,0.0,0.0,0.0,0.0,0,0.0,0.0,0.0,0.0,0.0,0.0
P001,P001_S01,P001_S01_ST1ST_T01_R02,T01,R02,Room_Requested_Keyboard,Study 1,Continuous Room Navigation,Requested Feedback,Keyboard,0,1787856833.6515527,1787856914.1391273,2026-08-27T18:55:14.139127+00:00,80.48757457733154,548640.906,737,841442724825,0,0,0.0,0.0,0.0,0.0,0.0,0.0,0,0.0,0.0,0.0,0.0,0.0,0.0,0,0.0,0.0,0.0,0.0,0.0,0.0
P001,P001_S01,P001_S01_ST1ST_T01_R02,T01,R02,Room_Requested_Keyboard,Study 1,Continuous Room Navigation,Requested Feedback,Keyboard,0,1787856833.6515527,1787856914.2403507,2026-08-27T18:55:14.240351+00:00,80.58879804611206,548641.015,738,841443731915,0,0,0.0,0.0,0.0,0.0,0.0,0.0,0,0.0,0.0,0.0,0.0,0.0,0.0,0,0.0,0.0,0.0,0.0,0.0,0.0
P001,P001_S01,P001_S01_ST1ST_T01_R02,T01,R02,Room_Requested_Keyboard,Study 1,Continuous Room Navigation,Requested Feedback,Keyboard,0,1787856833.6515527,1787856914.346834,2026-08-27T18:55:14.346834+00:00,80.69528126716614,548641.109,739,841444788755,0,0,0.0,0.0,0.0,0.0,0.0,0.0,0,0.0,0.0,0.0,0.0,0.0,0.0,0,0.0,0.0,0.0,0.0,0.0,0.0
P001,P001_S01,P001_S01_ST1ST_T01_R02,T01,R02,Room_Requested_Keyboard,Study 1,Continuous Room Navigation,Requested Feedback,Keyboard,0,1787856833.6515527,1787856914.4537826,2026-08-27T18:55:14.453783+00:00,80.80222988128662,548641.218,740,841445877122,0,0,0.0,0.0,0.0,0.0,0.0,0.0,0,0.0,0.0,0.0,0.0,0.0,0.0,0,0.0,0.0,0.0,0.0,0.0,0.0
P001,P001_S01,P001_S01_ST1ST_T01_R02,T01,R02,Room_Requested_Keyboard,Study 1,Continuous Room Navigation,Requested Feedback,Keyboard,0,1787856833.6515527,1787856914.5559227,2026-08-27T18:55:14.555923+00:00,80.90437006950378,548641.328,741,841446881044,0,0,0.0,0.0,0.0,0.0,0.0,0.0,0,0.0,0.0,0.0,0.0,0.0,0.0,0,0.0,0.0,0.0,0.0,0.0,0.0
P001,P001_S01,P001_S01_ST1ST_T01_R02,T01,R02,Room_Requested_Keyboard,Study 1,Continuous Room Navigation,Requested Feedback,Keyboard,0,1787856833.6515527,1787856914.674112,2026-08-27T18:55:14.674112+00:00,81.02255940437317,548641.437,742,841448077166,0,0,0.0,0.0,0.0,0.0,0.0,0.0,0,0.0,0.0,0.0,0.0,0.0,0.0,0,0.0,0.0,0.0,0.0,0.0,0.0
P001,P001_S01,P001_S01_ST1ST_T01_R02,T01,R02,Room_Requested_Keyboard,Study 1,Continuous Room Navigation,Requested Feedback,Keyboard,0,1787856833.6515527,1787856914.774636,2026-08-27T18:55:14.774636+00:00,81.1230833530426,548641.546,743,841449081605,0,0,0.0,0.0,0.0,0.0,0.0,0.0,0,0.0,0.0,0.0,0.0,0.0,0.0,0,0.0,0.0,0.0,0.0,0.0,0.0
P001,P001_S01,P001_S01_ST1ST_T01_R02,T01,R02,Room_Requested_Keyboard,Study 1,Continuous Room Navigation,Requested Feedback,Keyboard,0,1787856833.6515527,1787856914.8928523,2026-08-27T18:55:14.892852+00:00,81.24129962921143,548641.656,744,841450246684,0,0,0.0,0.0,0.0,0.0,0.0,0.0,0,0.0,0.0,0.0,0.0,0.0,0.0,0,0.0,0.0,0.0,0.0,0.0,0.0
P001,P001_S01,P001_S01_ST1ST_T01_R02,T01,R02,Room_Requested_Keyboard,Study 1,Continuous Room Navigation,Requested Feedback,Keyboard,0,1787856833.6515527,1787856915.0041983,2026-08-27T18:55:15.004198+00:00,81.35264563560486,548641.781,745,841451382936,0,0,0.0,0.0,0.0,0.0,0.0,0.0,0,0.0,0.0,0.0,0.0,0.0,0.0,0,0.0,0.0,0.0,0.0,0.0,0.0
P001,P001_S01,P001_S01_ST1ST_T01_R02,T01,R02,Room_Requested_Keyboard,Study 1,Continuous Room Navigation,Requested Feedback,Keyboard,0,1787856833.6515527,1787856915.1252155,2026-08-27T18:55:15.125216+00:00,81.47366285324097,548641.89,746,841452586086,0,0,0.0,0.0,0.0,0.0,0.0,0.0,0,0.0,0.0,0.0,0.0,0.0,0.0,0,0.0,0.0,0.0,0.0,0.0,0.0
P001,P001_S01,P001_S01_ST1ST_T01_R02,T01,R02,Room_Requested_Keyboard,Study 1,Continuous Room Navigation,Requested Feedback,Keyboard,0,1787856833.6515527,1787856915.2401826,2026-08-27T18:55:15.240183+00:00,81.5886299610138,548642.015,747,841453740600,0,0,0.0,0.0,0.0,0.0,0.0,0.0,0,0.0,0.0,0.0,0.0,0.0,0.0,0,0.0,0.0,0.0,0.0,0.0,0.0
P001,P001_S01,P001_S01_ST1ST_T01_R02,T01,R02,Room_Requested_Keyboard,Study 1,Continuous Room Navigation,Requested Feedback,Keyboard,0,1787856833.6515527,1787856915.3455858,2026-08-27T18:55:15.345586+00:00,81.69403314590454,548642.109,748,841454783051,0,0,0.0,0.0,0.0,0.0,0.0,0.0,0,0.0,0.0,0.0,0.0,0.0,0.0,0,0.0,0.0,0.0,0.0,0.0,0.0
P001,P001_S01,P001_S01_ST1ST_T01_R02,T01,R02,Room_Requested_Keyboard,Study 1,Continuous Room Navigation,Requested Feedback,Keyboard,0,1787856833.6515527,1787856915.4546523,2026-08-27T18:55:15.454652+00:00,81.80309963226318,548642.218,749,841455880348,0,0,0.0,0.0,0.0,0.0,0.0,0.0,0,0.0,0.0,0.0,0.0,0.0,0.0,0,0.0,0.0,0.0,0.0,0.0,0.0
P001,P001_S01,P001_S01_ST1ST_T01_R02,T01,R02,Room_Requested_Keyboard,Study 1,Continuous Room Navigation,Requested Feedback,Keyboard,0,1787856833.6515527,1787856915.5562675,2026-08-27T18:55:15.556267+00:00,81.90471482276917,548642.328,750,841456901987,0,0,0.0,0.0,0.0,0.0,0.0,0.0,0,0.0,0.0,0.0,0.0,0.0,0.0,0,0.0,0.0,0.0,0.0,0.0,0.0
P001,P001_S01,P001_S01_ST1ST_T01_R02,T01,R02,Room_Requested_Keyboard,Study 1,Continuous Room Navigation,Requested Feedback,Keyboard,0,1787856833.6515527,1787856915.6745746,2026-08-27T18:55:15.674575+00:00,82.02302193641663,548642.437,751,841458079446,0,0,0.0,0.0,0.0,0.0,0.0,0.0,0,0.0,0.0,0.0,0.0,0.0,0.0,0,0.0,0.0,0.0,0.0,0.0,0.0
P001,P001_S01,P001_S01_ST1ST_T01_R02,T01,R02,Room_Requested_Keyboard,Study 1,Continuous Room Navigation,Requested Feedback,Keyboard,0,1787856833.6515527,1787856915.7756572,2026-08-27T18:55:15.775657+00:00,82.1241044998169,548642.546,752,841459085582,0,0,0.0,0.0,0.0,0.0,0.0,0.0,0,0.0,0.0,0.0,0.0,0.0,0.0,0,0.0,0.0,0.0,0.0,0.0,0.0
P001,P001_S01,P001_S01_ST1ST_T01_R02,T01,R02,Room_Requested_Keyboard,Study 1,Continuous Room Navigation,Requested Feedback,Keyboard,0,1787856833.6515527,1787856915.8913453,2026-08-27T18:55:15.891345+00:00,82.23979258537292,548642.656,753,841460234822,0,0,0.0,0.0,0.0,0.0,0.0,0.0,0,0.0,0.0,0.0,0.0,0.0,0.0,0,0.0,0.0,0.0,0.0,0.0,0.0
P001,P001_S01,P001_S01_ST1ST_T01_R02,T01,R02,Room_Requested_Keyboard,Study 1,Continuous Room Navigation,Requested Feedback,Keyboard,0,1787856833.6515527,1787856916.06289,2026-08-27T18:55:16.062890+00:00,82.41133737564087,548642.828,754,841461281104,0,0,0.0,0.0,0.0,0.0,0.0,0.0,0,0.0,0.0,0.0,0.0,0.0,0.0,0,0.0,0.0,0.0,0.0,0.0,0.0
P001,P001_S01,P001_S01_ST1ST_T01_R02,T01,R02,Room_Requested_Keyboard,Study 1,Continuous Room Navigation,Requested Feedback,Keyboard,0,1787856833.6515527,1787856916.0979617,2026-08-27T18:55:16.097962+00:00,82.44640898704529,548642.875,755,841462285366,0,0,0.0,0.0,0.0,0.0,0.0,0.0,0,0.0,0.0,0.0,0.0,0.0,0.0,0,0.0,0.0,0.0,0.0,0.0,0.0
P001,P001_S01,P001_S01_ST1ST_T01_R02,T01,R02,Room_Requested_Keyboard,Study 1,Continuous Room Navigation,Requested Feedback,Keyboard,0,1787856833.6515527,1787856916.2145386,2026-08-27T18:55:16.214539+00:00,82.56298589706421,548642.984,756,841463484727,0,0,0.0,0.0,0.0,0.0,0.0,0.0,0,0.0,0.0,0.0,0.0,0.0,0.0,0,0.0,0.0,0.0,0.0,0.0,0.0
P001,P001_S01,P001_S01_ST1ST_T01_R02,T01,R02,Room_Requested_Keyboard,Study 1,Continuous Room Navigation,Requested Feedback,Keyboard,0,1787856833.6515527,1787856916.3253424,2026-08-27T18:55:16.325342+00:00,82.67378973960876,548643.093,757,841464583626,0,0,0.0,0.0,0.0,0.0,0.0,0.0,0,0.0,0.0,0.0,0.0,0.0,0.0,0,0.0,0.0,0.0,0.0,0.0,0.0
P001,P001_S01,P001_S01_ST1ST_T01_R02,T01,R02,Room_Requested_Keyboard,Study 1,Continuous Room Navigation,Requested Feedback,Keyboard,0,1787856833.6515527,1787856916.445626,2026-08-27T18:55:16.445626+00:00,82.79407334327698,548643.218,758,841465781487,0,0,0.0,0.0,0.0,0.0,0.0,0.0,0,0.0,0.0,0.0,0.0,0.0,0.0,0,0.0,0.0,0.0,0.0,0.0,0.0
P001,P001_S01,P001_S01_ST1ST_T01_R02,T01,R02,Room_Requested_Keyboard,Study 1,Continuous Room Navigation,Requested Feedback,Keyboard,0,1787856833.6515527,1787856916.56955,2026-08-27T18:55:16.569550+00:00,82.91799736022949,548643.343,759,841466880661,0,0,0.0,0.0,0.0,0.0,0.0,0.0,0,0.0,0.0,0.0,0.0,0.0,0.0,0,0.0,0.0,0.0,0.0,0.0,0.0
P001,P001_S01,P001_S01_ST1ST_T01_R02,T01,R02,Room_Requested_Keyboard,Study 1,Continuous Room Navigation,Requested Feedback,Keyboard,0,1787856833.6515527,1787856916.6710656,2026-08-27T18:55:16.671066+00:00,83.01951289176941,548643.437,760,841467982487,0,0,0.0,0.0,0.0,0.0,0.0,0.0,0,0.0,0.0,0.0,0.0,0.0,0.0,0,0.0,0.0,0.0,0.0,0.0,0.0
P001,P001_S01,P001_S01_ST1ST_T01_R02,T01,R02,Room_Requested_Keyboard,Study 1,Continuous Room Navigation,Requested Feedback,Keyboard,0,1787856833.6515527,1787856916.7705872,2026-08-27T18:55:16.770587+00:00,83.1190345287323,548643.546,761,841469038288,0,0,0.0,0.0,0.0,0.0,0.0,0.0,0,0.0,0.0,0.0,0.0,0.0,0.0,0,0.0,0.0,0.0,0.0,0.0,0.0
P001,P001_S01,P001_S01_ST1ST_T01_R02,T01,R02,Room_Requested_Keyboard,Study 1,Continuous Room Navigation,Requested Feedback,Keyboard,0,1787856833.6515527,1787856916.88549,2026-08-27T18:55:16.885490+00:00,83.23393726348877,548643.656,762,841470179828,0,0,0.0,0.0,0.0,0.0,0.0,0.0,0,0.0,0.0,0.0,0.0,0.0,0.0,0,0.0,0.0,0.0,0.0,0.0,0.0
P001,P001_S01,P001_S01_ST1ST_T01_R02,T01,R02,Room_Requested_Keyboard,Study 1,Continuous Room Navigation,Requested Feedback,Keyboard,0,1787856833.6515527,1787856916.9863114,2026-08-27T18:55:16.986311+00:00,83.33475875854492,548643.75,763,841471195582,0,0,0.0,0.0,0.0,0.0,0.0,0.0,0,0.0,0.0,0.0,0.0,0.0,0.0,0,0.0,0.0,0.0,0.0,0.0,0.0
P001,P001_S01,P001_S01_ST1ST_T01_R02,T01,R02,Room_Requested_Keyboard,Study 1,Continuous Room Navigation,Requested Feedback,Keyboard,0,1787856833.6515527,1787856917.0996792,2026-08-27T18:55:17.099679+00:00,83.44812655448914,548643.875,764,841472331802,0,0,0.0,0.0,0.0,0.0,0.0,0.0,0,0.0,0.0,0.0,0.0,0.0,0.0,0,0.0,0.0,0.0,0.0,0.0,0.0
P001,P001_S01,P001_S01_ST1ST_T01_R02,T01,R02,Room_Requested_Keyboard,Study 1,Continuous Room Navigation,Requested Feedback,Keyboard,0,1787856833.6515527,1787856917.2042198,2026-08-27T18:55:17.204220+00:00,83.5526671409607,548643.968,765,841473378777,0,0,0.0,0.0,0.0,0.0,0.0,0.0,0,0.0,0.0,0.0,0.0,0.0,0.0,0,0.0,0.0,0.0,0.0,0.0,0.0
P001,P001_S01,P001_S01_ST1ST_T01_R02,T01,R02,Room_Requested_Keyboard,Study 1,Continuous Room Navigation,Requested Feedback,Keyboard,0,1787856833.6515527,1787856917.3570502,2026-08-27T18:55:17.357050+00:00,83.70549750328064,548644.125,766,841474380794,0,0,0.0,0.0,0.0,0.0,0.0,0.0,0,0.0,0.0,0.0,0.0,0.0,0.0,0,0.0,0.0,0.0,0.0,0.0,0.0
P001,P001_S01,P001_S01_ST1ST_T01_R02,T01,R02,Room_Requested_Keyboard,Study 1,Continuous Room Navigation,Requested Feedback,Keyboard,0,1787856833.6515527,1787856917.437563,2026-08-27T18:55:17.437563+00:00,83.78601026535034,548644.203,767,841475381426,0,0,0.0,0.0,0.0,0.0,0.0,0.0,0,0.0,0.0,0.0,0.0,0.0,0.0,0,0.0,0.0,0.0,0.0,0.0,0.0
P001,P001_S01,P001_S01_ST1ST_T01_R02,T01,R02,Room_Requested_Keyboard,Study 1,Continuous Room Navigation,Requested Feedback,Keyboard,0,1787856833.6515527,1787856917.5207658,2026-08-27T18:55:17.520766+00:00,83.86921310424805,548644.296,768,841476541612,0,0,0.0,0.0,0.0,0.0,0.0,0.0,0,0.0,0.0,0.0,0.0,0.0,0.0,0,0.0,0.0,0.0,0.0,0.0,0.0
P001,P001_S01,P001_S01_ST1ST_T01_R02,T01,R02,Room_Requested_Keyboard,Study 1,Continuous Room Navigation,Requested Feedback,Keyboard,0,1787856833.6515527,1787856917.6267807,2026-08-27T18:55:17.626781+00:00,83.97522807121277,548644.39,769,841477586489,0,0,0.0,0.0,0.0,0.0,0.0,0.0,0,0.0,0.0,0.0,0.0,0.0,0.0,0,0.0,0.0,0.0,0.0,0.0,0.0
P001,P001_S01,P001_S01_ST1ST_T01_R02,T01,R02,Room_Requested_Keyboard,Study 1,Continuous Room Navigation,Requested Feedback,Keyboard,0,1787856833.6515527,1787856917.796473,2026-08-27T18:55:17.796473+00:00,84.1449203491211,548644.562,770,841478700883,0,0,0.0,0.0,0.0,0.0,0.0,0.0,0,0.0,0.0,0.0,0.0,0.0,0.0,0,0.0,0.0,0.0,0.0,0.0,0.0
P001,P001_S01,P001_S01_ST1ST_T01_R02,T01,R02,Room_Requested_Keyboard,Study 1,Continuous Room Navigation,Requested Feedback,Keyboard,0,1787856833.6515527,1787856917.8547716,2026-08-27T18:55:17.854772+00:00,84.20321893692017,548644.625,771,841479878377,0,0,0.0,0.0,0.0,0.0,0.0,0.0,0,0.0,0.0,0.0,0.0,0.0,0.0,0,0.0,0.0,0.0,0.0,0.0,0.0
P001,P001_S01,P001_S01_ST1ST_T01_R02,T01,R02,Room_Requested_Keyboard,Study 1,Continuous Room Navigation,Requested Feedback,Keyboard,0,1787856833.6515527,1787856918.030688,2026-08-27T18:55:18.030688+00:00,84.37913537025452,548644.796,772,841480989094,0,0,0.0,0.0,0.0,0.0,0.0,0.0,0,0.0,0.0,0.0,0.0,0.0,0.0,0,0.0,0.0,0.0,0.0,0.0,0.0
P001,P001_S01,P001_S01_ST1ST_T01_R02,T01,R02,Room_Requested_Keyboard,Study 1,Continuous Room Navigation,Requested Feedback,Keyboard,0,1787856833.6515527,1787856918.0706918,2026-08-27T18:55:18.070692+00:00,84.41913914680481,548644.843,773,841482039687,0,0,0.0,0.0,0.0,0.0,0.0,0.0,0,0.0,0.0,0.0,0.0,0.0,0.0,0,0.0,0.0,0.0,0.0,0.0,0.0
P001,P001_S01,P001_S01_ST1ST_T01_R02,T01,R02,Room_Requested_Keyboard,Study 1,Continuous Room Navigation,Requested Feedback,Keyboard,0,1787856833.6515527,1787856918.175362,2026-08-27T18:55:18.175362+00:00,84.5238094329834,548644.937,774,841483080154,0,0,0.0,0.0,0.0,0.0,0.0,0.0,0,0.0,0.0,0.0,0.0,0.0,0.0,0,0.0,0.0,0.0,0.0,0.0,0.0
P001,P001_S01,P001_S01_ST1ST_T01_R02,T01,R02,Room_Requested_Keyboard,Study 1,Continuous Room Navigation,Requested Feedback,Keyboard,0,1787856833.6515527,1787856918.3373642,2026-08-27T18:55:18.337364+00:00,84.6858115196228,548645.109,775,841484231891,0,0,0.0,0.0,0.0,0.0,0.0,0.0,0,0.0,0.0,0.0,0.0,0.0,0.0,0,0.0,0.0,0.0,0.0,0.0,0.0
P001,P001_S01,P001_S01_ST1ST_T01_R02,T01,R02,Room_Requested_Keyboard,Study 1,Continuous Room Navigation,Requested Feedback,Keyboard,0,1787856833.6515527,1787856918.4377637,2026-08-27T18:55:18.437764+00:00,84.78621101379395,548645.203,776,841485294912,0,0,0.0,0.0,0.0,0.0,0.0,0.0,0,0.0,0.0,0.0,0.0,0.0,0.0,0,0.0,0.0,0.0,0.0,0.0,0.0
P001,P001_S01,P001_S01_ST1ST_T01_R02,T01,R02,Room_Requested_Keyboard,Study 1,Continuous Room Navigation,Requested Feedback,Keyboard,0,1787856833.6515527,1787856918.5212767,2026-08-27T18:55:18.521277+00:00,84.86972403526306,548645.296,777,841486442657,0,0,0.0,0.0,0.0,0.0,0.0,0.0,0,0.0,0.0,0.0,0.0,0.0,0.0,0,0.0,0.0,0.0,0.0,0.0,0.0
P001,P001_S01,P001_S01_ST1ST_T01_R02,T01,R02,Room_Requested_Keyboard,Study 1,Continuous Room Navigation,Requested Feedback,Keyboard,0,1787856833.6515527,1787856918.625943,2026-08-27T18:55:18.625943+00:00,84.9743902683258,548645.39,778,841487594923,0,0,0.0,0.0,0.0,0.0,0.0,0.0,0,0.0,0.0,0.0,0.0,0.0,0.0,0,0.0,0.0,0.0,0.0,0.0,0.0
P001,P001_S01,P001_S01_ST1ST_T01_R02,T01,R02,Room_Requested_Keyboard,Study 1,Continuous Room Navigation,Requested Feedback,Keyboard,0,1787856833.6515527,1787856918.7362673,2026-08-27T18:55:18.736267+00:00,85.08471465110779,548645.5,779,841488692899,0,0,0.0,0.0,0.0,0.0,0.0,0.0,0,0.0,0.0,0.0,0.0,0.0,0.0,0,0.0,0.0,0.0,0.0,0.0,0.0
P001,P001_S01,P001_S01_ST1ST_T01_R02,T01,R02,Room_Requested_Keyboard,Study 1,Continuous Room Navigation,Requested Feedback,Keyboard,0,1787856833.6515527,1787856918.856021,2026-08-27T18:55:18.856021+00:00,85.20446825027466,548645.625,780,841489881097,0,0,0.0,0.0,0.0,0.0,0.0,0.0,0,0.0,0.0,0.0,0.0,0.0,0.0,0,0.0,0.0,0.0,0.0,0.0,0.0
P001,P001_S01,P001_S01_ST1ST_T01_R02,T01,R02,Room_Requested_Keyboard,Study 1,Continuous Room Navigation,Requested Feedback,Keyboard,0,1787856833.6515527,1787856918.9585843,2026-08-27T18:55:18.958584+00:00,85.30703163146973,548645.734,781,841490917318,0,0,0.0,0.0,0.0,0.0,0.0,0.0,0,0.0,0.0,0.0,0.0,0.0,0.0,0,0.0,0.0,0.0,0.0,0.0,0.0
P001,P001_S01,P001_S01_ST1ST_T01_R02,T01,R02,Room_Requested_Keyboard,Study 1,Continuous Room Navigation,Requested Feedback,Keyboard,0,1787856833.6515527,1787856919.1217382,2026-08-27T18:55:19.121738+00:00,85.47018551826477,548645.89,782,841491985729,0,0,0.0,0.0,0.0,0.0,0.0,0.0,0,0.0,0.0,0.0,0.0,0.0,0.0,0,0.0,0.0,0.0,0.0,0.0,0.0
P001,P001_S01,P001_S01_ST1ST_T01_R02,T01,R02,Room_Requested_Keyboard,Study 1,Continuous Room Navigation,Requested Feedback,Keyboard,0,1787856833.6515527,1787856919.1757967,2026-08-27T18:55:19.175797+00:00,85.5242440700531,548645.953,783,841493096006,0,0,0.0,0.0,0.0,0.0,0.0,0.0,0,0.0,0.0,0.0,0.0,0.0,0.0,0,0.0,0.0,0.0,0.0,0.0,0.0
P001,P001_S01,P001_S01_ST1ST_T01_R02,T01,R02,Room_Requested_Keyboard,Study 1,Continuous Room Navigation,Requested Feedback,Keyboard,0,1787856833.6515527,1787856919.2870524,2026-08-27T18:55:19.287052+00:00,85.63549971580505,548646.062,784,841494203891,0,0,0.0,0.0,0.0,0.0,0.0,0.0,0,0.0,0.0,0.0,0.0,0.0,0.0,0,0.0,0.0,0.0,0.0,0.0,0.0
P001,P001_S01,P001_S01_ST1ST_T01_R02,T01,R02,Room_Requested_Keyboard,Study 1,Continuous Room Navigation,Requested Feedback,Keyboard,0,1787856833.6515527,1787856919.404987,2026-08-27T18:55:19.404987+00:00,85.75343441963196,548646.171,785,841495381376,0,0,0.0,0.0,0.0,0.0,0.0,0.0,0,0.0,0.0,0.0,0.0,0.0,0.0,0,0.0,0.0,0.0,0.0,0.0,0.0
P001,P001_S01,P001_S01_ST1ST_T01_R02,T01,R02,Room_Requested_Keyboard,Study 1,Continuous Room Navigation,Requested Feedback,Keyboard,0,1787856833.6515527,1787856919.6401532,2026-08-27T18:55:19.640153+00:00,85.98860049247742,548646.406,786,841496536767,0,0,0.0,0.0,0.0,0.0,0.0,0.0,0,0.0,0.0,0.0,0.0,0.0,0.0,0,0.0,0.0,0.0,0.0,0.0,0.0
P001,P001_S01,P001_S01_ST1ST_T01_R02,T01,R02,Room_Requested_Keyboard,Study 1,Continuous Room Navigation,Requested Feedback,Keyboard,0,1787856833.6515527,1787856919.6401532,2026-08-27T18:55:19.640153+00:00,85.98860049247742,548646.406,787,841497592514,0,0,0.0,0.0,0.0,0.0,0.0,0.0,0,0.0,0.0,0.0,0.0,0.0,0.0,0,0.0,0.0,0.0,0.0,0.0,0.0
P001,P001_S01,P001_S01_ST1ST_T01_R02,T01,R02,Room_Requested_Keyboard,Study 1,Continuous Room Navigation,Requested Feedback,Keyboard,0,1787856833.6515527,1787856919.7348905,2026-08-27T18:55:19.734890+00:00,86.08333778381348,548646.5,788,841498681388,0,0,0.0,0.0,0.0,0.0,0.0,0.0,0,0.0,0.0,0.0,0.0,0.0,0.0,0,0.0,0.0,0.0,0.0,0.0,0.0
P001,P001_S01,P001_S01_ST1ST_T01_R02,T01,R02,Room_Requested_Keyboard,Study 1,Continuous Room Navigation,Requested Feedback,Keyboard,0,1787856833.6515527,1787856919.845716,2026-08-27T18:55:19.845716+00:00,86.19416332244873,548646.609,789,841499778496,0,0,0.0,0.0,0.0,0.0,0.0,0.0,0,0.0,0.0,0.0,0.0,0.0,0.0,0,0.0,0.0,0.0,0.0,0.0,0.0
P001,P001_S01,P001_S01_ST1ST_T01_R02,T01,R02,Room_Requested_Keyboard,Study 1,Continuous Room Navigation,Requested Feedback,Keyboard,0,1787856833.6515527,1787856919.9811306,2026-08-27T18:55:19.981131+00:00,86.32957792282104,548646.75,790,841500882851,0,0,0.0,0.0,0.0,0.0,0.0,0.0,0,0.0,0.0,0.0,0.0,0.0,0.0,0,0.0,0.0,0.0,0.0,0.0,0.0
P001,P001_S01,P001_S01_ST1ST_T01_R02,T01,R02,Room_Requested_Keyboard,Study 1,Continuous Room Navigation,Requested Feedback,Keyboard,0,1787856833.6515527,1787856920.071134,2026-08-27T18:55:20.071134+00:00,86.41958141326904,548646.843,791,841502040484,0,0,0.0,0.0,0.0,0.0,0.0,0.0,0,0.0,0.0,0.0,0.0,0.0,0.0,0,0.0,0.0,0.0,0.0,0.0,0.0
P001,P001_S01,P001_S01_ST1ST_T01_R02,T01,R02,Room_Requested_Keyboard,Study 1,Continuous Room Navigation,Requested Feedback,Keyboard,0,1787856833.6515527,1787856920.2281566,2026-08-27T18:55:20.228157+00:00,86.57660388946533,548647.0,792,841503082484,0,0,0.0,0.0,0.0,0.0,0.0,0.0,0,0.0,0.0,0.0,0.0,0.0,0.0,0,0.0,0.0,0.0,0.0,0.0,0.0
P001,P001_S01,P001_S01_ST1ST_T01_R02,T01,R02,Room_Requested_Keyboard,Study 1,Continuous Room Navigation,Requested Feedback,Keyboard,0,1787856833.6515527,1787856920.3106723,2026-08-27T18:55:20.310672+00:00,86.65911960601807,548647.078,793,841504283020,0,0,0.0,0.0,0.0,0.0,0.0,0.0,0,0.0,0.0,0.0,0.0,0.0,0.0,0,0.0,0.0,0.0,0.0,0.0,0.0
P001,P001_S01,P001_S01_ST1ST_T01_R02,T01,R02,Room_Requested_Keyboard,Study 1,Continuous Room Navigation,Requested Feedback,Keyboard,0,1787856833.6515527,1787856920.4641929,2026-08-27T18:55:20.464193+00:00,86.81264019012451,548647.234,794,841505294701,0,0,0.0,0.0,0.0,0.0,0.0,0.0,0,0.0,0.0,0.0,0.0,0.0,0.0,0,0.0,0.0,0.0,0.0,0.0,0.0
P001,P001_S01,P001_S01_ST1ST_T01_R02,T01,R02,Room_Requested_Keyboard,Study 1,Continuous Room Navigation,Requested Feedback,Keyboard,0,1787856833.6515527,1787856920.5537028,2026-08-27T18:55:20.553703+00:00,86.90215015411377,548647.328,795,841506389893,0,0,0.0,0.0,0.0,0.0,0.0,0.0,0,0.0,0.0,0.0,0.0,0.0,0.0,0,0.0,0.0,0.0,0.0,0.0,0.0
P001,P001_S01,P001_S01_ST1ST_T01_R02,T01,R02,Room_Requested_Keyboard,Study 1,Continuous Room Navigation,Requested Feedback,Keyboard,0,1787856833.6515527,1787856920.6302185,2026-08-27T18:55:20.630219+00:00,86.97866582870483,548647.406,796,841507584980,0,0,0.0,0.0,0.0,0.0,0.0,0.0,0,0.0,0.0,0.0,0.0,0.0,0.0,0,0.0,0.0,0.0,0.0,0.0,0.0
P001,P001_S01,P001_S01_ST1ST_T01_R02,T01,R02,Room_Requested_Keyboard,Study 1,Continuous Room Navigation,Requested Feedback,Keyboard,0,1787856833.6515527,1787856920.7872448,2026-08-27T18:55:20.787245+00:00,87.13569211959839,548647.562,797,841508703424,0,0,0.0,0.0,0.0,0.0,0.0,0.0,0,0.0,0.0,0.0,0.0,0.0,0.0,0,0.0,0.0,0.0,0.0,0.0,0.0
P001,P001_S01,P001_S01_ST1ST_T01_R02,T01,R02,Room_Requested_Keyboard,Study 1,Continuous Room Navigation,Requested Feedback,Keyboard,0,1787856833.6515527,1787856920.845273,2026-08-27T18:55:20.845273+00:00,87.19372034072876,548647.609,798,841509785593,0,0,0.0,0.0,0.0,0.0,0.0,0.0,0,0.0,0.0,0.0,0.0,0.0,0.0,0,0.0,0.0,0.0,0.0,0.0,0.0
P001,P001_S01,P001_S01_ST1ST_T01_R02,T01,R02,Room_Requested_Keyboard,Study 1,Continuous Room Navigation,Requested Feedback,Keyboard,0,1787856833.6515527,1787856920.966562,2026-08-27T18:55:20.966562+00:00,87.31500935554504,548647.734,799,841510999680,0,0,0.0,0.0,0.0,0.0,0.0,0.0,0,0.0,0.0,0.0,0.0,0.0,0.0,0,0.0,0.0,0.0,0.0,0.0,0.0
P001,P001_S01,P001_S01_ST1ST_T01_R02,T01,R02,Room_Requested_Keyboard,Study 1,Continuous Room Navigation,Requested Feedback,Keyboard,0,1787856833.6515527,1787856921.0769897,2026-08-27T18:55:21.076990+00:00,87.42543697357178,548647.843,800,841512083955,0,0,0.0,0.0,0.0,0.0,0.0,0.0,0,0.0,0.0,0.0,0.0,0.0,0.0,0,0.0,0.0,0.0,0.0,0.0,0.0
P001,P001_S01,P001_S01_ST1ST_T01_R02,T01,R02,Room_Requested_Keyboard,Study 1,Continuous Room Navigation,Requested Feedback,Keyboard,0,1787856833.6515527,1787856921.1900685,2026-08-27T18:55:21.190068+00:00,87.53851580619812,548647.953,801,841513235712,0,0,0.0,0.0,0.0,0.0,0.0,0.0,0,0.0,0.0,0.0,0.0,0.0,0.0,0,0.0,0.0,0.0,0.0,0.0,0.0
P001,P001_S01,P001_S01_ST1ST_T01_R02,T01,R02,Room_Requested_Keyboard,Study 1,Continuous Room Navigation,Requested Feedback,Keyboard,0,1787856833.6515527,1787856921.3044684,2026-08-27T18:55:21.304468+00:00,87.65291571617126,548648.078,802,841514379628,0,0,0.0,0.0,0.0,0.0,0.0,0.0,0,0.0,0.0,0.0,0.0,0.0,0.0,0,0.0,0.0,0.0,0.0,0.0,0.0
P001,P001_S01,P001_S01_ST1ST_T01_R02,T01,R02,Room_Requested_Keyboard,Study 1,Continuous Room Navigation,Requested Feedback,Keyboard,0,1787856833.6515527,1787856921.4122436,2026-08-27T18:55:21.412244+00:00,87.7606909275055,548648.187,803,841515449802,0,0,0.0,0.0,0.0,0.0,0.0,0.0,0,0.0,0.0,0.0,0.0,0.0,0.0,0,0.0,0.0,0.0,0.0,0.0,0.0
P001,P001_S01,P001_S01_ST1ST_T01_R02,T01,R02,Room_Requested_Keyboard,Study 1,Continuous Room Navigation,Requested Feedback,Keyboard,0,1787856833.6515527,1787856921.5213473,2026-08-27T18:55:21.521347+00:00,87.86979460716248,548648.296,804,841516545452,0,0,0.0,0.0,0.0,0.0,0.0,0.0,0,0.0,0.0,0.0,0.0,0.0,0.0,0,0.0,0.0,0.0,0.0,0.0,0.0
P001,P001_S01,P001_S01_ST1ST_T01_R02,T01,R02,Room_Requested_Keyboard,Study 1,Continuous Room Navigation,Requested Feedback,Keyboard,0,1787856833.6515527,1787856921.6263607,2026-08-27T18:55:21.626361+00:00,87.97480797767639,548648.39,805,841517583682,0,0,0.0,0.0,0.0,0.0,0.0,0.0,0,0.0,0.0,0.0,0.0,0.0,0.0,0,0.0,0.0,0.0,0.0,0.0,0.0
P001,P001_S01,P001_S01_ST1ST_T01_R02,T01,R02,Room_Requested_Keyboard,Study 1,Continuous Room Navigation,Requested Feedback,Keyboard,0,1787856833.6515527,1787856921.7368338,2026-08-27T18:55:21.736834+00:00,88.08528113365173,548648.5,806,841518700765,0,0,0.0,0.0,0.0,0.0,0.0,0.0,0,0.0,0.0,0.0,0.0,0.0,0.0,0,0.0,0.0,0.0,0.0,0.0,0.0
P001,P001_S01,P001_S01_ST1ST_T01_R02,T01,R02,Room_Requested_Keyboard,Study 1,Continuous Room Navigation,Requested Feedback,Keyboard,0,1787856833.6515527,1787856921.8386753,2026-08-27T18:55:21.838675+00:00,88.18712258338928,548648.609,807,841519717085,0,0,0.0,0.0,0.0,0.0,0.0,0.0,0,0.0,0.0,0.0,0.0,0.0,0.0,0,0.0,0.0,0.0,0.0,0.0,0.0
P001,P001_S01,P001_S01_ST1ST_T01_R02,T01,R02,Room_Requested_Keyboard,Study 1,Continuous Room Navigation,Requested Feedback,Keyboard,0,1787856833.6515527,1787856922.0255866,2026-08-27T18:55:22.025587+00:00,88.37403392791748,548648.796,808,841520881522,0,0,0.0,0.0,0.0,0.0,0.0,0.0,0,0.0,0.0,0.0,0.0,0.0,0.0,0,0.0,0.0,0.0,0.0,0.0,0.0
P001,P001_S01,P001_S01_ST1ST_T01_R02,T01,R02,Room_Requested_Keyboard,Study 1,Continuous Room Navigation,Requested Feedback,Keyboard,0,1787856833.6515527,1787856922.1060927,2026-08-27T18:55:22.106093+00:00,88.45454001426697,548648.875,809,841521901650,0,0,0.0,0.0,0.0,0.0,0.0,0.0,0,0.0,0.0,0.0,0.0,0.0,0.0,0,0.0,0.0,0.0,0.0,0.0,0.0
P001,P001_S01,P001_S01_ST1ST_T01_R02,T01,R02,Room_Requested_Keyboard,Study 1,Continuous Room Navigation,Requested Feedback,Keyboard,0,1787856833.6515527,1787856922.1846006,2026-08-27T18:55:22.184601+00:00,88.533047914505,548648.953,810,841523002920,0,0,0.0,0.0,0.0,0.0,0.0,0.0,0,0.0,0.0,0.0,0.0,0.0,0.0,0,0.0,0.0,0.0,0.0,0.0,0.0
P001,P001_S01,P001_S01_ST1ST_T01_R02,T01,R02,Room_Requested_Keyboard,Study 1,Continuous Room Navigation,Requested Feedback,Keyboard,0,1787856833.6515527,1787856922.2755191,2026-08-27T18:55:22.275519+00:00,88.6239664554596,548649.046,811,841524078268,0,0,0.0,0.0,0.0,0.0,0.0,0.0,0,0.0,0.0,0.0,0.0,0.0,0.0,0,0.0,0.0,0.0,0.0,0.0,0.0
P001,P001_S01,P001_S01_ST1ST_T01_R02,T01,R02,Room_Requested_Keyboard,Study 1,Continuous Room Navigation,Requested Feedback,Keyboard,0,1787856833.6515527,1787856922.3807356,2026-08-27T18:55:22.380736+00:00,88.7291829586029,548649.156,812,841525131551,0,0,0.0,0.0,0.0,0.0,0.0,0.0,0,0.0,0.0,0.0,0.0,0.0,0.0,0,0.0,0.0,0.0,0.0,0.0,0.0
P001,P001_S01,P001_S01_ST1ST_T01_R02,T01,R02,Room_Requested_Keyboard,Study 1,Continuous Room Navigation,Requested Feedback,Keyboard,0,1787856833.6515527,1787856922.5450118,2026-08-27T18:55:22.545012+00:00,88.89345908164978,548649.312,813,841526282167,0,0,0.0,0.0,0.0,0.0,0.0,0.0,0,0.0,0.0,0.0,0.0,0.0,0.0,0,0.0,0.0,0.0,0.0,0.0,0.0
P001,P001_S01,P001_S01_ST1ST_T01_R02,T01,R02,Room_Requested_Keyboard,Study 1,Continuous Room Navigation,Requested Feedback,Keyboard,0,1787856833.6515527,1787856922.6435251,2026-08-27T18:55:22.643525+00:00,88.99197244644165,548649.406,814,841527379367,0,0,0.0,0.0,0.0,0.0,0.0,0.0,0,0.0,0.0,0.0,0.0,0.0,0.0,0,0.0,0.0,0.0,0.0,0.0,0.0
P001,P001_S01,P001_S01_ST1ST_T01_R02,T01,R02,Room_Requested_Keyboard,Study 1,Continuous Room Navigation,Requested Feedback,Keyboard,0,1787856833.6515527,1787856922.7210312,2026-08-27T18:55:22.721031+00:00,89.0694785118103,548649.484,815,841528380837,0,0,0.0,0.0,0.0,0.0,0.0,0.0,0,0.0,0.0,0.0,0.0,0.0,0.0,0,0.0,0.0,0.0,0.0,0.0,0.0
P001,P001_S01,P001_S01_ST1ST_T01_R02,T01,R02,Room_Requested_Keyboard,Study 1,Continuous Room Navigation,Requested Feedback,Keyboard,0,1787856833.6515527,1787856922.8059607,2026-08-27T18:55:22.805961+00:00,89.15440797805786,548649.578,816,841529383553,0,0,0.0,0.0,0.0,0.0,0.0,0.0,0,0.0,0.0,0.0,0.0,0.0,0.0,0,0.0,0.0,0.0,0.0,0.0,0.0
P001,P001_S01,P001_S01_ST1ST_T01_R02,T01,R02,Room_Requested_Keyboard,Study 1,Continuous Room Navigation,Requested Feedback,Keyboard,0,1787856833.6515527,1787856922.917813,2026-08-27T18:55:22.917813+00:00,89.2662603855133,548649.687,817,841530512725,0,0,0.0,0.0,0.0,0.0,0.0,0.0,0,0.0,0.0,0.0,0.0,0.0,0.0,0,0.0,0.0,0.0,0.0,0.0,0.0
P001,P001_S01,P001_S01_ST1ST_T01_R02,T01,R02,Room_Requested_Keyboard,Study 1,Continuous Room Navigation,Requested Feedback,Keyboard,0,1787856833.6515527,1787856923.0199423,2026-08-27T18:55:23.019942+00:00,89.36838960647583,548649.796,818,841531531891,0,0,0.0,0.0,0.0,0.0,0.0,0.0,0,0.0,0.0,0.0,0.0,0.0,0.0,0,0.0,0.0,0.0,0.0,0.0,0.0
P001,P001_S01,P001_S01_ST1ST_T01_R02,T01,R02,Room_Requested_Keyboard,Study 1,Continuous Room Navigation,Requested Feedback,Keyboard,0,1787856833.6515527,1787856923.1242914,2026-08-27T18:55:23.124291+00:00,89.47273874282837,548649.89,819,841532580244,0,0,0.0,0.0,0.0,0.0,0.0,0.0,0,0.0,0.0,0.0,0.0,0.0,0.0,0,0.0,0.0,0.0,0.0,0.0,0.0
P001,P001_S01,P001_S01_ST1ST_T01_R02,T01,R02,Room_Requested_Keyboard,Study 1,Continuous Room Navigation,Requested Feedback,Keyboard,0,1787856833.6515527,1787856923.2373133,2026-08-27T18:55:23.237313+00:00,89.5857605934143,548650.0,820,841533694896,0,0,0.0,0.0,0.0,0.0,0.0,0.0,0,0.0,0.0,0.0,0.0,0.0,0.0,0,0.0,0.0,0.0,0.0,0.0,0.0
P001,P001_S01,P001_S01_ST1ST_T01_R02,T01,R02,Room_Requested_Keyboard,Study 1,Continuous Room Navigation,Requested Feedback,Keyboard,0,1787856833.6515527,1787856923.3575952,2026-08-27T18:55:23.357595+00:00,89.70604252815247,548650.125,821,841534779430,0,0,0.0,0.0,0.0,0.0,0.0,0.0,0,0.0,0.0,0.0,0.0,0.0,0.0,0,0.0,0.0,0.0,0.0,0.0,0.0
P001,P001_S01,P001_S01_ST1ST_T01_R02,T01,R02,Room_Requested_Keyboard,Study 1,Continuous Room Navigation,Requested Feedback,Keyboard,0,1787856833.6515527,1787856923.5199451,2026-08-27T18:55:23.519945+00:00,89.86839246749878,548650.281,822,841535881100,0,0,0.0,0.0,0.0,0.0,0.0,0.0,0,0.0,0.0,0.0,0.0,0.0,0.0,0,0.0,0.0,0.0,0.0,0.0,0.0
P001,P001_S01,P001_S01_ST1ST_T01_R02,T01,R02,Room_Requested_Keyboard,Study 1,Continuous Room Navigation,Requested Feedback,Keyboard,0,1787856833.6515527,1787856923.565946,2026-08-27T18:55:23.565946+00:00,89.9143934249878,548650.328,823,841536983420,0,0,0.0,0.0,0.0,0.0,0.0,0.0,0,0.0,0.0,0.0,0.0,0.0,0.0,0,0.0,0.0,0.0,0.0,0.0,0.0
P001,P001_S01,P001_S01_ST1ST_T01_R02,T01,R02,Room_Requested_Keyboard,Study 1,Continuous Room Navigation,Requested Feedback,Keyboard,0,1787856833.6515527,1787856923.6841252,2026-08-27T18:55:23.684125+00:00,90.03257250785828,548650.453,824,841538179069,0,0,0.0,0.0,0.0,0.0,0.0,0.0,0,0.0,0.0,0.0,0.0,0.0,0.0,0,0.0,0.0,0.0,0.0,0.0,0.0
P001,P001_S01,P001_S01_ST1ST_T01_R02,T01,R02,Room_Requested_Keyboard,Study 1,Continuous Room Navigation,Requested Feedback,Keyboard,0,1787856833.6515527,1787856923.7960944,2026-08-27T18:55:23.796094+00:00,90.14454174041748,548650.562,825,841539282080,0,0,0.0,0.0,0.0,0.0,0.0,0.0,0,0.0,0.0,0.0,0.0,0.0,0.0,0,0.0,0.0,0.0,0.0,0.0,0.0
P001,P001_S01,P001_S01_ST1ST_T01_R02,T01,R02,Room_Requested_Keyboard,Study 1,Continuous Room Navigation,Requested Feedback,Keyboard,0,1787856833.6515527,1787856923.9066432,2026-08-27T18:55:23.906643+00:00,90.2550904750824,548650.671,826,841540386273,0,0,0.0,0.0,0.0,0.0,0.0,0.0,0,0.0,0.0,0.0,0.0,0.0,0.0,0,0.0,0.0,0.0,0.0,0.0,0.0
P001,P001_S01,P001_S01_ST1ST_T01_R02,T01,R02,Room_Requested_Keyboard,Study 1,Continuous Room Navigation,Requested Feedback,Keyboard,0,1787856833.6515527,1787856924.0776966,2026-08-27T18:55:24.077697+00:00,90.42614388465881,548650.843,827,841541539104,0,0,0.0,0.0,0.0,0.0,0.0,0.0,0,0.0,0.0,0.0,0.0,0.0,0.0,0,0.0,0.0,0.0,0.0,0.0,0.0
P001,P001_S01,P001_S01_ST1ST_T01_R02,T01,R02,Room_Requested_Keyboard,Study 1,Continuous Room Navigation,Requested Feedback,Keyboard,0,1787856833.6515527,1787856924.161817,2026-08-27T18:55:24.161817+00:00,90.51026439666748,548650.937,828,841542548071,0,0,0.0,0.0,0.0,0.0,0.0,0.0,0,0.0,0.0,0.0,0.0,0.0,0.0,0,0.0,0.0,0.0,0.0,0.0,0.0
P001,P001_S01,P001_S01_ST1ST_T01_R02,T01,R02,Room_Requested_Keyboard,Study 1,Continuous Room Navigation,Requested Feedback,Keyboard,0,1787856833.6515527,1787856924.2413213,2026-08-27T18:55:24.241321+00:00,90.58976864814758,548651.015,829,841543615985,0,0,0.0,0.0,0.0,0.0,0.0,0.0,0,0.0,0.0,0.0,0.0,0.0,0.0,0,0.0,0.0,0.0,0.0,0.0,0.0
P001,P001_S01,P001_S01_ST1ST_T01_R02,T01,R02,Room_Requested_Keyboard,Study 1,Continuous Room Navigation,Requested Feedback,Keyboard,0,1787856833.6515527,1787856924.335909,2026-08-27T18:55:24.335909+00:00,90.68435621261597,548651.109,830,841544696618,0,0,0.0,0.0,0.0,0.0,0.0,0.0,0,0.0,0.0,0.0,0.0,0.0,0.0,0,0.0,0.0,0.0,0.0,0.0,0.0
P001,P001_S01,P001_S01_ST1ST_T01_R02,T01,R02,Room_Requested_Keyboard,Study 1,Continuous Room Navigation,Requested Feedback,Keyboard,0,1787856833.6515527,1787856924.5017364,2026-08-27T18:55:24.501736+00:00,90.85018372535706,548651.265,831,841545885587,0,0,0.0,0.0,0.0,0.0,0.0,0.0,0,0.0,0.0,0.0,0.0,0.0,0.0,0,0.0,0.0,0.0,0.0,0.0,0.0
P001,P001_S01,P001_S01_ST1ST_T01_R02,T01,R02,Room_Requested_Keyboard,Study 1,Continuous Room Navigation,Requested Feedback,Keyboard,0,1787856833.6515527,1787856924.5663834,2026-08-27T18:55:24.566383+00:00,90.91483068466187,548651.343,832,841546995913,0,0,0.0,0.0,0.0,0.0,0.0,0.0,0,0.0,0.0,0.0,0.0,0.0,0.0,0,0.0,0.0,0.0,0.0,0.0,0.0
P001,P001_S01,P001_S01_ST1ST_T01_R02,T01,R02,Room_Requested_Keyboard,Study 1,Continuous Room Navigation,Requested Feedback,Keyboard,0,1787856833.6515527,1787856924.726118,2026-08-27T18:55:24.726118+00:00,91.07456541061401,548651.5,833,841548181252,0,0,0.0,0.0,0.0,0.0,0.0,0.0,0,0.0,0.0,0.0,0.0,0.0,0.0,0,0.0,0.0,0.0,0.0,0.0,0.0
P001,P001_S01,P001_S01_ST1ST_T01_R02,T01,R02,Room_Requested_Keyboard,Study 1,Continuous Room Navigation,Requested Feedback,Keyboard,0,1787856833.6515527,1787856924.804627,2026-08-27T18:55:24.804627+00:00,91.15307426452637,548651.578,834,841549298680,0,0,0.0,0.0,0.0,0.0,0.0,0.0,0,0.0,0.0,0.0,0.0,0.0,0.0,0,0.0,0.0,0.0,0.0,0.0,0.0
P001,P001_S01,P001_S01_ST1ST_T01_R02,T01,R02,Room_Requested_Keyboard,Study 1,Continuous Room Navigation,Requested Feedback,Keyboard,0,1787856833.6515527,1787856924.9060724,2026-08-27T18:55:24.906072+00:00,91.25451970100403,548651.671,835,841550381776,0,0,0.0,0.0,0.0,0.0,0.0,0.0,0,0.0,0.0,0.0,0.0,0.0,0.0,0,0.0,0.0,0.0,0.0,0.0,0.0
P001,P001_S01,P001_S01_ST1ST_T01_R02,T01,R02,Room_Requested_Keyboard,Study 1,Continuous Room Navigation,Requested Feedback,Keyboard,0,1787856833.6515527,1787856925.0178308,2026-08-27T18:55:25.017831+00:00,91.3662781715393,548651.781,836,841551452959,0,0,0.0,0.0,0.0,0.0,0.0,0.0,0,0.0,0.0,0.0,0.0,0.0,0.0,0,0.0,0.0,0.0,0.0,0.0,0.0
P001,P001_S01,P001_S01_ST1ST_T01_R02,T01,R02,Room_Requested_Keyboard,Study 1,Continuous Room Navigation,Requested Feedback,Keyboard,0,1787856833.6515527,1787856925.121236,2026-08-27T18:55:25.121236+00:00,91.46968340873718,548651.89,837,841552546187,0,0,0.0,0.0,0.0,0.0,0.0,0.0,0,0.0,0.0,0.0,0.0,0.0,0.0,0,0.0,0.0,0.0,0.0,0.0,0.0
P001,P001_S01,P001_S01_ST1ST_T01_R02,T01,R02,Room_Requested_Keyboard,Study 1,Continuous Room Navigation,Requested Feedback,Keyboard,0,1787856833.6515527,1787856925.2347765,2026-08-27T18:55:25.234776+00:00,91.58322381973267,548652.0,838,841553686329,0,0,0.0,0.0,0.0,0.0,0.0,0.0,0,0.0,0.0,0.0,0.0,0.0,0.0,0,0.0,0.0,0.0,0.0,0.0,0.0
P001,P001_S01,P001_S01_ST1ST_T01_R02,T01,R02,Room_Requested_Keyboard,Study 1,Continuous Room Navigation,Requested Feedback,Keyboard,0,1787856833.6515527,1787856925.421827,2026-08-27T18:55:25.421827+00:00,91.77027440071106,548652.187,839,841554786780,0,0,0.0,0.0,0.0,0.0,0.0,0.0,0,0.0,0.0,0.0,0.0,0.0,0.0,0,0.0,0.0,0.0,0.0,0.0,0.0
P001,P001_S01,P001_S01_ST1ST_T01_R02,T01,R02,Room_Requested_Keyboard,Study 1,Continuous Room Navigation,Requested Feedback,Keyboard,0,1787856833.6515527,1787856925.4558291,2026-08-27T18:55:25.455829+00:00,91.80427646636963,548652.218,840,841555881540,0,0,0.0,0.0,0.0,0.0,0.0,0.0,0,0.0,0.0,0.0,0.0,0.0,0.0,0,0.0,0.0,0.0,0.0,0.0,0.0
P001,P001_S01,P001_S01_ST1ST_T01_R02,T01,R02,Room_Requested_Keyboard,Study 1,Continuous Room Navigation,Requested Feedback,Keyboard,0,1787856833.6515527,1787856925.6301196,2026-08-27T18:55:25.630120+00:00,91.9785668849945,548652.406,841,841556983314,0,0,0.0,0.0,0.0,0.0,0.0,0.0,0,0.0,0.0,0.0,0.0,0.0,0.0,0,0.0,0.0,0.0,0.0,0.0,0.0
P001,P001_S01,P001_S01_ST1ST_T01_R02,T01,R02,Room_Requested_Keyboard,Study 1,Continuous Room Navigation,Requested Feedback,Keyboard,0,1787856833.6515527,1787856925.7267213,2026-08-27T18:55:25.726721+00:00,92.07516860961914,548652.5,842,841558181855,0,0,0.0,0.0,0.0,0.0,0.0,0.0,0,0.0,0.0,0.0,0.0,0.0,0.0,0,0.0,0.0,0.0,0.0,0.0,0.0
P001,P001_S01,P001_S01_ST1ST_T01_R02,T01,R02,Room_Requested_Keyboard,Study 1,Continuous Room Navigation,Requested Feedback,Keyboard,0,1787856833.6515527,1787856925.8062377,2026-08-27T18:55:25.806238+00:00,92.15468502044678,548652.578,843,841559285349,0,0,0.0,0.0,0.0,0.0,0.0,0.0,0,0.0,0.0,0.0,0.0,0.0,0.0,0,0.0,0.0,0.0,0.0,0.0,0.0
P001,P001_S01,P001_S01_ST1ST_T01_R02,T01,R02,Room_Requested_Keyboard,Study 1,Continuous Room Navigation,Requested Feedback,Keyboard,0,1787856833.6515527,1787856925.9047222,2026-08-27T18:55:25.904722+00:00,92.25316953659058,548652.671,844,841560381155,0,0,0.0,0.0,0.0,0.0,0.0,0.0,0,0.0,0.0,0.0,0.0,0.0,0.0,0,0.0,0.0,0.0,0.0,0.0,0.0
P001,P001_S01,P001_S01_ST1ST_T01_R02,T01,R02,Room_Requested_Keyboard,Study 1,Continuous Room Navigation,Requested Feedback,Keyboard,0,1787856833.6515527,1787856926.0845408,2026-08-27T18:55:26.084541+00:00,92.43298816680908,548652.859,845,841561534190,0,0,0.0,0.0,0.0,0.0,0.0,0.0,0,0.0,0.0,0.0,0.0,0.0,0.0,0,0.0,0.0,0.0,0.0,0.0,0.0
P001,P001_S01,P001_S01_ST1ST_T01_R02,T01,R02,Room_Requested_Keyboard,Study 1,Continuous Room Navigation,Requested Feedback,Keyboard,0,1787856833.6515527,1787856926.1230555,2026-08-27T18:55:26.123055+00:00,92.4715027809143,548652.89,846,841562566356,0,0,0.0,0.0,0.0,0.0,0.0,0.0,0,0.0,0.0,0.0,0.0,0.0,0.0,0,0.0,0.0,0.0,0.0,0.0,0.0
P001,P001_S01,P001_S01_ST1ST_T01_R02,T01,R02,Room_Requested_Keyboard,Study 1,Continuous Room Navigation,Requested Feedback,Keyboard,0,1787856833.6515527,1787856926.2634797,2026-08-27T18:55:26.263480+00:00,92.6119270324707,548653.031,847,841563682135,0,0,0.0,0.0,0.0,0.0,0.0,0.0,0,0.0,0.0,0.0,0.0,0.0,0.0,0,0.0,0.0,0.0,0.0,0.0,0.0
P001,P001_S01,P001_S01_ST1ST_T01_R02,T01,R02,Room_Requested_Keyboard,Study 1,Continuous Room Navigation,Requested Feedback,Keyboard,0,1787856833.6515527,1787856926.3444536,2026-08-27T18:55:26.344454+00:00,92.69290089607239,548653.109,848,841564781133,0,0,0.0,0.0,0.0,0.0,0.0,0.0,0,0.0,0.0,0.0,0.0,0.0,0.0,0,0.0,0.0,0.0,0.0,0.0,0.0
P001,P001_S01,P001_S01_ST1ST_T01_R02,T01,R02,Room_Requested_Keyboard,Study 1,Continuous Room Navigation,Requested Feedback,Keyboard,0,1787856833.6515527,1787856926.4545379,2026-08-27T18:55:26.454538+00:00,92.80298519134521,548653.218,849,841565880629,0,0,0.0,0.0,0.0,0.0,0.0,0.0,0,0.0,0.0,0.0,0.0,0.0,0.0,0,0.0,0.0,0.0,0.0,0.0,0.0
P001,P001_S01,P001_S01_ST1ST_T01_R02,T01,R02,Room_Requested_Keyboard,Study 1,Continuous Room Navigation,Requested Feedback,Keyboard,0,1787856833.6515527,1787856926.5643063,2026-08-27T18:55:26.564306+00:00,92.91275358200073,548653.328,850,841566983554,0,0,0.0,0.0,0.0,0.0,0.0,0.0,0,0.0,0.0,0.0,0.0,0.0,0.0,0,0.0,0.0,0.0,0.0,0.0,0.0
P001,P001_S01,P001_S01_ST1ST_T01_R02,T01,R02,Room_Requested_Keyboard,Study 1,Continuous Room Navigation,Requested Feedback,Keyboard,0,1787856833.6515527,1787856926.685781,2026-08-27T18:55:26.685781+00:00,93.03422832489014,548653.453,851,841568180919,0,0,0.0,0.0,0.0,0.0,0.0,0.0,0,0.0,0.0,0.0,0.0,0.0,0.0,0,0.0,0.0,0.0,0.0,0.0,0.0
P001,P001_S01,P001_S01_ST1ST_T01_R02,T01,R02,Room_Requested_Keyboard,Study 1,Continuous Room Navigation,Requested Feedback,Keyboard,0,1787856833.6515527,1787856926.7881243,2026-08-27T18:55:26.788124+00:00,93.1365716457367,548653.562,852,841569206759,0,0,0.0,0.0,0.0,0.0,0.0,0.0,0,0.0,0.0,0.0,0.0,0.0,0.0,0,0.0,0.0,0.0,0.0,0.0,0.0
P001,P001_S01,P001_S01_ST1ST_T01_R02,T01,R02,Room_Requested_Keyboard,Study 1,Continuous Room Navigation,Requested Feedback,Keyboard,0,1787856833.6515527,1787856926.8947287,2026-08-27T18:55:26.894729+00:00,93.24317598342896,548653.671,853,841570282624,0,0,0.0,0.0,0.0,0.0,0.0,0.0,0,0.0,0.0,0.0,0.0,0.0,0.0,0,0.0,0.0,0.0,0.0,0.0,0.0
P001,P001_S01,P001_S01_ST1ST_T01_R02,T01,R02,Room_Requested_Keyboard,Study 1,Continuous Room Navigation,Requested Feedback,Keyboard,0,1787856833.6515527,1787856927.0459764,2026-08-27T18:55:27.045976+00:00,93.39442372322083,548653.812,854,841571380483,0,0,0.0,0.0,0.0,0.0,0.0,0.0,0,0.0,0.0,0.0,0.0,0.0,0.0,0,0.0,0.0,0.0,0.0,0.0,0.0
P001,P001_S01,P001_S01_ST1ST_T01_R02,T01,R02,Room_Requested_Keyboard,Study 1,Continuous Room Navigation,Requested Feedback,Keyboard,0,1787856833.6515527,1787856927.1316266,2026-08-27T18:55:27.131627+00:00,93.48007392883301,548653.906,855,841572385021,0,0,0.0,0.0,0.0,0.0,0.0,0.0,0,0.0,0.0,0.0,0.0,0.0,0.0,0,0.0,0.0,0.0,0.0,0.0,0.0
P001,P001_S01,P001_S01_ST1ST_T01_R02,T01,R02,Room_Requested_Keyboard,Study 1,Continuous Room Navigation,Requested Feedback,Keyboard,0,1787856833.6515527,1787856927.2150686,2026-08-27T18:55:27.215069+00:00,93.56351590156555,548653.984,856,841573483650,0,0,0.0,0.0,0.0,0.0,0.0,0.0,0,0.0,0.0,0.0,0.0,0.0,0.0,0,0.0,0.0,0.0,0.0,0.0,0.0
P001,P001_S01,P001_S01_ST1ST_T01_R02,T01,R02,Room_Requested_Keyboard,Study 1,Continuous Room Navigation,Requested Feedback,Keyboard,0,1787856833.6515527,1787856927.3198233,2026-08-27T18:55:27.319823+00:00,93.66827058792114,548654.093,857,841574509609,0,0,0.0,0.0,0.0,0.0,0.0,0.0,0,0.0,0.0,0.0,0.0,0.0,0.0,0,0.0,0.0,0.0,0.0,0.0,0.0
P001,P001_S01,P001_S01_ST1ST_T01_R02,T01,R02,Room_Requested_Keyboard,Study 1,Continuous Room Navigation,Requested Feedback,Keyboard,0,1787856833.6515527,1787856927.4460275,2026-08-27T18:55:27.446028+00:00,93.79447484016418,548654.218,858,841575681893,0,0,0.0,0.0,0.0,0.0,0.0,0.0,0,0.0,0.0,0.0,0.0,0.0,0.0,0,0.0,0.0,0.0,0.0,0.0,0.0
P001,P001_S01,P001_S01_ST1ST_T01_R02,T01,R02,Room_Requested_Keyboard,Study 1,Continuous Room Navigation,Requested Feedback,Keyboard,0,1787856833.6515527,1787856927.5351155,2026-08-27T18:55:27.535115+00:00,93.88356280326843,548654.312,859,841576685485,0,0,0.0,0.0,0.0,0.0,0.0,0.0,0,0.0,0.0,0.0,0.0,0.0,0.0,0,0.0,0.0,0.0,0.0,0.0,0.0
P001,P001_S01,P001_S01_ST1ST_T01_R02,T01,R02,Room_Requested_Keyboard,Study 1,Continuous Room Navigation,Requested Feedback,Keyboard,0,1787856833.6515527,1787856927.7202988,2026-08-27T18:55:27.720299+00:00,94.0687460899353,548654.484,860,841577886681,0,0,0.0,0.0,0.0,0.0,0.0,0.0,0,0.0,0.0,0.0,0.0,0.0,0.0,0,0.0,0.0,0.0,0.0,0.0,0.0
P001,P001_S01,P001_S01_ST1ST_T01_R02,T01,R02,Room_Requested_Keyboard,Study 1,Continuous Room Navigation,Requested Feedback,Keyboard,0,1787856833.6515527,1787856927.8063872,2026-08-27T18:55:27.806387+00:00,94.15483450889587,548654.578,861,841579003862,0,0,0.0,0.0,0.0,0.0,0.0,0.0,0,0.0,0.0,0.0,0.0,0.0,0.0,0,0.0,0.0,0.0,0.0,0.0,0.0
P001,P001_S01,P001_S01_ST1ST_T01_R02,T01,R02,Room_Requested_Keyboard,Study 1,Continuous Room Navigation,Requested Feedback,Keyboard,0,1787856833.6515527,1787856927.8844626,2026-08-27T18:55:27.884463+00:00,94.23290991783142,548654.656,862,841580180756,0,0,0.0,0.0,0.0,0.0,0.0,0.0,0,0.0,0.0,0.0,0.0,0.0,0.0,0,0.0,0.0,0.0,0.0,0.0,0.0
P001,P001_S01,P001_S01_ST1ST_T01_R02,T01,R02,Room_Requested_Keyboard,Study 1,Continuous Room Navigation,Requested Feedback,Keyboard,0,1787856833.6515527,1787856928.0511854,2026-08-27T18:55:28.051185+00:00,94.39963269233704,548654.828,863,841581196201,0,0,0.0,0.0,0.0,0.0,0.0,0.0,0,0.0,0.0,0.0,0.0,0.0,0.0,0,0.0,0.0,0.0,0.0,0.0,0.0
P001,P001_S01,P001_S01_ST1ST_T01_R02,T01,R02,Room_Requested_Keyboard,Study 1,Continuous Room Navigation,Requested Feedback,Keyboard,0,1787856833.6515527,1787856928.129802,2026-08-27T18:55:28.129802+00:00,94.47824931144714,548654.906,864,841582283810,0,0,0.0,0.0,0.0,0.0,0.0,0.0,0,0.0,0.0,0.0,0.0,0.0,0.0,0,0.0,0.0,0.0,0.0,0.0,0.0
P001,P001_S01,P001_S01_ST1ST_T01_R02,T01,R02,Room_Requested_Keyboard,Study 1,Continuous Room Navigation,Requested Feedback,Keyboard,0,1787856833.6515527,1787856928.2129471,2026-08-27T18:55:28.212947+00:00,94.5613944530487,548654.984,865,841583339567,0,0,0.0,0.0,0.0,0.0,0.0,0.0,0,0.0,0.0,0.0,0.0,0.0,0.0,0,0.0,0.0,0.0,0.0,0.0,0.0
P001,P001_S01,P001_S01_ST1ST_T01_R02,T01,R02,Room_Requested_Keyboard,Study 1,Continuous Room Navigation,Requested Feedback,Keyboard,0,1787856833.6515527,1787856928.3741558,2026-08-27T18:55:28.374156+00:00,94.72260308265686,548655.14,866,841584490278,0,0,0.0,0.0,0.0,0.0,0.0,0.0,0,0.0,0.0,0.0,0.0,0.0,0.0,0,0.0,0.0,0.0,0.0,0.0,0.0
P001,P001_S01,P001_S01_ST1ST_T01_R02,T01,R02,Room_Requested_Keyboard,Study 1,Continuous Room Navigation,Requested Feedback,Keyboard,0,1787856833.6515527,1787856928.5048206,2026-08-27T18:55:28.504821+00:00,94.85326790809631,548655.281,867,841585683485,0,0,0.0,0.0,0.0,0.0,0.0,0.0,0,0.0,0.0,0.0,0.0,0.0,0.0,0,0.0,0.0,0.0,0.0,0.0,0.0
P001,P001_S01,P001_S01_ST1ST_T01_R02,T01,R02,Room_Requested_Keyboard,Study 1,Continuous Room Navigation,Requested Feedback,Keyboard,0,1787856833.6515527,1787856928.5851922,2026-08-27T18:55:28.585192+00:00,94.93363952636719,548655.359,868,841586844958,0,0,0.0,0.0,0.0,0.0,0.0,0.0,0,0.0,0.0,0.0,0.0,0.0,0.0,0,0.0,0.0,0.0,0.0,0.0,0.0
P001,P001_S01,P001_S01_ST1ST_T01_R02,T01,R02,Room_Requested_Keyboard,Study 1,Continuous Room Navigation,Requested Feedback,Keyboard,0,1787856833.6515527,1787856928.6676972,2026-08-27T18:55:28.667697+00:00,95.01614451408386,548655.437,869,841587999231,0,0,0.0,0.0,0.0,0.0,0.0,0.0,0,0.0,0.0,0.0,0.0,0.0,0.0,0,0.0,0.0,0.0,0.0,0.0,0.0
P001,P001_S01,P001_S01_ST1ST_T01_R02,T01,R02,Room_Requested_Keyboard,Study 1,Continuous Room Navigation,Requested Feedback,Keyboard,0,1787856833.6515527,1787856928.7672138,2026-08-27T18:55:28.767214+00:00,95.11566114425659,548655.531,870,841589012820,0,0,0.0,0.0,0.0,0.0,0.0,0.0,0,0.0,0.0,0.0,0.0,0.0,0.0,0,0.0,0.0,0.0,0.0,0.0,0.0
P001,P001_S01,P001_S01_ST1ST_T01_R02,T01,R02,Room_Requested_Keyboard,Study 1,Continuous Room Navigation,Requested Feedback,Keyboard,0,1787856833.6515527,1787856928.874745,2026-08-27T18:55:28.874745+00:00,95.22319221496582,548655.64,871,841590080103,0,0,0.0,0.0,0.0,0.0,0.0,0.0,0,0.0,0.0,0.0,0.0,0.0,0.0,0,0.0,0.0,0.0,0.0,0.0,0.0
P001,P001_S01,P001_S01_ST1ST_T01_R02,T01,R02,Room_Requested_Keyboard,Study 1,Continuous Room Navigation,Requested Feedback,Keyboard,0,1787856833.6515527,1787856928.9852717,2026-08-27T18:55:28.985272+00:00,95.33371901512146,548655.75,872,841591187847,0,0,0.0,0.0,0.0,0.0,0.0,0.0,0,0.0,0.0,0.0,0.0,0.0,0.0,0,0.0,0.0,0.0,0.0,0.0,0.0
P001,P001_S01,P001_S01_ST1ST_T01_R02,T01,R02,Room_Requested_Keyboard,Study 1,Continuous Room Navigation,Requested Feedback,Keyboard,0,1787856833.6515527,1787856929.1008625,2026-08-27T18:55:29.100863+00:00,95.44930982589722,548655.875,873,841592340535,0,0,0.0,0.0,0.0,0.0,0.0,0.0,0,0.0,0.0,0.0,0.0,0.0,0.0,0,0.0,0.0,0.0,0.0,0.0,0.0
P001,P001_S01,P001_S01_ST1ST_T01_R02,T01,R02,Room_Requested_Keyboard,Study 1,Continuous Room Navigation,Requested Feedback,Keyboard,0,1787856833.6515527,1787856929.2082465,2026-08-27T18:55:29.208246+00:00,95.55669379234314,548655.984,874,841593404406,0,0,0.0,0.0,0.0,0.0,0.0,0.0,0,0.0,0.0,0.0,0.0,0.0,0.0,0,0.0,0.0,0.0,0.0,0.0,0.0
P001,P001_S01,P001_S01_ST1ST_T01_R02,T01,R02,Room_Requested_Keyboard,Study 1,Continuous Room Navigation,Requested Feedback,Keyboard,0,1787856833.6515527,1787856929.3217175,2026-08-27T18:55:29.321718+00:00,95.6701648235321,548656.093,875,841594540272,0,0,0.0,0.0,0.0,0.0,0.0,0.0,0,0.0,0.0,0.0,0.0,0.0,0.0,0,0.0,0.0,0.0,0.0,0.0,0.0
P001,P001_S01,P001_S01_ST1ST_T01_R02,T01,R02,Room_Requested_Keyboard,Study 1,Continuous Room Navigation,Requested Feedback,Keyboard,0,1787856833.6515527,1787856929.434845,2026-08-27T18:55:29.434845+00:00,95.78329229354858,548656.203,876,841595679842,0,0,0.0,0.0,0.0,0.0,0.0,0.0,0,0.0,0.0,0.0,0.0,0.0,0.0,0,0.0,0.0,0.0,0.0,0.0,0.0
P001,P001_S01,P001_S01_ST1ST_T01_R02,T01,R02,Room_Requested_Keyboard,Study 1,Continuous Room Navigation,Requested Feedback,Keyboard,0,1787856833.6515527,1787856929.5500815,2026-08-27T18:55:29.550081+00:00,95.8985288143158,548656.312,877,841596837396,0,0,0.0,0.0,0.0,0.0,0.0,0.0,0,0.0,0.0,0.0,0.0,0.0,0.0,0,0.0,0.0,0.0,0.0,0.0,0.0
P001,P001_S01,P001_S01_ST1ST_T01_R02,T01,R02,Room_Requested_Keyboard,Study 1,Continuous Room Navigation,Requested Feedback,Keyboard,0,1787856833.6515527,1787856929.6668248,2026-08-27T18:55:29.666825+00:00,96.01527214050293,548656.437,878,841597999286,0,0,0.0,0.0,0.0,0.0,0.0,0.0,0,0.0,0.0,0.0,0.0,0.0,0.0,0,0.0,0.0,0.0,0.0,0.0,0.0
P001,P001_S01,P001_S01_ST1ST_T01_R02,T01,R02,Room_Requested_Keyboard,Study 1,Continuous Room Navigation,Requested Feedback,Keyboard,0,1787856833.6515527,1787856929.7673352,2026-08-27T18:55:29.767335+00:00,96.11578249931335,548656.531,879,841599005680,0,0,0.0,0.0,0.0,0.0,0.0,0.0,0,0.0,0.0,0.0,0.0,0.0,0.0,0,0.0,0.0,0.0,0.0,0.0,0.0
P001,P001_S01,P001_S01_ST1ST_T01_R02,T01,R02,Room_Requested_Keyboard,Study 1,Continuous Room Navigation,Requested Feedback,Keyboard,0,1787856833.6515527,1787856929.8752296,2026-08-27T18:55:29.875230+00:00,96.22367691993713,548656.64,880,841600080170,0,0,0.0,0.0,0.0,0.0,0.0,0.0,0,0.0,0.0,0.0,0.0,0.0,0.0,0,0.0,0.0,0.0,0.0,0.0,0.0
P001,P001_S01,P001_S01_ST1ST_T01_R02,T01,R02,Room_Requested_Keyboard,Study 1,Continuous Room Navigation,Requested Feedback,Keyboard,0,1787856833.6515527,1787856929.9855115,2026-08-27T18:55:29.985512+00:00,96.33395886421204,548656.75,881,841601185315,0,0,0.0,0.0,0.0,0.0,0.0,0.0,0,0.0,0.0,0.0,0.0,0.0,0.0,0,0.0,0.0,0.0,0.0,0.0,0.0
P001,P001_S01,P001_S01_ST1ST_T01_R02,T01,R02,Room_Requested_Keyboard,Study 1,Continuous Room Navigation,Requested Feedback,Keyboard,0,1787856833.6515527,1787856930.0865576,2026-08-27T18:55:30.086558+00:00,96.4350049495697,548656.859,882,841602186203,0,0,0.0,0.0,0.0,0.0,0.0,0.0,0,0.0,0.0,0.0,0.0,0.0,0.0,0,0.0,0.0,0.0,0.0,0.0,0.0
P001,P001_S01,P001_S01_ST1ST_T01_R02,T01,R02,Room_Requested_Keyboard,Study 1,Continuous Room Navigation,Requested Feedback,Keyboard,0,1787856833.6515527,1787856930.1880207,2026-08-27T18:55:30.188021+00:00,96.53646802902222,548656.953,883,841603212455,0,0,0.0,0.0,0.0,0.0,0.0,0.0,0,0.0,0.0,0.0,0.0,0.0,0.0,0,0.0,0.0,0.0,0.0,0.0,0.0
P001,P001_S01,P001_S01_ST1ST_T01_R02,T01,R02,Room_Requested_Keyboard,Study 1,Continuous Room Navigation,Requested Feedback,Keyboard,0,1787856833.6515527,1787856930.3004854,2026-08-27T18:55:30.300485+00:00,96.6489326953888,548657.062,884,841604342355,0,0,0.0,0.0,0.0,0.0,0.0,0.0,0,0.0,0.0,0.0,0.0,0.0,0.0,0,0.0,0.0,0.0,0.0,0.0,0.0
P001,P001_S01,P001_S01_ST1ST_T01_R02,T01,R02,Room_Requested_Keyboard,Study 1,Continuous Room Navigation,Requested Feedback,Keyboard,0,1787856833.6515527,1787856930.417771,2026-08-27T18:55:30.417771+00:00,96.76621842384338,548657.187,885,841605512807,0,0,0.0,0.0,0.0,0.0,0.0,0.0,0,0.0,0.0,0.0,0.0,0.0,0.0,0,0.0,0.0,0.0,0.0,0.0,0.0
P001,P001_S01,P001_S01_ST1ST_T01_R02,T01,R02,Room_Requested_Keyboard,Study 1,Continuous Room Navigation,Requested Feedback,Keyboard,0,1787856833.6515527,1787856930.522013,2026-08-27T18:55:30.522013+00:00,96.87046027183533,548657.296,886,841606549929,0,0,0.0,0.0,0.0,0.0,0.0,0.0,0,0.0,0.0,0.0,0.0,0.0,0.0,0,0.0,0.0,0.0,0.0,0.0,0.0
P001,P001_S01,P001_S01_ST1ST_T01_R02,T01,R02,Room_Requested_Keyboard,Study 1,Continuous Room Navigation,Requested Feedback,Keyboard,0,1787856833.6515527,1787856930.6350148,2026-08-27T18:55:30.635015+00:00,96.98346209526062,548657.406,887,841607681751,0,0,0.0,0.0,0.0,0.0,0.0,0.0,0,0.0,0.0,0.0,0.0,0.0,0.0,0,0.0,0.0,0.0,0.0,0.0,0.0
P001,P001_S01,P001_S01_ST1ST_T01_R02,T01,R02,Room_Requested_Keyboard,Study 1,Continuous Room Navigation,Requested Feedback,Keyboard,0,1787856833.6515527,1787856930.7478604,2026-08-27T18:55:30.747860+00:00,97.0963077545166,548657.515,888,841608807275,0,0,0.0,0.0,0.0,0.0,0.0,0.0,0,0.0,0.0,0.0,0.0,0.0,0.0,0,0.0,0.0,0.0,0.0,0.0,0.0
P001,P001_S01,P001_S01_ST1ST_T01_R02,T01,R02,Room_Requested_Keyboard,Study 1,Continuous Room Navigation,Requested Feedback,Keyboard,0,1787856833.6515527,1787856930.850589,2026-08-27T18:55:30.850589+00:00,97.19903635978699,548657.625,889,841609834452,0,0,0.0,0.0,0.0,0.0,0.0,0.0,0,0.0,0.0,0.0,0.0,0.0,0.0,0,0.0,0.0,0.0,0.0,0.0,0.0
P001,P001_S01,P001_S01_ST1ST_T01_R02,T01,R02,Room_Requested_Keyboard,Study 1,Continuous Room Navigation,Requested Feedback,Keyboard,0,1787856833.6515527,1787856930.9531608,2026-08-27T18:55:30.953161+00:00,97.30160808563232,548657.718,890,841610849796,0,0,0.0,0.0,0.0,0.0,0.0,0.0,0,0.0,0.0,0.0,0.0,0.0,0.0,0,0.0,0.0,0.0,0.0,0.0,0.0
P001,P001_S01,P001_S01_ST1ST_T01_R02,T01,R02,Room_Requested_Keyboard,Study 1,Continuous Room Navigation,Requested Feedback,Keyboard,0,1787856833.6515527,1787856931.055117,2026-08-27T18:55:31.055117+00:00,97.40356421470642,548657.828,891,841611880284,0,0,0.0,0.0,0.0,0.0,0.0,0.0,0,0.0,0.0,0.0,0.0,0.0,0.0,0,0.0,0.0,0.0,0.0,0.0,0.0
P001,P001_S01,P001_S01_ST1ST_T01_R02,T01,R02,Room_Requested_Keyboard,Study 1,Continuous Room Navigation,Requested Feedback,Keyboard,0,1787856833.6515527,1787856931.1620092,2026-08-27T18:55:31.162009+00:00,97.51045656204224,548657.937,892,841612952260,0,0,0.0,0.0,0.0,0.0,0.0,0.0,0,0.0,0.0,0.0,0.0,0.0,0.0,0,0.0,0.0,0.0,0.0,0.0,0.0
P001,P001_S01,P001_S01_ST1ST_T01_R02,T01,R02,Room_Requested_Keyboard,Study 1,Continuous Room Navigation,Requested Feedback,Keyboard,0,1787856833.6515527,1787856931.2644932,2026-08-27T18:55:31.264493+00:00,97.61294054985046,548658.031,893,841613981557,0,0,0.0,0.0,0.0,0.0,0.0,0.0,0,0.0,0.0,0.0,0.0,0.0,0.0,0,0.0,0.0,0.0,0.0,0.0,0.0
P001,P001_S01,P001_S01_ST1ST_T01_R02,T01,R02,Room_Requested_Keyboard,Study 1,Continuous Room Navigation,Requested Feedback,Keyboard,0,1787856833.6515527,1787856931.3669841,2026-08-27T18:55:31.366984+00:00,97.71543145179749,548658.14,894,841615002388,0,0,0.0,0.0,0.0,0.0,0.0,0.0,0,0.0,0.0,0.0,0.0,0.0,0.0,0,0.0,0.0,0.0,0.0,0.0,0.0
P001,P001_S01,P001_S01_ST1ST_T01_R02,T01,R02,Room_Requested_Keyboard,Study 1,Continuous Room Navigation,Requested Feedback,Keyboard,0,1787856833.6515527,1787856931.4888098,2026-08-27T18:55:31.488810+00:00,97.83725714683533,548658.25,895,841616198974,0,0,0.0,0.0,0.0,0.0,0.0,0.0,0,0.0,0.0,0.0,0.0,0.0,0.0,0,0.0,0.0,0.0,0.0,0.0,0.0
P001,P001_S01,P001_S01_ST1ST_T01_R02,T01,R02,Room_Requested_Keyboard,Study 1,Continuous Room Navigation,Requested Feedback,Keyboard,0,1787856833.6515527,1787856931.5870068,2026-08-27T18:55:31.587007+00:00,97.93545413017273,548658.359,896,841617200564,0,0,0.0,0.0,0.0,0.0,0.0,0.0,0,0.0,0.0,0.0,0.0,0.0,0.0,0,0.0,0.0,0.0,0.0,0.0,0.0
P001,P001_S01,P001_S01_ST1ST_T01_R02,T01,R02,Room_Requested_Keyboard,Study 1,Continuous Room Navigation,Requested Feedback,Keyboard,0,1787856833.6515527,1787856931.7002816,2026-08-27T18:55:31.700282+00:00,98.0487289428711,548658.468,897,841618336228,0,0,0.0,0.0,0.0,0.0,0.0,0.0,0,0.0,0.0,0.0,0.0,0.0,0.0,0,0.0,0.0,0.0,0.0,0.0,0.0
P001,P001_S01,P001_S01_ST1ST_T01_R02,T01,R02,Room_Requested_Keyboard,Study 1,Continuous Room Navigation,Requested Feedback,Keyboard,0,1787856833.6515527,1787856931.8172832,2026-08-27T18:55:31.817283+00:00,98.1657304763794,548658.593,898,841619502167,0,0,0.0,0.0,0.0,0.0,0.0,0.0,0,0.0,0.0,0.0,0.0,0.0,0.0,0,0.0,0.0,0.0,0.0,0.0,0.0
P001,P001_S01,P001_S01_ST1ST_T01_R02,T01,R02,Room_Requested_Keyboard,Study 1,Continuous Room Navigation,Requested Feedback,Keyboard,0,1787856833.6515527,1787856931.9218888,2026-08-27T18:55:31.921889+00:00,98.27033615112305,548658.687,899,841620547519,0,0,0.0,0.0,0.0,0.0,0.0,0.0,0,0.0,0.0,0.0,0.0,0.0,0.0,0,0.0,0.0,0.0,0.0,0.0,0.0
P001,P001_S01,P001_S01_ST1ST_T01_R02,T01,R02,Room_Requested_Keyboard,Study 1,Continuous Room Navigation,Requested Feedback,Keyboard,0,1787856833.6515527,1787856932.0330575,2026-08-27T18:55:32.033057+00:00,98.38150477409363,548658.796,900,841621651488,0,0,0.0,0.0,0.0,0.0,0.0,0.0,0,0.0,0.0,0.0,0.0,0.0,0.0,0,0.0,0.0,0.0,0.0,0.0,0.0
P001,P001_S01,P001_S01_ST1ST_T01_R02,T01,R02,Room_Requested_Keyboard,Study 1,Continuous Room Navigation,Requested Feedback,Keyboard,0,1787856833.6515527,1787856932.1326232,2026-08-27T18:55:32.132623+00:00,98.48107051849365,548658.906,901,841622656554,0,0,0.0,0.0,0.0,0.0,0.0,0.0,0,0.0,0.0,0.0,0.0,0.0,0.0,0,0.0,0.0,0.0,0.0,0.0,0.0
P001,P001_S01,P001_S01_ST1ST_T01_R02,T01,R02,Room_Requested_Keyboard,Study 1,Continuous Room Navigation,Requested Feedback,Keyboard,0,1787856833.6515527,1787856932.2353437,2026-08-27T18:55:32.235344+00:00,98.58379101753235,548659.0,902,841623681361,0,0,0.0,0.0,0.0,0.0,0.0,0.0,0,0.0,0.0,0.0,0.0,0.0,0.0,0,0.0,0.0,0.0,0.0,0.0,0.0
P001,P001_S01,P001_S01_ST1ST_T01_R02,T01,R02,Room_Requested_Keyboard,Study 1,Continuous Room Navigation,Requested Feedback,Keyboard,0,1787856833.6515527,1787856932.3471053,2026-08-27T18:55:32.347105+00:00,98.69555258750916,548659.109,903,841624806055,0,0,0.0,0.0,0.0,0.0,0.0,0.0,0,0.0,0.0,0.0,0.0,0.0,0.0,0,0.0,0.0,0.0,0.0,0.0,0.0
P001,P001_S01,P001_S01_ST1ST_T01_R02,T01,R02,Room_Requested_Keyboard,Study 1,Continuous Room Navigation,Requested Feedback,Keyboard,0,1787856833.6515527,1787856932.4550195,2026-08-27T18:55:32.455019+00:00,98.803466796875,548659.218,904,841625884340,0,0,0.0,0.0,0.0,0.0,0.0,0.0,0,0.0,0.0,0.0,0.0,0.0,0.0,0,0.0,0.0,0.0,0.0,0.0,0.0
P001,P001_S01,P001_S01_ST1ST_T01_R02,T01,R02,Room_Requested_Keyboard,Study 1,Continuous Room Navigation,Requested Feedback,Keyboard,0,1787856833.6515527,1787856932.5762913,2026-08-27T18:55:32.576291+00:00,98.92473864555359,548659.343,905,841627082773,0,0,0.0,0.0,0.0,0.0,0.0,0.0,0,0.0,0.0,0.0,0.0,0.0,0.0,0,0.0,0.0,0.0,0.0,0.0,0.0
P001,P001_S01,P001_S01_ST1ST_T01_R02,T01,R02,Room_Requested_Keyboard,Study 1,Continuous Room Navigation,Requested Feedback,Keyboard,0,1787856833.6515527,1787856932.67463,2026-08-27T18:55:32.674630+00:00,99.02307724952698,548659.437,906,841628083516,0,0,0.0,0.0,0.0,0.0,0.0,0.0,0,0.0,0.0,0.0,0.0,0.0,0.0,0,0.0,0.0,0.0,0.0,0.0,0.0
P001,P001_S01,P001_S01_ST1ST_T01_R02,T01,R02,Room_Requested_Keyboard,Study 1,Continuous Room Navigation,Requested Feedback,Keyboard,0,1787856833.6515527,1787856932.7822673,2026-08-27T18:55:32.782267+00:00,99.13071465492249,548659.546,907,841629151954,0,0,0.0,0.0,0.0,0.0,0.0,0.0,0,0.0,0.0,0.0,0.0,0.0,0.0,0,0.0,0.0,0.0,0.0,0.0,0.0
P001,P001_S01,P001_S01_ST1ST_T01_R02,T01,R02,Room_Requested_Keyboard,Study 1,Continuous Room Navigation,Requested Feedback,Keyboard,0,1787856833.6515527,1787856932.8852794,2026-08-27T18:55:32.885279+00:00,99.23372673988342,548659.656,908,841630181578,0,0,0.0,0.0,0.0,0.0,0.0,0.0,0,0.0,0.0,0.0,0.0,0.0,0.0,0,0.0,0.0,0.0,0.0,0.0,0.0
P001,P001_S01,P001_S01_ST1ST_T01_R02,T01,R02,Room_Requested_Keyboard,Study 1,Continuous Room Navigation,Requested Feedback,Keyboard,0,1787856833.6515527,1787856932.9870508,2026-08-27T18:55:32.987051+00:00,99.33549809455872,548659.75,909,841631186380,0,0,0.0,0.0,0.0,0.0,0.0,0.0,0,0.0,0.0,0.0,0.0,0.0,0.0,0,0.0,0.0,0.0,0.0,0.0,0.0
P001,P001_S01,P001_S01_ST1ST_T01_R02,T01,R02,Room_Requested_Keyboard,Study 1,Continuous Room Navigation,Requested Feedback,Keyboard,0,1787856833.6515527,1787856933.0874157,2026-08-27T18:55:33.087416+00:00,99.43586301803589,548659.859,910,841632199892,0,0,0.0,0.0,0.0,0.0,0.0,0.0,0,0.0,0.0,0.0,0.0,0.0,0.0,0,0.0,0.0,0.0,0.0,0.0,0.0
P001,P001_S01,P001_S01_ST1ST_T01_R02,T01,R02,Room_Requested_Keyboard,Study 1,Continuous Room Navigation,Requested Feedback,Keyboard,0,1787856833.6515527,1787856933.194908,2026-08-27T18:55:33.194908+00:00,99.54335522651672,548659.968,911,841633286258,0,0,0.0,0.0,0.0,0.0,0.0,0.0,0,0.0,0.0,0.0,0.0,0.0,0.0,0,0.0,0.0,0.0,0.0,0.0,0.0
P001,P001_S01,P001_S01_ST1ST_T01_R02,T01,R02,Room_Requested_Keyboard,Study 1,Continuous Room Navigation,Requested Feedback,Keyboard,0,1787856833.6515527,1787856933.301343,2026-08-27T18:55:33.301343+00:00,99.64979028701782,548660.062,912,841634341783,0,0,0.0,0.0,0.0,0.0,0.0,0.0,0,0.0,0.0,0.0,0.0,0.0,0.0,0,0.0,0.0,0.0,0.0,0.0,0.0
P001,P001_S01,P001_S01_ST1ST_T01_R02,T01,R02,Room_Requested_Keyboard,Study 1,Continuous Room Navigation,Requested Feedback,Keyboard,0,1787856833.6515527,1787856933.4189923,2026-08-27T18:55:33.418992+00:00,99.76743960380554,548660.187,913,841635512473,0,0,0.0,0.0,0.0,0.0,0.0,0.0,0,0.0,0.0,0.0,0.0,0.0,0.0,0,0.0,0.0,0.0,0.0,0.0,0.0
P001,P001_S01,P001_S01_ST1ST_T01_R02,T01,R02,Room_Requested_Keyboard,Study 1,Continuous Room Navigation,Requested Feedback,Keyboard,0,1787856833.6515527,1787856933.5213382,2026-08-27T18:55:33.521338+00:00,99.86978554725647,548660.296,914,841636548621,0,0,0.0,0.0,0.0,0.0,0.0,0.0,0,0.0,0.0,0.0,0.0,0.0,0.0,0,0.0,0.0,0.0,0.0,0.0,0.0
P001,P001_S01,P001_S01_ST1ST_T01_R02,T01,R02,Room_Requested_Keyboard,Study 1,Continuous Room Navigation,Requested Feedback,Keyboard,0,1787856833.6515527,1787856933.6349041,2026-08-27T18:55:33.634904+00:00,99.98335146903992,548660.406,915,841637682378,0,0,0.0,0.0,0.0,0.0,0.0,0.0,0,0.0,0.0,0.0,0.0,0.0,0.0,0,0.0,0.0,0.0,0.0,0.0,0.0
P001,P001_S01,P001_S01_ST1ST_T01_R02,T01,R02,Room_Requested_Keyboard,Study 1,Continuous Room Navigation,Requested Feedback,Keyboard,0,1787856833.6515527,1787856933.735445,2026-08-27T18:55:33.735445+00:00,100.08389234542847,548660.5,916,841638687117,0,0,0.0,0.0,0.0,0.0,0.0,0.0,0,0.0,0.0,0.0,0.0,0.0,0.0,0,0.0,0.0,0.0,0.0,0.0,0.0
P001,P001_S01,P001_S01_ST1ST_T01_R02,T01,R02,Room_Requested_Keyboard,Study 1,Continuous Room Navigation,Requested Feedback,Keyboard,0,1787856833.6515527,1787856933.8566382,2026-08-27T18:55:33.856638+00:00,100.20508551597595,548660.625,917,841639896485,0,0,0.0,0.0,0.0,0.0,0.0,0.0,0,0.0,0.0,0.0,0.0,0.0,0.0,0,0.0,0.0,0.0,0.0,0.0,0.0
P001,P001_S01,P001_S01_ST1ST_T01_R02,T01,R02,Room_Requested_Keyboard,Study 1,Continuous Room Navigation,Requested Feedback,Keyboard,0,1787856833.6515527,1787856933.967215,2026-08-27T18:55:33.967215+00:00,100.3156623840332,548660.734,918,841641002701,0,0,0.0,0.0,0.0,0.0,0.0,0.0,0,0.0,0.0,0.0,0.0,0.0,0.0,0,0.0,0.0,0.0,0.0,0.0,0.0
P001,P001_S01,P001_S01_ST1ST_T01_R02,T01,R02,Room_Requested_Keyboard,Study 1,Continuous Room Navigation,Requested Feedback,Keyboard,0,1787856833.6515527,1787856934.0750237,2026-08-27T18:55:34.075024+00:00,100.4234709739685,548660.843,919,841642082117,0,0,0.0,0.0,0.0,0.0,0.0,0.0,0,0.0,0.0,0.0,0.0,0.0,0.0,0,0.0,0.0,0.0,0.0,0.0,0.0
P001,P001_S01,P001_S01_ST1ST_T01_R02,T01,R02,Room_Requested_Keyboard,Study 1,Continuous Room Navigation,Requested Feedback,Keyboard,0,1787856833.6515527,1787856934.1863182,2026-08-27T18:55:34.186318+00:00,100.53476548194885,548660.953,920,841643188674,0,0,0.0,0.0,0.0,0.0,0.0,0.0,0,0.0,0.0,0.0,0.0,0.0,0.0,0,0.0,0.0,0.0,0.0,0.0,0.0
P001,P001_S01,P001_S01_ST1ST_T01_R02,T01,R02,Room_Requested_Keyboard,Study 1,Continuous Room Navigation,Requested Feedback,Keyboard,0,1787856833.6515527,1787856934.2860706,2026-08-27T18:55:34.286071+00:00,100.63451790809631,548661.062,921,841644198170,0,0,0.0,0.0,0.0,0.0,0.0,0.0,0,0.0,0.0,0.0,0.0,0.0,0.0,0,0.0,0.0,0.0,0.0,0.0,0.0
P001,P001_S01,P001_S01_ST1ST_T01_R02,T01,R02,Room_Requested_Keyboard,Study 1,Continuous Room Navigation,Requested Feedback,Keyboard,0,1787856833.6515527,1787856934.386381,2026-08-27T18:55:34.386381+00:00,100.73482823371887,548661.156,922,841645198873,0,0,0.0,0.0,0.0,0.0,0.0,0.0,0,0.0,0.0,0.0,0.0,0.0,0.0,0,0.0,0.0,0.0,0.0,0.0,0.0
P001,P001_S01,P001_S01_ST1ST_T01_R02,T01,R02,Room_Requested_Keyboard,Study 1,Continuous Room Navigation,Requested Feedback,Keyboard,0,1787856833.6515527,1787856934.5008206,2026-08-27T18:55:34.500821+00:00,100.84926795959473,548661.265,923,841646344483,0,0,0.0,0.0,0.0,0.0,0.0,0.0,0,0.0,0.0,0.0,0.0,0.0,0.0,0,0.0,0.0,0.0,0.0,0.0,0.0
P001,P001_S01,P001_S01_ST1ST_T01_R02,T01,R02,Room_Requested_Keyboard,Study 1,Continuous Room Navigation,Requested Feedback,Keyboard,0,1787856833.6515527,1787856934.6176379,2026-08-27T18:55:34.617638+00:00,100.96608519554138,548661.39,924,841647512525,0,0,0.0,0.0,0.0,0.0,0.0,0.0,0,0.0,0.0,0.0,0.0,0.0,0.0,0,0.0,0.0,0.0,0.0,0.0,0.0
P001,P001_S01,P001_S01_ST1ST_T01_R02,T01,R02,Room_Requested_Keyboard,Study 1,Continuous Room Navigation,Requested Feedback,Keyboard,0,1787856833.6515527,1787856934.7186852,2026-08-27T18:55:34.718685+00:00,101.06713247299194,548661.484,925,841648516277,0,0,0.0,0.0,0.0,0.0,0.0,0.0,0,0.0,0.0,0.0,0.0,0.0,0.0,0,0.0,0.0,0.0,0.0,0.0,0.0
P001,P001_S01,P001_S01_ST1ST_T01_R02,T01,R02,Room_Requested_Keyboard,Study 1,Continuous Room Navigation,Requested Feedback,Keyboard,0,1787856833.6515527,1787856934.8345804,2026-08-27T18:55:34.834580+00:00,101.18302774429321,548661.609,926,841649683727,0,0,0.0,0.0,0.0,0.0,0.0,0.0,0,0.0,0.0,0.0,0.0,0.0,0.0,0,0.0,0.0,0.0,0.0,0.0,0.0
P001,P001_S01,P001_S01_ST1ST_T01_R02,T01,R02,Room_Requested_Keyboard,Study 1,Continuous Room Navigation,Requested Feedback,Keyboard,0,1787856833.6515527,1787856934.935495,2026-08-27T18:55:34.935495+00:00,101.28394222259521,548661.703,927,841650687139,0,0,0.0,0.0,0.0,0.0,0.0,0.0,0,0.0,0.0,0.0,0.0,0.0,0.0,0,0.0,0.0,0.0,0.0,0.0,0.0
P001,P001_S01,P001_S01_ST1ST_T01_R02,T01,R02,Room_Requested_Keyboard,Study 1,Continuous Room Navigation,Requested Feedback,Keyboard,0,1787856833.6515527,1787856935.0505376,2026-08-27T18:55:35.050538+00:00,101.39898490905762,548661.812,928,841651842935,0,0,0.0,0.0,0.0,0.0,0.0,0.0,0,0.0,0.0,0.0,0.0,0.0,0.0,0,0.0,0.0,0.0,0.0,0.0,0.0
P001,P001_S01,P001_S01_ST1ST_T01_R02,T01,R02,Room_Requested_Keyboard,Study 1,Continuous Room Navigation,Requested Feedback,Keyboard,0,1787856833.6515527,1787856935.1565633,2026-08-27T18:55:35.156563+00:00,101.5050106048584,548661.921,929,841652897100,0,0,0.0,0.0,0.0,0.0,0.0,0.0,0,0.0,0.0,0.0,0.0,0.0,0.0,0,0.0,0.0,0.0,0.0,0.0,0.0
P001,P001_S01,P001_S01_ST1ST_T01_R02,T01,R02,Room_Requested_Keyboard,Study 1,Continuous Room Navigation,Requested Feedback,Keyboard,0,1787856833.6515527,1787856935.267098,2026-08-27T18:55:35.267098+00:00,101.61554527282715,548662.031,930,841653980946,0,0,0.0,0.0,0.0,0.0,0.0,0.0,0,0.0,0.0,0.0,0.0,0.0,0.0,0,0.0,0.0,0.0,0.0,0.0,0.0
P001,P001_S01,P001_S01_ST1ST_T01_R02,T01,R02,Room_Requested_Keyboard,Study 1,Continuous Room Navigation,Requested Feedback,Keyboard,0,1787856833.6515527,1787856935.367615,2026-08-27T18:55:35.367615+00:00,101.71606230735779,548662.14,931,841655004211,0,0,0.0,0.0,0.0,0.0,0.0,0.0,0,0.0,0.0,0.0,0.0,0.0,0.0,0,0.0,0.0,0.0,0.0,0.0,0.0
P001,P001_S01,P001_S01_ST1ST_T01_R02,T01,R02,Room_Requested_Keyboard,Study 1,Continuous Room Navigation,Requested Feedback,Keyboard,0,1787856833.6515527,1787856935.4860852,2026-08-27T18:55:35.486085+00:00,101.83453249931335,548662.25,932,841656188595,0,0,0.0,0.0,0.0,0.0,0.0,0.0,0,0.0,0.0,0.0,0.0,0.0,0.0,0,0.0,0.0,0.0,0.0,0.0,0.0
P001,P001_S01,P001_S01_ST1ST_T01_R02,T01,R02,Room_Requested_Keyboard,Study 1,Continuous Room Navigation,Requested Feedback,Keyboard,0,1787856833.6515527,1787856935.5868921,2026-08-27T18:55:35.586892+00:00,101.93533945083618,548662.359,933,841657200063,0,0,0.0,0.0,0.0,0.0,0.0,0.0,0,0.0,0.0,0.0,0.0,0.0,0.0,0,0.0,0.0,0.0,0.0,0.0,0.0
P001,P001_S01,P001_S01_ST1ST_T01_R02,T01,R02,Room_Requested_Keyboard,Study 1,Continuous Room Navigation,Requested Feedback,Keyboard,0,1787856833.6515527,1787856935.6971,2026-08-27T18:55:35.697100+00:00,102.04554724693298,548662.468,934,841658283735,0,0,0.0,0.0,0.0,0.0,0.0,0.0,0,0.0,0.0,0.0,0.0,0.0,0.0,0,0.0,0.0,0.0,0.0,0.0,0.0
P001,P001_S01,P001_S01_ST1ST_T01_R02,T01,R02,Room_Requested_Keyboard,Study 1,Continuous Room Navigation,Requested Feedback,Keyboard,0,1787856833.6515527,1787856935.7963676,2026-08-27T18:55:35.796368+00:00,102.14481496810913,548662.562,935,841659295158,0,0,0.0,0.0,0.0,0.0,0.0,0.0,0,0.0,0.0,0.0,0.0,0.0,0.0,0,0.0,0.0,0.0,0.0,0.0,0.0
P001,P001_S01,P001_S01_ST1ST_T01_R02,T01,R02,Room_Requested_Keyboard,Study 1,Continuous Room Navigation,Requested Feedback,Keyboard,0,1787856833.6515527,1787856935.9028594,2026-08-27T18:55:35.902859+00:00,102.25130677223206,548662.671,936,841660358715,0,0,0.0,0.0,0.0,0.0,0.0,0.0,0,0.0,0.0,0.0,0.0,0.0,0.0,0,0.0,0.0,0.0,0.0,0.0,0.0
P001,P001_S01,P001_S01_ST1ST_T01_R02,T01,R02,Room_Requested_Keyboard,Study 1,Continuous Room Navigation,Requested Feedback,Keyboard,0,1787856833.6515527,1787856936.002881,2026-08-27T18:55:36.002881+00:00,102.35132837295532,548662.765,937,841661359495,0,0,0.0,0.0,0.0,0.0,0.0,0.0,0,0.0,0.0,0.0,0.0,0.0,0.0,0,0.0,0.0,0.0,0.0,0.0,0.0
P001,P001_S01,P001_S01_ST1ST_T01_R02,T01,R02,Room_Requested_Keyboard,Study 1,Continuous Room Navigation,Requested Feedback,Keyboard,0,1787856833.6515527,1787856936.119793,2026-08-27T18:55:36.119793+00:00,102.46824026107788,548662.89,938,841662520405,0,0,0.0,0.0,0.0,0.0,0.0,0.0,0,0.0,0.0,0.0,0.0,0.0,0.0,0,0.0,0.0,0.0,0.0,0.0,0.0
P001,P001_S01,P001_S01_ST1ST_T01_R02,T01,R02,Room_Requested_Keyboard,Study 1,Continuous Room Navigation,Requested Feedback,Keyboard,0,1787856833.6515527,1787856936.234949,2026-08-27T18:55:36.234949+00:00,102.58339643478394,548663.0,939,841663680942,0,0,0.0,0.0,0.0,0.0,0.0,0.0,0,0.0,0.0,0.0,0.0,0.0,0.0,0,0.0,0.0,0.0,0.0,0.0,0.0
P001,P001_S01,P001_S01_ST1ST_T01_R02,T01,R02,Room_Requested_Keyboard,Study 1,Continuous Room Navigation,Requested Feedback,Keyboard,0,1787856833.6515527,1787856936.3461528,2026-08-27T18:55:36.346153+00:00,102.69460010528564,548663.109,940,841664800202,0,0,0.0,0.0,0.0,0.0,0.0,0.0,0,0.0,0.0,0.0,0.0,0.0,0.0,0,0.0,0.0,0.0,0.0,0.0,0.0
P001,P001_S01,P001_S01_ST1ST_T01_R02,T01,R02,Room_Requested_Keyboard,Study 1,Continuous Room Navigation,Requested Feedback,Keyboard,0,1787856833.6515527,1787856936.4567358,2026-08-27T18:55:36.456736+00:00,102.80518317222595,548663.218,941,841665901229,0,0,0.0,0.0,0.0,0.0,0.0,0.0,0,0.0,0.0,0.0,0.0,0.0,0.0,0,0.0,0.0,0.0,0.0,0.0,0.0
P001,P001_S01,P001_S01_ST1ST_T01_R02,T01,R02,Room_Requested_Keyboard,Study 1,Continuous Room Navigation,Requested Feedback,Keyboard,0,1787856833.6515527,1787856936.5672467,2026-08-27T18:55:36.567247+00:00,102.91569399833679,548663.343,942,841667006525,0,0,0.0,0.0,0.0,0.0,0.0,0.0,0,0.0,0.0,0.0,0.0,0.0,0.0,0,0.0,0.0,0.0,0.0,0.0,0.0
P001,P001_S01,P001_S01_ST1ST_T01_R02,T01,R02,Room_Requested_Keyboard,Study 1,Continuous Room Navigation,Requested Feedback,Keyboard,0,1787856833.6515527,1787856936.676606,2026-08-27T18:55:36.676606+00:00,103.02505326271057,548663.453,943,841668099394,0,0,0.0,0.0,0.0,0.0,0.0,0.0,0,0.0,0.0,0.0,0.0,0.0,0.0,0,0.0,0.0,0.0,0.0,0.0,0.0
P001,P001_S01,P001_S01_ST1ST_T01_R02,T01,R02,Room_Requested_Keyboard,Study 1,Continuous Room Navigation,Requested Feedback,Keyboard,0,1787856833.6515527,1787856936.7952602,2026-08-27T18:55:36.795260+00:00,103.1437075138092,548663.562,944,841669283990,0,0,0.0,0.0,0.0,0.0,0.0,0.0,0,0.0,0.0,0.0,0.0,0.0,0.0,0,0.0,0.0,0.0,0.0,0.0,0.0
P001,P001_S01,P001_S01_ST1ST_T01_R02,T01,R02,Room_Requested_Keyboard,Study 1,Continuous Room Navigation,Requested Feedback,Keyboard,0,1787856833.6515527,1787856936.8964024,2026-08-27T18:55:36.896402+00:00,103.24484968185425,548663.671,945,841670293337,0,0,0.0,0.0,0.0,0.0,0.0,0.0,0,0.0,0.0,0.0,0.0,0.0,0.0,0,0.0,0.0,0.0,0.0,0.0,0.0
P001,P001_S01,P001_S01_ST1ST_T01_R02,T01,R02,Room_Requested_Keyboard,Study 1,Continuous Room Navigation,Requested Feedback,Keyboard,0,1787856833.6515527,1787856937.0188715,2026-08-27T18:55:37.018872+00:00,103.36731886863708,548663.781,946,841671519449,0,0,0.0,0.0,0.0,0.0,0.0,0.0,0,0.0,0.0,0.0,0.0,0.0,0.0,0,0.0,0.0,0.0,0.0,0.0,0.0
P001,P001_S01,P001_S01_ST1ST_T01_R02,T01,R02,Room_Requested_Keyboard,Study 1,Continuous Room Navigation,Requested Feedback,Keyboard,0,1787856833.6515527,1787856937.1365604,2026-08-27T18:55:37.136560+00:00,103.48500776290894,548663.906,947,841672688602,0,0,0.0,0.0,0.0,0.0,0.0,0.0,0,0.0,0.0,0.0,0.0,0.0,0.0,0,0.0,0.0,0.0,0.0,0.0,0.0
P001,P001_S01,P001_S01_ST1ST_T01_R02,T01,R02,Room_Requested_Keyboard,Study 1,Continuous Room Navigation,Requested Feedback,Keyboard,0,1787856833.6515527,1787856937.251548,2026-08-27T18:55:37.251548+00:00,103.59999537467957,548664.015,948,841673844932,0,0,0.0,0.0,0.0,0.0,0.0,0.0,0,0.0,0.0,0.0,0.0,0.0,0.0,0,0.0,0.0,0.0,0.0,0.0,0.0
P001,P001_S01,P001_S01_ST1ST_T01_R02,T01,R02,Room_Requested_Keyboard,Study 1,Continuous Room Navigation,Requested Feedback,Keyboard,0,1787856833.6515527,1787856937.3553576,2026-08-27T18:55:37.355358+00:00,103.7038049697876,548664.125,949,841674885763,0,0,0.0,0.0,0.0,0.0,0.0,0.0,0,0.0,0.0,0.0,0.0,0.0,0.0,0,0.0,0.0,0.0,0.0,0.0,0.0
P001,P001_S01,P001_S01_ST1ST_T01_R02,T01,R02,Room_Requested_Keyboard,Study 1,Continuous Room Navigation,Requested Feedback,Keyboard,0,1787856833.6515527,1787856937.475241,2026-08-27T18:55:37.475241+00:00,103.8236882686615,548664.25,950,841676085435,0,0,0.0,0.0,0.0,0.0,0.0,0.0,0,0.0,0.0,0.0,0.0,0.0,0.0,0,0.0,0.0,0.0,0.0,0.0,0.0
P001,P001_S01,P001_S01_ST1ST_T01_R02,T01,R02,Room_Requested_Keyboard,Study 1,Continuous Room Navigation,Requested Feedback,Keyboard,0,1787856833.6515527,1787856937.5828598,2026-08-27T18:55:37.582860+00:00,103.93130707740784,548664.359,951,841677151646,0,0,0.0,0.0,0.0,0.0,0.0,0.0,0,0.0,0.0,0.0,0.0,0.0,0.0,0,0.0,0.0,0.0,0.0,0.0,0.0
P001,P001_S01,P001_S01_ST1ST_T01_R02,T01,R02,Room_Requested_Keyboard,Study 1,Continuous Room Navigation,Requested Feedback,Keyboard,0,1787856833.6515527,1787856937.686222,2026-08-27T18:55:37.686222+00:00,104.03466939926147,548664.453,952,841678185066,0,0,0.0,0.0,0.0,0.0,0.0,0.0,0,0.0,0.0,0.0,0.0,0.0,0.0,0,0.0,0.0,0.0,0.0,0.0,0.0
P001,P001_S01,P001_S01_ST1ST_T01_R02,T01,R02,Room_Requested_Keyboard,Study 1,Continuous Room Navigation,Requested Feedback,Keyboard,0,1787856833.6515527,1787856937.799667,2026-08-27T18:55:37.799667+00:00,104.14811420440674,548664.562,953,841679331502,0,0,0.0,0.0,0.0,0.0,0.0,0.0,0,0.0,0.0,0.0,0.0,0.0,0.0,0,0.0,0.0,0.0,0.0,0.0,0.0
P001,P001_S01,P001_S01_ST1ST_T01_R02,T01,R02,Room_Requested_Keyboard,Study 1,Continuous Room Navigation,Requested Feedback,Keyboard,0,1787856833.6515527,1787856937.9039154,2026-08-27T18:55:37.903915+00:00,104.2523627281189,548664.671,954,841680344280,0,0,0.0,0.0,0.0,0.0,0.0,0.0,0,0.0,0.0,0.0,0.0,0.0,0.0,0,0.0,0.0,0.0,0.0,0.0,0.0
P001,P001_S01,P001_S01_ST1ST_T01_R02,T01,R02,Room_Requested_Keyboard,Study 1,Continuous Room Navigation,Requested Feedback,Keyboard,0,1787856833.6515527,1787856938.0083551,2026-08-27T18:55:38.008355+00:00,104.3568024635315,548664.781,955,841681378529,0,0,0.0,0.0,0.0,0.0,0.0,0.0,0,0.0,0.0,0.0,0.0,0.0,0.0,0,0.0,0.0,0.0,0.0,0.0,0.0
P001,P001_S01,P001_S01_ST1ST_T01_R02,T01,R02,Room_Requested_Keyboard,Study 1,Continuous Room Navigation,Requested Feedback,Keyboard,0,1787856833.6515527,1787856938.1156795,2026-08-27T18:55:38.115680+00:00,104.46412682533264,548664.89,956,841682488043,0,0,0.0,0.0,0.0,0.0,0.0,0.0,0,0.0,0.0,0.0,0.0,0.0,0.0,0,0.0,0.0,0.0,0.0,0.0,0.0
P001,P001_S01,P001_S01_ST1ST_T01_R02,T01,R02,Room_Requested_Keyboard,Study 1,Continuous Room Navigation,Requested Feedback,Keyboard,0,1787856833.6515527,1787856938.2237284,2026-08-27T18:55:38.223728+00:00,104.57217574119568,548665.0,957,841683570611,0,0,0.0,0.0,0.0,0.0,0.0,0.0,0,0.0,0.0,0.0,0.0,0.0,0.0,0,0.0,0.0,0.0,0.0,0.0,0.0
P001,P001_S01,P001_S01_ST1ST_T01_R02,T01,R02,Room_Requested_Keyboard,Study 1,Continuous Room Navigation,Requested Feedback,Keyboard,0,1787856833.6515527,1787856938.33672,2026-08-27T18:55:38.336720+00:00,104.68516731262207,548665.109,958,841684695894,0,0,0.0,0.0,0.0,0.0,0.0,0.0,0,0.0,0.0,0.0,0.0,0.0,0.0,0,0.0,0.0,0.0,0.0,0.0,0.0
P001,P001_S01,P001_S01_ST1ST_T01_R02,T01,R02,Room_Requested_Keyboard,Study 1,Continuous Room Navigation,Requested Feedback,Keyboard,0,1787856833.6515527,1787856938.44133,2026-08-27T18:55:38.441330+00:00,104.78977727890015,548665.203,959,841685735580,0,0,0.0,0.0,0.0,0.0,0.0,0.0,0,0.0,0.0,0.0,0.0,0.0,0.0,0,0.0,0.0,0.0,0.0,0.0,0.0
P001,P001_S01,P001_S01_ST1ST_T01_R02,T01,R02,Room_Requested_Keyboard,Study 1,Continuous Room Navigation,Requested Feedback,Keyboard,0,1787856833.6515527,1787856938.5526679,2026-08-27T18:55:38.552668+00:00,104.90111517906189,548665.328,960,841686860339,0,0,0.0,0.0,0.0,0.0,0.0,0.0,0,0.0,0.0,0.0,0.0,0.0,0.0,0,0.0,0.0,0.0,0.0,0.0,0.0
P001,P001_S01,P001_S01_ST1ST_T01_R02,T01,R02,Room_Requested_Keyboard,Study 1,Continuous Room Navigation,Requested Feedback,Keyboard,0,1787856833.6515527,1787856938.6609232,2026-08-27T18:55:38.660923+00:00,105.00937056541443,548665.437,961,841687943332,0,0,0.0,0.0,0.0,0.0,0.0,0.0,0,0.0,0.0,0.0,0.0,0.0,0.0,0,0.0,0.0,0.0,0.0,0.0,0.0
P001,P001_S01,P001_S01_ST1ST_T01_R02,T01,R02,Room_Requested_Keyboard,Study 1,Continuous Room Navigation,Requested Feedback,Keyboard,0,1787856833.6515527,1787856938.7702596,2026-08-27T18:55:38.770260+00:00,105.11870694160461,548665.546,962,841688998242,0,0,0.0,0.0,0.0,0.0,0.0,0.0,0,0.0,0.0,0.0,0.0,0.0,0.0,0,0.0,0.0,0.0,0.0,0.0,0.0
P001,P001_S01,P001_S01_ST1ST_T01_R02,T01,R02,Room_Requested_Keyboard,Study 1,Continuous Room Navigation,Requested Feedback,Keyboard,0,1787856833.6515527,1787856938.8760073,2026-08-27T18:55:38.876007+00:00,105.22445464134216,548665.64,963,841690083096,0,0,0.0,0.0,0.0,0.0,0.0,0.0,0,0.0,0.0,0.0,0.0,0.0,0.0,0,0.0,0.0,0.0,0.0,0.0,0.0
P001,P001_S01,P001_S01_ST1ST_T01_R02,T01,R02,Room_Requested_Keyboard,Study 1,Continuous Room Navigation,Requested Feedback,Keyboard,0,1787856833.6515527,1787856938.9801733,2026-08-27T18:55:38.980173+00:00,105.32862067222595,548665.75,964,841691127893,0,0,0.0,0.0,0.0,0.0,0.0,0.0,0,0.0,0.0,0.0,0.0,0.0,0.0,0,0.0,0.0,0.0,0.0,0.0,0.0
P001,P001_S01,P001_S01_ST1ST_T01_R02,T01,R02,Room_Requested_Keyboard,Study 1,Continuous Room Navigation,Requested Feedback,Keyboard,0,1787856833.6515527,1787856939.095255,2026-08-27T18:55:39.095255+00:00,105.44370222091675,548665.859,965,841692282438,0,0,0.0,0.0,0.0,0.0,0.0,0.0,0,0.0,0.0,0.0,0.0,0.0,0.0,0,0.0,0.0,0.0,0.0,0.0,0.0
P001,P001_S01,P001_S01_ST1ST_T01_R02,T01,R02,Room_Requested_Keyboard,Study 1,Continuous Room Navigation,Requested Feedback,Keyboard,0,1787856833.6515527,1787856939.2050707,2026-08-27T18:55:39.205071+00:00,105.5535180568695,548665.968,966,841693385121,0,0,0.0,0.0,0.0,0.0,0.0,0.0,0,0.0,0.0,0.0,0.0,0.0,0.0,0,0.0,0.0,0.0,0.0,0.0,0.0
P001,P001_S01,P001_S01_ST1ST_T01_R02,T01,R02,Room_Requested_Keyboard,Study 1,Continuous Room Navigation,Requested Feedback,Keyboard,0,1787856833.6515527,1787856939.3085952,2026-08-27T18:55:39.308595+00:00,105.65704250335693,548666.078,967,841694387637,0,0,0.0,0.0,0.0,0.0,0.0,0.0,0,0.0,0.0,0.0,0.0,0.0,0.0,0,0.0,0.0,0.0,0.0,0.0,0.0
P001,P001_S01,P001_S01_ST1ST_T01_R02,T01,R02,Room_Requested_Keyboard,Study 1,Continuous Room Navigation,Requested Feedback,Keyboard,0,1787856833.6515527,1787856939.424753,2026-08-27T18:55:39.424753+00:00,105.7732002735138,548666.187,968,841695581866,0,0,0.0,0.0,0.0,0.0,0.0,0.0,0,0.0,0.0,0.0,0.0,0.0,0.0,0,0.0,0.0,0.0,0.0,0.0,0.0
P001,P001_S01,P001_S01_ST1ST_T01_R02,T01,R02,Room_Requested_Keyboard,Study 1,Continuous Room Navigation,Requested Feedback,Keyboard,0,1787856833.6515527,1787856939.5514662,2026-08-27T18:55:39.551466+00:00,105.89991354942322,548666.328,969,841696847262,0,0,0.0,0.0,0.0,0.0,0.0,0.0,0,0.0,0.0,0.0,0.0,0.0,0.0,0,0.0,0.0,0.0,0.0,0.0,0.0
P001,P001_S01,P001_S01_ST1ST_T01_R02,T01,R02,Room_Requested_Keyboard,Study 1,Continuous Room Navigation,Requested Feedback,Keyboard,0,1787856833.6515527,1787856939.6559002,2026-08-27T18:55:39.655900+00:00,106.00434756278992,548666.421,970,841697884962,0,0,0.0,0.0,0.0,0.0,0.0,0.0,0,0.0,0.0,0.0,0.0,0.0,0.0,0,0.0,0.0,0.0,0.0,0.0,0.0
P001,P001_S01,P001_S01_ST1ST_T01_R02,T01,R02,Room_Requested_Keyboard,Study 1,Continuous Room Navigation,Requested Feedback,Keyboard,0,1787856833.6515527,1787856939.7567255,2026-08-27T18:55:39.756726+00:00,106.10517287254333,548666.531,971,841698898045,0,0,0.0,0.0,0.0,0.0,0.0,0.0,0,0.0,0.0,0.0,0.0,0.0,0.0,0,0.0,0.0,0.0,0.0,0.0,0.0
P001,P001_S01,P001_S01_ST1ST_T01_R02,T01,R02,Room_Requested_Keyboard,Study 1,Continuous Room Navigation,Requested Feedback,Keyboard,0,1787856833.6515527,1787856939.8747816,2026-08-27T18:55:39.874782+00:00,106.223228931427,548666.64,972,841700081502,0,0,0.0,0.0,0.0,0.0,0.0,0.0,0,0.0,0.0,0.0,0.0,0.0,0.0,0,0.0,0.0,0.0,0.0,0.0,0.0
P001,P001_S01,P001_S01_ST1ST_T01_R02,T01,R02,Room_Requested_Keyboard,Study 1,Continuous Room Navigation,Requested Feedback,Keyboard,0,1787856833.6515527,1787856939.9766026,2026-08-27T18:55:39.976603+00:00,106.32504987716675,548666.75,973,841701088381,0,0,0.0,0.0,0.0,0.0,0.0,0.0,0,0.0,0.0,0.0,0.0,0.0,0.0,0,0.0,0.0,0.0,0.0,0.0,0.0
P001,P001_S01,P001_S01_ST1ST_T01_R02,T01,R02,Room_Requested_Keyboard,Study 1,Continuous Room Navigation,Requested Feedback,Keyboard,0,1787856833.6515527,1787856940.0789337,2026-08-27T18:55:40.078934+00:00,106.42738103866577,548666.843,974,841702116997,0,0,0.0,0.0,0.0,0.0,0.0,0.0,0,0.0,0.0,0.0,0.0,0.0,0.0,0,0.0,0.0,0.0,0.0,0.0,0.0
P001,P001_S01,P001_S01_ST1ST_T01_R02,T01,R02,Room_Requested_Keyboard,Study 1,Continuous Room Navigation,Requested Feedback,Keyboard,0,1787856833.6515527,1787856940.1955535,2026-08-27T18:55:40.195554+00:00,106.54400086402893,548666.968,975,841703288271,0,0,0.0,0.0,0.0,0.0,0.0,0.0,0,0.0,0.0,0.0,0.0,0.0,0.0,0,0.0,0.0,0.0,0.0,0.0,0.0
P001,P001_S01,P001_S01_ST1ST_T01_R02,T01,R02,Room_Requested_Keyboard,Study 1,Continuous Room Navigation,Requested Feedback,Keyboard,0,1787856833.6515527,1787856940.2957785,2026-08-27T18:55:40.295779+00:00,106.64422583580017,548667.062,976,841704294950,0,0,0.0,0.0,0.0,0.0,0.0,0.0,0,0.0,0.0,0.0,0.0,0.0,0.0,0,0.0,0.0,0.0,0.0,0.0,0.0
P001,P001_S01,P001_S01_ST1ST_T01_R02,T01,R02,Room_Requested_Keyboard,Study 1,Continuous Room Navigation,Requested Feedback,Keyboard,0,1787856833.6515527,1787856940.41115,2026-08-27T18:55:40.411150+00:00,106.75959730148315,548667.187,977,841705442459,0,0,0.0,0.0,0.0,0.0,0.0,0.0,0,0.0,0.0,0.0,0.0,0.0,0.0,0,0.0,0.0,0.0,0.0,0.0,0.0
P001,P001_S01,P001_S01_ST1ST_T01_R02,T01,R02,Room_Requested_Keyboard,Study 1,Continuous Room Navigation,Requested Feedback,Keyboard,0,1787856833.6515527,1787856940.5122035,2026-08-27T18:55:40.512203+00:00,106.86065077781677,548667.281,978,841706449513,0,0,0.0,0.0,0.0,0.0,0.0,0.0,0,0.0,0.0,0.0,0.0,0.0,0.0,0,0.0,0.0,0.0,0.0,0.0,0.0
P001,P001_S01,P001_S01_ST1ST_T01_R02,T01,R02,Room_Requested_Keyboard,Study 1,Continuous Room Navigation,Requested Feedback,Keyboard,0,1787856833.6515527,1787856940.6251993,2026-08-27T18:55:40.625199+00:00,106.97364664077759,548667.39,979,841707587171,0,0,0.0,0.0,0.0,0.0,0.0,0.0,0,0.0,0.0,0.0,0.0,0.0,0.0,0,0.0,0.0,0.0,0.0,0.0,0.0
P001,P001_S01,P001_S01_ST1ST_T01_R02,T01,R02,Room_Requested_Keyboard,Study 1,Continuous Room Navigation,Requested Feedback,Keyboard,0,1787856833.6515527,1787856940.73597,2026-08-27T18:55:40.735970+00:00,107.08441734313965,548667.5,980,841708683691,0,0,0.0,0.0,0.0,0.0,0.0,0.0,0,0.0,0.0,0.0,0.0,0.0,0.0,0,0.0,0.0,0.0,0.0,0.0,0.0
P001,P001_S01,P001_S01_ST1ST_T01_R02,T01,R02,Room_Requested_Keyboard,Study 1,Continuous Room Navigation,Requested Feedback,Keyboard,0,1787856833.6515527,1787856940.8452642,2026-08-27T18:55:40.845264+00:00,107.19371151924133,548667.609,981,841709785132,0,0,0.0,0.0,0.0,0.0,0.0,0.0,0,0.0,0.0,0.0,0.0,0.0,0.0,0,0.0,0.0,0.0,0.0,0.0,0.0
P001,P001_S01,P001_S01_ST1ST_T01_R02,T01,R02,Room_Requested_Keyboard,Study 1,Continuous Room Navigation,Requested Feedback,Keyboard,0,1787856833.6515527,1787856940.9677422,2026-08-27T18:55:40.967742+00:00,107.3161895275116,548667.734,982,841711009921,0,0,0.0,0.0,0.0,0.0,0.0,0.0,0,0.0,0.0,0.0,0.0,0.0,0.0,0,0.0,0.0,0.0,0.0,0.0,0.0
P001,P001_S01,P001_S01_ST1ST_T01_R02,T01,R02,Room_Requested_Keyboard,Study 1,Continuous Room Navigation,Requested Feedback,Keyboard,0,1787856833.6515527,1787856941.0767019,2026-08-27T18:55:41.076702+00:00,107.4251492023468,548667.843,983,841712094657,0,0,0.0,0.0,0.0,0.0,0.0,0.0,0,0.0,0.0,0.0,0.0,0.0,0.0,0,0.0,0.0,0.0,0.0,0.0,0.0
P001,P001_S01,P001_S01_ST1ST_T01_R02,T01,R02,Room_Requested_Keyboard,Study 1,Continuous Room Navigation,Requested Feedback,Keyboard,0,1787856833.6515527,1787856941.1786442,2026-08-27T18:55:41.178644+00:00,107.52709150314331,548667.953,984,841713105588,0,0,0.0,0.0,0.0,0.0,0.0,0.0,0,0.0,0.0,0.0,0.0,0.0,0.0,0,0.0,0.0,0.0,0.0,0.0,0.0
P001,P001_S01,P001_S01_ST1ST_T01_R02,T01,R02,Room_Requested_Keyboard,Study 1,Continuous Room Navigation,Requested Feedback,Keyboard,0,1787856833.6515527,1787856941.2872078,2026-08-27T18:55:41.287208+00:00,107.63565516471863,548668.062,985,841714187995,0,0,0.0,0.0,0.0,0.0,0.0,0.0,0,0.0,0.0,0.0,0.0,0.0,0.0,0,0.0,0.0,0.0,0.0,0.0,0.0
P001,P001_S01,P001_S01_ST1ST_T01_R02,T01,R02,Room_Requested_Keyboard,Study 1,Continuous Room Navigation,Requested Feedback,Keyboard,0,1787856833.6515527,1787856941.4006205,2026-08-27T18:55:41.400620+00:00,107.74906778335571,548668.171,986,841715337465,0,0,0.0,0.0,0.0,0.0,0.0,0.0,0,0.0,0.0,0.0,0.0,0.0,0.0,0,0.0,0.0,0.0,0.0,0.0,0.0
P001,P001_S01,P001_S01_ST1ST_T01_R02,T01,R02,Room_Requested_Keyboard,Study 1,Continuous Room Navigation,Requested Feedback,Keyboard,0,1787856833.6515527,1787856941.5114453,2026-08-27T18:55:41.511445+00:00,107.85989260673523,548668.281,987,841716442803,0,0,0.0,0.0,0.0,0.0,0.0,0.0,0,0.0,0.0,0.0,0.0,0.0,0.0,0,0.0,0.0,0.0,0.0,0.0,0.0
P001,P001_S01,P001_S01_ST1ST_T01_R02,T01,R02,Room_Requested_Keyboard,Study 1,Continuous Room Navigation,Requested Feedback,Keyboard,0,1787856833.6515527,1787856941.611272,2026-08-27T18:55:41.611272+00:00,107.95971941947937,548668.375,988,841717443129,0,0,0.0,0.0,0.0,0.0,0.0,0.0,0,0.0,0.0,0.0,0.0,0.0,0.0,0,0.0,0.0,0.0,0.0,0.0,0.0
P001,P001_S01,P001_S01_ST1ST_T01_R02,T01,R02,Room_Requested_Keyboard,Study 1,Continuous Room Navigation,Requested Feedback,Keyboard,0,1787856833.6515527,1787856941.7262275,2026-08-27T18:55:41.726228+00:00,108.07467484474182,548668.5,989,841718599571,0,0,0.0,0.0,0.0,0.0,0.0,0.0,0,0.0,0.0,0.0,0.0,0.0,0.0,0,0.0,0.0,0.0,0.0,0.0,0.0
P001,P001_S01,P001_S01_ST1ST_T01_R02,T01,R02,Room_Requested_Keyboard,Study 1,Continuous Room Navigation,Requested Feedback,Keyboard,0,1787856833.6515527,1787856941.8265703,2026-08-27T18:55:41.826570+00:00,108.17501759529114,548668.593,990,841719601686,0,0,0.0,0.0,0.0,0.0,0.0,0.0,0,0.0,0.0,0.0,0.0,0.0,0.0,0,0.0,0.0,0.0,0.0,0.0,0.0
P001,P001_S01,P001_S01_ST1ST_T01_R02,T01,R02,Room_Requested_Keyboard,Study 1,Continuous Room Navigation,Requested Feedback,Keyboard,0,1787856833.6515527,1787856941.950106,2026-08-27T18:55:41.950106+00:00,108.2985532283783,548668.718,991,841720836531,0,0,0.0,0.0,0.0,0.0,0.0,0.0,0,0.0,0.0,0.0,0.0,0.0,0.0,0,0.0,0.0,0.0,0.0,0.0,0.0
P001,P001_S01,P001_S01_ST1ST_T01_R02,T01,R02,Room_Requested_Keyboard,Study 1,Continuous Room Navigation,Requested Feedback,Keyboard,0,1787856833.6515527,1787856942.0612726,2026-08-27T18:55:42.061273+00:00,108.40971994400024,548668.828,992,841721943429,0,0,0.0,0.0,0.0,0.0,0.0,0.0,0,0.0,0.0,0.0,0.0,0.0,0.0,0,0.0,0.0,0.0,0.0,0.0,0.0
P001,P001_S01,P001_S01_ST1ST_T01_R02,T01,R02,Room_Requested_Keyboard,Study 1,Continuous Room Navigation,Requested Feedback,Keyboard,0,1787856833.6515527,1787856942.1650023,2026-08-27T18:55:42.165002+00:00,108.51344966888428,548668.937,993,841722986639,0,0,0.0,0.0,0.0,0.0,0.0,0.0,0,0.0,0.0,0.0,0.0,0.0,0.0,0,0.0,0.0,0.0,0.0,0.0,0.0
P001,P001_S01,P001_S01_ST1ST_T01_R02,T01,R02,Room_Requested_Keyboard,Study 1,Continuous Room Navigation,Requested Feedback,Keyboard,0,1787856833.6515527,1787856942.2756674,2026-08-27T18:55:42.275667+00:00,108.6241147518158,548669.046,994,841724085253,0,0,0.0,0.0,0.0,0.0,0.0,0.0,0,0.0,0.0,0.0,0.0,0.0,0.0,0,0.0,0.0,0.0,0.0,0.0,0.0
P001,P001_S01,P001_S01_ST1ST_T01_R02,T01,R02,Room_Requested_Keyboard,Study 1,Continuous Room Navigation,Requested Feedback,Keyboard,0,1787856833.6515527,1787856942.3857942,2026-08-27T18:55:42.385794+00:00,108.7342414855957,548669.156,995,841725187431,0,0,0.0,0.0,0.0,0.0,0.0,0.0,0,0.0,0.0,0.0,0.0,0.0,0.0,0,0.0,0.0,0.0,0.0,0.0,0.0
P001,P001_S01,P001_S01_ST1ST_T01_R02,T01,R02,Room_Requested_Keyboard,Study 1,Continuous Room Navigation,Requested Feedback,Keyboard,0,1787856833.6515527,1787856942.5012116,2026-08-27T18:55:42.501212+00:00,108.84965896606445,548669.265,996,841726345329,0,0,0.0,0.0,0.0,0.0,0.0,0.0,0,0.0,0.0,0.0,0.0,0.0,0.0,0,0.0,0.0,0.0,0.0,0.0,0.0
P001,P001_S01,P001_S01_ST1ST_T01_R02,T01,R02,Room_Requested_Keyboard,Study 1,Continuous Room Navigation,Requested Feedback,Keyboard,0,1787856833.6515527,1787856942.6050887,2026-08-27T18:55:42.605089+00:00,108.95353603363037,548669.375,997,841727382693,0,0,0.0,0.0,0.0,0.0,0.0,0.0,0,0.0,0.0,0.0,0.0,0.0,0.0,0,0.0,0.0,0.0,0.0,0.0,0.0
P001,P001_S01,P001_S01_ST1ST_T01_R02,T01,R02,Room_Requested_Keyboard,Study 1,Continuous Room Navigation,Requested Feedback,Keyboard,0,1787856833.6515527,1787856942.7061775,2026-08-27T18:55:42.706177+00:00,109.0546247959137,548669.468,998,841728383029,0,0,0.0,0.0,0.0,0.0,0.0,0.0,0,0.0,0.0,0.0,0.0,0.0,0.0,0,0.0,0.0,0.0,0.0,0.0,0.0
P001,P001_S01,P001_S01_ST1ST_T01_R02,T01,R02,Room_Requested_Keyboard,Study 1,Continuous Room Navigation,Requested Feedback,Keyboard,0,1787856833.6515527,1787856942.8256903,2026-08-27T18:55:42.825690+00:00,109.17413759231567,548669.593,999,841729587029,0,0,0.0,0.0,0.0,0.0,0.0,0.0,0,0.0,0.0,0.0,0.0,0.0,0.0,0,0.0,0.0,0.0,0.0,0.0,0.0
P001,P001_S01,P001_S01_ST1ST_T01_R02,T01,R02,Room_Requested_Keyboard,Study 1,Continuous Room Navigation,Requested Feedback,Keyboard,0,1787856833.6515527,1787856942.9364285,2026-08-27T18:55:42.936429+00:00,109.28487586975098,548669.703,1000,841730691509,0,0,0.0,0.0,0.0,0.0,0.0,0.0,0,0.0,0.0,0.0,0.0,0.0,0.0,0,0.0,0.0,0.0,0.0,0.0,0.0
P001,P001_S01,P001_S01_ST1ST_T01_R02,T01,R02,Room_Requested_Keyboard,Study 1,Continuous Room Navigation,Requested Feedback,Keyboard,0,1787856833.6515527,1787856943.0467405,2026-08-27T18:55:43.046741+00:00,109.39518785476685,548669.812,1001,841731791349,0,0,0.0,0.0,0.0,0.0,0.0,0.0,0,0.0,0.0,0.0,0.0,0.0,0.0,0,0.0,0.0,0.0,0.0,0.0,0.0
P001,P001_S01,P001_S01_ST1ST_T01_R02,T01,R02,Room_Requested_Keyboard,Study 1,Continuous Room Navigation,Requested Feedback,Keyboard,0,1787856833.6515527,1787856943.149949,2026-08-27T18:55:43.149949+00:00,109.49839639663696,548669.921,1002,841732824180,0,0,0.0,0.0,0.0,0.0,0.0,0.0,0,0.0,0.0,0.0,0.0,0.0,0.0,0,0.0,0.0,0.0,0.0,0.0,0.0
P001,P001_S01,P001_S01_ST1ST_T01_R02,T01,R02,Room_Requested_Keyboard,Study 1,Continuous Room Navigation,Requested Feedback,Keyboard,0,1787856833.6515527,1787856943.2554944,2026-08-27T18:55:43.255494+00:00,109.60394167900085,548670.031,1003,841733885041,0,0,0.0,0.0,0.0,0.0,0.0,0.0,0,0.0,0.0,0.0,0.0,0.0,0.0,0,0.0,0.0,0.0,0.0,0.0,0.0
P001,P001_S01,P001_S01_ST1ST_T01_R02,T01,R02,Room_Requested_Keyboard,Study 1,Continuous Room Navigation,Requested Feedback,Keyboard,0,1787856833.6515527,1787856943.3556457,2026-08-27T18:55:43.355646+00:00,109.70409297943115,548670.125,1004,841734886497,0,0,0.0,0.0,0.0,0.0,0.0,0.0,0,0.0,0.0,0.0,0.0,0.0,0.0,0,0.0,0.0,0.0,0.0,0.0,0.0
P001,P001_S01,P001_S01_ST1ST_T01_R02,T01,R02,Room_Requested_Keyboard,Study 1,Continuous Room Navigation,Requested Feedback,Keyboard,0,1787856833.6515527,1787856943.468564,2026-08-27T18:55:43.468564+00:00,109.81701135635376,548670.234,1005,841736010464,0,0,0.0,0.0,0.0,0.0,0.0,0.0,0,0.0,0.0,0.0,0.0,0.0,0.0,0,0.0,0.0,0.0,0.0,0.0,0.0
P001,P001_S01,P001_S01_ST1ST_T01_R02,T01,R02,Room_Requested_Keyboard,Study 1,Continuous Room Navigation,Requested Feedback,Keyboard,0,1787856833.6515527,1787856943.5755098,2026-08-27T18:55:43.575510+00:00,109.9239571094513,548670.343,1006,841737084213,0,0,0.0,0.0,0.0,0.0,0.0,0.0,0,0.0,0.0,0.0,0.0,0.0,0.0,0,0.0,0.0,0.0,0.0,0.0,0.0
P001,P001_S01,P001_S01_ST1ST_T01_R02,T01,R02,Room_Requested_Keyboard,Study 1,Continuous Room Navigation,Requested Feedback,Keyboard,0,1787856833.6515527,1787856943.6851993,2026-08-27T18:55:43.685199+00:00,110.03364658355713,548670.453,1007,841738184512,0,0,0.0,0.0,0.0,0.0,0.0,0.0,0,0.0,0.0,0.0,0.0,0.0,0.0,0,0.0,0.0,0.0,0.0,0.0,0.0
P001,P001_S01,P001_S01_ST1ST_T01_R02,T01,R02,Room_Requested_Keyboard,Study 1,Continuous Room Navigation,Requested Feedback,Keyboard,0,1787856833.6515527,1787856943.7953112,2026-08-27T18:55:43.795311+00:00,110.14375853538513,548670.562,1008,841739283932,0,0,0.0,0.0,0.0,0.0,0.0,0.0,0,0.0,0.0,0.0,0.0,0.0,0.0,0,0.0,0.0,0.0,0.0,0.0,0.0
P001,P001_S01,P001_S01_ST1ST_T01_R02,T01,R02,Room_Requested_Keyboard,Study 1,Continuous Room Navigation,Requested Feedback,Keyboard,0,1787856833.6515527,1787856943.896508,2026-08-27T18:55:43.896508+00:00,110.24495530128479,548670.671,1009,841740285334,0,0,0.0,0.0,0.0,0.0,0.0,0.0,0,0.0,0.0,0.0,0.0,0.0,0.0,0,0.0,0.0,0.0,0.0,0.0,0.0
P001,P001_S01,P001_S01_ST1ST_T01_R02,T01,R02,Room_Requested_Keyboard,Study 1,Continuous Room Navigation,Requested Feedback,Keyboard,0,1787856833.6515527,1787856944.0086472,2026-08-27T18:55:44.008647+00:00,110.3570945262909,548670.781,1010,841741417272,0,0,0.0,0.0,0.0,0.0,0.0,0.0,0,0.0,0.0,0.0,0.0,0.0,0.0,0,0.0,0.0,0.0,0.0,0.0,0.0
P001,P001_S01,P001_S01_ST1ST_T01_R02,T01,R02,Room_Requested_Keyboard,Study 1,Continuous Room Navigation,Requested Feedback,Keyboard,0,1787856833.6515527,1787856944.1184874,2026-08-27T18:55:44.118487+00:00,110.46693468093872,548670.89,1011,841742512969,0,0,0.0,0.0,0.0,0.0,0.0,0.0,0,0.0,0.0,0.0,0.0,0.0,0.0,0,0.0,0.0,0.0,0.0,0.0,0.0
P001,P001_S01,P001_S01_ST1ST_T01_R02,T01,R02,Room_Requested_Keyboard,Study 1,Continuous Room Navigation,Requested Feedback,Keyboard,0,1787856833.6515527,1787856944.2372117,2026-08-27T18:55:44.237212+00:00,110.58565902709961,548671.0,1012,841743681160,0,0,0.0,0.0,0.0,0.0,0.0,0.0,0,0.0,0.0,0.0,0.0,0.0,0.0,0,0.0,0.0,0.0,0.0,0.0,0.0
P001,P001_S01,P001_S01_ST1ST_T01_R02,T01,R02,Room_Requested_Keyboard,Study 1,Continuous Room Navigation,Requested Feedback,Keyboard,0,1787856833.6515527,1787856944.337733,2026-08-27T18:55:44.337733+00:00,110.68618035316467,548671.109,1013,841744685999,0,0,0.0,0.0,0.0,0.0,0.0,0.0,0,0.0,0.0,0.0,0.0,0.0,0.0,0,0.0,0.0,0.0,0.0,0.0,0.0
P001,P001_S01,P001_S01_ST1ST_T01_R02,T01,R02,Room_Requested_Keyboard,Study 1,Continuous Room Navigation,Requested Feedback,Keyboard,0,1787856833.6515527,1787856944.4368594,2026-08-27T18:55:44.436859+00:00,110.78530669212341,548671.203,1014,841745687216,0,0,0.0,0.0,0.0,0.0,0.0,0.0,0,0.0,0.0,0.0,0.0,0.0,0.0,0,0.0,0.0,0.0,0.0,0.0,0.0
P001,P001_S01,P001_S01_ST1ST_T01_R02,T01,R02,Room_Requested_Keyboard,Study 1,Continuous Room Navigation,Requested Feedback,Keyboard,0,1787856833.6515527,1787856944.54891,2026-08-27T18:55:44.548910+00:00,110.89735722541809,548671.312,1015,841746810382,0,0,0.0,0.0,0.0,0.0,0.0,0.0,0,0.0,0.0,0.0,0.0,0.0,0.0,0,0.0,0.0,0.0,0.0,0.0,0.0
P001,P001_S01,P001_S01_ST1ST_T01_R02,T01,R02,Room_Requested_Keyboard,Study 1,Continuous Room Navigation,Requested Feedback,Keyboard,0,1787856833.6515527,1787856944.6618998,2026-08-27T18:55:44.661900+00:00,111.01034712791443,548671.437,1016,841747935663,0,0,0.0,0.0,0.0,0.0,0.0,0.0,0,0.0,0.0,0.0,0.0,0.0,0.0,0,0.0,0.0,0.0,0.0,0.0,0.0
P001,P001_S01,P001_S01_ST1ST_T01_R02,T01,R02,Room_Requested_Keyboard,Study 1,Continuous Room Navigation,Requested Feedback,Keyboard,0,1787856833.6515527,1787856944.763634,2026-08-27T18:55:44.763634+00:00,111.11208128929138,548671.531,1017,841748957029,0,0,0.0,0.0,0.0,0.0,0.0,0.0,0,0.0,0.0,0.0,0.0,0.0,0.0,0,0.0,0.0,0.0,0.0,0.0,0.0
P001,P001_S01,P001_S01_ST1ST_T01_R02,T01,R02,Room_Requested_Keyboard,Study 1,Continuous Room Navigation,Requested Feedback,Keyboard,0,1787856833.6515527,1787856944.8686113,2026-08-27T18:55:44.868611+00:00,111.21705865859985,548671.64,1018,841749988157,0,0,0.0,0.0,0.0,0.0,0.0,0.0,0,0.0,0.0,0.0,0.0,0.0,0.0,0,0.0,0.0,0.0,0.0,0.0,0.0
P001,P001_S01,P001_S01_ST1ST_T01_R02,T01,R02,Room_Requested_Keyboard,Study 1,Continuous Room Navigation,Requested Feedback,Keyboard,0,1787856833.6515527,1787856944.9675894,2026-08-27T18:55:44.967589+00:00,111.31603670120239,548671.734,1019,841750994236,0,0,0.0,0.0,0.0,0.0,0.0,0.0,0,0.0,0.0,0.0,0.0,0.0,0.0,0,0.0,0.0,0.0,0.0,0.0,0.0
P001,P001_S01,P001_S01_ST1ST_T01_R02,T01,R02,Room_Requested_Keyboard,Study 1,Continuous Room Navigation,Requested Feedback,Keyboard,0,1787856833.6515527,1787856945.0754018,2026-08-27T18:55:45.075402+00:00,111.42384910583496,548671.843,1020,841752083892,0,0,0.0,0.0,0.0,0.0,0.0,0.0,0,0.0,0.0,0.0,0.0,0.0,0.0,0,0.0,0.0,0.0,0.0,0.0,0.0
P001,P001_S01,P001_S01_ST1ST_T01_R02,T01,R02,Room_Requested_Keyboard,Study 1,Continuous Room Navigation,Requested Feedback,Keyboard,0,1787856833.6515527,1787856945.185341,2026-08-27T18:55:45.185341+00:00,111.53378820419312,548671.953,1021,841753185356,0,0,0.0,0.0,0.0,0.0,0.0,0.0,0,0.0,0.0,0.0,0.0,0.0,0.0,0,0.0,0.0,0.0,0.0,0.0,0.0
P001,P001_S01,P001_S01_ST1ST_T01_R02,T01,R02,Room_Requested_Keyboard,Study 1,Continuous Room Navigation,Requested Feedback,Keyboard,0,1787856833.6515527,1787856945.29913,2026-08-27T18:55:45.299130+00:00,111.6475772857666,548672.062,1022,841754316761,0,0,0.0,0.0,0.0,0.0,0.0,0.0,0,0.0,0.0,0.0,0.0,0.0,0.0,0,0.0,0.0,0.0,0.0,0.0,0.0
P001,P001_S01,P001_S01_ST1ST_T01_R02,T01,R02,Room_Requested_Keyboard,Study 1,Continuous Room Navigation,Requested Feedback,Keyboard,0,1787856833.6515527,1787856945.4165707,2026-08-27T18:55:45.416571+00:00,111.76501798629761,548672.187,1023,841755494622,0,0,0.0,0.0,0.0,0.0,0.0,0.0,0,0.0,0.0,0.0,0.0,0.0,0.0,0,0.0,0.0,0.0,0.0,0.0,0.0
P001,P001_S01,P001_S01_ST1ST_T01_R02,T01,R02,Room_Requested_Keyboard,Study 1,Continuous Room Navigation,Requested Feedback,Keyboard,0,1787856833.6515527,1787856945.5177805,2026-08-27T18:55:45.517781+00:00,111.86622786521912,548672.281,1024,841756511807,0,0,0.0,0.0,0.0,0.0,0.0,0.0,0,0.0,0.0,0.0,0.0,0.0,0.0,0,0.0,0.0,0.0,0.0,0.0,0.0
P001,P001_S01,P001_S01_ST1ST_T01_R02,T01,R02,Room_Requested_Keyboard,Study 1,Continuous Room Navigation,Requested Feedback,Keyboard,0,1787856833.6515527,1787856945.6296127,2026-08-27T18:55:45.629613+00:00,111.97806000709534,548672.406,1025,841757596790,0,0,0.0,0.0,0.0,0.0,0.0,0.0,0,0.0,0.0,0.0,0.0,0.0,0.0,0,0.0,0.0,0.0,0.0,0.0,0.0
