participant_code,session_id,trial_id,condition_code,run_code,condition_name,study,environment,feedback_timing,modality,practice,trial_started_at_epoch,host_time_epoch,host_time_iso_utc,trial_elapsed_s,host_monotonic,eet_sample_index,eet_timestamp_hl2ss,calibration_valid,combined_valid,combined_origin_x,combined_origin_y,combined_origin_z,combined_direction_x,combined_direction_y,combined_direction_z,left_valid,left_origin_x,left_origin_y,left_origin_z,left_direction_x,left_direction_y,left_direction_z,right_valid,right_origin_x,right_origin_y,right_origin_z,right_direction_x,right_direction_y,right_direction_z
P001,P001_S01,P001_S01_ST1TR_TR05_R01,TR05,R01,Gridworld_Anytime_Keyboard,Study 1,Gridworld,Anytime Feedback,Keyboard,1,1787856687.5937848,1787856687.691435,2026-08-27T18:51:27.691435+00:00,0.09765028953552246,548414.468,1,839177795774,1,1,0.05008786916732788,-0.04278408735990524,-0.03805658966302872,-0.06827034056186676,-0.1939438432455063,0.978634238243103,1,0.04995173588395119,-0.014651688747107983,-0.037172283977270126,-0.06668243557214737,-0.2483265995979309,0.9663784503936768,1,0.05030133202672005,-0.08342904597520828,-0.03933073580265045,-0.06611815840005875,-0.11646844446659088,0.9909912347793579
P001,P001_S01,P001_S01_ST1TR_TR05_R01,TR05,R01,Gridworld_Anytime_Keyboard,Study 1,Gridworld,Anytime Feedback,Keyboard,1,1787856687.5937848,1787856687.691435,2026-08-27T18:51:27.691435+00:00,0.09765028953552246,548414.468,2,839177906890,1,1,0.050089143216609955,-0.04288114234805107,-0.03805931657552719,-0.06804990768432617,-0.1938282698392868,0.9786725640296936,1,0.04994313046336174,-0.014641668647527695,-0.037176284939050674,-0.06802723556756973,-0.2469276636838913,0.9666430950164795,1,0.05030244588851929,-0.0834209993481636,-0.039314646273851395,-0.0671391412615776,-0.11524070799350739,0.991066038608551
P001,P001_S01,P001_S01_ST1TR_TR05_R01,TR05,R01,Gridworld_Anytime_Keyboard,Study 1,Gridworld,Anytime Feedback,Keyboard,1,1787856687.5937848,1787856687.691435,2026-08-27T18:51:27.691435+00:00,0.09765028953552246,548414.468,3,839178018005,1,1,0.05008814483880997,-0.042635057121515274,-0.03805050998926163,-0.06788244098424911,-0.19397811591625214,0.9786545038223267,1,0.04994041100144386,-0.014629119075834751,-0.03718157857656479,-0.06796757131814957,-0.2453935146331787,0.9670380353927612,1,0.05030035600066185,-0.08342517167329788,-0.039314791560173035,-0.06707463413476944,-0.1155567318201065,0.9910336136817932
P001,P001_S01,P001_S01_ST1TR_TR05_R01,TR05,R01,Gridworld_Anytime_Keyboard,Study 1,Gridworld,Anytime Feedback,Keyboard,1,1787856687.5937848,1787856687.691435,2026-08-27T18:51:27.691435+00:00,0.09765028953552246,548414.468,4,839178129120,1,1,0.05008764564990997,-0.042517587542533875,-0.03804647922515869,-0.06811068952083588,-0.19418053328990936,0.9785984754562378,1,0.04993708059191704,-0.014640232548117638,-0.03716640919446945,-0.06890435516834259,-0.2459985464811325,0.9668179154396057,1,0.05029822885990143,-0.08342865109443665,-0.039338115602731705,-0.0680854469537735,-0.11536628007888794,0.9909869432449341
P001,P001_S01,P001_S01_ST1TR_TR05_R01,TR05,R01,Gridworld_Anytime_Keyboard,Study 1,Gridworld,Anytime Feedback,Keyboard,1,1787856687.5937848,1787856687.7234366,2026-08-27T18:51:27.723437+00:00,0.12965178489685059,548414.5,5,839178240234,1,1,0.050086550414562225,-0.04237039387226105,-0.03803990036249161,-0.06902308017015457,-0.1945623755455017,0.9784587025642395,1,0.04993318021297455,-0.014650147408246994,-0.03715610131621361,-0.07086775451898575,-0.2471795529127121,0.9663745164871216,1,0.05030156672000885,-0.08341879397630692,-0.0393233597278595,-0.07050517201423645,-0.11442090570926666,0.9909272789955139
P001,P001_S01,P001_S01_ST1TR_TR05_R01,TR05,R01,Gridworld_Anytime_Keyboard,Study 1,Gridworld,Anytime Feedback,Keyboard,1,1787856687.5937848,1787856687.7284362,2026-08-27T18:51:27.728436+00:00,0.13465142250061035,548414.5,6,839178351349,1,1,0.05008474364876747,-0.04206230863928795,-0.03802913799881935,-0.0697401836514473,-0.19528117775917053,0.978264570236206,1,0.04993249848484993,-0.01464761607348919,-0.037150461226701736,-0.07112663239240646,-0.24614273011684418,0.9666202068328857,1,0.05030563101172447,-0.08342014253139496,-0.039331477135419846,-0.07076352089643478,-0.11383417248725891,0.9909765124320984
P001,P001_S01,P001_S01_ST1TR_TR05_R01,TR05,R01,Gridworld_Anytime_Keyboard,Study 1,Gridworld,Anytime Feedback,Keyboard,1,1787856687.5937848,1787856687.729436,2026-08-27T18:51:27.729436+00:00,0.1356511116027832,548414.5,7,839178462463,1,1,0.0500829704105854,-0.041857797652482986,-0.03802138939499855,-0.07023775577545166,-0.19562287628650665,0.9781607985496521,1,0.049932681024074554,-0.014647671021521091,-0.0371418222784996,-0.07114898413419724,-0.2458469718694687,0.9666939973831177,1,0.05029096454381943,-0.08342970162630081,-0.03934774175286293,-0.07078742980957031,-0.11453735083341599,0.9908937811851501
P001,P001_S01,P001_S01_ST1TR_TR05_R01,TR05,R01,Gridworld_Anytime_Keyboard,Study 1,Gridworld,Anytime Feedback,Keyboard,1,1787856687.5937848,1787856687.7484374,2026-08-27T18:51:27.748437+00:00,0.15465259552001953,548414.515,8,839178573577,1,1,0.05008214712142944,-0.04178658872842789,-0.03801831603050232,-0.06981020420789719,-0.1953285038471222,0.9782502055168152,1,0.049936894327402115,-0.014635123312473297,-0.0371515154838562,-0.06907691806554794,-0.2454691231250763,0.9669401049613953,1,0.05029667168855667,-0.08342525362968445,-0.03934051841497421,-0.0684296265244484,-0.11498415470123291,0.9910075664520264
P001,P001_S01,P001_S01_ST1TR_TR05_R01,TR05,R01,Gridworld_Anytime_Keyboard,Study 1,Gridworld,Anytime Feedback,Keyboard,1,1787856687.5937848,1787856687.7494369,2026-08-27T18:51:27.749437+00:00,0.15565204620361328,548414.515,9,839178684691,1,1,0.050079282373189926,-0.041411302983760834,-0.03800467401742935,-0.06952811777591705,-0.19563359022140503,0.9782093167304993,1,0.049936845898628235,-0.014639254659414291,-0.0371415801346302,-0.06910666078329086,-0.24571041762828827,0.9668766856193542,1,0.05029630661010742,-0.08342349529266357,-0.03933703154325485,-0.06844251602888107,-0.1146678701043129,0.9910433292388916
P001,P001_S01,P001_S01_ST1TR_TR05_R01,TR05,R01,Gridworld_Anytime_Keyboard,Study 1,Gridworld,Anytime Feedback,Keyboard,1,1787856687.5937848,1787856687.7649436,2026-08-27T18:51:27.764944+00:00,0.1711587905883789,548414.531,10,839178795805,1,1,0.05007844418287277,-0.04136143997311592,-0.038001563400030136,-0.0690968856215477,-0.19561399519443512,0.9782437682151794,1,0.04993858188390732,-0.01464047096669674,-0.037138681858778,-0.06842862814664841,-0.2464953362941742,0.9667251706123352,1,0.05029820650815964,-0.08342663198709488,-0.03932648524641991,-0.06777524203062057,-0.11564552038908005,0.9909756779670715
P001,P001_S01,P001_S01_ST1TR_TR05_R01,TR05,R01,Gridworld_Anytime_Keyboard,Study 1,Gridworld,Anytime Feedback,Keyboard,1,1787856687.5937848,1787856687.767943,2026-08-27T18:51:27.767943+00:00,0.17415809631347656,548414.531,11,839178906920,1,1,0.05007652938365936,-0.041178859770298004,-0.03799305483698845,-0.06891162693500519,-0.19554440677165985,0.9782708287239075,1,0.04993780702352524,-0.014631498605012894,-0.03714032843708992,-0.06876757740974426,-0.24571537971496582,0.9668996930122375,1,0.05029773712158203,-0.0834057629108429,-0.03930790722370148,-0.06801870465278625,-0.11352476477622986,0.9912042021751404
P001,P001_S01,P001_S01_ST1TR_TR05_R01,TR05,R01,Gridworld_Anytime_Keyboard,Study 1,Gridworld,Anytime Feedback,Keyboard,1,1787856687.5937848,1787856687.7809374,2026-08-27T18:51:27.780937+00:00,0.18715262413024902,548414.546,12,839179018034,1,1,0.05007558688521385,-0.041058413684368134,-0.03798755258321762,-0.06861064583063126,-0.19547773897647858,0.9783051609992981,1,0.04993858560919762,-0.014627085067331791,-0.037136513739824295,-0.06826086342334747,-0.24498653411865234,0.9671205878257751,1,0.05030146241188049,-0.08342806994915009,-0.03933212533593178,-0.06755059212446213,-0.11581061035394669,0.9909716844558716
P001,P001_S01,P001_S01_ST1TR_TR05_R01,TR05,R01,Gridworld_Anytime_Keyboard,Study 1,Gridworld,Anytime Feedback,Keyboard,1,1787856687.5937848,1787856687.7964618,2026-08-27T18:51:27.796462+00:00,0.20267701148986816,548414.562,13,839179129149,1,1,0.05007535591721535,-0.04103574529290199,-0.03798401728272438,-0.06853382289409637,-0.19496476650238037,0.9784130454063416,1,0.049938954412937164,-0.0146257309243083,-0.03713361918926239,-0.06861389428377151,-0.24464674293994904,0.9671816229820251,1,0.05029973387718201,-0.08341310173273087,-0.039316948503255844,-0.067925363779068,-0.11393541842699051,0.991163432598114
P001,P001_S01,P001_S01_ST1TR_TR05_R01,TR05,R01,Gridworld_Anytime_Keyboard,Study 1,Gridworld,Anytime Feedback,Keyboard,1,1787856687.5937848,1787856687.8134599,2026-08-27T18:51:27.813460+00:00,0.21967506408691406,548414.578,14,839179240263,1,1,0.05007559061050415,-0.04104997590184212,-0.0379813127219677,-0.06831945478916168,-0.19401995837688446,0.9786157608032227,1,0.049940187484025955,-0.014615318737924099,-0.03714088350534439,-0.06811968982219696,-0.24414627254009247,0.9673428535461426,1,0.050297122448682785,-0.08339352905750275,-0.03929503634572029,-0.06750365346670151,-0.11235254257917404,0.9913730025291443
P001,P001_S01,P001_S01_ST1TR_TR05_R01,TR05,R01,Gridworld_Anytime_Keyboard,Study 1,Gridworld,Anytime Feedback,Keyboard,1,1787856687.5937848,1787856687.8154602,2026-08-27T18:51:27.815460+00:00,0.22167539596557617,548414.578,15,839179351378,1,1,0.050075091421604156,-0.04092194512486458,-0.03797563537955284,-0.06816422939300537,-0.19429899752140045,0.9785711765289307,1,0.04993694648146629,-0.014607969671487808,-0.037145406007766724,-0.06818171590566635,-0.24349339306354523,0.9675031304359436,1,0.050299689173698425,-0.0833931639790535,-0.03929414600133896,-0.06729184091091156,-0.11244145035743713,0.9913772344589233
P001,P001_S01,P001_S01_ST1TR_TR05_R01,TR05,R01,Gridworld_Anytime_Keyboard,Study 1,Gridworld,Anytime Feedback,Keyboard,1,1787856687.5937848,1787856687.8290908,2026-08-27T18:51:27.829091+00:00,0.2353060245513916,548414.593,16,839179462491,1,1,0.05007568374276161,-0.041009556502103806,-0.03797633945941925,-0.06811302155256271,-0.19376063346862793,0.9786815643310547,1,0.049937549978494644,-0.01460729818791151,-0.0371440127491951,-0.06830774992704391,-0.24381476640701294,0.9674131870269775,1,0.05030006542801857,-0.08338231593370438,-0.03928479924798012,-0.06750310957431793,-0.11161444336175919,0.9914562702178955
P001,P001_S01,P001_S01_ST1TR_TR05_R01,TR05,R01,Gridworld_Anytime_Keyboard,Study 1,Gridworld,Anytime Feedback,Keyboard,1,1787856687.5937848,1787856687.8488796,2026-08-27T18:51:27.848880+00:00,0.2550947666168213,548414.625,17,839179573606,1,1,0.05007605999708176,-0.04098095744848251,-0.03797340765595436,-0.06811462342739105,-0.19408071041107178,0.9786180257797241,1,0.04993825405836105,-0.014608915895223618,-0.0371386893093586,-0.06833986937999725,-0.24401509761810303,0.9673605561256409,1,0.050295036286115646,-0.08338461816310883,-0.03929558023810387,-0.06768977642059326,-0.1119350865483284,0.9914073944091797
P001,P001_S01,P001_S01_ST1TR_TR05_R01,TR05,R01,Gridworld_Anytime_Keyboard,Study 1,Gridworld,Anytime Feedback,Keyboard,1,1787856687.5937848,1787856687.8508728,2026-08-27T18:51:27.850873+00:00,0.25708794593811035,548414.625,18,839179684719,1,1,0.05007590726017952,-0.04097314924001694,-0.03797120228409767,-0.06822565197944641,-0.1934337168931961,0.9787383079528809,1,0.049937453120946884,-0.01460427325218916,-0.03713572397828102,-0.06864033639431,-0.24278630316257477,0.9676483273506165,1,0.050292521715164185,-0.08339349180459976,-0.03931248560547829,-0.06803513318300247,-0.1122632846236229,0.9913466572761536
P001,P001_S01,P001_S01_ST1TR_TR05_R01,TR05,R01,Gridworld_Anytime_Keyboard,Study 1,Gridworld,Anytime Feedback,Keyboard,1,1787856687.5937848,1787856687.888445,2026-08-27T18:51:27.888445+00:00,0.2946600914001465,548414.656,19,839179795835,1,1,0.05007590353488922,-0.04092338681221008,-0.03796675428748131,-0.06876933574676514,-0.19363947212696075,0.9786596298217773,1,0.04993513599038124,-0.014608511701226234,-0.037132758647203445,-0.06990957260131836,-0.24403083324432373,0.9672443866729736,1,0.05030546709895134,-0.08335975557565689,-0.03927113488316536,-0.06941686570644379,-0.10918650031089783,0.9915944337844849
P001,P001_S01,P001_S01_ST1TR_TR05_R01,TR05,R01,Gridworld_Anytime_Keyboard,Study 1,Gridworld,Anytime Feedback,Keyboard,1,1787856687.5937848,1787856687.888445,2026-08-27T18:51:27.888445+00:00,0.2946600914001465,548414.656,20,839179906948,1,1,0.05007418617606163,-0.04060649871826172,-0.03795526549220085,-0.06894142180681229,-0.19408608973026276,0.9785590171813965,1,0.04993439465761185,-0.014574827626347542,-0.03716479614377022,-0.06935781985521317,-0.24094007909297943,0.9680585265159607,1,0.050303321331739426,-0.08333701640367508,-0.03922898322343826,-0.06878885626792908,-0.1071644127368927,0.9918588995933533
P001,P001_S01,P001_S01_ST1TR_TR05_R01,TR05,R01,Gridworld_Anytime_Keyboard,Study 1,Gridworld,Anytime Feedback,Keyboard,1,1787856687.5937848,1787856687.888445,2026-08-27T18:51:27.888445+00:00,0.2946600914001465,548414.656,21,839180018063,1,1,0.050071414560079575,-0.04019191116094589,-0.037941381335258484,-0.06970460712909698,-0.19536368548870087,0.9782506227493286,1,0.04992929473519325,-0.014571459963917732,-0.03715965896844864,-0.07120265811681747,-0.24012835323810577,0.9681262969970703,1,0.0502961203455925,-0.08334846049547195,-0.039235733449459076,-0.07059966772794724,-0.1079978421330452,0.991641104221344
P001,P001_S01,P001_S01_ST1TR_TR05_R01,TR05,R01,Gridworld_Anytime_Keyboard,Study 1,Gridworld,Anytime Feedback,Keyboard,1,1787856687.5937848,1787856687.888445,2026-08-27T18:51:27.888445+00:00,0.2946600914001465,548414.656,22,839180129178,1,1,0.05007092282176018,-0.0402078852057457,-0.0379386767745018,-0.06991195678710938,-0.19325250387191772,0.9786550998687744,1,0.04993068054318428,-0.014578700065612793,-0.03714938461780548,-0.07033694535493851,-0.2410954385995865,0.9679492115974426,1,0.05029822140932083,-0.08333775401115417,-0.039223603904247284,-0.06971660256385803,-0.10698594152927399,0.9918132424354553
P001,P001_S01,P001_S01_ST1TR_TR05_R01,TR05,R01,Gridworld_Anytime_Keyboard,Study 1,Gridworld,Anytime Feedback,Keyboard,1,1787856687.5937848,1787856687.9194462,2026-08-27T18:51:27.919446+00:00,0.32566142082214355,548414.687,23,839180240293,1,1,0.050069525837898254,-0.040054552257061005,-0.0379321463406086,-0.06990037858486176,-0.19276119768619537,0.9787529110908508,1,0.04993153363466263,-0.014567917212843895,-0.037157535552978516,-0.0698358491063118,-0.24046620726585388,0.968142032623291,1,0.0502953939139843,-0.08333896100521088,-0.03922460228204727,-0.06938166916370392,-0.10768801718950272,0.9917608499526978
P001,P001_S01,P001_S01_ST1TR_TR05_R01,TR05,R01,Gridworld_Anytime_Keyboard,Study 1,Gridworld,Anytime Feedback,Keyboard,1,1787856687.5937848,1787856687.9194462,2026-08-27T18:51:27.919446+00:00,0.32566142082214355,548414.687,24,839180352341,1,1,0.05006735399365425,-0.03975600004196167,-0.0379219688475132,-0.06981269270181656,-0.19281797111034393,0.9787479639053345,1,0.049930062144994736,-0.01455958466976881,-0.03715743124485016,-0.06967011839151382,-0.23896782100200653,0.9685248136520386,1,0.05029737204313278,-0.08334605395793915,-0.039236314594745636,-0.06904750317335129,-0.10789510607719421,0.9917616248130798
P001,P001_S01,P001_S01_ST1TR_TR05_R01,TR05,R01,Gridworld_Anytime_Keyboard,Study 1,Gridworld,Anytime Feedback,Keyboard,1,1787856687.5937848,1787856687.9514475,2026-08-27T18:51:27.951447+00:00,0.3576626777648926,548414.718,25,839180506257,1,1,0.05006645247340202,-0.03964240103960037,-0.03791705146431923,-0.06936657428741455,-0.192786306142807,0.9787859320640564,1,0.04993388429284096,-0.014562098309397697,-0.03715554252266884,-0.06854414939880371,-0.23957331478595734,0.9684556126594543,1,0.050296004861593246,-0.0833406001329422,-0.039232928305864334,-0.06799863278865814,-0.1076342985033989,0.9918624758720398
P001,P001_S01,P001_S01_ST1TR_TR05_R01,TR05,R01,Gridworld_Anytime_Keyboard,Study 1,Gridworld,Anytime Feedback,Keyboard,1,1787856687.5937848,1787856687.9514475,2026-08-27T18:51:27.951447+00:00,0.3576626777648926,548414.718,26,839180613190,1,1,0.05006448179483414,-0.039347220212221146,-0.03790726885199547,-0.06888997554779053,-0.1929047554731369,0.9787962436676025,1,0.049934014678001404,-0.014549585990607738,-0.03716685250401497,-0.06807532161474228,-0.23855754733085632,0.9687394499778748,1,0.05029387027025223,-0.0833270475268364,-0.03921874240040779,-0.0674600601196289,-0.10644285380840302,0.9920278191566467
P001,P001_S01,P001_S01_ST1TR_TR05_R01,TR05,R01,Gridworld_Anytime_Keyboard,Study 1,Gridworld,Anytime Feedback,Keyboard,1,1787856687.5937848,1787856687.952449,2026-08-27T18:51:27.952449+00:00,0.35866427421569824,548414.718,27,839180723769,1,1,0.050063446164131165,-0.0393049418926239,-0.03790571168065071,-0.06910224258899689,-0.1916448324918747,0.9790287613868713,1,0.049928076565265656,-0.014541863463819027,-0.03716767951846123,-0.06961484998464584,-0.23720887303352356,0.9689611792564392,1,0.050289519131183624,-0.08333522081375122,-0.039234474301338196,-0.06902030855417252,-0.1069205030798912,0.9918690323829651
P001,P001_S01,P001_S01_ST1TR_TR05_R01,TR05,R01,Gridworld_Anytime_Keyboard,Study 1,Gridworld,Anytime Feedback,Keyboard,1,1787856687.5937848,1787856687.964959,2026-08-27T18:51:27.964959+00:00,0.3711740970611572,548414.734,28,839180834883,1,1,0.05006255954504013,-0.03929326310753822,-0.0379042886197567,-0.06913749128580093,-0.18997782468795776,0.9793511033058167,1,0.04992884770035744,-0.014542536810040474,-0.0371675081551075,-0.06930489838123322,-0.23753800988197327,0.9689027070999146,1,0.05028393119573593,-0.08333004266023636,-0.03922963887453079,-0.06871573626995087,-0.106626957654953,0.9919217228889465
P001,P001_S01,P001_S01_ST1TR_TR05_R01,TR05,R01,Gridworld_Anytime_Keyboard,Study 1,Gridworld,Anytime Feedback,Keyboard,1,1787856687.5937848,1787856687.9819574,2026-08-27T18:51:27.981957+00:00,0.38817262649536133,548414.75,29,839180945998,1,1,0.05006152391433716,-0.039260804653167725,-0.037904027849435806,-0.06882311403751373,-0.18987402319908142,0.9793934226036072,1,0.04993043094873428,-0.01453868392854929,-0.03717591613531113,-0.06837977468967438,-0.23827914893627167,0.9687864184379578,1,0.050289202481508255,-0.08331751078367233,-0.03921196982264519,-0.06765090674161911,-0.10632336884737015,0.9920276403427124
P001,P001_S01,P001_S01_ST1TR_TR05_R01,TR05,R01,Gridworld_Anytime_Keyboard,Study 1,Gridworld,Anytime Feedback,Keyboard,1,1787856687.5937848,1787856687.984959,2026-08-27T18:51:27.984959+00:00,0.3911740779876709,548414.75,30,839181057112,1,1,0.050062067806720734,-0.03945379704236984,-0.03790958598256111,-0.0682380348443985,-0.1892274022102356,0.9795593619346619,1,0.04993279650807381,-0.014530060812830925,-0.037184905260801315,-0.06739691644906998,-0.23806458711624146,0.9689080119132996,1,0.05029221251606941,-0.08329268544912338,-0.0391852967441082,-0.06646717339754105,-0.10425795614719391,0.9923267364501953
P001,P001_S01,P001_S01_ST1TR_TR05_R01,TR05,R01,Gridworld_Anytime_Keyboard,Study 1,Gridworld,Anytime Feedback,Keyboard,1,1787856687.5937848,1787856687.9987411,2026-08-27T18:51:27.998741+00:00,0.4049563407897949,548414.765,31,839181168227,1,1,0.05006413534283638,-0.03979437053203583,-0.03791915997862816,-0.06762529909610748,-0.1893562525510788,0.9795770049095154,1,0.04993729293346405,-0.014543510973453522,-0.03717883676290512,-0.06671658158302307,-0.24024653434753418,0.9684165120124817,1,0.05028877034783363,-0.08328653126955032,-0.039181023836135864,-0.0659586563706398,-0.10430058091878891,0.9923561811447144
P001,P001_S01,P001_S01_ST1TR_TR05_R01,TR05,R01,Gridworld_Anytime_Keyboard,Study 1,Gridworld,Anytime Feedback,Keyboard,1,1787856687.5937848,1787856688.014787,2026-08-27T18:51:28.014787+00:00,0.4210021495819092,548414.781,32,839181279341,1,1,0.05005066841840744,-0.047431580722332,-0.038162969052791595,-0.07440339773893356,-0.1709454357624054,0.9824672937393188,1,0.04988502711057663,-0.014489118941128254,-0.037194326519966125,-0.07447512447834015,-0.23498935997486115,0.9691405892372131,1,0.05023074522614479,-0.08324480801820755,-0.039216019213199615,-0.07396412640810013,-0.10049044340848923,0.9921849370002747
P001,P001_S01,P001_S01_ST1TR_TR05_R01,TR05,R01,Gridworld_Anytime_Keyboard,Study 1,Gridworld,Anytime Feedback,Keyboard,1,1787856687.5937848,1787856688.016787,2026-08-27T18:51:28.016787+00:00,0.4230022430419922,548414.781,33,839181390455,1,1,0.05001651868224144,-0.04590196907520294,-0.038140714168548584,-0.076844222843647,-0.1707763820886612,0.9823088049888611,1,0.049833931028842926,-0.014410187490284443,-0.037243474274873734,-0.08149534463882446,-0.22691215574741364,0.970499575138092,1,0.0501747652888298,-0.08320465683937073,-0.03925248980522156,-0.08081915974617004,-0.09645277261734009,0.9920508861541748
P001,P001_S01,P001_S01_ST1TR_TR05_R01,TR05,R01,Gridworld_Anytime_Keyboard,Study 1,Gridworld,Anytime Feedback,Keyboard,1,1787856687.5937848,1787856688.0382192,2026-08-27T18:51:28.038219+00:00,0.44443440437316895,548414.812,34,839181501569,1,1,0.05000734701752663,-0.04486792907118797,-0.03811350837349892,-0.07711392641067505,-0.17214518785476685,0.9820486307144165,1,0.04984911158680916,-0.014409052208065987,-0.037249937653541565,-0.07757621258497238,-0.2294042408466339,0.9702348709106445,1,0.05018796771764755,-0.0831775888800621,-0.03920988738536835,-0.0767035111784935,-0.09596467018127441,0.9924250841140747
P001,P001_S01,P001_S01_ST1TR_TR05_R01,TR05,R01,Gridworld_Anytime_Keyboard,Study 1,Gridworld,Anytime Feedback,Keyboard,1,1787856687.5937848,1787856688.0382192,2026-08-27T18:51:28.038219+00:00,0.44443440437316895,548414.812,35,839181612684,1,1,0.05000891163945198,-0.04446190968155861,-0.038097359240055084,-0.07597942650318146,-0.1728142946958542,0.9820195436477661,1,0.04986697807908058,-0.014405815862119198,-0.037250373512506485,-0.07393396645784378,-0.23078452050685883,0.9701919555664062,1,0.050216514617204666,-0.08314774185419083,-0.03915387764573097,-0.07280413806438446,-0.09432502835988998,0.992875874042511
P001,P001_S01,P001_S01_ST1TR_TR05_R01,TR05,R01,Gridworld_Anytime_Keyboard,Study 1,Gridworld,Anytime Feedback,Keyboard,1,1787856687.5937848,1787856688.0542285,2026-08-27T18:51:28.054229+00:00,0.46044373512268066,548414.828,36,839181723798,1,1,0.050009652972221375,-0.04442893713712692,-0.038093939423561096,-0.07583215832710266,-0.17248380184173584,0.982089102268219,1,0.04986216500401497,-0.014394226484000683,-0.03725355491042137,-0.07567992806434631,-0.22978855669498444,0.9702936410903931,1,0.050208114087581635,-0.08315426856279373,-0.03915451094508171,-0.07472170889377594,-0.09531694650650024,0.9926386475563049
P001,P001_S01,P001_S01_ST1TR_TR05_R01,TR05,R01,Gridworld_Anytime_Keyboard,Study 1,Gridworld,Anytime Feedback,Keyboard,1,1787856687.5937848,1787856688.0789201,2026-08-27T18:51:28.078920+00:00,0.4851353168487549,548414.843,37,839181834911,1,1,0.050011489540338516,-0.04457363486289978,-0.038096748292446136,-0.07524862140417099,-0.17139938473701477,0.9823238253593445,1,0.04986561834812164,-0.014376843348145485,-0.037271589040756226,-0.07432445138692856,-0.22918601334095,0.9705408811569214,1,0.050210461020469666,-0.08314113318920135,-0.03913797065615654,-0.07336214929819107,-0.09504223614931107,0.9927663207054138
P001,P001_S01,P001_S01_ST1TR_TR05_R01,TR05,R01,Gridworld_Anytime_Keyboard,Study 1,Gridworld,Anytime Feedback,Keyboard,1,1787856687.5937848,1787856688.08192,2026-08-27T18:51:28.081920+00:00,0.48813509941101074,548414.859,38,839181946028,1,1,0.05001066252589226,-0.044257111847400665,-0.03808741271495819,-0.07480306178331375,-0.1725199967622757,0.9821615815162659,1,0.049864478409290314,-0.01436581276357174,-0.037280336022377014,-0.07422968745231628,-0.2286505252122879,0.970674455165863,1,0.05021139234304428,-0.08313407003879547,-0.03912540525197983,-0.07309345155954361,-0.0948578417301178,0.9928038120269775
P001,P001_S01,P001_S01_ST1TR_TR05_R01,TR05,R01,Gridworld_Anytime_Keyboard,Study 1,Gridworld,Anytime Feedback,Keyboard,1,1787856687.5937848,1787856688.08192,2026-08-27T18:51:28.081920+00:00,0.48813509941101074,548414.859,39,839182057141,1,1,0.05001058802008629,-0.04418328031897545,-0.0380864217877388,-0.07464854419231415,-0.1719583421945572,0.9822718501091003,1,0.049862880259752274,-0.014339790679514408,-0.03729994595050812,-0.07460849732160568,-0.2261267751455307,0.9712364077568054,1,0.05020814388990402,-0.08313622325658798,-0.03912869468331337,-0.0736539289355278,-0.09545351564884186,0.992705225944519
P001,P001_S01,P001_S01_ST1TR_TR05_R01,TR05,R01,Gridworld_Anytime_Keyboard,Study 1,Gridworld,Anytime Feedback,Keyboard,1,1787856687.5937848,1787856688.0989404,2026-08-27T18:51:28.098940+00:00,0.5051555633544922,548414.875,40,839182168255,1,1,0.05001131072640419,-0.044341180473566055,-0.038090843707323074,-0.07453973591327667,-0.169838547706604,0.9826489090919495,1,0.04986078292131424,-0.014339855872094631,-0.03730200603604317,-0.07463747262954712,-0.22603237628936768,0.9712561368942261,1,0.05020470172166824,-0.08311386406421661,-0.039115067571401596,-0.07363694906234741,-0.09278304874897003,0.9929596781730652
P001,P001_S01,P001_S01_ST1TR_TR05_R01,TR05,R01,Gridworld_Anytime_Keyboard,Study 1,Gridworld,Anytime Feedback,Keyboard,1,1787856687.5937848,1787856688.117252,2026-08-27T18:51:28.117252+00:00,0.5234673023223877,548414.89,41,839182279370,1,1,0.05001053214073181,-0.044315312057733536,-0.038090746849775314,-0.07477445900440216,-0.16925635933876038,0.9827314019203186,1,0.049857743084430695,-0.01433522254228592,-0.03730732575058937,-0.07543087750673294,-0.22542673349380493,0.9713356494903564,1,0.05019478499889374,-0.08311216533184052,-0.039116594940423965,-0.07458756864070892,-0.09249984472990036,0.992915153503418
P001,P001_S01,P001_S01_ST1TR_TR05_R01,TR05,R01,Gridworld_Anytime_Keyboard,Study 1,Gridworld,Anytime Feedback,Keyboard,1,1787856687.5937848,1787856688.1236994,2026-08-27T18:51:28.123699+00:00,0.5299146175384521,548414.89,42,839182390485,1,1,0.05000775679945946,-0.04428790882229805,-0.038092102855443954,-0.07380709052085876,-0.16659225523471832,0.9832597970962524,1,0.04986109212040901,-0.014321339316666126,-0.03733346611261368,-0.0723649188876152,-0.22529856860637665,0.9715985655784607,1,0.0501999594271183,-0.08309256285429001,-0.03909916803240776,-0.07127499580383301,-0.0915779173374176,0.993243932723999
P001,P001_S01,P001_S01_ST1TR_TR05_R01,TR05,R01,Gridworld_Anytime_Keyboard,Study 1,Gridworld,Anytime Feedback,Keyboard,1,1787856687.5937848,1787856688.1595464,2026-08-27T18:51:28.159546+00:00,0.5657615661621094,548414.921,43,839182501598,1,1,0.05001108720898628,-0.044483430683612823,-0.03809545934200287,-0.07320830225944519,-0.16495846211910248,0.9835799932479858,1,0.04985802248120308,-0.014319014735519886,-0.037330783903598785,-0.07257901132106781,-0.22462669014930725,0.9717381000518799,1,0.05019671469926834,-0.08308252692222595,-0.03909503296017647,-0.07137611508369446,-0.09001485258340836,0.993379533290863
P001,P001_S01,P001_S01_ST1TR_TR05_R01,TR05,R01,Gridworld_Anytime_Keyboard,Study 1,Gridworld,Anytime Feedback,Keyboard,1,1787856687.5937848,1787856688.1595464,2026-08-27T18:51:28.159546+00:00,0.5657615661621094,548414.921,44,839182612713,1,1,0.05001281574368477,-0.04467109590768814,-0.03810117021203041,-0.07228513807058334,-0.16558149456977844,0.9835435748100281,1,0.04986182972788811,-0.014318971894681454,-0.03733544796705246,-0.07098007202148438,-0.2256951481103897,0.9716088175773621,1,0.050189126282930374,-0.08309505879878998,-0.03910432010889053,-0.07001274824142456,-0.09251970797777176,0.9932463765144348
P001,P001_S01,P001_S01_ST1TR_TR05_R01,TR05,R01,Gridworld_Anytime_Keyboard,Study 1,Gridworld,Anytime Feedback,Keyboard,1,1787856687.5937848,1787856688.1595464,2026-08-27T18:51:28.159546+00:00,0.5657615661621094,548414.921,45,839182723828,1,1,0.050013218075037,-0.04508911818265915,-0.038115158677101135,-0.07165312767028809,-0.16408196091651917,0.9838409423828125,1,0.049856025725603104,-0.014317234978079796,-0.0373368076980114,-0.0711025595664978,-0.22541320323944092,0.9716652631759644,1,0.05019178241491318,-0.08309473097324371,-0.03910675272345543,-0.0699315071105957,-0.09241718798875809,0.9932616353034973
P001,P001_S01,P001_S01_ST1TR_TR05_R01,TR05,R01,Gridworld_Anytime_Keyboard,Study 1,Gridworld,Anytime Feedback,Keyboard,1,1787856687.5937848,1787856688.1895447,2026-08-27T18:51:28.189545+00:00,0.5957598686218262,548414.953,46,839182834942,1,1,0.0500132255256176,-0.045422133058309555,-0.0381271168589592,-0.07171288132667542,-0.16298967599868774,0.9840181469917297,1,0.04984951391816139,-0.014317471534013748,-0.037332627922296524,-0.07245331257581711,-0.2247195541858673,0.97172611951828,1,0.050186529755592346,-0.08311079442501068,-0.039123598486185074,-0.07137733697891235,-0.09350397437810898,0.9930570721626282
P001,P001_S01,P001_S01_ST1TR_TR05_R01,TR05,R01,Gridworld_Anytime_Keyboard,Study 1,Gridworld,Anytime Feedback,Keyboard,1,1787856687.5937848,1787856688.1895447,2026-08-27T18:51:28.189545+00:00,0.5957598686218262,548414.953,47,839182946055,1,1,0.05001194775104523,-0.045539528131484985,-0.038133032619953156,-0.07146445661783218,-0.162544846534729,0.9841098189353943,1,0.049849316477775574,-0.01430672686547041,-0.03734078258275986,-0.0715997964143753,-0.22363141179084778,0.9720402956008911,1,0.050188418477773666,-0.083095483481884,-0.0391140915453434,-0.07051777839660645,-0.09184745699167252,0.9932730793952942
P001,P001_S01,P001_S01_ST1TR_TR05_R01,TR05,R01,Gridworld_Anytime_Keyboard,Study 1,Gridworld,Anytime Feedback,Keyboard,1,1787856687.5937848,1787856688.1895447,2026-08-27T18:51:28.189545+00:00,0.5957598686218262,548414.953,48,839183057170,1,1,0.050012655556201935,-0.0461125373840332,-0.038150545209646225,-0.07126286625862122,-0.16117273271083832,0.9843500852584839,1,0.049849264323711395,-0.01431206613779068,-0.03733514994382858,-0.07147800922393799,-0.22424575686454773,0.9719078540802002,1,0.05018222704529762,-0.0830896645784378,-0.03910952806472778,-0.07047702372074127,-0.09123251587152481,0.9933326244354248
P001,P001_S01,P001_S01_ST1TR_TR05_R01,TR05,R01,Gridworld_Anytime_Keyboard,Study 1,Gridworld,Anytime Feedback,Keyboard,1,1787856687.5937848,1787856688.21957,2026-08-27T18:51:28.219570+00:00,0.6257851123809814,548414.984,49,839183168285,1,1,0.050010811537504196,-0.04626885801553726,-0.03815604746341705,-0.07164737582206726,-0.16227494180202484,0.9841409921646118,1,0.04984188452363014,-0.014315367676317692,-0.037329018115997314,-0.07297243177890778,-0.22420522570610046,0.9718060493469238,1,0.05017504468560219,-0.08309777826070786,-0.03912124037742615,-0.071842722594738,-0.0918317586183548,0.9931795001029968
P001,P001_S01,P001_S01_ST1TR_TR05_R01,TR05,R01,Gridworld_Anytime_Keyboard,Study 1,Gridworld,Anytime Feedback,Keyboard,1,1787856687.5937848,1787856688.21957,2026-08-27T18:51:28.219570+00:00,0.6257851123809814,548414.984,50,839183279398,1,1,0.05000947788357735,-0.046434562653303146,-0.03816166892647743,-0.07127684354782104,-0.16118593513965607,0.984346866607666,1,0.049844298511743546,-0.01430568192154169,-0.03733702376484871,-0.07123034447431564,-0.2237669676542282,0.9720363020896912,1,0.050177089869976044,-0.08307178318500519,-0.03910110518336296,-0.07000147551298141,-0.08947895467281342,0.9935257434844971
P001,P001_S01,P001_S01_ST1TR_TR05_R01,TR05,R01,Gridworld_Anytime_Keyboard,Study 1,Gridworld,Anytime Feedback,Keyboard,1,1787856687.5937848,1787856688.2265604,2026-08-27T18:51:28.226560+00:00,0.6327755451202393,548415.0,51,839183390514,1,1,0.05000966042280197,-0.04671705886721611,-0.03817064315080643,-0.07061216980218887,-0.16060099005699158,0.9844903945922852,1,0.0498495027422905,-0.014290399849414825,-0.03735547885298729,-0.06996488571166992,-0.22300441563129425,0.9723034501075745,1,0.05017813295125961,-0.08306686580181122,-0.039093196392059326,-0.06889966130256653,-0.08981013298034668,0.9935728311538696
P001,P001_S01,P001_S01_ST1TR_TR05_R01,TR05,R01,Gridworld_Anytime_Keyboard,Study 1,Gridworld,Anytime Feedback,Keyboard,1,1787856687.5937848,1787856688.2275453,2026-08-27T18:51:28.227545+00:00,0.6337604522705078,548415.0,52,839183501628,1,1,0.050006818026304245,-0.04655783250927925,-0.03816753998398781,-0.07092738151550293,-0.16108731925487518,0.9843883514404297,1,0.0498465858399868,-0.014286406338214874,-0.03735208511352539,-0.0721137523651123,-0.2224947065114975,0.9722630977630615,1,0.05017177760601044,-0.08307048678398132,-0.0390968881547451,-0.0710773766040802,-0.09019846469163895,0.9933842420578003
P001,P001_S01,P001_S01_ST1TR_TR05_R01,TR05,R01,Gridworld_Anytime_Keyboard,Study 1,Gridworld,Anytime Feedback,Keyboard,1,1787856687.5937848,1787856688.2425523,2026-08-27T18:51:28.242552+00:00,0.6487674713134766,548415.015,53,839183612743,1,1,0.05000671371817589,-0.046588096767663956,-0.038168877363204956,-0.07022485136985779,-0.16069404780864716,0.984502911567688,1,0.0498572513461113,-0.014287182129919529,-0.037353210151195526,-0.06966571509838104,-0.22343650460243225,0.9722256660461426,1,0.05019190534949303,-0.083052858710289,-0.03908010944724083,-0.06826367229223251,-0.08902718871831894,0.9936872720718384
P001,P001_S01,P001_S01_ST1TR_TR05_R01,TR05,R01,Gridworld_Anytime_Keyboard,Study 1,Gridworld,Anytime Feedback,Keyboard,1,1787856687.5937848,1787856688.2590606,2026-08-27T18:51:28.259061+00:00,0.6652758121490479,548415.031,54,839183723856,1,1,0.050006914883852005,-0.04670344665646553,-0.038170866668224335,-0.0698951780796051,-0.16091270744800568,0.984490692615509,1,0.049851495772600174,-0.014297686517238617,-0.03735232353210449,-0.07001481205224991,-0.22464896738529205,0.9719211459159851,1,0.05019330605864525,-0.08303503692150116,-0.03906083106994629,-0.06870540231466293,-0.08712032437324524,0.9938257336616516
P001,P001_S01,P001_S01_ST1TR_TR05_R01,TR05,R01,Gridworld_Anytime_Keyboard,Study 1,Gridworld,Anytime Feedback,Keyboard,1,1787856687.5937848,1787856688.2610645,2026-08-27T18:51:28.261065+00:00,0.6672797203063965,548415.031,55,839183834971,1,0,0.0,0.0,0.0,0.0,0.0,0.0,1,0.049574222415685654,-0.01444847323000431,-0.03741467371582985,-0.10082963109016418,-0.2334008514881134,0.9671388864517212,1,0.049894820898771286,-0.08333754539489746,-0.039370615035295486,-0.10065950453281403,-0.11314192414283752,0.9884667992591858
P001,P001_S01,P001_S01_ST1TR_TR05_R01,TR05,R01,Gridworld_Anytime_Keyboard,Study 1,Gridworld,Anytime Feedback,Keyboard,1,1787856687.5937848,1787856688.2793467,2026-08-27T18:51:28.279347+00:00,0.6855618953704834,548415.046,56,839183946086,1,1,0.04922594502568245,-0.03954567015171051,-0.038306090980768204,-0.17431029677391052,-0.2089720368385315,0.9622612595558167,1,0.0491381399333477,-0.014767713844776154,-0.037479106336832047,-0.1736457794904709,-0.25201737880706787,0.9520158767700195,1,0.04938225820660591,-0.08365491032600403,-0.039778269827365875,-0.17464785277843475,-0.1313302218914032,0.9758331775665283
P001,P001_S01,P001_S01_ST1TR_TR05_R01,TR05,R01,Gridworld_Anytime_Keyboard,Study 1,Gridworld,Anytime Feedback,Keyboard,1,1787856687.5937848,1787856688.3008988,2026-08-27T18:51:28.300899+00:00,0.7071139812469482,548415.078,57,839184057200,1,1,0.04887131601572037,-0.04215928167104721,-0.038598816841840744,-0.20870661735534668,-0.20654432475566864,0.9559189677238464,1,0.04878300428390503,-0.014710432849824429,-0.037731580436229706,-0.20754294097423553,-0.25114789605140686,0.9454367160797119,1,0.04900490120053291,-0.08367738127708435,-0.03991056978702545,-0.20963329076766968,-0.13825394213199615,0.9679564833641052
P001,P001_S01,P001_S01_ST1TR_TR05_R01,TR05,R01,Gridworld_Anytime_Keyboard,Study 1,Gridworld,Anytime Feedback,Keyboard,1,1787856687.5937848,1787856688.3008988,2026-08-27T18:51:28.300899+00:00,0.7071139812469482,548415.078,58,839184168315,1,0,0.0,0.0,0.0,0.0,0.0,0.0,1,0.048609692603349686,-0.014748930931091309,-0.03762667998671532,-0.22538970410823822,-0.24717561900615692,0.9423925280570984,1,0.048769235610961914,-0.08364150673151016,-0.03994523733854294,-0.22722530364990234,-0.12583348155021667,0.9656783938407898
P001,P001_S01,P001_S01_ST1TR_TR05_R01,TR05,R01,Gridworld_Anytime_Keyboard,Study 1,Gridworld,Anytime Feedback,Keyboard,1,1787856687.5937848,1787856688.3166454,2026-08-27T18:51:28.316645+00:00,0.72286057472229,548415.093,59,839184279429,1,0,0.0,0.0,0.0,0.0,0.0,0.0,1,0.048656363040208817,-0.014858572743833065,-0.03741184622049332,-0.22418248653411865,-0.2547088861465454,0.9406729340553284,1,0.04882458969950676,-0.08366650342941284,-0.039977725595235825,-0.22670236229896545,-0.12536464631557465,0.9658622145652771
P001,P001_S01,P001_S01_ST1TR_TR05_R01,TR05,R01,Gridworld_Anytime_Keyboard,Study 1,Gridworld,Anytime Feedback,Keyboard,1,1787856687.5937848,1787856688.3166454,2026-08-27T18:51:28.316645+00:00,0.72286057472229,548415.093,60,839184390544,1,0,0.0,0.0,0.0,0.0,0.0,0.0,1,0.04870808124542236,-0.014713629148900509,-0.03754592686891556,-0.22564561665058136,-0.2542678713798523,0.9404424428939819,1,0.048946939408779144,-0.08352785557508469,-0.03967629373073578,-0.2285408079624176,-0.123810313642025,0.9656293392181396
P001,P001_S01,P001_S01_ST1TR_TR05_R01,TR05,R01,Gridworld_Anytime_Keyboard,Study 1,Gridworld,Anytime Feedback,Keyboard,1,1787856687.5937848,1787856688.330362,2026-08-27T18:51:28.330362+00:00,0.7365772724151611,548415.093,61,839184501657,1,1,0.04887910932302475,-0.05062156170606613,-0.0387565977871418,-0.21428287029266357,-0.1937887817621231,0.9573551416397095,1,0.04874618723988533,-0.0146723547950387,-0.03753913938999176,-0.2224145084619522,-0.2496795654296875,0.9424393177032471,1,0.04896441102027893,-0.08354452252388,-0.03967183083295822,-0.22505414485931396,-0.12563109397888184,0.9662129878997803
P001,P001_S01,P001_S01_ST1TR_TR05_R01,TR05,R01,Gridworld_Anytime_Keyboard,Study 1,Gridworld,Anytime Feedback,Keyboard,1,1787856687.5937848,1787856688.34928,2026-08-27T18:51:28.349280+00:00,0.7554953098297119,548415.125,62,839184612031,1,0,0.0,0.0,0.0,0.0,0.0,0.0,1,0.04879719763994217,-0.014675951562821865,-0.03746751323342323,-0.22129212319850922,-0.250203013420105,0.9425647854804993,1,0.04902564361691475,-0.08350822329521179,-0.03959936648607254,-0.22356760501861572,-0.1218317449092865,0.9670442938804626
P001,P001_S01,P001_S01_ST1TR_TR05_R01,TR05,R01,Gridworld_Anytime_Keyboard,Study 1,Gridworld,Anytime Feedback,Keyboard,1,1787856687.5937848,1787856688.3502817,2026-08-27T18:51:28.350282+00:00,0.7564969062805176,548415.125,63,839184723886,1,1,0.048918116837739944,-0.05290648713707924,-0.03875063359737396,-0.21509693562984467,-0.18543225526809692,0.9588265419006348,1,0.048846300691366196,-0.014650269411504269,-0.03747319057583809,-0.2142864316701889,-0.25211670994758606,0.9436728358268738,1,0.049087043851614,-0.08346214890480042,-0.03950658440589905,-0.2164079248905182,-0.12131749838590622,0.9687361121177673
P001,P001_S01,P001_S01_ST1TR_TR05_R01,TR05,R01,Gridworld_Anytime_Keyboard,Study 1,Gridworld,Anytime Feedback,Keyboard,1,1787856687.5937848,1787856688.3656118,2026-08-27T18:51:28.365612+00:00,0.771826982498169,548415.14,64,839184835000,1,1,0.04907706379890442,-0.06493452936410904,-0.0389084629714489,-0.21065011620521545,-0.15735015273094177,0.9648147225379944,1,0.048893336206674576,-0.014557047747075558,-0.037552475929260254,-0.20857000350952148,-0.25036299228668213,0.9454188942909241,1,0.049144428223371506,-0.08340488374233246,-0.03940562531352043,-0.21093633770942688,-0.12289220839738846,0.9697440266609192
P001,P001_S01,P001_S01_ST1TR_TR05_R01,TR05,R01,Gridworld_Anytime_Keyboard,Study 1,Gridworld,Anytime Feedback,Keyboard,1,1787856687.5937848,1787856688.383627,2026-08-27T18:51:28.383627+00:00,0.7898421287536621,548415.156,65,839184946115,1,1,0.04909186437726021,-0.06324167549610138,-0.038853030651807785,-0.2101864218711853,-0.1586010456085205,0.96471107006073,1,0.04895403981208801,-0.014606245793402195,-0.037426579743623734,-0.2076178938150406,-0.24889425933361053,0.9460160732269287,1,0.04917781427502632,-0.08343163132667542,-0.03943673148751259,-0.2095417082309723,-0.11947048455476761,0.9704737067222595
P001,P001_S01,P001_S01_ST1TR_TR05_R01,TR05,R01,Gridworld_Anytime_Keyboard,Study 1,Gridworld,Anytime Feedback,Keyboard,1,1787856687.5937848,1787856688.384609,2026-08-27T18:51:28.384609+00:00,0.7908241748809814,548415.156,66,839185057229,1,1,0.04910920560359955,-0.06184491515159607,-0.03879944980144501,-0.20755936205387115,-0.16094188392162323,0.9648921489715576,1,0.04899449273943901,-0.0145663321018219,-0.037448421120643616,-0.20118165016174316,-0.24829459190368652,0.9475629925727844,1,0.04922565072774887,-0.08339618146419525,-0.039372995495796204,-0.20293748378753662,-0.1191713735461235,0.9719128012657166
P001,P001_S01,P001_S01_ST1TR_TR05_R01,TR05,R01,Gridworld_Anytime_Keyboard,Study 1,Gridworld,Anytime Feedback,Keyboard,1,1787856687.5937848,1787856688.4007223,2026-08-27T18:51:28.400722+00:00,0.8069374561309814,548415.171,67,839185168341,1,1,0.04912466183304787,-0.0606115348637104,-0.038746438920497894,-0.20537114143371582,-0.1635390669107437,0.9649237990379333,1,0.04901692643761635,-0.014516077935695648,-0.03748290613293648,-0.19997809827327728,-0.24801094830036163,0.9478920698165894,1,0.049267079681158066,-0.08333728462457657,-0.03927585110068321,-0.20190753042697906,-0.1176084354519844,0.9723176956176758
P001,P001_S01,P001_S01_ST1TR_TR05_R01,TR05,R01,Gridworld_Anytime_Keyboard,Study 1,Gridworld,Anytime Feedback,Keyboard,1,1787856687.5937848,1787856688.4146044,2026-08-27T18:51:28.414604+00:00,0.820819616317749,548415.187,68,839185279454,1,1,0.04913576692342758,-0.05939198285341263,-0.03870129957795143,-0.2026940882205963,-0.16820088028907776,0.9646883010864258,1,0.049023840576410294,-0.014609385281801224,-0.037465937435626984,-0.19676907360553741,-0.2527458667755127,0.9473127722740173,1,0.0492933988571167,-0.08340853452682495,-0.039284564554691315,-0.19844940304756165,-0.12026325613260269,0.9727047681808472
P001,P001_S01,P001_S01_ST1TR_TR05_R01,TR05,R01,Gridworld_Anytime_Keyboard,Study 1,Gridworld,Anytime Feedback,Keyboard,1,1787856687.5937848,1787856688.4166038,2026-08-27T18:51:28.416604+00:00,0.8228189945220947,548415.187,69,839185391448,1,1,0.049192361533641815,-0.058934297412633896,-0.03886563703417778,-0.2099948525428772,-0.22063536942005157,0.9524821639060974,1,0.04903862625360489,-0.014994842931628227,-0.037564605474472046,-0.2072543352842331,-0.296519011259079,0.9322671890258789,1,0.04927974194288254,-0.08390744775533676,-0.03960508853197098,-0.2109747678041458,-0.17689979076385498,0.961351215839386
P001,P001_S01,P001_S01_ST1TR_TR05_R01,TR05,R01,Gridworld_Anytime_Keyboard,Study 1,Gridworld,Anytime Feedback,Keyboard,1,1787856687.5937848,1787856688.4320774,2026-08-27T18:51:28.432077+00:00,0.8382925987243652,548415.203,70,839185545389,1,1,0.04935700446367264,-0.05900882929563522,-0.03878551721572876,-0.18423177301883698,-0.2147284746170044,0.959140419960022,1,0.04918179661035538,-0.015123426914215088,-0.037436261773109436,-0.1822511851787567,-0.2983449697494507,0.9368962645530701,1,0.04945645481348038,-0.08391799032688141,-0.03955135494470596,-0.1847422569990158,-0.16655296087265015,0.9685713648796082
P001,P001_S01,P001_S01_ST1TR_TR05_R01,TR05,R01,Gridworld_Anytime_Keyboard,Study 1,Gridworld,Anytime Feedback,Keyboard,1,1787856687.5937848,1787856688.4518478,2026-08-27T18:51:28.451848+00:00,0.8580629825592041,548415.218,71,839185652385,1,1,0.04936543107032776,-0.05828101187944412,-0.038758546113967896,-0.18523657321929932,-0.21726760268211365,0.9583747982978821,1,0.04920090734958649,-0.015092512592673302,-0.037401799112558365,-0.18497371673583984,-0.29780927300453186,0.9365332126617432,1,0.04948142543435097,-0.08396057784557343,-0.03955861181020737,-0.18783800303936005,-0.17412687838077545,0.9666419625282288
P001,P001_S01,P001_S01_ST1TR_TR05_R01,TR05,R01,Gridworld_Anytime_Keyboard,Study 1,Gridworld,Anytime Feedback,Keyboard,1,1787856687.5937848,1787856688.455846,2026-08-27T18:51:28.455846+00:00,0.8620612621307373,548415.218,72,839185762961,1,1,0.04938226565718651,-0.05755491554737091,-0.03871860355138779,-0.1834370195865631,-0.22027775645256042,0.9580337405204773,1,0.04925725609064102,-0.015058889985084534,-0.03740497678518295,-0.17801736295223236,-0.30102789402008057,0.936852216720581,1,0.04952338710427284,-0.08389653265476227,-0.03947419300675392,-0.1807112842798233,-0.17378196120262146,0.968061625957489
P001,P001_S01,P001_S01_ST1TR_TR05_R01,TR05,R01,Gridworld_Anytime_Keyboard,Study 1,Gridworld,Anytime Feedback,Keyboard,1,1787856687.5937848,1787856688.4906058,2026-08-27T18:51:28.490606+00:00,0.8968210220336914,548415.265,73,839185874075,1,1,0.04939848929643631,-0.05672775208950043,-0.03867030143737793,-0.18070104718208313,-0.22148603200912476,0.9582750797271729,1,0.04930581524968147,-0.015062357299029827,-0.037303995341062546,-0.1739514172077179,-0.2970150411128998,0.938894510269165,1,0.0495540089905262,-0.08386899530887604,-0.03944874182343483,-0.17633116245269775,-0.16656936705112457,0.9701350331306458
P001,P001_S01,P001_S01_ST1TR_TR05_R01,TR05,R01,Gridworld_Anytime_Keyboard,Study 1,Gridworld,Anytime Feedback,Keyboard,1,1787856687.5937848,1787856688.4906058,2026-08-27T18:51:28.490606+00:00,0.8968210220336914,548415.265,74,839185985187,1,1,0.04941026493906975,-0.05536849796772003,-0.03861004114151001,-0.17815572023391724,-0.22388935089111328,0.9581931829452515,1,0.04933341220021248,-0.01503832545131445,-0.03728324919939041,-0.1722433865070343,-0.29364463686943054,0.9402685761451721,1,0.04957785829901695,-0.08384063094854355,-0.039424121379852295,-0.1744442880153656,-0.16271016001701355,0.9711306691169739
P001,P001_S01,P001_S01_ST1TR_TR05_R01,TR05,R01,Gridworld_Anytime_Keyboard,Study 1,Gridworld,Anytime Feedback,Keyboard,1,1787856687.5937848,1787856688.5196052,2026-08-27T18:51:28.519605+00:00,0.9258203506469727,548415.296,75,839186096300,1,1,0.04942074418067932,-0.05389006435871124,-0.03854651376605034,-0.17620807886123657,-0.22601918876171112,0.9580534100532532,1,0.04935263842344284,-0.015012383460998535,-0.03726014122366905,-0.17174166440963745,-0.2897261679172516,0.9415749311447144,1,0.04961588606238365,-0.08379290997982025,-0.03937643766403198,-0.17391052842140198,-0.1563139259815216,0.9722762107849121
P001,P001_S01,P001_S01_ST1TR_TR05_R01,TR05,R01,Gridworld_Anytime_Keyboard,Study 1,Gridworld,Anytime Feedback,Keyboard,1,1787856687.5937848,1787856688.5196052,2026-08-27T18:51:28.519605+00:00,0.9258203506469727,548415.296,76,839186207413,1,1,0.049433108419179916,-0.05315791070461273,-0.03850988298654556,-0.17375877499580383,-0.22463566064834595,0.9588258266448975,1,0.04937049746513367,-0.014961396344006062,-0.03727224841713905,-0.16851787269115448,-0.28518930077552795,0.9435405135154724,1,0.04964892938733101,-0.08376101404428482,-0.03934381902217865,-0.17056459188461304,-0.15376891195774078,0.9732743501663208
P001,P001_S01,P001_S01_ST1TR_TR05_R01,TR05,R01,Gridworld_Anytime_Keyboard,Study 1,Gridworld,Anytime Feedback,Keyboard,1,1787856687.5937848,1787856688.5496082,2026-08-27T18:51:28.549608+00:00,0.9558234214782715,548415.312,77,839186318525,1,1,0.0494457446038723,-0.052714742720127106,-0.038484182208776474,-0.1708417683839798,-0.22206193208694458,0.9599488377571106,1,0.04938751459121704,-0.014916668646037579,-0.037290748208761215,-0.16496135294437408,-0.2823333740234375,0.9450267553329468,1,0.04967835173010826,-0.08371708542108536,-0.03930056840181351,-0.16689196228981018,-0.15082834661006927,0.9743705987930298
P001,P001_S01,P001_S01_ST1TR_TR05_R01,TR05,R01,Gridworld_Anytime_Keyboard,Study 1,Gridworld,Anytime Feedback,Keyboard,1,1787856687.5937848,1787856688.5496082,2026-08-27T18:51:28.549608+00:00,0.9558234214782715,548415.312,78,839186429638,1,1,0.049568820744752884,-0.05471060797572136,-0.03841673582792282,-0.16566315293312073,-0.19975732266902924,0.9657395482063293,1,0.049409639090299606,-0.014898688532412052,-0.037235453724861145,-0.16426637768745422,-0.2772362232208252,0.9466555118560791,1,0.04968461021780968,-0.08367013931274414,-0.03927601873874664,-0.16601645946502686,-0.14259949326515198,0.9757581949234009
P001,P001_S01,P001_S01_ST1TR_TR05_R01,TR05,R01,Gridworld_Anytime_Keyboard,Study 1,Gridworld,Anytime Feedback,Keyboard,1,1787856687.5937848,1787856688.5546155,2026-08-27T18:51:28.554615+00:00,0.9608306884765625,548415.328,79,839186540751,1,1,0.04956609383225441,-0.053016483783721924,-0.038362834602594376,-0.1657344549894333,-0.20172996819019318,0.9653171896934509,1,0.049419060349464417,-0.014881106093525887,-0.037212543189525604,-0.1645773947238922,-0.27560892701148987,0.9470765590667725,1,0.04969142749905586,-0.08366222679615021,-0.0392819382250309,-0.16628044843673706,-0.14217574894428253,0.9757750630378723
P001,P001_S01,P001_S01_ST1TR_TR05_R01,TR05,R01,Gridworld_Anytime_Keyboard,Study 1,Gridworld,Anytime Feedback,Keyboard,1,1787856687.5937848,1787856688.5571237,2026-08-27T18:51:28.557124+00:00,0.9633388519287109,548415.328,80,839186651865,1,1,0.049575019627809525,-0.054031580686569214,-0.0383923165500164,-0.16484439373016357,-0.19885236024856567,0.9660664200782776,1,0.04943355917930603,-0.014850535430014133,-0.03719834238290787,-0.16187463700771332,-0.2722853720188141,0.9485026001930237,1,0.049699485301971436,-0.08363953977823257,-0.03928972780704498,-0.16345296800136566,-0.13976535201072693,0.9766005873680115
P001,P001_S01,P001_S01_ST1TR_TR05_R01,TR05,R01,Gridworld_Anytime_Keyboard,Study 1,Gridworld,Anytime Feedback,Keyboard,1,1787856687.5937848,1787856688.5571237,2026-08-27T18:51:28.557124+00:00,0.9633388519287109,548415.328,81,839186762976,1,1,0.049580104649066925,-0.05448322370648384,-0.0384034663438797,-0.16376695036888123,-0.19605688750743866,0.9668207168579102,1,0.04942949861288071,-0.014793302863836288,-0.03722037374973297,-0.16053985059261322,-0.26944464445114136,0.9495401382446289,1,0.04970751330256462,-0.08358647674322128,-0.03925936296582222,-0.16211962699890137,-0.13718615472316742,0.9771884083747864
P001,P001_S01,P001_S01_ST1TR_TR05_R01,TR05,R01,Gridworld_Anytime_Keyboard,Study 1,Gridworld,Anytime Feedback,Keyboard,1,1787856687.5937848,1787856688.583453,2026-08-27T18:51:28.583453+00:00,0.9896681308746338,548415.359,82,839186874090,1,1,0.04958244040608406,-0.0545637272298336,-0.03840283676981926,-0.16269220411777496,-0.19391073286533356,0.967434823513031,1,0.04943368583917618,-0.014777266420423985,-0.03720642626285553,-0.15954965353012085,-0.26748883724212646,0.9502596855163574,1,0.04970480874180794,-0.0835624486207962,-0.03925393149256706,-0.16118784248828888,-0.13432687520980835,0.9777395725250244
P001,P001_S01,P001_S01_ST1TR_TR05_R01,TR05,R01,Gridworld_Anytime_Keyboard,Study 1,Gridworld,Anytime Feedback,Keyboard,1,1787856687.5937848,1787856688.583453,2026-08-27T18:51:28.583453+00:00,0.9896681308746338,548415.359,83,839186985202,1,1,0.04958193749189377,-0.05437204986810684,-0.038394745439291,-0.16180582344532013,-0.19223812222480774,0.9679170846939087,1,0.04942438751459122,-0.01475197821855545,-0.03719179332256317,-0.1592608243227005,-0.26350224018096924,0.9514212608337402,1,0.04970024526119232,-0.08354578167200089,-0.039260316640138626,-0.16068865358829498,-0.13135464489459991,0.978225588798523
P001,P001_S01,P001_S01_ST1TR_TR05_R01,TR05,R01,Gridworld_Anytime_Keyboard,Study 1,Gridworld,Anytime Feedback,Keyboard,1,1787856687.5937848,1787856688.5844533,2026-08-27T18:51:28.584453+00:00,0.990668535232544,548415.359,84,839187096316,1,1,0.04957966506481171,-0.054340437054634094,-0.03839268535375595,-0.16217762231826782,-0.1901257336139679,0.9682720899581909,1,0.04941148683428764,-0.014742910861968994,-0.03718002140522003,-0.1619841605424881,-0.262050986289978,0.9513623714447021,1,0.04968127980828285,-0.08353784680366516,-0.039275430142879486,-0.16347402334213257,-0.1300651580095291,0.9779362082481384
P001,P001_S01,P001_S01_ST1TR_TR05_R01,TR05,R01,Gridworld_Anytime_Keyboard,Study 1,Gridworld,Anytime Feedback,Keyboard,1,1787856687.5937848,1787856688.5988667,2026-08-27T18:51:28.598867+00:00,1.0050818920135498,548415.375,85,839187207429,1,1,0.04957537353038788,-0.053886961191892624,-0.038375772535800934,-0.16227927803993225,-0.1895122528076172,0.9683753252029419,1,0.04940146952867508,-0.014751339331269264,-0.03712037578225136,-0.16179457306861877,-0.25916045904159546,0.9521859884262085,1,0.04967658221721649,-0.08351928740739822,-0.03929470106959343,-0.16289053857326508,-0.12451791763305664,0.9787553548812866
P001,P001_S01,P001_S01_ST1TR_TR05_R01,TR05,R01,Gridworld_Anytime_Keyboard,Study 1,Gridworld,Anytime Feedback,Keyboard,1,1787856687.5937848,1787856688.6278682,2026-08-27T18:51:28.627868+00:00,1.034083366394043,548415.39,86,839187318543,1,1,0.04957040771842003,-0.05345046520233154,-0.03835878521203995,-0.16271257400512695,-0.188893660902977,0.9684234857559204,1,0.0493914857506752,-0.014745569787919521,-0.037107061594724655,-0.1628933548927307,-0.2578878700733185,0.9523442983627319,1,0.04966328293085098,-0.08349922299385071,-0.039285678416490555,-0.16384640336036682,-0.12168335169553757,0.9789522290229797
P001,P001_S01,P001_S01_ST1TR_TR05_R01,TR05,R01,Gridworld_Anytime_Keyboard,Study 1,Gridworld,Anytime Feedback,Keyboard,1,1787856687.5937848,1787856688.6278682,2026-08-27T18:51:28.627868+00:00,1.034083366394043,548415.39,87,839187429655,1,1,0.049565281718969345,-0.053292401134967804,-0.038351621478796005,-0.16402208805084229,-0.18624556064605713,0.9687153697013855,1,0.04937290772795677,-0.014713164418935776,-0.03712494298815727,-0.16569207608699799,-0.25533387064933777,0.9525496363639832,1,0.049643535166978836,-0.08346839249134064,-0.039275553077459335,-0.16674025356769562,-0.11916060000658035,0.9787739515304565
P001,P001_S01,P001_S01_ST1TR_TR05_R01,TR05,R01,Gridworld_Anytime_Keyboard,Study 1,Gridworld,Anytime Feedback,Keyboard,1,1787856687.5937848,1787856688.6583822,2026-08-27T18:51:28.658382+00:00,1.0645973682403564,548415.421,88,839187540767,1,1,0.04955926537513733,-0.05316118150949478,-0.038344331085681915,-0.16484946012496948,-0.18293286859989166,0.9692060351371765,1,0.049363624304533005,-0.014679975807666779,-0.03715359419584274,-0.16542060673236847,-0.2540349066257477,0.9529440402984619,1,0.04962118715047836,-0.08343792706727982,-0.039267268031835556,-0.1665617972612381,-0.1179688349366188,0.978948712348938
P001,P001_S01,P001_S01_ST1TR_TR05_R01,TR05,R01,Gridworld_Anytime_Keyboard,Study 1,Gridworld,Anytime Feedback,Keyboard,1,1787856687.5937848,1787856688.6583822,2026-08-27T18:51:28.658382+00:00,1.0645973682403564,548415.421,89,839187651879,1,1,0.04955354332923889,-0.05340750515460968,-0.03834927827119827,-0.16555827856063843,-0.17945826053619385,0.9697346687316895,1,0.04935408756136894,-0.014648422598838806,-0.03717189282178879,-0.1659465879201889,-0.25087469816207886,0.9536893963813782,1,0.049621280282735825,-0.08341453969478607,-0.039256609976291656,-0.16687963902950287,-0.11564313620328903,0.9791721105575562
P001,P001_S01,P001_S01_ST1TR_TR05_R01,TR05,R01,Gridworld_Anytime_Keyboard,Study 1,Gridworld,Anytime Feedback,Keyboard,1,1787856687.5937848,1787856688.6883821,2026-08-27T18:51:28.688382+00:00,1.094597339630127,548415.453,90,839187762992,1,1,0.04954500123858452,-0.053335219621658325,-0.038344431668519974,-0.16653093695640564,-0.17497830092906952,0.9703865647315979,1,0.04934605956077576,-0.014619589783251286,-0.03718648850917816,-0.1673126220703125,-0.24824754893779755,0.9541382193565369,1,0.04961858689785004,-0.0833817794919014,-0.039240557700395584,-0.16825881600379944,-0.11245636641979218,0.9793071150779724
P001,P001_S01,P001_S01_ST1TR_TR05_R01,TR05,R01,Gridworld_Anytime_Keyboard,Study 1,Gridworld,Anytime Feedback,Keyboard,1,1787856687.5937848,1787856688.6883821,2026-08-27T18:51:28.688382+00:00,1.094597339630127,548415.453,91,839187874105,1,1,0.04953843355178833,-0.05334235727787018,-0.03834173083305359,-0.16667020320892334,-0.17126616835594177,0.971024751663208,1,0.04935973510146141,-0.014622021466493607,-0.03717854991555214,-0.1658843755722046,-0.2481667399406433,0.9544085264205933,1,0.049642786383628845,-0.08337245881557465,-0.039228931069374084,-0.16671180725097656,-0.11116475611925125,0.9797191619873047
P001,P001_S01,P001_S01_ST1TR_TR05_R01,TR05,R01,Gridworld_Anytime_Keyboard,Study 1,Gridworld,Anytime Feedback,Keyboard,1,1787856687.5937848,1787856688.6883821,2026-08-27T18:51:28.688382+00:00,1.094597339630127,548415.453,92,839187985217,1,1,0.04973346367478371,-0.05698449909687042,-0.03848656639456749,-0.13257238268852234,-0.18380022048950195,0.9739826321601868,1,0.049548693001270294,-0.014811930246651173,-0.03721184656023979,-0.1317545771598816,-0.26944592595100403,0.9539600610733032,1,0.04984975978732109,-0.08352799713611603,-0.03928888216614723,-0.13256137073040009,-0.1291658878326416,0.9827225804328918
P001,P001_S01,P001_S01_ST1TR_TR05_R01,TR05,R01,Gridworld_Anytime_Keyboard,Study 1,Gridworld,Anytime Feedback,Keyboard,1,1787856687.5937848,1787856688.6883821,2026-08-27T18:51:28.688382+00:00,1.094597339630127,548415.453,93,839188096331,1,1,0.04985910281538963,-0.050607550889253616,-0.03826550766825676,-0.1114722341299057,-0.1907288134098053,0.9752930402755737,1,0.0497068427503109,-0.01478512678295374,-0.03724232688546181,-0.11115671694278717,-0.266326367855072,0.9574519991874695,1,0.0499986931681633,-0.08344921469688416,-0.03920355439186096,-0.11117057502269745,-0.12041079252958298,0.9864798188209534
P001,P001_S01,P001_S01_ST1TR_TR05_R01,TR05,R01,Gridworld_Anytime_Keyboard,Study 1,Gridworld,Anytime Feedback,Keyboard,1,1787856687.5937848,1787856688.7061722,2026-08-27T18:51:28.706172+00:00,1.1123874187469482,548415.468,94,839188207444,1,1,0.049845095723867416,-0.04898283630609512,-0.038203731179237366,-0.11517642438411713,-0.19239696860313416,0.9745346903800964,1,0.049690309911966324,-0.014751213602721691,-0.03719241917133331,-0.12154551595449448,-0.2624131441116333,0.9572700262069702,1,0.04998692125082016,-0.0834500715136528,-0.03919297829270363,-0.12193611264228821,-0.12032804638147354,0.9852170944213867
P001,P001_S01,P001_S01_ST1TR_TR05_R01,TR05,R01,Gridworld_Anytime_Keyboard,Study 1,Gridworld,Anytime Feedback,Keyboard,1,1787856687.5937848,1787856688.7201767,2026-08-27T18:51:28.720177+00:00,1.126391887664795,548415.484,95,839188318556,1,1,0.04985136538743973,-0.049992285668849945,-0.03822390362620354,-0.11696547269821167,-0.18998698890209198,0.9747944474220276,1,0.04969445988535881,-0.01471785455942154,-0.037205152213573456,-0.11947090923786163,-0.26160165667533875,0.9577532410621643,1,0.05000662803649902,-0.08342483639717102,-0.039156366139650345,-0.11976783722639084,-0.12024357169866562,0.9854933023452759
P001,P001_S01,P001_S01_ST1TR_TR05_R01,TR05,R01,Gridworld_Anytime_Keyboard,Study 1,Gridworld,Anytime Feedback,Keyboard,1,1787856687.5937848,1787856688.7201767,2026-08-27T18:51:28.720177+00:00,1.126391887664795,548415.484,96,839188429669,1,1,0.04985206574201584,-0.04988613352179527,-0.03821911662817001,-0.11733002960681915,-0.18985846638679504,0.9747756719589233,1,0.04970473051071167,-0.01467837393283844,-0.037236329168081284,-0.11695157736539841,-0.25987303256988525,0.9585344791412354,1,0.04999912157654762,-0.08340620994567871,-0.039144013077020645,-0.11747763305902481,-0.1206936314702034,0.9857139587402344
P001,P001_S01,P001_S01_ST1TR_TR05_R01,TR05,R01,Gridworld_Anytime_Keyboard,Study 1,Gridworld,Anytime Feedback,Keyboard,1,1787856687.5937848,1787856688.7390501,2026-08-27T18:51:28.739050+00:00,1.1452653408050537,548415.515,97,839188540782,1,1,0.04985450580716133,-0.05041341856122017,-0.038233477622270584,-0.11757953464984894,-0.18693740665912628,0.9753099679946899,1,0.04969457536935806,-0.014623075723648071,-0.03727661445736885,-0.11707906424999237,-0.25651058554649353,0.9594241380691528,1,0.050002407282590866,-0.08337543904781342,-0.03911667689681053,-0.11740027368068695,-0.11981486529111862,0.9858303666114807
P001,P001_S01,P001_S01_ST1TR_TR05_R01,TR05,R01,Gridworld_Anytime_Keyboard,Study 1,Gridworld,Anytime Feedback,Keyboard,1,1787856687.5937848,1787856688.7400484,2026-08-27T18:51:28.740048+00:00,1.146263599395752,548415.515,98,839188651895,1,1,0.049854934215545654,-0.05061078071594238,-0.03823807090520859,-0.11794041842222214,-0.18488363921642303,0.9756578207015991,1,0.049690552055835724,-0.01461050659418106,-0.03727800026535988,-0.11763616651296616,-0.25504186749458313,0.9597474932670593,1,0.05000005289912224,-0.08335474133491516,-0.03910502791404724,-0.11797954142093658,-0.11738404631614685,0.9860536456108093
P001,P001_S01,P001_S01_ST1TR_TR05_R01,TR05,R01,Gridworld_Anytime_Keyboard,Study 1,Gridworld,Anytime Feedback,Keyboard,1,1787856687.5937848,1787856688.7595532,2026-08-27T18:51:28.759553+00:00,1.1657683849334717,548415.531,99,839188763007,1,1,0.04985640570521355,-0.05116911605000496,-0.03825271874666214,-0.11809053272008896,-0.18096588551998138,0.9763738512992859,1,0.04968829080462456,-0.014591123908758163,-0.0372813455760479,-0.11737922579050064,-0.25281956791877747,0.9603667259216309,1,0.049993012100458145,-0.08334970474243164,-0.03910551592707634,-0.11772701889276505,-0.11674579977989197,0.9861596822738647
P001,P001_S01,P001_S01_ST1TR_TR05_R01,TR05,R01,Gridworld_Anytime_Keyboard,Study 1,Gridworld,Anytime Feedback,Keyboard,1,1787856687.5937848,1787856688.7843707,2026-08-27T18:51:28.784371+00:00,1.1905858516693115,548415.546,100,839188874122,1,1,0.04985520988702774,-0.051175545901060104,-0.038251642137765884,-0.11816053837537766,-0.1793084442615509,0.9766713380813599,1,0.049682240933179855,-0.01456428412348032,-0.03728201240301132,-0.1174374669790268,-0.24929894506931305,0.9612796306610107,1,0.04999103024601936,-0.08332206308841705,-0.039086587727069855,-0.11757668107748032,-0.11306464672088623,0.9866063594818115
P001,P001_S01,P001_S01_ST1TR_TR05_R01,TR05,R01,Gridworld_Anytime_Keyboard,Study 1,Gridworld,Anytime Feedback,Keyboard,1,1787856687.5937848,1787856688.7853713,2026-08-27T18:51:28.785371+00:00,1.1915864944458008,548415.562,101,839188985234,1,1,0.049853451550006866,-0.05098048225045204,-0.038244325667619705,-0.11819413304328918,-0.17881110310554504,0.9767583012580872,1,0.049680713564157486,-0.014550188556313515,-0.03727506846189499,-0.11747748404741287,-0.24815405905246735,0.9615708589553833,1,0.04999349266290665,-0.08329664915800095,-0.03907068073749542,-0.11750330775976181,-0.1106814444065094,0.9868853092193604
P001,P001_S01,P001_S01_ST1TR_TR05_R01,TR05,R01,Gridworld_Anytime_Keyboard,Study 1,Gridworld,Anytime Feedback,Keyboard,1,1787856687.5937848,1787856688.7853713,2026-08-27T18:51:28.785371+00:00,1.1915864944458008,548415.562,102,839189096348,1,1,0.049852121621370316,-0.0509401299059391,-0.03824228048324585,-0.11839328706264496,-0.17711788415908813,0.9770427346229553,1,0.049680694937705994,-0.014517799951136112,-0.037289395928382874,-0.11788070201873779,-0.24510735273361206,0.9623027443885803,1,0.04998486116528511,-0.08329086005687714,-0.03907162696123123,-0.11816378682851791,-0.11051133275032043,0.9868254661560059
P001,P001_S01,P001_S01_ST1TR_TR05_R01,TR05,R01,Gridworld_Anytime_Keyboard,Study 1,Gridworld,Anytime Feedback,Keyboard,1,1787856687.5937848,1787856688.7986157,2026-08-27T18:51:28.798616+00:00,1.2048308849334717,548415.562,103,839189207459,1,1,0.0498509518802166,-0.051141973584890366,-0.03824174031615257,-0.11843135952949524,-0.17422878742218018,0.977557361125946,1,0.04968205466866493,-0.014519566670060158,-0.03727901354432106,-0.11761187762022018,-0.24641624093055725,0.9620013236999512,1,0.04998030886054039,-0.08325593918561935,-0.03904872387647629,-0.11787478625774384,-0.10771846026182175,0.9871688485145569
P001,P001_S01,P001_S01_ST1TR_TR05_R01,TR05,R01,Gridworld_Anytime_Keyboard,Study 1,Gridworld,Anytime Feedback,Keyboard,1,1787856687.5937848,1787856688.839617,2026-08-27T18:51:28.839617+00:00,1.2458322048187256,548415.609,104,839189318573,1,1,0.04985194280743599,-0.05149391293525696,-0.038246139883995056,-0.11886759102344513,-0.1726115345954895,0.9777913689613342,1,0.04968789219856262,-0.014531442895531654,-0.03722091019153595,-0.11884181946516037,-0.24524319171905518,0.9621498584747314,1,0.049977291375398636,-0.08324179798364639,-0.039045222103595734,-0.11902284622192383,-0.10387694090604782,0.9874427914619446
P001,P001_S01,P001_S01_ST1TR_TR05_R01,TR05,R01,Gridworld_Anytime_Keyboard,Study 1,Gridworld,Anytime Feedback,Keyboard,1,1787856687.5937848,1787856688.839617,2026-08-27T18:51:28.839617+00:00,1.2458322048187256,548415.609,105,839189429686,1,1,0.04984857514500618,-0.05136815086007118,-0.0382387675344944,-0.1199304461479187,-0.1709505170583725,0.9779533743858337,1,0.049682535231113434,-0.014507519081234932,-0.03721896931529045,-0.12093396484851837,-0.2417103350162506,0.9627829790115356,1,0.04996269568800926,-0.08324597775936127,-0.03906148672103882,-0.12135075777769089,-0.10349836200475693,0.987199068069458
P001,P001_S01,P001_S01_ST1TR_TR05_R01,TR05,R01,Gridworld_Anytime_Keyboard,Study 1,Gridworld,Anytime Feedback,Keyboard,1,1787856687.5937848,1787856688.839617,2026-08-27T18:51:28.839617+00:00,1.2458322048187256,548415.609,106,839189540799,1,1,0.049847312271595,-0.05168004333972931,-0.038241446018218994,-0.12020494788885117,-0.1684192419052124,0.9783587455749512,1,0.0496821366250515,-0.014509005472064018,-0.03721250966191292,-0.11978134512901306,-0.24277429282665253,0.9626592993736267,1,0.04996905475854874,-0.08322790265083313,-0.03904668614268303,-0.11996680498123169,-0.10236657410860062,0.9874863028526306
P001,P001_S01,P001_S01_ST1TR_TR05_R01,TR05,R01,Gridworld_Anytime_Keyboard,Study 1,Gridworld,Anytime Feedback,Keyboard,1,1787856687.5937848,1787856688.839617,2026-08-27T18:51:28.839617+00:00,1.2458322048187256,548415.609,107,839189651911,1,1,0.04984535276889801,-0.051744841039180756,-0.03823584318161011,-0.1201220452785492,-0.16572609543800354,0.9788287281990051,1,0.04968123883008957,-0.014499531127512455,-0.037212103605270386,-0.11910851299762726,-0.24185582995414734,0.9629740118980408,1,0.049971580505371094,-0.08320429921150208,-0.039029307663440704,-0.11915618181228638,-0.09986793994903564,0.9878401160240173
P001,P001_S01,P001_S01_ST1TR_TR05_R01,TR05,R01,Gridworld_Anytime_Keyboard,Study 1,Gridworld,Anytime Feedback,Keyboard,1,1787856687.5937848,1787856688.8701317,2026-08-27T18:51:28.870132+00:00,1.2763469219207764,548415.64,108,839189763024,1,1,0.049842268228530884,-0.05174829810857773,-0.03822974115610123,-0.12084499001502991,-0.16445820033550262,0.9789535999298096,1,0.04967396706342697,-0.014484810642898083,-0.03720596432685852,-0.12130939215421677,-0.23915177583694458,0.9633745551109314,1,0.04995565861463547,-0.08320724219083786,-0.03904494643211365,-0.12145991623401642,-0.09918012470006943,0.9876288771629333
P001,P001_S01,P001_S01_ST1TR_TR05_R01,TR05,R01,Gridworld_Anytime_Keyboard,Study 1,Gridworld,Anytime Feedback,Keyboard,1,1787856687.5937848,1787856688.9011343,2026-08-27T18:51:28.901134+00:00,1.307349443435669,548415.671,109,839189874137,1,1,0.04983857646584511,-0.05164043605327606,-0.0382208451628685,-0.12126168608665466,-0.1624254584312439,0.9792414307594299,1,0.04967348277568817,-0.014483842067420483,-0.03719637170433998,-0.12108995765447617,-0.2390247881412506,0.9634336233139038,1,0.049946654587984085,-0.08321266621351242,-0.039058245718479156,-0.12128958851099014,-0.09975282102823257,0.9875921010971069
P001,P001_S01,P001_S01_ST1TR_TR05_R01,TR05,R01,Gridworld_Anytime_Keyboard,Study 1,Gridworld,Anytime Feedback,Keyboard,1,1787856687.5937848,1787856688.9021335,2026-08-27T18:51:28.902133+00:00,1.3083486557006836,548415.671,110,839189985249,1,1,0.04983484372496605,-0.051593273878097534,-0.038214169442653656,-0.12246640026569366,-0.16259367763996124,0.9790635704994202,1,0.04965975880622864,-0.014482151716947556,-0.03718537464737892,-0.12387696653604507,-0.23804469406604767,0.9633220434188843,1,0.04994364455342293,-0.08320816606283188,-0.03906507417559624,-0.12382082641124725,-0.0985211431980133,0.9874016642570496
P001,P001_S01,P001_S01_ST1TR_TR05_R01,TR05,R01,Gridworld_Anytime_Keyboard,Study 1,Gridworld,Anytime Feedback,Keyboard,1,1787856687.5937848,1787856688.9021335,2026-08-27T18:51:28.902133+00:00,1.3083486557006836,548415.671,111,839190096362,1,1,0.04983194172382355,-0.05186702311038971,-0.03821691498160362,-0.12290814518928528,-0.16152538359165192,0.9791849851608276,1,0.04965829849243164,-0.014475840143859386,-0.03718340024352074,-0.12277274578809738,-0.23771758377552032,0.9635440707206726,1,0.049935560673475266,-0.08319803327322006,-0.03906164690852165,-0.12280583381652832,-0.09771420061588287,0.9876086115837097
P001,P001_S01,P001_S01_ST1TR_TR05_R01,TR05,R01,Gridworld_Anytime_Keyboard,Study 1,Gridworld,Anytime Feedback,Keyboard,1,1787856687.5937848,1787856688.9021335,2026-08-27T18:51:28.902133+00:00,1.3083486557006836,548415.671,112,839190207475,1,1,0.04982815682888031,-0.05221886187791824,-0.03822232410311699,-0.12412406504154205,-0.1598101705312729,0.9793131351470947,1,0.049640215933322906,-0.014471231959760189,-0.0371955931186676,-0.12538520991802216,-0.2379789501428604,0.9631431698799133,1,0.04992144927382469,-0.08320599794387817,-0.0390731617808342,-0.12547802925109863,-0.09935139119625092,0.9871093034744263
P001,P001_S01,P001_S01_ST1TR_TR05_R01,TR05,R01,Gridworld_Anytime_Keyboard,Study 1,Gridworld,Anytime Feedback,Keyboard,1,1787856687.5937848,1787856688.917695,2026-08-27T18:51:28.917695+00:00,1.3239102363586426,548415.687,113,839190318589,1,1,0.049823492765426636,-0.051693208515644073,-0.038205835968256,-0.12320508062839508,-0.16249458491802216,0.9789872765541077,1,0.0496712289750576,-0.014455790631473064,-0.037190090864896774,-0.12051363289356232,-0.2352430671453476,0.9644362330436707,1,0.0499417707324028,-0.08319129794836044,-0.03908037021756172,-0.12043584883213043,-0.09679348766803741,0.9879910945892334
P001,P001_S01,P001_S01_ST1TR_TR05_R01,TR05,R01,Gridworld_Anytime_Keyboard,Study 1,Gridworld,Anytime Feedback,Keyboard,1,1787856687.5937848,1787856688.9304078,2026-08-27T18:51:28.930408+00:00,1.336622953414917,548415.703,114,839190430602,1,0,0.0,0.0,0.0,0.0,0.0,0.0,1,0.049992434680461884,-0.014109463430941105,-0.03738617151975632,-0.07272099703550339,-0.2061137557029724,0.9758220911026001,1,0.05028829723596573,-0.08280322700738907,-0.03898618370294571,-0.07145161181688309,-0.06343413889408112,0.9954250454902649
P001,P001_S01,P001_S01_ST1TR_TR05_R01,TR05,R01,Gridworld_Anytime_Keyboard,Study 1,Gridworld,Anytime Feedback,Keyboard,1,1787856687.5937848,1787856688.949402,2026-08-27T18:51:28.949402+00:00,1.3556172847747803,548415.718,115,839190584354,1,0,0.0,0.0,0.0,0.0,0.0,0.0,1,0.05056605115532875,-0.013811937533318996,-0.03758133947849274,-0.007315175142139196,-0.1856331080198288,0.9825918078422546,1,0.050802648067474365,-0.08240906894207001,-0.0389062836766243,-0.005055607762187719,-0.033221401274204254,0.9994352459907532
P001,P001_S01,P001_S01_ST1TR_TR05_R01,TR05,R01,Gridworld_Anytime_Keyboard,Study 1,Gridworld,Anytime Feedback,Keyboard,1,1787856687.5937848,1787856688.9504018,2026-08-27T18:51:28.950402+00:00,1.3566169738769531,548415.718,116,839190691363,1,0,0.0,0.0,0.0,0.0,0.0,0.0,1,0.05078761279582977,-0.013897081837058067,-0.0375060997903347,0.010165845975279808,-0.18925926089286804,0.9818745255470276,1,0.05101587995886803,-0.08240677416324615,-0.038960665464401245,0.013588747940957546,-0.02746393345296383,0.9995303750038147
P001,P001_S01,P001_S01_ST1TR_TR05_R01,TR05,R01,Gridworld_Anytime_Keyboard,Study 1,Gridworld,Anytime Feedback,Keyboard,1,1787856687.5937848,1787856688.988909,2026-08-27T18:51:28.988909+00:00,1.3951241970062256,548415.765,117,839190801954,1,1,0.0508972704410553,-0.04803990200161934,-0.03821760043501854,0.006611593067646027,-0.10677178204059601,0.994261622428894,1,0.05078130587935448,-0.013886705972254276,-0.0374554879963398,0.005067821592092514,-0.18461985886096954,0.982796847820282,1,0.05101407319307327,-0.08243988454341888,-0.038985222578048706,0.00812521018087864,-0.027692751958966255,0.9995834827423096
P001,P001_S01,P001_S01_ST1TR_TR05_R01,TR05,R01,Gridworld_Anytime_Keyboard,Study 1,Gridworld,Anytime Feedback,Keyboard,1,1787856687.5937848,1787856688.989909,2026-08-27T18:51:28.989909+00:00,1.3961241245269775,548415.765,118,839190913069,1,1,0.05088873580098152,-0.04851669445633888,-0.03821173310279846,0.005882438272237778,-0.10537523776292801,0.9944152235984802,1,0.05075856298208237,-0.013846928253769875,-0.03744379058480263,0.002984248800203204,-0.18087470531463623,0.9835015535354614,1,0.05099594220519066,-0.08243672549724579,-0.03893100842833519,0.0059713576920330524,-0.027877872809767723,0.9995934963226318
P001,P001_S01,P001_S01_ST1TR_TR05_R01,TR05,R01,Gridworld_Anytime_Keyboard,Study 1,Gridworld,Anytime Feedback,Keyboard,1,1787856687.5937848,1787856688.989909,2026-08-27T18:51:28.989909+00:00,1.3961241245269775,548415.765,119,839191024181,1,1,0.050892334431409836,-0.04931086674332619,-0.03821934014558792,0.007550626993179321,-0.10320491343736649,0.9946316480636597,1,0.050759200006723404,-0.013816599734127522,-0.03745143488049507,0.00883227214217186,-0.1800977885723114,0.9836089611053467,1,0.05101887881755829,-0.08243492245674133,-0.038900528103113174,0.012262317351996899,-0.030071383342146873,0.9994724988937378
P001,P001_S01,P001_S01_ST1TR_TR05_R01,TR05,R01,Gridworld_Anytime_Keyboard,Study 1,Gridworld,Anytime Feedback,Keyboard,1,1787856687.5937848,1787856689.0219092,2026-08-27T18:51:29.021909+00:00,1.4281244277954102,548415.796,120,839191135293,1,1,0.05088920518755913,-0.0494009293615818,-0.03820745274424553,0.008278325200080872,-0.10339425504207611,0.9946060180664062,1,0.05074278265237808,-0.013786896131932735,-0.03747744485735893,0.007763236295431852,-0.18331462144851685,0.9830235838890076,1,0.05100477486848831,-0.0823914110660553,-0.03880494087934494,0.011105315759778023,-0.031231800094246864,0.9994505047798157
P001,P001_S01,P001_S01_ST1TR_TR05_R01,TR05,R01,Gridworld_Anytime_Keyboard,Study 1,Gridworld,Anytime Feedback,Keyboard,1,1787856687.5937848,1787856689.0219092,2026-08-27T18:51:29.021909+00:00,1.4281244277954102,548415.796,121,839191246407,1,1,0.05088614672422409,-0.04995563626289368,-0.03820766136050224,0.00774233415722847,-0.10203859210014343,0.9947503805160522,1,0.05072791501879692,-0.013782937079668045,-0.037458568811416626,0.004740935284644365,-0.18331773579120636,0.983042299747467,1,0.05098888650536537,-0.0824083462357521,-0.038799066096544266,0.008018996566534042,-0.0335489884018898,0.9994049072265625
P001,P001_S01,P001_S01_ST1TR_TR05_R01,TR05,R01,Gridworld_Anytime_Keyboard,Study 1,Gridworld,Anytime Feedback,Keyboard,1,1787856687.5937848,1787856689.0219092,2026-08-27T18:51:29.021909+00:00,1.4281244277954102,548415.796,122,839191357519,1,1,0.05088098347187042,-0.049999356269836426,-0.0381988100707531,0.006573092192411423,-0.10310585796833038,0.9946486949920654,1,0.05071635916829109,-0.013796364888548851,-0.03742773458361626,0.002575239632278681,-0.1841939091682434,0.9828864336013794,1,0.050977922976017,-0.08242947608232498,-0.03879736363887787,0.005812807008624077,-0.035325970500707626,0.9993590116500854
P001,P001_S01,P001_S01_ST1TR_TR05_R01,TR05,R01,Gridworld_Anytime_Keyboard,Study 1,Gridworld,Anytime Feedback,Keyboard,1,1787856687.5937848,1787856689.0529218,2026-08-27T18:51:29.052922+00:00,1.459136962890625,548415.828,123,839191468632,1,1,0.0508762001991272,-0.050365086644887924,-0.038193389773368835,0.005724083632230759,-0.10180412977933884,0.9947880506515503,1,0.05069967731833458,-0.01383600477129221,-0.03736759349703789,0.0022314053494483232,-0.185726597905159,0.9825989007949829,1,0.050961557775735855,-0.08243078738451004,-0.038772813975811005,0.005634397733956575,-0.03276970982551575,0.9994471073150635
P001,P001_S01,P001_S01_ST1TR_TR05_R01,TR05,R01,Gridworld_Anytime_Keyboard,Study 1,Gridworld,Anytime Feedback,Keyboard,1,1787856687.5937848,1787856689.0529218,2026-08-27T18:51:29.052922+00:00,1.459136962890625,548415.828,124,839191579745,1,1,0.050871092826128006,-0.050474341958761215,-0.03818371519446373,0.005003787577152252,-0.10221365094184875,0.9947500228881836,1,0.050691571086645126,-0.013851248659193516,-0.037344180047512054,0.0017449036240577698,-0.1871202290058136,0.9823354482650757,1,0.05095529556274414,-0.08243509382009506,-0.038759995251894,0.005423043388873339,-0.032911378890275955,0.9994436502456665
P001,P001_S01,P001_S01_ST1TR_TR05_R01,TR05,R01,Gridworld_Anytime_Keyboard,Study 1,Gridworld,Anytime Feedback,Keyboard,1,1787856687.5937848,1787856689.0559204,2026-08-27T18:51:29.055920+00:00,1.4621355533599854,548415.828,125,839191690857,1,1,0.050866078585386276,-0.050540439784526825,-0.038174357265233994,0.004353482276201248,-0.1027405709028244,0.9946987628936768,1,0.05068346485495567,-0.013857369311153889,-0.03733571618795395,0.001281041419133544,-0.18779458105564117,0.9822075366973877,1,0.05094609037041664,-0.08243516832590103,-0.03874325752258301,0.004989126697182655,-0.03288474678993225,0.99944669008255
P001,P001_S01,P001_S01_ST1TR_TR05_R01,TR05,R01,Gridworld_Anytime_Keyboard,Study 1,Gridworld,Anytime Feedback,Keyboard,1,1787856687.5937848,1787856689.0594285,2026-08-27T18:51:29.059428+00:00,1.4656436443328857,548415.828,126,839191801970,1,1,0.05086103826761246,-0.05055208504199982,-0.03816482797265053,0.0035826079547405243,-0.10368135571479797,0.9946041703224182,1,0.05067027732729912,-0.013876501470804214,-0.03731193765997887,0.00023183089797385037,-0.18891111016273499,0.9819942116737366,1,0.05094141140580177,-0.0824468731880188,-0.03874208405613899,0.004187566693872213,-0.03316657990217209,0.9994411468505859
P001,P001_S01,P001_S01_ST1TR_TR05_R01,TR05,R01,Gridworld_Anytime_Keyboard,Study 1,Gridworld,Anytime Feedback,Keyboard,1,1787856687.5937848,1787856689.0720677,2026-08-27T18:51:29.072068+00:00,1.4782829284667969,548415.843,127,839191913083,1,1,0.05085171386599541,-0.050862353295087814,-0.038151271641254425,0.002954229712486267,-0.10514846444129944,0.994452178478241,1,0.05065585672855377,-0.013913079164922237,-0.03727465122938156,-2.4457778636133298e-05,-0.19180497527122498,0.9814330339431763,1,0.050928790122270584,-0.08249013125896454,-0.0387619249522686,0.0038002855144441128,-0.03690485283732414,0.9993115067481995
P001,P001_S01,P001_S01_ST1TR_TR05_R01,TR05,R01,Gridworld_Anytime_Keyboard,Study 1,Gridworld,Anytime Feedback,Keyboard,1,1787856687.5937848,1787856689.0880675,2026-08-27T18:51:29.088068+00:00,1.4942827224731445,548415.859,128,839192024196,1,1,0.05084485188126564,-0.05155652016401291,-0.03815007954835892,0.0022041089832782745,-0.10264233499765396,0.9947159290313721,1,0.05064735934138298,-0.013908320106565952,-0.03728588670492172,-0.0010902374051511288,-0.19113747775554657,0.9815626740455627,1,0.05091539025306702,-0.08250720053911209,-0.038768090307712555,0.0025233752094209194,-0.03867747262120247,0.9992486238479614
P001,P001_S01,P001_S01_ST1TR_TR05_R01,TR05,R01,Gridworld_Anytime_Keyboard,Study 1,Gridworld,Anytime Feedback,Keyboard,1,1787856687.5937848,1787856689.0910673,2026-08-27T18:51:29.091067+00:00,1.4972825050354004,548415.859,129,839192135308,1,1,0.05083155632019043,-0.05139682814478874,-0.03813149034976959,0.0012154541909694672,-0.10621975362300873,0.994342029094696,1,0.050626061856746674,-0.013922140933573246,-0.037278465926647186,-0.0020407307893037796,-0.19147881865501404,0.9814946055412292,1,0.05089849978685379,-0.08251938968896866,-0.03877173736691475,0.0014306947123259306,-0.03888995945453644,0.9992425441741943
P001,P001_S01,P001_S01_ST1TR_TR05_R01,TR05,R01,Gridworld_Anytime_Keyboard,Study 1,Gridworld,Anytime Feedback,Keyboard,1,1787856687.5937848,1787856689.1087387,2026-08-27T18:51:29.108739+00:00,1.514953851699829,548415.875,130,839192246421,1,1,0.050818659365177155,-0.0515170618891716,-0.03812263906002045,-0.0005791224539279938,-0.10793972760438919,0.9941573739051819,1,0.050599247217178345,-0.01395296398550272,-0.0372701957821846,-0.005436448846012354,-0.1934388428926468,0.9810972213745117,1,0.05088091269135475,-0.0825396329164505,-0.038780711591243744,-0.0017622914165258408,-0.03975459188222885,0.9992079734802246
P001,P001_S01,P001_S01_ST1TR_TR05_R01,TR05,R01,Gridworld_Anytime_Keyboard,Study 1,Gridworld,Anytime Feedback,Keyboard,1,1787856687.5937848,1787856689.1299016,2026-08-27T18:51:29.129902+00:00,1.5361168384552002,548415.906,131,839192357534,1,1,0.05070190504193306,-0.048025891184806824,-0.03803687170147896,-0.008222833275794983,-0.12226991355419159,0.9924629330635071,1,0.05056173354387283,-0.013987502083182335,-0.03725685179233551,-0.009801207110285759,-0.1961255818605423,0.98052978515625,1,0.05084433779120445,-0.08261135965585709,-0.038829438388347626,-0.00657190615311265,-0.046525921672582626,0.998895525932312
P001,P001_S01,P001_S01_ST1TR_TR05_R01,TR05,R01,Gridworld_Anytime_Keyboard,Study 1,Gridworld,Anytime Feedback,Keyboard,1,1787856687.5937848,1787856689.1299016,2026-08-27T18:51:29.129902+00:00,1.5361168384552002,548415.906,132,839192468648,1,1,0.050689708441495895,-0.04743262752890587,-0.03802260756492615,-0.008688807487487793,-0.12405175715684891,0.9922376871109009,1,0.050542909651994705,-0.014013868756592274,-0.037253424525260925,-0.011019336991012096,-0.19832196831703186,0.980074942111969,1,0.05082434043288231,-0.0826428011059761,-0.03883175924420357,-0.007899538613855839,-0.04920807480812073,0.9987573027610779
P001,P001_S01,P001_S01_ST1TR_TR05_R01,TR05,R01,Gridworld_Anytime_Keyboard,Study 1,Gridworld,Anytime Feedback,Keyboard,1,1787856687.5937848,1787856689.1503847,2026-08-27T18:51:29.150385+00:00,1.5565998554229736,548415.921,133,839192579761,1,1,0.05069306865334511,-0.048193998634815216,-0.038031551986932755,-0.008531112223863602,-0.12171502411365509,0.9925285577774048,1,0.050554368644952774,-0.01401625294238329,-0.03718869760632515,-0.009957815520465374,-0.1979704052209854,0.9801573753356934,1,0.05083364620804787,-0.08258076757192612,-0.03884179890155792,-0.006523453630506992,-0.042169101536273956,0.999089241027832
P001,P001_S01,P001_S01_ST1TR_TR05_R01,TR05,R01,Gridworld_Anytime_Keyboard,Study 1,Gridworld,Anytime Feedback,Keyboard,1,1787856687.5937848,1787856689.1523862,2026-08-27T18:51:29.152386+00:00,1.5586013793945312,548415.921,134,839192690873,1,1,0.05087283253669739,-0.05379323661327362,-0.03812722861766815,0.011323701590299606,-0.04177191108465195,0.9990630745887756,1,0.0507199689745903,-0.013377232477068901,-0.03755427151918411,0.009364054538309574,-0.14600171148777008,0.9892399907112122,1,0.05097860097885132,-0.08175651729106903,-0.03852365165948868,0.012606995180249214,0.030611125752329826,0.9994518756866455
P001,P001_S01,P001_S01_ST1TR_TR05_R01,TR05,R01,Gridworld_Anytime_Keyboard,Study 1,Gridworld,Anytime Feedback,Keyboard,1,1787856687.5937848,1787856689.164477,2026-08-27T18:51:29.164477+00:00,1.5706923007965088,548415.937,135,839192801986,1,0,0.0,0.0,0.0,0.0,0.0,0.0,1,0.050895288586616516,-0.012694498524069786,-0.03780655562877655,0.027122044935822487,-0.07157333195209503,0.9970664978027344,1,0.051116012036800385,-0.08116351813077927,-0.03856843709945679,0.03044380061328411,0.09272203594446182,0.9952265024185181
P001,P001_S01,P001_S01_ST1TR_TR05_R01,TR05,R01,Gridworld_Anytime_Keyboard,Study 1,Gridworld,Anytime Feedback,Keyboard,1,1787856687.5937848,1787856689.1837645,2026-08-27T18:51:29.183764+00:00,1.589979648590088,548415.953,136,839192913098,1,0,0.0,0.0,0.0,0.0,0.0,0.0,1,0.050996892154216766,-0.012202738784253597,-0.03792087361216545,0.03295809403061867,-0.010539194568991661,0.9994012117385864,1,0.05114792287349701,-0.08084630221128464,-0.03878036513924599,0.03585429489612579,0.13072986900806427,0.9907695651054382
P001,P001_S01,P001_S01_ST1TR_TR05_R01,TR05,R01,Gridworld_Anytime_Keyboard,Study 1,Gridworld,Anytime Feedback,Keyboard,1,1787856687.5937848,1787856689.1847668,2026-08-27T18:51:29.184767+00:00,1.5909819602966309,548415.953,137,839193024211,1,0,0.0,0.0,0.0,0.0,0.0,0.0,1,0.05092870444059372,-0.011957542970776558,-0.03790895640850067,0.029039956629276276,0.019155532121658325,0.9993946552276611,1,0.051096562296152115,-0.08059187978506088,-0.03878452628850937,0.031450945883989334,0.1600104719400406,0.9866141676902771
P001,P001_S01,P001_S01_ST1TR_TR05_R01,TR05,R01,Gridworld_Anytime_Keyboard,Study 1,Gridworld,Anytime Feedback,Keyboard,1,1787856687.5937848,1787856689.1971219,2026-08-27T18:51:29.197122+00:00,1.603337049484253,548415.968,138,839193135325,1,1,0.05102677270770073,-0.044622328132390976,-0.03826605901122093,0.033216435462236404,0.07308399677276611,0.9967724680900574,1,0.05094504728913307,-0.012057261541485786,-0.03780199959874153,0.03196151554584503,0.004953842144459486,0.9994767308235168,1,0.051117267459630966,-0.08067801594734192,-0.038779862225055695,0.034425705671310425,0.14812040328979492,0.9883700609207153
P001,P001_S01,P001_S01_ST1TR_TR05_R01,TR05,R01,Gridworld_Anytime_Keyboard,Study 1,Gridworld,Anytime Feedback,Keyboard,1,1787856687.5937848,1787856689.2195187,2026-08-27T18:51:29.219519+00:00,1.6257338523864746,548415.984,139,839193246438,1,1,0.051031723618507385,-0.045830126851797104,-0.038285061717033386,0.032182395458221436,0.0750497430562973,0.9966604113578796,1,0.05094374716281891,-0.012018130160868168,-0.03784673288464546,0.028842855244874954,0.010745029896497726,0.9995262026786804,1,0.051126085221767426,-0.08072962611913681,-0.03874404355883598,0.031494393944740295,0.14373289048671722,0.989115297794342
P001,P001_S01,P001_S01_ST1TR_TR05_R01,TR05,R01,Gridworld_Anytime_Keyboard,Study 1,Gridworld,Anytime Feedback,Keyboard,1,1787856687.5937848,1787856689.2204657,2026-08-27T18:51:29.220466+00:00,1.626680850982666,548415.984,140,839193357550,1,1,0.051024481654167175,-0.04555679112672806,-0.038266368210315704,0.030865177512168884,0.07339387387037277,0.9968253970146179,1,0.05091068148612976,-0.012118561193346977,-0.037777744233608246,0.02700313925743103,0.003784060711041093,0.9996281862258911,1,0.051118042320013046,-0.08078600466251373,-0.03871980309486389,0.03001573495566845,0.14195363223552704,0.9894181489944458
P001,P001_S01,P001_S01_ST1TR_TR05_R01,TR05,R01,Gridworld_Anytime_Keyboard,Study 1,Gridworld,Anytime Feedback,Keyboard,1,1787856687.5937848,1787856689.2377412,2026-08-27T18:51:29.237741+00:00,1.6439564228057861,548416.0,141,839193468663,1,1,0.051016487181186676,-0.045286666601896286,-0.03825025260448456,0.027930572628974915,0.06873691827058792,0.9972437620162964,1,0.050900138914585114,-0.01222410798072815,-0.037704821676015854,0.02115240879356861,-0.004305338952690363,0.9997669458389282,1,0.0510968416929245,-0.08090686053037643,-0.038763392716646194,0.024317611008882523,0.13247133791446686,0.9908884763717651
P001,P001_S01,P001_S01_ST1TR_TR05_R01,TR05,R01,Gridworld_Anytime_Keyboard,Study 1,Gridworld,Anytime Feedback,Keyboard,1,1787856687.5937848,1787856689.2377412,2026-08-27T18:51:29.237741+00:00,1.6439564228057861,548416.0,142,839193579776,1,1,0.05096828192472458,-0.04243556037545204,-0.038114503026008606,0.021090570837259293,0.046228326857089996,0.9987082481384277,1,0.05087389051914215,-0.012320242822170258,-0.03764769807457924,0.0196994598954916,-0.016255369409918785,0.9996737837791443,1,0.05108903348445892,-0.08096001297235489,-0.038711655884981155,0.02274993807077408,0.12589606642723083,0.9917826056480408
P001,P001_S01,P001_S01_ST1TR_TR05_R01,TR05,R01,Gridworld_Anytime_Keyboard,Study 1,Gridworld,Anytime Feedback,Keyboard,1,1787856687.5937848,1787856689.259566,2026-08-27T18:51:29.259566+00:00,1.6657812595367432,548416.031,143,839193690888,1,1,0.05097217485308647,-0.04466097429394722,-0.03813689574599266,0.022270169109106064,0.04610462859272957,0.9986885190010071,1,0.050855450332164764,-0.012415830977261066,-0.03760097175836563,0.022786423563957214,-0.025585874915122986,0.9994128942489624,1,0.051095642149448395,-0.08105777204036713,-0.0387127548456192,0.025997329503297806,0.1164836660027504,0.9928523302078247
P001,P001_S01,P001_S01_ST1TR_TR05_R01,TR05,R01,Gridworld_Anytime_Keyboard,Study 1,Gridworld,Anytime Feedback,Keyboard,1,1787856687.5937848,1787856689.259566,2026-08-27T18:51:29.259566+00:00,1.6657812595367432,548416.031,144,839193802001,1,1,0.05096573755145073,-0.04544758424162865,-0.03813791275024414,0.022901523858308792,0.043049439787864685,0.9988105893135071,1,0.05082664266228676,-0.012510626576840878,-0.03756074979901314,0.022348901256918907,-0.0348786860704422,0.9991415739059448,1,0.05107768625020981,-0.08114420622587204,-0.03871268033981323,0.025437597185373306,0.10864861309528351,0.9937547445297241
P001,P001_S01,P001_S01_ST1TR_TR05_R01,TR05,R01,Gridworld_Anytime_Keyboard,Study 1,Gridworld,Anytime Feedback,Keyboard,1,1787856687.5937848,1787856689.279945,2026-08-27T18:51:29.279945+00:00,1.6861600875854492,548416.046,145,839193913114,1,1,0.05092106759548187,-0.041936084628105164,-0.03802591189742088,0.01998215541243553,0.014764184132218361,0.9996914267539978,1,0.050808656960725784,-0.01261321920901537,-0.03751548007130623,0.01864151656627655,-0.047480855137109756,0.9986981749534607,1,0.05107172206044197,-0.0812339037656784,-0.03870997950434685,0.02165740169584751,0.09809369593858719,0.9949414730072021
P001,P001_S01,P001_S01_ST1TR_TR05_R01,TR05,R01,Gridworld_Anytime_Keyboard,Study 1,Gridworld,Anytime Feedback,Keyboard,1,1787856687.5937848,1787856689.283946,2026-08-27T18:51:29.283946+00:00,1.6901612281799316,548416.046,146,839194024227,1,0,0.0,0.0,0.0,0.0,0.0,0.0,1,0.050786811858415604,-0.01268242858350277,-0.03752972558140755,0.014455162920057774,-0.06083587929606438,0.9980430006980896,1,0.05105983838438988,-0.08128097653388977,-0.03861410543322563,0.017342176288366318,0.0880541056394577,0.995964765548706
P001,P001_S01,P001_S01_ST1TR_TR05_R01,TR05,R01,Gridworld_Anytime_Keyboard,Study 1,Gridworld,Anytime Feedback,Keyboard,1,1787856687.5937848,1787856689.2932687,2026-08-27T18:51:29.293269+00:00,1.699483871459961,548416.062,147,839194135340,1,1,0.05092450976371765,-0.04281394183635712,-0.03802977874875069,0.01924968883395195,0.008873622864484787,0.9997754096984863,1,0.05079517513513565,-0.012752084992825985,-0.03753017261624336,0.016441458836197853,-0.06625743955373764,0.9976670742034912,1,0.05108983442187309,-0.08141050487756729,-0.03864743933081627,0.01955067180097103,0.07619963586330414,0.9969009160995483
P001,P001_S01,P001_S01_ST1TR_TR05_R01,TR05,R01,Gridworld_Anytime_Keyboard,Study 1,Gridworld,Anytime Feedback,Keyboard,1,1787856687.5937848,1787856689.3092685,2026-08-27T18:51:29.309268+00:00,1.7154836654663086,548416.078,148,839194246453,1,1,0.050905659794807434,-0.03904130682349205,-0.03794834390282631,0.013592366129159927,-0.022599678486585617,0.9996522665023804,1,0.05079764500260353,-0.012905864976346493,-0.037451695650815964,0.012428290210664272,-0.07637665420770645,0.9970015287399292,1,0.05108145251870155,-0.08157473057508469,-0.0387566015124321,0.015402549877762794,0.06505834311246872,0.9977626204490662
P001,P001_S01,P001_S01_ST1TR_TR05_R01,TR05,R01,Gridworld_Anytime_Keyboard,Study 1,Gridworld,Anytime Feedback,Keyboard,1,1787856687.5937848,1787856689.3249009,2026-08-27T18:51:29.324901+00:00,1.7311160564422607,548416.093,149,839194357565,1,1,0.05090662091970444,-0.03952169418334961,-0.03794180974364281,0.014194518327713013,-0.02469221130013466,0.9995943903923035,1,0.0507839098572731,-0.013031807728111744,-0.03736402094364166,0.014086445793509483,-0.0843360498547554,0.9963378310203552,1,0.0510987751185894,-0.08169454336166382,-0.038818359375,0.01711394637823105,0.0577920563519001,0.998181939125061
P001,P001_S01,P001_S01_ST1TR_TR05_R01,TR05,R01,Gridworld_Anytime_Keyboard,Study 1,Gridworld,Anytime Feedback,Keyboard,1,1787856687.5937848,1787856689.3249009,2026-08-27T18:51:29.324901+00:00,1.7311160564422607,548416.093,150,839194468679,1,0,0.0,0.0,0.0,0.0,0.0,0.0,1,0.05076853558421135,-0.013184630312025547,-0.037253521382808685,0.014360574074089527,-0.09313494712114334,0.9955499172210693,1,0.051096685230731964,-0.08183003962039948,-0.03888421878218651,0.0173041969537735,0.05069568753242493,0.9985642433166504
P001,P001_S01,P001_S01_ST1TR_TR05_R01,TR05,R01,Gridworld_Anytime_Keyboard,Study 1,Gridworld,Anytime Feedback,Keyboard,1,1787856687.5937848,1787856689.3543446,2026-08-27T18:51:29.354345+00:00,1.7605597972869873,548416.125,151,839194579792,1,1,0.05091139301657677,-0.041241858154535294,-0.03794771805405617,0.013209730386734009,-0.030274376273155212,0.9994543790817261,1,0.050768058747053146,-0.013304389081895351,-0.03719214349985123,0.009889096952974796,-0.1094527617096901,0.9939427971839905,1,0.051102228462696075,-0.08188986033201218,-0.03886951506137848,0.012955035082995892,0.04163618013262749,0.9990488886833191
P001,P001_S01,P001_S01_ST1TR_TR05_R01,TR05,R01,Gridworld_Anytime_Keyboard,Study 1,Gridworld,Anytime Feedback,Keyboard,1,1787856687.5937848,1787856689.3543446,2026-08-27T18:51:29.354345+00:00,1.7605597972869873,548416.125,152,839194690905,1,0,0.0,0.0,0.0,0.0,0.0,0.0,1,0.050746601074934006,-0.013393759727478027,-0.037178754806518555,0.005728809162974358,-0.1207074299454689,0.992671549320221,1,0.0510907843708992,-0.08195872604846954,-0.03886271268129349,0.00921306386590004,0.03298698365688324,0.9994133710861206
P001,P001_S01,P001_S01_ST1TR_TR05_R01,TR05,R01,Gridworld_Anytime_Keyboard,Study 1,Gridworld,Anytime Feedback,Keyboard,1,1787856687.5937848,1787856689.3562548,2026-08-27T18:51:29.356255+00:00,1.762470006942749,548416.125,153,839194802018,1,0,0.0,0.0,0.0,0.0,0.0,0.0,1,0.05074668675661087,-0.013436012901365757,-0.03715359419584274,0.0059193456545472145,-0.1166895180940628,0.9931507706642151,1,0.05109517276287079,-0.08209467679262161,-0.0389682799577713,0.008769058622419834,0.02651272900402546,0.9996100068092346
P001,P001_S01,P001_S01_ST1TR_TR05_R01,TR05,R01,Gridworld_Anytime_Keyboard,Study 1,Gridworld,Anytime Feedback,Keyboard,1,1787856687.5937848,1787856689.3733191,2026-08-27T18:51:29.373319+00:00,1.7795343399047852,548416.14,154,839194913131,1,1,0.05090993642807007,-0.0417686328291893,-0.03793836012482643,0.012060966342687607,-0.04117482155561447,0.999079167842865,1,0.05074597895145416,-0.013537502847611904,-0.037093717604875565,0.00857054814696312,-0.12557604908943176,0.9920470118522644,1,0.05111321061849594,-0.08213701844215393,-0.038972727954387665,0.011709867976605892,0.024089569225907326,0.9996412396430969
P001,P001_S01,P001_S01_ST1TR_TR05_R01,TR05,R01,Gridworld_Anytime_Keyboard,Study 1,Gridworld,Anytime Feedback,Keyboard,1,1787856687.5937848,1787856689.3883183,2026-08-27T18:51:29.388318+00:00,1.7945334911346436,548416.156,155,839195023743,1,0,0.0,0.0,0.0,0.0,0.0,0.0,1,0.05074626952409744,-0.013583594001829624,-0.03707263991236687,0.009631551802158356,-0.1276852935552597,0.991767942905426,1,0.051112011075019836,-0.08221135288476944,-0.03899858891963959,0.01258858572691679,0.018579034134745598,0.9997481107711792
P001,P001_S01,P001_S01_ST1TR_TR05_R01,TR05,R01,Gridworld_Anytime_Keyboard,Study 1,Gridworld,Anytime Feedback,Keyboard,1,1787856687.5937848,1787856689.3903182,2026-08-27T18:51:29.390318+00:00,1.7965333461761475,548416.156,156,839195135355,1,1,0.05089530721306801,-0.038738589733839035,-0.03777460381388664,0.011509977281093597,-0.07710519433021545,0.9969565868377686,1,0.05076320096850395,-0.013613022863864899,-0.037078265100717545,0.010366324335336685,-0.13110506534576416,0.9913142323493958,1,0.051123954355716705,-0.08222537487745285,-0.03897981345653534,0.013409133069217205,0.016894444823265076,0.9997673630714417
P001,P001_S01,P001_S01_ST1TR_TR05_R01,TR05,R01,Gridworld_Anytime_Keyboard,Study 1,Gridworld,Anytime Feedback,Keyboard,1,1787856687.5937848,1787856689.4165218,2026-08-27T18:51:29.416522+00:00,1.8227369785308838,548416.187,157,839195246469,1,1,0.0509033165872097,-0.03845398873090744,-0.037772152572870255,0.011788681149482727,-0.07812687754631042,0.9968737959861755,1,0.050777994096279144,-0.01360643282532692,-0.03711932525038719,0.011160211637616158,-0.1324453204870224,0.9911274313926697,1,0.05115048959851265,-0.08222918212413788,-0.038936320692300797,0.014276186004281044,0.014564931392669678,0.9997919797897339
P001,P001_S01,P001_S01_ST1TR_TR05_R01,TR05,R01,Gridworld_Anytime_Keyboard,Study 1,Gridworld,Anytime Feedback,Keyboard,1,1787856687.5937848,1787856689.4165218,2026-08-27T18:51:29.416522+00:00,1.8227369785308838,548416.187,158,839195357582,1,1,0.05092131718993187,-0.039988383650779724,-0.037812549620866776,0.011511679738759995,-0.07749548554420471,0.9969262480735779,1,0.05080166459083557,-0.01359971147030592,-0.03715413808822632,0.009525326080620289,-0.13967323303222656,0.9901517629623413,1,0.05116426199674606,-0.08221742510795593,-0.038876064121723175,0.012824347242712975,0.008596609346568584,0.9998807907104492
P001,P001_S01,P001_S01_ST1TR_TR05_R01,TR05,R01,Gridworld_Anytime_Keyboard,Study 1,Gridworld,Anytime Feedback,Keyboard,1,1787856687.5937848,1787856689.428865,2026-08-27T18:51:29.428865+00:00,1.8350801467895508,548416.203,159,839195469581,1,1,0.0509050078690052,-0.04039497673511505,-0.037848055362701416,0.008092209696769714,-0.0797652006149292,0.9967808127403259,1,0.05068342015147209,-0.013510270044207573,-0.03731370344758034,0.0008533209911547601,-0.13898824155330658,0.9902936220169067,1,0.051105767488479614,-0.08225458115339279,-0.038881249725818634,0.003018904710188508,-0.0038960659876465797,0.9999878406524658
P001,P001_S01,P001_S01_ST1TR_TR05_R01,TR05,R01,Gridworld_Anytime_Keyboard,Study 1,Gridworld,Anytime Feedback,Keyboard,1,1787856687.5937848,1787856689.4593735,2026-08-27T18:51:29.459373+00:00,1.865588665008545,548416.234,160,839195623469,1,0,0.0,0.0,0.0,0.0,0.0,0.0,1,0.049679938703775406,-0.013550362549722195,-0.03759710490703583,-0.10015083104372025,-0.14017458260059357,0.9850487112998962,1,0.05003821477293968,-0.08232739567756653,-0.039254192262887955,-0.09882791340351105,-0.008558018133044243,0.9950677156448364
P001,P001_S01,P001_S01_ST1TR_TR05_R01,TR05,R01,Gridworld_Anytime_Keyboard,Study 1,Gridworld,Anytime Feedback,Keyboard,1,1787856687.5937848,1787856689.4593735,2026-08-27T18:51:29.459373+00:00,1.865588665008545,548416.234,161,839195730408,1,0,0.0,0.0,0.0,0.0,0.0,0.0,1,0.048975273966789246,-0.013784362003207207,-0.03759745880961418,-0.18209435045719147,-0.13809219002723694,0.9735358357429504,1,0.04930161312222481,-0.08262519538402557,-0.03985905647277832,-0.1813676655292511,-0.013707692734897137,0.983319878578186
P001,P001_S01,P001_S01_ST1TR_TR05_R01,TR05,R01,Gridworld_Anytime_Keyboard,Study 1,Gridworld,Anytime Feedback,Keyboard,1,1787856687.5937848,1787856689.4883728,2026-08-27T18:51:29.488373+00:00,1.8945879936218262,548416.265,162,839195841018,1,0,0.0,0.0,0.0,0.0,0.0,0.0,1,0.04840987175703049,-0.013893538154661655,-0.03755820170044899,-0.258311003446579,-0.11672188341617584,0.9589845538139343,1,0.048654019832611084,-0.08275513350963593,-0.04035121947526932,-0.2564050257205963,0.0047987280413508415,0.966557502746582
P001,P001_S01,P001_S01_ST1TR_TR05_R01,TR05,R01,Gridworld_Anytime_Keyboard,Study 1,Gridworld,Anytime Feedback,Keyboard,1,1787856687.5937848,1787856689.4883728,2026-08-27T18:51:29.488373+00:00,1.8945879936218262,548416.265,163,839195952131,1,0,0.0,0.0,0.0,0.0,0.0,0.0,1,0.04806268587708473,-0.013951189815998077,-0.03764352574944496,-0.30251166224479675,-0.13995060324668884,0.9428151249885559,1,0.04817529767751694,-0.082656130194664,-0.04035922512412071,-0.30177000164985657,-0.00010877784370677546,0.9533807635307312
P001,P001_S01,P001_S01_ST1TR_TR05_R01,TR05,R01,Gridworld_Anytime_Keyboard,Study 1,Gridworld,Anytime Feedback,Keyboard,1,1787856687.5937848,1787856689.5183735,2026-08-27T18:51:29.518373+00:00,1.924588680267334,548416.281,164,839196063245,1,0,0.0,0.0,0.0,0.0,0.0,0.0,1,0.04783020168542862,-0.013885104097425938,-0.037860237061977386,-0.33042436838150024,-0.1526387482881546,0.931408166885376,1,0.04793237894773483,-0.08259149640798569,-0.04033590108156204,-0.33064669370651245,-0.011495907790958881,0.9436846375465393
P001,P001_S01,P001_S01_ST1TR_TR05_R01,TR05,R01,Gridworld_Anytime_Keyboard,Study 1,Gridworld,Anytime Feedback,Keyboard,1,1787856687.5937848,1787856689.5193734,2026-08-27T18:51:29.519373+00:00,1.925588607788086,548416.281,165,839196174357,1,0,0.0,0.0,0.0,0.0,0.0,0.0,1,0.04797831177711487,-0.013935398310422897,-0.037730440497398376,-0.31071850657463074,-0.16200201213359833,0.9365946054458618,1,0.0480714812874794,-0.08252798765897751,-0.040133148431777954,-0.3111305832862854,-0.0076001849956810474,0.9503368139266968
P001,P001_S01,P001_S01_ST1TR_TR05_R01,TR05,R01,Gridworld_Anytime_Keyboard,Study 1,Gridworld,Anytime Feedback,Keyboard,1,1787856687.5937848,1787856689.5293734,2026-08-27T18:51:29.529373+00:00,1.9355885982513428,548416.296,166,839196285470,1,0,0.0,0.0,0.0,0.0,0.0,0.0,1,0.04808039963245392,-0.013601027429103851,-0.03811302036046982,-0.29409608244895935,-0.1621342897415161,0.9419236183166504,1,0.04828016087412834,-0.0823335349559784,-0.03966950252652168,-0.295125275850296,-0.02134254202246666,0.9552201628684998
P001,P001_S01,P001_S01_ST1TR_TR05_R01,TR05,R01,Gridworld_Anytime_Keyboard,Study 1,Gridworld,Anytime Feedback,Keyboard,1,1787856687.5937848,1787856689.5304675,2026-08-27T18:51:29.530468+00:00,1.9366827011108398,548416.296,167,839196396582,1,1,0.04831218346953392,-0.04354897886514664,-0.03865767642855644,-0.2973899245262146,-0.0986725240945816,0.9496436715126038,1,0.04822589457035065,-0.013615292496979237,-0.03797782212495804,-0.296248197555542,-0.1615394949913025,0.9413511157035828,1,0.04842393100261688,-0.08231278508901596,-0.03953808173537254,-0.29709023237228394,-0.016670484095811844,0.9547039866447449
P001,P001_S01,P001_S01_ST1TR_TR05_R01,TR05,R01,Gridworld_Anytime_Keyboard,Study 1,Gridworld,Anytime Feedback,Keyboard,1,1787856687.5937848,1787856689.5502126,2026-08-27T18:51:29.550213+00:00,1.956427812576294,548416.312,168,839196507696,1,0,0.0,0.0,0.0,0.0,0.0,0.0,1,0.04841657727956772,-0.013731859624385834,-0.037665318697690964,-0.2780578136444092,-0.1613205373287201,0.9469210505485535,1,0.04856736585497856,-0.08235912770032883,-0.03956064209342003,-0.27792391180992126,-0.009697325527668,0.9605541825294495
P001,P001_S01,P001_S01_ST1TR_TR05_R01,TR05,R01,Gridworld_Anytime_Keyboard,Study 1,Gridworld,Anytime Feedback,Keyboard,1,1787856687.5937848,1787856689.5502126,2026-08-27T18:51:29.550213+00:00,1.956427812576294,548416.312,169,839196618808,1,0,0.0,0.0,0.0,0.0,0.0,0.0,1,0.04858948662877083,-0.013713591732084751,-0.03755897656083107,-0.2617570757865906,-0.16188398003578186,0.9514602422714233,1,0.04872385784983635,-0.08232704550027847,-0.03946324437856674,-0.26172319054603577,-0.008664142340421677,0.9651041030883789
P001,P001_S01,P001_S01_ST1TR_TR05_R01,TR05,R01,Gridworld_Anytime_Keyboard,Study 1,Gridworld,Anytime Feedback,Keyboard,1,1787856687.5937848,1787856689.5644538,2026-08-27T18:51:29.564454+00:00,1.9706690311431885,548416.328,170,839196729921,1,0,0.0,0.0,0.0,0.0,0.0,0.0,1,0.04870080575346947,-0.013441603630781174,-0.037879157811403275,-0.2629828155040741,-0.1654348224401474,0.95051109790802,1,0.04888071492314339,-0.08219292014837265,-0.03917505964636803,-0.2639530301094055,-0.027035821229219437,0.9641566276550293
P001,P001_S01,P001_S01_ST1TR_TR05_R01,TR05,R01,Gridworld_Anytime_Keyboard,Study 1,Gridworld,Anytime Feedback,Keyboard,1,1787856687.5937848,1787856689.5644538,2026-08-27T18:51:29.564454+00:00,1.9706690311431885,548416.328,171,839196841034,1,0,0.0,0.0,0.0,0.0,0.0,0.0,1,0.048829659819602966,-0.013419738970696926,-0.03782181814312935,-0.2542913556098938,-0.1677783727645874,0.9524632692337036,1,0.04904388263821602,-0.08209901303052902,-0.03896770626306534,-0.2552500367164612,-0.021599311381578445,0.9666338562965393
P001,P001_S01,P001_S01_ST1TR_TR05_R01,TR05,R01,Gridworld_Anytime_Keyboard,Study 1,Gridworld,Anytime Feedback,Keyboard,1,1787856687.5937848,1787856689.5964541,2026-08-27T18:51:29.596454+00:00,2.002669334411621,548416.359,172,839196952146,1,0,0.0,0.0,0.0,0.0,0.0,0.0,1,0.04893462732434273,-0.01338584627956152,-0.03779974579811096,-0.24128654599189758,-0.16616423428058624,0.9561223983764648,1,0.04914412274956703,-0.08211895823478699,-0.03899213671684265,-0.24230822920799255,-0.026105593889951706,0.9698480367660522
P001,P001_S01,P001_S01_ST1TR_TR05_R01,TR05,R01,Gridworld_Anytime_Keyboard,Study 1,Gridworld,Anytime Feedback,Keyboard,1,1787856687.5937848,1787856689.626454,2026-08-27T18:51:29.626454+00:00,2.0326693058013916,548416.39,173,839197063259,1,1,0.04874110966920853,-0.042396482080221176,-0.038436658680438995,-0.2731480598449707,-0.10245118290185928,0.9565008878707886,1,0.04906831309199333,-0.01330821868032217,-0.03782695531845093,-0.22691231966018677,-0.1671323925256729,0.959467351436615,1,0.04931850731372833,-0.08201470971107483,-0.03878292441368103,-0.22734901309013367,-0.02420828677713871,0.9735124707221985
P001,P001_S01,P001_S01_ST1TR_TR05_R01,TR05,R01,Gridworld_Anytime_Keyboard,Study 1,Gridworld,Anytime Feedback,Keyboard,1,1787856687.5937848,1787856689.6274617,2026-08-27T18:51:29.627462+00:00,2.033676862716675,548416.39,174,839197174372,1,0,0.0,0.0,0.0,0.0,0.0,0.0,1,0.04923165217041969,-0.013385744765400887,-0.03764208033680916,-0.21259288489818573,-0.16504669189453125,0.9631011486053467,1,0.04944080859422684,-0.08210719376802444,-0.03885852172970772,-0.21286650002002716,-0.0241385530680418,0.9767831563949585
P001,P001_S01,P001_S01_ST1TR_TR05_R01,TR05,R01,Gridworld_Anytime_Keyboard,Study 1,Gridworld,Anytime Feedback,Keyboard,1,1787856687.5937848,1787856689.6274617,2026-08-27T18:51:29.627462+00:00,2.033676862716675,548416.39,175,839197285485,1,0,0.0,0.0,0.0,0.0,0.0,0.0,1,0.04932912439107895,-0.013316048309206963,-0.03767972066998482,-0.19292467832565308,-0.16122418642044067,0.9678774476051331,1,0.049571793526411057,-0.08206460624933243,-0.038778629153966904,-0.19340308010578156,-0.023521719500422478,0.9808374047279358
P001,P001_S01,P001_S01_ST1TR_TR05_R01,TR05,R01,Gridworld_Anytime_Keyboard,Study 1,Gridworld,Anytime Feedback,Keyboard,1,1787856687.5937848,1787856689.6274617,2026-08-27T18:51:29.627462+00:00,2.033676862716675,548416.39,176,839197396598,1,0,0.0,0.0,0.0,0.0,0.0,0.0,1,0.049349263310432434,-0.013649950735270977,-0.03745386376976967,-0.18476004898548126,-0.1816345453262329,0.9658532738685608,1,0.0495905876159668,-0.08218317478895187,-0.03878301382064819,-0.18456383049488068,-0.019691187888383865,0.9826232194900513
P001,P001_S01,P001_S01_ST1TR_TR05_R01,TR05,R01,Gridworld_Anytime_Keyboard,Study 1,Gridworld,Anytime Feedback,Keyboard,1,1787856687.5937848,1787856689.6579885,2026-08-27T18:51:29.657989+00:00,2.0642037391662598,548416.421,177,839197507711,1,0,0.0,0.0,0.0,0.0,0.0,0.0,1,0.04899792745709419,-0.014176920987665653,-0.03753652423620224,-0.24825148284435272,-0.2168114334344864,0.9441207051277161,1,0.049154724925756454,-0.08305785804986954,-0.039546992629766464,-0.24954894185066223,-0.09328713268041611,0.9638583064079285
P001,P001_S01,P001_S01_ST1TR_TR05_R01,TR05,R01,Gridworld_Anytime_Keyboard,Study 1,Gridworld,Anytime Feedback,Keyboard,1,1787856687.5937848,1787856689.6579885,2026-08-27T18:51:29.657989+00:00,2.0642037391662598,548416.421,178,839197618824,1,0,0.0,0.0,0.0,0.0,0.0,0.0,1,0.04885079339146614,-0.014809582382440567,-0.037529729306697845,-0.2623315155506134,-0.2688840329647064,0.9267597198486328,1,0.048944141715765,-0.08353301882743835,-0.039756350219249725,-0.2666831612586975,-0.1282086819410324,0.9552186727523804
P001,P001_S01,P001_S01_ST1TR_TR05_R01,TR05,R01,Gridworld_Anytime_Keyboard,Study 1,Gridworld,Anytime Feedback,Keyboard,1,1787856687.5937848,1787856689.6585615,2026-08-27T18:51:29.658561+00:00,2.064776659011841,548416.421,179,839197729937,1,0,0.0,0.0,0.0,0.0,0.0,0.0,1,0.0489414818584919,-0.015237076207995415,-0.03741646558046341,-0.2570780813694,-0.30696722865104675,0.9163416028022766,1,0.049045998603105545,-0.08390381932258606,-0.03996553272008896,-0.2630895674228668,-0.16196320950984955,0.9510793089866638
P001,P001_S01,P001_S01_ST1TR_TR05_R01,TR05,R01,Gridworld_Anytime_Keyboard,Study 1,Gridworld,Anytime Feedback,Keyboard,1,1787856687.5937848,1787856689.6585615,2026-08-27T18:51:29.658561+00:00,2.064776659011841,548416.421,180,839197841050,1,1,0.049195047467947006,-0.05817275494337082,-0.0389280840754509,-0.24467843770980835,-0.21793997287750244,0.9447934627532959,1,0.04910239949822426,-0.015168014913797379,-0.03744114935398102,-0.24086247384548187,-0.3049485385417938,0.9214073419570923,1,0.04925044998526573,-0.08388670533895493,-0.039817169308662415,-0.24601002037525177,-0.16506852209568024,0.9551081657409668
P001,P001_S01,P001_S01_ST1TR_TR05_R01,TR05,R01,Gridworld_Anytime_Keyboard,Study 1,Gridworld,Anytime Feedback,Keyboard,1,1787856687.5937848,1787856689.6805658,2026-08-27T18:51:29.680566+00:00,2.0867810249328613,548416.453,181,839197952162,1,1,0.049273595213890076,-0.05817113071680069,-0.03886999562382698,-0.24278581142425537,-0.2162003219127655,0.9456810355186462,1,0.04924469441175461,-0.015045855194330215,-0.03738505393266678,-0.2357885092496872,-0.29585137963294983,0.9256758093833923,1,0.04941607639193535,-0.08383215963840485,-0.03966102749109268,-0.24050119519233704,-0.16289766132831573,0.9568821787834167
P001,P001_S01,P001_S01_ST1TR_TR05_R01,TR05,R01,Gridworld_Anytime_Keyboard,Study 1,Gridworld,Anytime Feedback,Keyboard,1,1787856687.5937848,1787856689.6984224,2026-08-27T18:51:29.698422+00:00,2.104637622833252,548416.468,182,839198063275,1,0,0.0,0.0,0.0,0.0,0.0,0.0,1,0.04937724024057388,-0.014937249012291431,-0.03742847219109535,-0.2234838902950287,-0.2920571267604828,0.929923415184021,1,0.04953964799642563,-0.08374177664518356,-0.039504215121269226,-0.22753778100013733,-0.1604871153831482,0.9604532122612
P001,P001_S01,P001_S01_ST1TR_TR05_R01,TR05,R01,Gridworld_Anytime_Keyboard,Study 1,Gridworld,Anytime Feedback,Keyboard,1,1787856687.5937848,1787856689.6994264,2026-08-27T18:51:29.699426+00:00,2.1056416034698486,548416.468,183,839198174389,1,0,0.0,0.0,0.0,0.0,0.0,0.0,1,0.04951958730816841,-0.014926859177649021,-0.03725077584385872,-0.21184228360652924,-0.28910961747169495,0.9335622191429138,1,0.049661651253700256,-0.08365694433450699,-0.039399873465299606,-0.21524499356746674,-0.14969895780086517,0.9650180339813232
P001,P001_S01,P001_S01_ST1TR_TR05_R01,TR05,R01,Gridworld_Anytime_Keyboard,Study 1,Gridworld,Anytime Feedback,Keyboard,1,1787856687.5937848,1787856689.7164266,2026-08-27T18:51:29.716427+00:00,2.1226418018341064,548416.484,184,839198285502,1,1,0.0494176410138607,-0.057710323482751846,-0.03873278945684433,-0.22993645071983337,-0.20986256003379822,0.9503088593482971,1,0.04962053894996643,-0.014948325231671333,-0.03705361485481262,-0.20362558960914612,-0.2858101725578308,0.9364022612571716,1,0.04976039007306099,-0.08362448960542679,-0.03935937583446503,-0.2068227082490921,-0.141041561961174,0.9681588411331177
P001,P001_S01,P001_S01_ST1TR_TR05_R01,TR05,R01,Gridworld_Anytime_Keyboard,Study 1,Gridworld,Anytime Feedback,Keyboard,1,1787856687.5937848,1787856689.7164266,2026-08-27T18:51:29.716427+00:00,2.1226418018341064,548416.484,185,839198396613,1,1,0.0497896783053875,-0.053361717611551285,-0.03827032819390297,-0.19620494544506073,-0.20175135135650635,0.9595832824707031,1,0.04971602186560631,-0.014847882091999054,-0.03705195337533951,-0.19422407448291779,-0.28290027379989624,0.9392786622047424,1,0.049847353249788284,-0.08351807296276093,-0.03922432288527489,-0.19679731130599976,-0.13722606003284454,0.9707933664321899
P001,P001_S01,P001_S01_ST1TR_TR05_R01,TR05,R01,Gridworld_Anytime_Keyboard,Study 1,Gridworld,Anytime Feedback,Keyboard,1,1787856687.5937848,1787856689.7302463,2026-08-27T18:51:29.730246+00:00,2.1364614963531494,548416.5,186,839198507727,1,0,0.0,0.0,0.0,0.0,0.0,0.0,1,0.04979043826460838,-0.014787509106099606,-0.03700743615627289,-0.18529245257377625,-0.2755502462387085,0.9432596564292908,1,0.04993533715605736,-0.08348765969276428,-0.039204712957143784,-0.18748538196086884,-0.13328325748443604,0.9731828570365906
P001,P001_S01,P001_S01_ST1TR_TR05_R01,TR05,R01,Gridworld_Anytime_Keyboard,Study 1,Gridworld,Anytime Feedback,Keyboard,1,1787856687.5937848,1787856689.750062,2026-08-27T18:51:29.750062+00:00,2.1562771797180176,548416.515,187,839198618839,1,1,0.04986564442515373,-0.054281093180179596,-0.03826203942298889,-0.1904371678829193,-0.19602105021476746,0.9619301557540894,1,0.0498441644012928,-0.014690300449728966,-0.03703271597623825,-0.17826896905899048,-0.2692573368549347,0.9464251399040222,1,0.05000941827893257,-0.0833868533372879,-0.03910334035754204,-0.17989015579223633,-0.126142218708992,0.9755652546882629
P001,P001_S01,P001_S01_ST1TR_TR05_R01,TR05,R01,Gridworld_Anytime_Keyboard,Study 1,Gridworld,Anytime Feedback,Keyboard,1,1787856687.5937848,1787856689.750062,2026-08-27T18:51:29.750062+00:00,2.1562771797180176,548416.515,188,839198729952,1,0,0.0,0.0,0.0,0.0,0.0,0.0,1,0.04989952966570854,-0.014644365757703781,-0.03698515146970749,-0.16979078948497772,-0.26310616731643677,0.9497084617614746,1,0.05006770044565201,-0.08332759141921997,-0.03905775025486946,-0.17115846276283264,-0.11868569999933243,0.9780687689781189
P001,P001_S01,P001_S01_ST1TR_TR05_R01,TR05,R01,Gridworld_Anytime_Keyboard,Study 1,Gridworld,Anytime Feedback,Keyboard,1,1787856687.5937848,1787856689.763996,2026-08-27T18:51:29.763996+00:00,2.17021107673645,548416.531,189,839198841066,1,1,0.04992418363690376,-0.05342668294906616,-0.038195203989744186,-0.18098312616348267,-0.1903228908777237,0.9648949503898621,1,0.04994902387261391,-0.0145845552906394,-0.03694796562194824,-0.16292482614517212,-0.2572340965270996,0.9525156617164612,1,0.05011966824531555,-0.08327782154083252,-0.03900795802474022,-0.16393239796161652,-0.1138671487569809,0.9798778295516968
P001,P001_S01,P001_S01_ST1TR_TR05_R01,TR05,R01,Gridworld_Anytime_Keyboard,Study 1,Gridworld,Anytime Feedback,Keyboard,1,1787856687.5937848,1787856689.8032193,2026-08-27T18:51:29.803219+00:00,2.2094345092773438,548416.578,190,839198952177,1,1,0.05008530989289284,-0.054011061787605286,-0.0381125845015049,-0.1609458178281784,-0.16836415231227875,0.9724968671798706,1,0.0499885194003582,-0.014493748545646667,-0.03695915639400482,-0.1598222553730011,-0.24958939850330353,0.9550716280937195,1,0.05015680566430092,-0.08320131152868271,-0.03896459564566612,-0.1610625684261322,-0.10761955380439758,0.9810590744018555
P001,P001_S01,P001_S01_ST1TR_TR05_R01,TR05,R01,Gridworld_Anytime_Keyboard,Study 1,Gridworld,Anytime Feedback,Keyboard,1,1787856687.5937848,1787856689.8032193,2026-08-27T18:51:29.803219+00:00,2.2094345092773438,548416.578,191,839199063291,1,1,0.05010024458169937,-0.05496087670326233,-0.03812725841999054,-0.15934592485427856,-0.16559763252735138,0.9732350707054138,1,0.05001495033502579,-0.014458025805652142,-0.03691421076655388,-0.1555124819278717,-0.24566683173179626,0.9567986726760864,1,0.05018109083175659,-0.08316498249769211,-0.0389491505920887,-0.15628844499588013,-0.10376793146133423,0.9822455048561096
P001,P001_S01,P001_S01_ST1TR_TR05_R01,TR05,R01,Gridworld_Anytime_Keyboard,Study 1,Gridworld,Anytime Feedback,Keyboard,1,1787856687.5937848,1787856689.8032193,2026-08-27T18:51:29.803219+00:00,2.2094345092773438,548416.578,192,839199174402,1,1,0.05011122673749924,-0.05470120161771774,-0.03810129687190056,-0.15727438032627106,-0.1625405102968216,0.9740870594978333,1,0.05004146322607994,-0.014418122358620167,-0.03688441962003708,-0.15293927490711212,-0.24051658809185028,0.9585203528404236,1,0.05019988864660263,-0.08309850096702576,-0.03889653831720352,-0.15333060920238495,-0.09574826806783676,0.9835253357887268
P001,P001_S01,P001_S01_ST1TR_TR05_R01,TR05,R01,Gridworld_Anytime_Keyboard,Study 1,Gridworld,Anytime Feedback,Keyboard,1,1787856687.5937848,1787856689.8332179,2026-08-27T18:51:29.833218+00:00,2.2394330501556396,548416.609,193,839199285516,1,1,0.05012314021587372,-0.05430777370929718,-0.038073502480983734,-0.15446384251117706,-0.15906497836112976,0.9751099348068237,1,0.050062231719493866,-0.014368275180459023,-0.036880671977996826,-0.1491326242685318,-0.235354945063591,0.9603996872901917,1,0.05023347586393356,-0.08303439617156982,-0.03884616866707802,-0.14919021725654602,-0.08895134180784225,0.9847993850708008
P001,P001_S01,P001_S01_ST1TR_TR05_R01,TR05,R01,Gridworld_Anytime_Keyboard,Study 1,Gridworld,Anytime Feedback,Keyboard,1,1787856687.5937848,1787856689.8332179,2026-08-27T18:51:29.833218+00:00,2.2394330501556396,548416.609,194,839199396630,1,0,0.0,0.0,0.0,0.0,0.0,0.0,1,0.05005667731165886,-0.014273197390139103,-0.036923959851264954,-0.14493274688720703,-0.22864128649234772,0.9626616835594177,1,0.050233934074640274,-0.08294754475355148,-0.03876793757081032,-0.14473341405391693,-0.08290838450193405,0.9859910607337952
P001,P001_S01,P001_S01_ST1TR_TR05_R01,TR05,R01,Gridworld_Anytime_Keyboard,Study 1,Gridworld,Anytime Feedback,Keyboard,1,1787856687.5937848,1787856689.8647363,2026-08-27T18:51:29.864736+00:00,2.270951509475708,548416.64,195,839199507743,1,1,0.05013050511479378,-0.053847599774599075,-0.0380462221801281,-0.14990346133708954,-0.1539071947336197,0.976648211479187,1,0.05004746839404106,-0.014202849008142948,-0.03698001056909561,-0.14180324971675873,-0.22490648925304413,0.9640066623687744,1,0.050251830369234085,-0.08288110792636871,-0.038718774914741516,-0.1414591670036316,-0.07927918434143066,0.9867644906044006
P001,P001_S01,P001_S01_ST1TR_TR05_R01,TR05,R01,Gridworld_Anytime_Keyboard,Study 1,Gridworld,Anytime Feedback,Keyboard,1,1787856687.5937848,1787856689.8647363,2026-08-27T18:51:29.864736+00:00,2.270951509475708,548416.64,196,839199618855,1,1,0.05017022415995598,-0.05614222586154938,-0.03804117441177368,-0.14006108045578003,-0.13272593915462494,0.9812067747116089,1,0.05004081502556801,-0.014107645489275455,-0.037052758038043976,-0.1397136151790619,-0.2199976146221161,0.9654434323310852,1,0.05025232955813408,-0.08281189203262329,-0.03866829723119736,-0.13971059024333954,-0.07681374251842499,0.9872085452079773
P001,P001_S01,P001_S01_ST1TR_TR05_R01,TR05,R01,Gridworld_Anytime_Keyboard,Study 1,Gridworld,Anytime Feedback,Keyboard,1,1787856687.5937848,1787856689.8647363,2026-08-27T18:51:29.864736+00:00,2.270951509475708,548416.64,197,839199729968,1,1,0.05016666278243065,-0.05565006285905838,-0.03802856057882309,-0.1403719186782837,-0.13254806399345398,0.9811865091323853,1,0.050036825239658356,-0.014087008312344551,-0.037019532173871994,-0.14048758149147034,-0.21756385266780853,0.9658825993537903,1,0.05024806410074234,-0.08278867602348328,-0.038686297833919525,-0.14066360890865326,-0.0742412656545639,0.9872699975967407
P001,P001_S01,P001_S01_ST1TR_TR05_R01,TR05,R01,Gridworld_Anytime_Keyboard,Study 1,Gridworld,Anytime Feedback,Keyboard,1,1787856687.5937848,1787856689.8647363,2026-08-27T18:51:29.864736+00:00,2.270951509475708,548416.64,198,839199841081,1,1,0.05016148090362549,-0.055289480835199356,-0.03801455721259117,-0.14078602194786072,-0.13152039051055908,0.9812654256820679,1,0.05002541467547417,-0.01408446580171585,-0.036970704793930054,-0.14115186035633087,-0.21568721532821655,0.9662064909934998,1,0.05023863539099693,-0.08275429904460907,-0.03869381919503212,-0.14114804565906525,-0.06912683695554733,0.987572193145752
P001,P001_S01,P001_S01_ST1TR_TR05_R01,TR05,R01,Gridworld_Anytime_Keyboard,Study 1,Gridworld,Anytime Feedback,Keyboard,1,1787856687.5937848,1787856689.8798702,2026-08-27T18:51:29.879870+00:00,2.286085367202759,548416.656,199,839199952193,1,1,0.050151240080595016,-0.05376288294792175,-0.037975408136844635,-0.14206553995609283,-0.1329767107963562,0.9808846116065979,1,0.050007954239845276,-0.014044402167201042,-0.036954279989004135,-0.14409449696540833,-0.2086115926504135,0.9673251509666443,1,0.05022801458835602,-0.08274371922016144,-0.03872106969356537,-0.14390480518341064,-0.06554766744375229,0.9874183535575867
P001,P001_S01,P001_S01_ST1TR_TR05_R01,TR05,R01,Gridworld_Anytime_Keyboard,Study 1,Gridworld,Anytime Feedback,Keyboard,1,1787856687.5937848,1787856689.88187,2026-08-27T18:51:29.881870+00:00,2.2880852222442627,548416.656,200,839200063306,1,0,0.0,0.0,0.0,0.0,0.0,0.0,1,0.05002715438604355,-0.014125162735581398,-0.037058282643556595,-0.1401260793209076,-0.22345761954784393,0.9645887017250061,1,0.05026056244969368,-0.08277835696935654,-0.03868776187300682,-0.1402750313282013,-0.07506785541772842,0.9872628450393677
P001,P001_S01,P001_S01_ST1TR_TR05_R01,TR05,R01,Gridworld_Anytime_Keyboard,Study 1,Gridworld,Anytime Feedback,Keyboard,1,1787856687.5937848,1787856689.8938699,2026-08-27T18:51:29.893870+00:00,2.3000850677490234,548416.656,201,839200174419,1,1,0.05018089711666107,-0.04715695232152939,-0.03785515949130058,-0.13042593002319336,-0.17117604613304138,0.976569414138794,1,0.050086695700883865,-0.014347578398883343,-0.03695876896381378,-0.13009776175022125,-0.24074473977088928,0.9618299007415771,1,0.05028383806347847,-0.08300918340682983,-0.03883468732237816,-0.13003021478652954,-0.09416553378105164,0.9870284795761108
P001,P001_S01,P001_S01_ST1TR_TR05_R01,TR05,R01,Gridworld_Anytime_Keyboard,Study 1,Gridworld,Anytime Feedback,Keyboard,1,1787856687.5937848,1787856689.9095607,2026-08-27T18:51:29.909561+00:00,2.3157758712768555,548416.671,202,839200285532,1,1,0.05016695335507393,-0.047340501099824905,-0.037857525050640106,-0.13303354382514954,-0.16682562232017517,0.9769704937934875,1,0.050038255751132965,-0.014230698347091675,-0.03702098876237869,-0.13750328123569489,-0.2283221334218979,0.9638267159461975,1,0.05027500540018082,-0.08291586488485336,-0.03875167295336723,-0.1374928206205368,-0.08388533443212509,0.9869442582130432
P001,P001_S01,P001_S01_ST1TR_TR05_R01,TR05,R01,Gridworld_Anytime_Keyboard,Study 1,Gridworld,Anytime Feedback,Keyboard,1,1787856687.5937848,1787856689.9295516,2026-08-27T18:51:29.929552+00:00,2.3357667922973633,548416.703,203,839200396645,1,1,0.050158750265836716,-0.04771582782268524,-0.03787192329764366,-0.1351219266653061,-0.16333964467048645,0.9772728681564331,1,0.050026100128889084,-0.014165823347866535,-0.03706029802560806,-0.13822215795516968,-0.2256397157907486,0.9643554091453552,1,0.050259072333574295,-0.082914337515831,-0.03874475881457329,-0.13860821723937988,-0.08782566338777542,0.986445426940918
P001,P001_S01,P001_S01_ST1TR_TR05_R01,TR05,R01,Gridworld_Anytime_Keyboard,Study 1,Gridworld,Anytime Feedback,Keyboard,1,1787856687.5937848,1787856689.931551,2026-08-27T18:51:29.931551+00:00,2.337766170501709,548416.703,204,839200508761,1,1,0.050156012177467346,-0.0482996366918087,-0.037887733429670334,-0.13558271527290344,-0.15963463485240936,0.9778212308883667,1,0.05002133548259735,-0.014150604605674744,-0.03708488121628761,-0.13562346994876862,-0.22596077620983124,0.9646491408348083,1,0.050263453274965286,-0.08288480341434479,-0.03871279954910278,-0.13571564853191376,-0.08641418814659119,0.9869720935821533
P001,P001_S01,P001_S01_ST1TR_TR05_R01,TR05,R01,Gridworld_Anytime_Keyboard,Study 1,Gridworld,Anytime Feedback,Keyboard,1,1787856687.5937848,1787856689.9536848,2026-08-27T18:51:29.953685+00:00,2.3598999977111816,548416.718,205,839200662651,1,1,0.050152573734521866,-0.04906171187758446,-0.03790464997291565,-0.1372213214635849,-0.15410414338111877,0.9784796237945557,1,0.05000076815485954,-0.014130744151771069,-0.03708198294043541,-0.13945385813713074,-0.2230202853679657,0.9647872447967529,1,0.05025055259466171,-0.08284160494804382,-0.03869275748729706,-0.13945060968399048,-0.08090721815824509,0.9869182705879211
P001,P001_S01,P001_S01_ST1TR_TR05_R01,TR05,R01,Gridworld_Anytime_Keyboard,Study 1,Gridworld,Anytime Feedback,Keyboard,1,1787856687.5937848,1787856689.9536848,2026-08-27T18:51:29.953685+00:00,2.3598999977111816,548416.718,206,839200769540,1,1,0.05014979466795921,-0.049524616450071335,-0.037913452833890915,-0.13813258707523346,-0.15011829137802124,0.9789708852767944,1,0.049997810274362564,-0.014120139181613922,-0.037077564746141434,-0.13879233598709106,-0.2224511355161667,0.9650141000747681,1,0.050249312072992325,-0.08282101899385452,-0.03868018463253975,-0.1389612853527069,-0.07922904193401337,0.9871233701705933
P001,P001_S01,P001_S01_ST1TR_TR05_R01,TR05,R01,Gridworld_Anytime_Keyboard,Study 1,Gridworld,Anytime Feedback,Keyboard,1,1787856687.5937848,1787856689.980257,2026-08-27T18:51:29.980257+00:00,2.386472225189209,548416.75,207,839200880170,1,1,0.050146620720624924,-0.04969875141978264,-0.03791546821594238,-0.13822691142559052,-0.1488705575466156,0.9791481494903564,1,0.049993567168712616,-0.014124622568488121,-0.037070680409669876,-0.13698500394821167,-0.2247096449136734,0.9647490382194519,1,0.05024496465921402,-0.08281996101140976,-0.03867816925048828,-0.13778026401996613,-0.08069151639938354,0.9871704578399658
P001,P001_S01,P001_S01_ST1TR_TR05_R01,TR05,R01,Gridworld_Anytime_Keyboard,Study 1,Gridworld,Anytime Feedback,Keyboard,1,1787856687.5937848,1787856689.980257,2026-08-27T18:51:29.980257+00:00,2.386472225189209,548416.75,208,839200991284,1,1,0.050141699612140656,-0.04956507682800293,-0.03790932521224022,-0.13873006403446198,-0.14850738644599915,0.9791320562362671,1,0.04997510462999344,-0.014104864560067654,-0.03706197813153267,-0.13841916620731354,-0.22195066511631012,0.9651828408241272,1,0.05023801699280739,-0.08279284834861755,-0.03866230323910713,-0.13895052671432495,-0.077284075319767,0.9872790575027466
P001,P001_S01,P001_S01_ST1TR_TR05_R01,TR05,R01,Gridworld_Anytime_Keyboard,Study 1,Gridworld,Anytime Feedback,Keyboard,1,1787856687.5937848,1787856689.9981935,2026-08-27T18:51:29.998194+00:00,2.4044086933135986,548416.765,209,839201102396,1,1,0.050138186663389206,-0.04962782561779022,-0.037907008081674576,-0.13848896324634552,-0.14683519303798676,0.9794183969497681,1,0.04996775463223457,-0.014103392139077187,-0.0370454415678978,-0.13681045174598694,-0.22155533730983734,0.9655029773712158,1,0.05023909732699394,-0.082781583070755,-0.038652513176202774,-0.13725952804088593,-0.0757751390337944,0.9876325130462646
P001,P001_S01,P001_S01_ST1TR_TR05_R01,TR05,R01,Gridworld_Anytime_Keyboard,Study 1,Gridworld,Anytime Feedback,Keyboard,1,1787856687.5937848,1787856689.9981935,2026-08-27T18:51:29.998194+00:00,2.4044086933135986,548416.765,210,839201213509,1,1,0.050134167075157166,-0.04966127127408981,-0.037904247641563416,-0.13841234147548676,-0.14557667076587677,0.9796170592308044,1,0.049955472350120544,-0.014121637679636478,-0.037007369101047516,-0.137140691280365,-0.22056183218955994,0.9656835794448853,1,0.05022859945893288,-0.08279997110366821,-0.03867829963564873,-0.13750329613685608,-0.07512681931257248,0.9876481890678406
P001,P001_S01,P001_S01_ST1TR_TR05_R01,TR05,R01,Gridworld_Anytime_Keyboard,Study 1,Gridworld,Anytime Feedback,Keyboard,1,1787856687.5937848,1787856690.02132,2026-08-27T18:51:30.021320+00:00,2.42753529548645,548416.796,211,839201324623,1,1,0.050126057118177414,-0.05015880614519119,-0.0379117913544178,-0.13882650434970856,-0.1430160403251648,0.9799357056617737,1,0.04994850233197212,-0.014126759022474289,-0.03699258714914322,-0.1386154443025589,-0.22037389874458313,0.9655159711837769,1,0.050221849232912064,-0.08280210942029953,-0.038687609136104584,-0.13874827325344086,-0.07464578747749329,0.9875104427337646
P001,P001_S01,P001_S01_ST1TR_TR05_R01,TR05,R01,Gridworld_Anytime_Keyboard,Study 1,Gridworld,Anytime Feedback,Keyboard,1,1787856687.5937848,1787856690.02132,2026-08-27T18:51:30.021320+00:00,2.42753529548645,548416.796,212,839201435735,1,0,0.0,0.0,0.0,0.0,0.0,0.0,1,0.049946390092372894,-0.014132431708276272,-0.03697600215673447,-0.13935601711273193,-0.22006669640541077,0.9654794931411743,1,0.05022194981575012,-0.08280202001333237,-0.038689639419317245,-0.13967686891555786,-0.07366211712360382,0.9874534606933594
P001,P001_S01,P001_S01_ST1TR_TR05_R01,TR05,R01,Gridworld_Anytime_Keyboard,Study 1,Gridworld,Anytime Feedback,Keyboard,1,1787856687.5937848,1787856690.0333197,2026-08-27T18:51:30.033320+00:00,2.439534902572632,548416.796,213,839201546848,1,1,0.050122182816267014,-0.05096840113401413,-0.037926629185676575,-0.13904552161693573,-0.13841895759105682,0.9805644750595093,1,0.049949128180742264,-0.014131110161542892,-0.0369679257273674,-0.13831891119480133,-0.2196866124868393,0.9657150506973267,1,0.050222449004650116,-0.08280455321073532,-0.03868992626667023,-0.13868874311447144,-0.0737558975815773,0.9875856637954712
P001,P001_S01,P001_S01_ST1TR_TR05_R01,TR05,R01,Gridworld_Anytime_Keyboard,Study 1,Gridworld,Anytime Feedback,Keyboard,1,1787856687.5937848,1787856690.0509365,2026-08-27T18:51:30.050936+00:00,2.4571516513824463,548416.828,214,839201657960,1,1,0.05011734738945961,-0.05127611756324768,-0.037926334887742996,-0.13963666558265686,-0.13770326972007751,0.9805812239646912,1,0.049939289689064026,-0.014118403196334839,-0.03696471452713013,-0.139717236161232,-0.21758809685707092,0.9659888744354248,1,0.05022318288683891,-0.08279675990343094,-0.038677018135786057,-0.13991157710552216,-0.07212547212839127,0.9875336289405823
P001,P001_S01,P001_S01_ST1TR_TR05_R01,TR05,R01,Gridworld_Anytime_Keyboard,Study 1,Gridworld,Anytime Feedback,Keyboard,1,1787856687.5937848,1787856690.0509365,2026-08-27T18:51:30.050936+00:00,2.4571516513824463,548416.828,215,839201769075,1,1,0.050112251192331314,-0.05151823163032532,-0.03792419657111168,-0.14030501246452332,-0.13734368979930878,0.9805362224578857,1,0.04994191229343414,-0.014147614128887653,-0.03694050759077072,-0.14032654464244843,-0.22103598713874817,0.965117335319519,1,0.05021952465176582,-0.08280452340841293,-0.038684021681547165,-0.14080670475959778,-0.07328739017248154,0.9873207807540894
P001,P001_S01,P001_S01_ST1TR_TR05_R01,TR05,R01,Gridworld_Anytime_Keyboard,Study 1,Gridworld,Anytime Feedback,Keyboard,1,1787856687.5937848,1787856690.0663135,2026-08-27T18:51:30.066314+00:00,2.4725286960601807,548416.828,216,839201880187,1,1,0.05010709911584854,-0.051440004259347916,-0.03791499510407448,-0.14075735211372375,-0.13784217834472656,0.9804014563560486,1,0.04993494972586632,-0.014142025262117386,-0.036934994161129,-0.14046379923820496,-0.22016336023807526,0.9652968645095825,1,0.050216250121593475,-0.08280691504478455,-0.038680605590343475,-0.14073890447616577,-0.07319004088640213,0.9873377680778503
P001,P001_S01,P001_S01_ST1TR_TR05_R01,TR05,R01,Gridworld_Anytime_Keyboard,Study 1,Gridworld,Anytime Feedback,Keyboard,1,1787856687.5937848,1787856690.081314,2026-08-27T18:51:30.081314+00:00,2.4875292778015137,548416.843,217,839201991301,1,1,0.050100479274988174,-0.05103493109345436,-0.03789827600121498,-0.14055487513542175,-0.14051492512226105,0.9800509810447693,1,0.04993217810988426,-0.014131068252027035,-0.036932505667209625,-0.13908900320529938,-0.21788348257541656,0.9660129547119141,1,0.05021281912922859,-0.08281838148832321,-0.0386829636991024,-0.13929973542690277,-0.07345718890428543,0.9875220060348511
P001,P001_S01,P001_S01_ST1TR_TR05_R01,TR05,R01,Gridworld_Anytime_Keyboard,Study 1,Gridworld,Anytime Feedback,Keyboard,1,1787856687.5937848,1787856690.1006305,2026-08-27T18:51:30.100631+00:00,2.506845712661743,548416.875,218,839202102411,1,1,0.050097137689590454,-0.05120024085044861,-0.03789506480097771,-0.14005210995674133,-0.13864107429981232,0.9803898334503174,1,0.049931976944208145,-0.01413163635879755,-0.03693294897675514,-0.13799215853214264,-0.21836747229099274,0.9660609364509583,1,0.05022299289703369,-0.08279533684253693,-0.03866010531783104,-0.13832876086235046,-0.07140958309173584,0.9878085851669312
P001,P001_S01,P001_S01_ST1TR_TR05_R01,TR05,R01,Gridworld_Anytime_Keyboard,Study 1,Gridworld,Anytime Feedback,Keyboard,1,1787856687.5937848,1787856690.1006305,2026-08-27T18:51:30.100631+00:00,2.506845712661743,548416.875,219,839202213525,1,1,0.05009322986006737,-0.05117102339863777,-0.0378873236477375,-0.13986149430274963,-0.14026352763175964,0.9801862239837646,1,0.049924612045288086,-0.014126114547252655,-0.03693379834294319,-0.13850705325603485,-0.2178114503622055,0.9661127924919128,1,0.05021275207400322,-0.08279170095920563,-0.03865016996860504,-0.1387666016817093,-0.0709628313779831,0.9877793788909912
P001,P001_S01,P001_S01_ST1TR_TR05_R01,TR05,R01,Gridworld_Anytime_Keyboard,Study 1,Gridworld,Anytime Feedback,Keyboard,1,1787856687.5937848,1787856690.115798,2026-08-27T18:51:30.115798+00:00,2.5220131874084473,548416.89,220,839202324638,1,1,0.05008857324719429,-0.051035087555646896,-0.037879008799791336,-0.1397697627544403,-0.14090631902217865,0.9801071286201477,1,0.04991643875837326,-0.01410979125648737,-0.036946676671504974,-0.1386522501707077,-0.2166709452867508,0.96634840965271,1,0.05020793899893761,-0.08278797566890717,-0.038647957146167755,-0.138901948928833,-0.07118016481399536,0.9877448081970215
P001,P001_S01,P001_S01_ST1TR_TR05_R01,TR05,R01,Gridworld_Anytime_Keyboard,Study 1,Gridworld,Anytime Feedback,Keyboard,1,1787856687.5937848,1787856690.148804,2026-08-27T18:51:30.148804+00:00,2.5550191402435303,548416.921,221,839202435751,1,1,0.05008349567651749,-0.050773974508047104,-0.037869643419981,-0.1398267149925232,-0.1420070230960846,0.9799401164054871,1,0.049898698925971985,-0.014064345508813858,-0.036989711225032806,-0.13907015323638916,-0.21372586488723755,0.9669439792633057,1,0.05020531639456749,-0.08277913182973862,-0.03863297402858734,-0.13925610482692719,-0.07200583070516586,0.98763507604599
P001,P001_S01,P001_S01_ST1TR_TR05_R01,TR05,R01,Gridworld_Anytime_Keyboard,Study 1,Gridworld,Anytime Feedback,Keyboard,1,1787856687.5937848,1787856690.148804,2026-08-27T18:51:30.148804+00:00,2.5550191402435303,548416.921,222,839202546864,1,1,0.05007822811603546,-0.05035003647208214,-0.03785662353038788,-0.13963545858860016,-0.1425112932920456,0.9798941612243652,1,0.04989787936210632,-0.01406850479543209,-0.03698762133717537,-0.1383121907711029,-0.21414436399936676,0.9669601917266846,1,0.05020102486014366,-0.08278195559978485,-0.038638826459646225,-0.1387435495853424,-0.07225710153579712,0.9876887798309326
P001,P001_S01,P001_S01_ST1TR_TR05_R01,TR05,R01,Gridworld_Anytime_Keyboard,Study 1,Gridworld,Anytime Feedback,Keyboard,1,1787856687.5937848,1787856690.1498053,2026-08-27T18:51:30.149805+00:00,2.556020498275757,548416.921,223,839202657977,1,1,0.05007230117917061,-0.049961671233177185,-0.03784589469432831,-0.14019252359867096,-0.14022687077522278,0.980144202709198,1,0.04988778382539749,-0.014068069867789745,-0.03698519244790077,-0.14016969501972198,-0.21401219069957733,0.9667218923568726,1,0.05019277334213257,-0.08278907835483551,-0.03865590691566467,-0.14079266786575317,-0.07306628674268723,0.9873393177986145
P001,P001_S01,P001_S01_ST1TR_TR05_R01,TR05,R01,Gridworld_Anytime_Keyboard,Study 1,Gridworld,Anytime Feedback,Keyboard,1,1787856687.5937848,1787856690.1793125,2026-08-27T18:51:30.179312+00:00,2.5855276584625244,548416.953,224,839202769089,1,1,0.050067365169525146,-0.04990324750542641,-0.03784390538930893,-0.14014685153961182,-0.13911215960979462,0.9803094863891602,1,0.04988076910376549,-0.014066843315958977,-0.03698739409446716,-0.13898630440235138,-0.21433359384536743,0.9668214917182922,1,0.050185948610305786,-0.08277604728937149,-0.03864588215947151,-0.1395873725414276,-0.07209333777427673,0.9875818490982056
P001,P001_S01,P001_S01_ST1TR_TR05_R01,TR05,R01,Gridworld_Anytime_Keyboard,Study 1,Gridworld,Anytime Feedback,Keyboard,1,1787856687.5937848,1787856690.1793125,2026-08-27T18:51:30.179312+00:00,2.5855276584625244,548416.953,225,839202880201,1,0,0.0,0.0,0.0,0.0,0.0,0.0,1,0.04986700415611267,-0.014060736633837223,-0.036997240036726,-0.14051418006420135,-0.21448929607868195,0.9665660858154297,1,0.05017843469977379,-0.0827689990401268,-0.038636110723018646,-0.14120425283908844,-0.07231605798006058,0.9873355627059937
P001,P001_S01,P001_S01_ST1TR_TR05_R01,TR05,R01,Gridworld_Anytime_Keyboard,Study 1,Gridworld,Anytime Feedback,Keyboard,1,1787856687.5937848,1787856690.2093203,2026-08-27T18:51:30.209320+00:00,2.6155354976654053,548416.984,226,839202991316,1,1,0.05005769431591034,-0.04920833557844162,-0.03782784566283226,-0.14086464047431946,-0.1420600861310959,0.9797837138175964,1,0.04985806345939636,-0.014045719988644123,-0.03701093792915344,-0.14114652574062347,-0.21323063969612122,0.9667524099349976,1,0.050168246030807495,-0.08276110142469406,-0.0386311300098896,-0.14183790981769562,-0.07184825092554092,0.9872789978981018
P001,P001_S01,P001_S01_ST1TR_TR05_R01,TR05,R01,Gridworld_Anytime_Keyboard,Study 1,Gridworld,Anytime Feedback,Keyboard,1,1787856687.5937848,1787856690.2103124,2026-08-27T18:51:30.210312+00:00,2.616527557373047,548416.984,227,839203102427,1,1,0.05004892498254776,-0.04876672849059105,-0.03781866282224655,-0.1415557861328125,-0.14331576228141785,0.9795013666152954,1,0.04985005781054497,-0.01404767669737339,-0.03701164573431015,-0.14178566634655,-0.21376366913318634,0.9665411710739136,1,0.05016274377703667,-0.08276523649692535,-0.038635995239019394,-0.14235468208789825,-0.07258855551481247,0.9871504306793213
P001,P001_S01,P001_S01_ST1TR_TR05_R01,TR05,R01,Gridworld_Anytime_Keyboard,Study 1,Gridworld,Anytime Feedback,Keyboard,1,1787856687.5937848,1787856690.2103124,2026-08-27T18:51:30.210312+00:00,2.616527557373047,548416.984,228,839203213542,1,1,0.050041280686855316,-0.048727888613939285,-0.03782012686133385,-0.1423800140619278,-0.14353999495506287,0.9793490171432495,1,0.04984434321522713,-0.014036696404218674,-0.037014465779066086,-0.14273366332054138,-0.21219733357429504,0.9667468070983887,1,0.050151143223047256,-0.08276809006929398,-0.03864290192723274,-0.14347118139266968,-0.07253649830818176,0.9869926571846008
P001,P001_S01,P001_S01_ST1TR_TR05_R01,TR05,R01,Gridworld_Anytime_Keyboard,Study 1,Gridworld,Anytime Feedback,Keyboard,1,1787856687.5937848,1787856690.2193143,2026-08-27T18:51:30.219314+00:00,2.6255295276641846,548416.984,229,839203324653,1,1,0.05002956837415695,-0.048140402883291245,-0.037809502333402634,-0.1435324251651764,-0.14403469860553741,0.9791080355644226,1,0.04982936009764671,-0.01402981486171484,-0.037020858377218246,-0.14454703032970428,-0.21124152839183807,0.9666866064071655,1,0.05014166235923767,-0.08276312798261642,-0.03864625096321106,-0.1450773924589157,-0.07183221727609634,0.9868094325065613
P001,P001_S01,P001_S01_ST1TR_TR05_R01,TR05,R01,Gridworld_Anytime_Keyboard,Study 1,Gridworld,Anytime Feedback,Keyboard,1,1787856687.5937848,1787856690.2203135,2026-08-27T18:51:30.220314+00:00,2.626528739929199,548416.984,230,839203435766,1,1,0.05001823231577873,-0.04778778553009033,-0.03780635818839073,-0.14476792514324188,-0.14561498165130615,0.978692352771759,1,0.049819108098745346,-0.014032816514372826,-0.03701861947774887,-0.1458491086959839,-0.21097442507743835,0.9665493965148926,1,0.05012228339910507,-0.08277120441198349,-0.03866874799132347,-0.14642776548862457,-0.07222611457109451,0.9865811467170715
P001,P001_S01,P001_S01_ST1TR_TR05_R01,TR05,R01,Gridworld_Anytime_Keyboard,Study 1,Gridworld,Anytime Feedback,Keyboard,1,1787856687.5937848,1787856690.2379818,2026-08-27T18:51:30.237982+00:00,2.6441969871520996,548417.0,231,839203546879,1,1,0.050007306039333344,-0.047604937106370926,-0.03780629485845566,-0.14549493789672852,-0.14515794813632965,0.9786523580551147,1,0.04980669170618057,-0.014035820960998535,-0.0370173417031765,-0.14566853642463684,-0.21142029762268066,0.9664791822433472,1,0.05011493340134621,-0.08276362717151642,-0.03866168484091759,-0.14594128727912903,-0.07150789350271225,0.9867056012153625
P001,P001_S01,P001_S01_ST1TR_TR05_R01,TR05,R01,Gridworld_Anytime_Keyboard,Study 1,Gridworld,Anytime Feedback,Keyboard,1,1787856687.5937848,1787856690.258422,2026-08-27T18:51:30.258422+00:00,2.6646370887756348,548417.031,232,839203657992,1,1,0.049996279180049896,-0.04758843407034874,-0.037809062749147415,-0.1466847062110901,-0.1448788046836853,0.9785162210464478,1,0.04979025572538376,-0.014025487005710602,-0.03702694550156593,-0.1475778967142105,-0.21141991019248962,0.9661895632743835,1,0.05009438097476959,-0.08276531100273132,-0.038657259196043015,-0.1480710357427597,-0.07271291315555573,0.9863000512123108
P001,P001_S01,P001_S01_ST1TR_TR05_R01,TR05,R01,Gridworld_Anytime_Keyboard,Study 1,Gridworld,Anytime Feedback,Keyboard,1,1787856687.5937848,1787856690.258422,2026-08-27T18:51:30.258422+00:00,2.6646370887756348,548417.031,233,839203769105,1,1,0.04998344928026199,-0.04741021990776062,-0.03780858963727951,-0.14815109968185425,-0.14503847062587738,0.9782716035842896,1,0.049772489815950394,-0.014027531258761883,-0.0370229110121727,-0.14950165152549744,-0.20971304178237915,0.966265857219696,1,0.05008601024746895,-0.08277640491724014,-0.03867880254983902,-0.14997686445713043,-0.07208635658025742,0.9860581755638123
P001,P001_S01,P001_S01_ST1TR_TR05_R01,TR05,R01,Gridworld_Anytime_Keyboard,Study 1,Gridworld,Anytime Feedback,Keyboard,1,1787856687.5937848,1787856690.2799332,2026-08-27T18:51:30.279933+00:00,2.6861484050750732,548417.046,234,839203880218,1,1,0.04996790364384651,-0.04679027199745178,-0.037796907126903534,-0.14989030361175537,-0.14543679356575012,0.977947473526001,1,0.049751266837120056,-0.014024615287780762,-0.03703029081225395,-0.1515960544347763,-0.20942199230194092,0.9660025835037231,1,0.05007466301321983,-0.08277218788862228,-0.038674935698509216,-0.15218859910964966,-0.07168430089950562,0.9857484698295593
P001,P001_S01,P001_S01_ST1TR_TR05_R01,TR05,R01,Gridworld_Anytime_Keyboard,Study 1,Gridworld,Anytime Feedback,Keyboard,1,1787856687.5937848,1787856690.2799332,2026-08-27T18:51:30.279933+00:00,2.6861484050750732,548417.046,235,839203991331,1,1,0.04995150491595268,-0.04626133665442467,-0.03778885677456856,-0.15213090181350708,-0.14566004276275635,0.9775680899620056,1,0.049730706959962845,-0.014023463241755962,-0.037033017724752426,-0.1545795351266861,-0.2088899314403534,0.965644896030426,1,0.05005650222301483,-0.08278393745422363,-0.038693804293870926,-0.15532344579696655,-0.07253005355596542,0.9851974248886108
P001,P001_S01,P001_S01_ST1TR_TR05_R01,TR05,R01,Gridworld_Anytime_Keyboard,Study 1,Gridworld,Anytime Feedback,Keyboard,1,1787856687.5937848,1787856690.2989933,2026-08-27T18:51:30.298993+00:00,2.7052085399627686,548417.062,236,839204102444,1,1,0.04993687942624092,-0.04622425138950348,-0.03779323026537895,-0.15413767099380493,-0.14614658057689667,0.977181077003479,1,0.04971202835440636,-0.014039184898138046,-0.03700887784361839,-0.15591645240783691,-0.2077275812625885,0.9656807780265808,1,0.05002562329173088,-0.08281826972961426,-0.03875083476305008,-0.15686844289302826,-0.07365172356367111,0.9848694801330566
P001,P001_S01,P001_S01_ST1TR_TR05_R01,TR05,R01,Gridworld_Anytime_Keyboard,Study 1,Gridworld,Anytime Feedback,Keyboard,1,1787856687.5937848,1787856690.3013573,2026-08-27T18:51:30.301357+00:00,2.7075724601745605,548417.078,237,839204213557,1,1,0.04992230236530304,-0.04626687988638878,-0.037800535559654236,-0.1559223085641861,-0.14548298716545105,0.9769969582557678,1,0.049700234085321426,-0.014053313061594963,-0.03700387477874756,-0.1572287678718567,-0.20921604335308075,0.965146541595459,1,0.05001762509346008,-0.08282938599586487,-0.0387759730219841,-0.1579637974500656,-0.07490894198417664,0.9845995306968689
P001,P001_S01,P001_S01_ST1TR_TR05_R01,TR05,R01,Gridworld_Anytime_Keyboard,Study 1,Gridworld,Anytime Feedback,Keyboard,1,1787856687.5937848,1787856690.3143563,2026-08-27T18:51:30.314356+00:00,2.720571517944336,548417.078,238,839204324669,1,1,0.04990782216191292,-0.04658409208059311,-0.037814974784851074,-0.1583070009946823,-0.1424769163131714,0.9770564436912537,1,0.04968244954943657,-0.014060051180422306,-0.03699924796819687,-0.1605827659368515,-0.20886917412281036,0.9646692276000977,1,0.049995094537734985,-0.08282588422298431,-0.038788653910160065,-0.16130363941192627,-0.07335495948791504,0.984174907207489
P001,P001_S01,P001_S01_ST1TR_TR05_R01,TR05,R01,Gridworld_Anytime_Keyboard,Study 1,Gridworld,Anytime Feedback,Keyboard,1,1787856687.5937848,1787856690.3311229,2026-08-27T18:51:30.331123+00:00,2.737338066101074,548417.093,239,839204435782,1,0,0.0,0.0,0.0,0.0,0.0,0.0,1,0.04965243488550186,-0.014089008793234825,-0.036968979984521866,-0.16543777287006378,-0.2086898237466812,0.9638873338699341,1,0.04994965344667435,-0.08284951746463776,-0.03882212936878204,-0.16590619087219238,-0.07230651378631592,0.9834871292114258
P001,P001_S01,P001_S01_ST1TR_TR05_R01,TR05,R01,Gridworld_Anytime_Keyboard,Study 1,Gridworld,Anytime Feedback,Keyboard,1,1787856687.5937848,1787856690.3311229,2026-08-27T18:51:30.331123+00:00,2.737338066101074,548417.093,240,839204546895,1,1,0.049889691174030304,-0.047040268778800964,-0.03783279284834862,-0.1622222512960434,-0.13952350616455078,0.9768404364585876,1,0.04963386058807373,-0.01409111451357603,-0.0369720384478569,-0.16735808551311493,-0.2082577794790268,0.963649332523346,1,0.049934614449739456,-0.082843117415905,-0.03882196918129921,-0.16770337522029877,-0.07083974778652191,0.9832890629768372
P001,P001_S01,P001_S01_ST1TR_TR05_R01,TR05,R01,Gridworld_Anytime_Keyboard,Study 1,Gridworld,Anytime Feedback,Keyboard,1,1787856687.5937848,1787856690.3506494,2026-08-27T18:51:30.350649+00:00,2.756864547729492,548417.125,241,839204658008,1,1,0.049871161580085754,-0.04767141863703728,-0.03785507753491402,-0.16565722227096558,-0.13779887557029724,0.9765087366104126,1,0.0496063306927681,-0.01410038024187088,-0.0369761660695076,-0.16952408850193024,-0.2087223082780838,0.9631701111793518,1,0.04990953207015991,-0.0828590914607048,-0.03884110599756241,-0.17004482448101044,-0.07203716039657593,0.9827998280525208
P001,P001_S01,P001_S01_ST1TR_TR05_R01,TR05,R01,Gridworld_Anytime_Keyboard,Study 1,Gridworld,Anytime Feedback,Keyboard,1,1787856687.5937848,1787856690.3506494,2026-08-27T18:51:30.350649+00:00,2.756864547729492,548417.125,242,839204769120,1,1,0.04985026642680168,-0.047975849360227585,-0.037870150059461594,-0.1684129536151886,-0.13775847852230072,0.9760429859161377,1,0.04958411306142807,-0.014096323400735855,-0.036992188543081284,-0.17072263360023499,-0.2097947597503662,0.9627251625061035,1,0.049892961978912354,-0.08285431563854218,-0.038837432861328125,-0.1713850498199463,-0.07287079095840454,0.9825054407119751
P001,P001_S01,P001_S01_ST1TR_TR05_R01,TR05,R01,Gridworld_Anytime_Keyboard,Study 1,Gridworld,Anytime Feedback,Keyboard,1,1787856687.5937848,1787856690.3646712,2026-08-27T18:51:30.364671+00:00,2.7708864212036133,548417.14,243,839204880233,1,1,0.04982990771532059,-0.04854113608598709,-0.037894513458013535,-0.17106416821479797,-0.13560447096824646,0.9758834838867188,1,0.049552321434020996,-0.014103706926107407,-0.03700524568557739,-0.17308521270751953,-0.20781061053276062,0.9627336859703064,1,0.049873776733875275,-0.08288367837667465,-0.038872864097356796,-0.17362472414970398,-0.07360812276601791,0.9820571541786194
P001,P001_S01,P001_S01_ST1TR_TR05_R01,TR05,R01,Gridworld_Anytime_Keyboard,Study 1,Gridworld,Anytime Feedback,Keyboard,1,1787856687.5937848,1787856690.3828168,2026-08-27T18:51:30.382817+00:00,2.789031982421875,548417.156,244,839204991346,1,1,0.04980843886733055,-0.049123089760541916,-0.037918176501989365,-0.1737171709537506,-0.1350492537021637,0.9754917621612549,1,0.04952922463417053,-0.014110216870903969,-0.03701922297477722,-0.17546188831329346,-0.20965972542762756,0.9619022607803345,1,0.04984726011753082,-0.08287370949983597,-0.0388612300157547,-0.17624443769454956,-0.0735231265425682,0.981596827507019
P001,P001_S01,P001_S01_ST1TR_TR05_R01,TR05,R01,Gridworld_Anytime_Keyboard,Study 1,Gridworld,Anytime Feedback,Keyboard,1,1787856687.5937848,1787856690.3997025,2026-08-27T18:51:30.399703+00:00,2.805917739868164,548417.171,245,839205102459,1,1,0.04978557676076889,-0.049957524985075,-0.03794938698410988,-0.17562156915664673,-0.13370932638645172,0.975335419178009,1,0.049497537314891815,-0.014116919599473476,-0.03704112395644188,-0.17579929530620575,-0.21168284118175507,0.9613973498344421,1,0.04979724809527397,-0.08286593109369278,-0.038865357637405396,-0.17661979794502258,-0.07389932870864868,0.9815011024475098
P001,P001_S01,P001_S01_ST1TR_TR05_R01,TR05,R01,Gridworld_Anytime_Keyboard,Study 1,Gridworld,Anytime Feedback,Keyboard,1,1787856687.5937848,1787856690.3997025,2026-08-27T18:51:30.399703+00:00,2.805917739868164,548417.171,246,839205213572,1,1,0.04975985363125801,-0.0504019558429718,-0.037974897772073746,-0.17746412754058838,-0.13501954078674316,0.9748212099075317,1,0.04946748539805412,-0.014051917009055614,-0.03715936094522476,-0.17767032980918884,-0.20762374997138977,0.9619385004043579,1,0.04976490139961243,-0.08285576105117798,-0.038863405585289,-0.17823877930641174,-0.07535102963447571,0.9810979962348938
P001,P001_S01,P001_S01_ST1TR_TR05_R01,TR05,R01,Gridworld_Anytime_Keyboard,Study 1,Gridworld,Anytime Feedback,Keyboard,1,1787856687.5937848,1787856690.4187028,2026-08-27T18:51:30.418703+00:00,2.824918031692505,548417.187,247,839205324684,1,1,0.04973899573087692,-0.050629667937755585,-0.037998881191015244,-0.1763545125722885,-0.13630269467830658,0.9748440384864807,1,0.04950036108493805,-0.013991739600896835,-0.03718066215515137,-0.1711626797914505,-0.19994279742240906,0.9647415280342102,1,0.049798935651779175,-0.08286302536725998,-0.03894387185573578,-0.1716223806142807,-0.07520091533660889,0.9822884798049927
P001,P001_S01,P001_S01_ST1TR_TR05_R01,TR05,R01,Gridworld_Anytime_Keyboard,Study 1,Gridworld,Anytime Feedback,Keyboard,1,1787856687.5937848,1787856690.4397025,2026-08-27T18:51:30.439703+00:00,2.8459177017211914,548417.203,248,839205435797,1,0,0.0,0.0,0.0,0.0,0.0,0.0,1,0.04961783438920975,-0.013803768903017044,-0.03754217550158501,-0.1547437310218811,-0.20111332833766937,0.967268168926239,1,0.04999878630042076,-0.08285143226385117,-0.03895646706223488,-0.1560150384902954,-0.0955977737903595,0.9831176400184631
P001,P001_S01,P001_S01_ST1TR_TR05_R01,TR05,R01,Gridworld_Anytime_Keyboard,Study 1,Gridworld,Anytime Feedback,Keyboard,1,1787856687.5937848,1787856690.4437134,2026-08-27T18:51:30.443713+00:00,2.849928617477417,548417.218,249,839205547893,1,0,0.0,0.0,0.0,0.0,0.0,0.0,1,0.04973435774445534,-0.013969686813652515,-0.037407286465168,-0.12380319833755493,-0.2139902114868164,0.9689586758613586,1,0.050062764436006546,-0.08288765698671341,-0.039025574922561646,-0.12372412532567978,-0.09490076452493668,0.987768292427063
P001,P001_S01,P001_S01_ST1TR_TR05_R01,TR05,R01,Gridworld_Anytime_Keyboard,Study 1,Gridworld,Anytime Feedback,Keyboard,1,1787856687.5937848,1787856690.45864,2026-08-27T18:51:30.458640+00:00,2.8648552894592285,548417.234,250,839205701749,1,0,0.0,0.0,0.0,0.0,0.0,0.0,1,0.04988185316324234,-0.013775486499071121,-0.03770403191447258,-0.09595080465078354,-0.2051682025194168,0.9740120768547058,1,0.05026353895664215,-0.0827726274728775,-0.03896830230951309,-0.09566690772771835,-0.0942164957523346,0.9909445643424988
P001,P001_S01,P001_S01_ST1TR_TR05_R01,TR05,R01,Gridworld_Anytime_Keyboard,Study 1,Gridworld,Anytime Feedback,Keyboard,1,1787856687.5937848,1787856690.4783404,2026-08-27T18:51:30.478340+00:00,2.8845555782318115,548417.25,251,839205808728,1,0,0.0,0.0,0.0,0.0,0.0,0.0,1,0.050038084387779236,-0.013485909439623356,-0.03795260936021805,-0.06871312111616135,-0.18185916543006897,0.9809209704399109,1,0.05039394646883011,-0.08253894746303558,-0.038789600133895874,-0.06806290149688721,-0.07763426750898361,0.994655966758728
P001,P001_S01,P001_S01_ST1TR_TR05_R01,TR05,R01,Gridworld_Anytime_Keyboard,Study 1,Gridworld,Anytime Feedback,Keyboard,1,1787856687.5937848,1787856690.4813428,2026-08-27T18:51:30.481343+00:00,2.8875579833984375,548417.25,252,839205919333,1,0,0.0,0.0,0.0,0.0,0.0,0.0,1,0.05035649612545967,-0.013418175280094147,-0.03790542483329773,-0.013880465179681778,-0.1658852994441986,0.9860473871231079,1,0.05075940117239952,-0.0824924185872078,-0.038908716291189194,-0.01269877701997757,-0.06533793359994888,0.9977824687957764
P001,P001_S01,P001_S01_ST1TR_TR05_R01,TR05,R01,Gridworld_Anytime_Keyboard,Study 1,Gridworld,Anytime Feedback,Keyboard,1,1787856687.5937848,1787856690.498931,2026-08-27T18:51:30.498931+00:00,2.9051461219787598,548417.265,253,839206030445,1,0,0.0,0.0,0.0,0.0,0.0,0.0,1,0.050784699618816376,-0.01353773009032011,-0.037697453051805496,0.03383456915616989,-0.1649768203496933,0.9857169389724731,1,0.05118163675069809,-0.08244553208351135,-0.03897153586149216,0.03555932268500328,-0.04715358838438988,0.9982545375823975
P001,P001_S01,P001_S01_ST1TR_TR05_R01,TR05,R01,Gridworld_Anytime_Keyboard,Study 1,Gridworld,Anytime Feedback,Keyboard,1,1787856687.5937848,1787856690.505234,2026-08-27T18:51:30.505234+00:00,2.9114491939544678,548417.281,254,839206141559,1,0,0.0,0.0,0.0,0.0,0.0,0.0,1,0.05113212391734123,-0.013473297469317913,-0.037671249359846115,0.05237521231174469,-0.15979696810245514,0.985759437084198,1,0.05150558426976204,-0.08227848261594772,-0.038899149745702744,0.05536004900932312,-0.03031553514301777,0.9980062246322632
P001,P001_S01,P001_S01_ST1TR_TR05_R01,TR05,R01,Gridworld_Anytime_Keyboard,Study 1,Gridworld,Anytime Feedback,Keyboard,1,1787856687.5937848,1787856690.5162342,2026-08-27T18:51:30.516234+00:00,2.9224493503570557,548417.281,255,839206252672,1,0,0.0,0.0,0.0,0.0,0.0,0.0,1,0.05130205675959587,-0.013502371497452259,-0.03757183253765106,0.05426457151770592,-0.1579907089471817,0.9859483242034912,1,0.051698267459869385,-0.08227328956127167,-0.03896583616733551,0.05640782043337822,-0.025402767583727837,0.9980846643447876
P001,P001_S01,P001_S01_ST1TR_TR05_R01,TR05,R01,Gridworld_Anytime_Keyboard,Study 1,Gridworld,Anytime Feedback,Keyboard,1,1787856687.5937848,1787856690.5162342,2026-08-27T18:51:30.516234+00:00,2.9224493503570557,548417.281,256,839206363784,1,1,0.05168691277503967,-0.04966368526220322,-0.038323774933815,0.07117161899805069,-0.08980593830347061,0.9934130907058716,1,0.05149073526263237,-0.013500715605914593,-0.03757842630147934,0.06976668536663055,-0.15775766968727112,0.9850102066993713,1,0.05186393857002258,-0.0822950005531311,-0.03899633139371872,0.07215286046266556,-0.02812890149652958,0.9969969391822815
P001,P001_S01,P001_S01_ST1TR_TR05_R01,TR05,R01,Gridworld_Anytime_Keyboard,Study 1,Gridworld,Anytime Feedback,Keyboard,1,1787856687.5937848,1787856690.5301743,2026-08-27T18:51:30.530174+00:00,2.936389446258545,548417.296,257,839206474897,1,0,0.0,0.0,0.0,0.0,0.0,0.0,1,0.05157748982310295,-0.013476599007844925,-0.037541765719652176,0.07387478649616241,-0.15107639133930206,0.9857577085494995,1,0.05195686221122742,-0.08223065733909607,-0.039010606706142426,0.07591515779495239,-0.01743718795478344,0.9969618916511536
P001,P001_S01,P001_S01_ST1TR_TR05_R01,TR05,R01,Gridworld_Anytime_Keyboard,Study 1,Gridworld,Anytime Feedback,Keyboard,1,1787856687.5937848,1787856690.5504942,2026-08-27T18:51:30.550494+00:00,2.956709384918213,548417.312,258,839206586010,1,1,0.05177345871925354,-0.051519814878702164,-0.03835543990135193,0.07273320108652115,-0.07908785343170166,0.9942107200622559,1,0.05165310949087143,-0.013443779200315475,-0.037430647760629654,0.07435034215450287,-0.1366155743598938,0.9878299832344055,1,0.052009303122758865,-0.08219058811664581,-0.0390772707760334,0.0762355849146843,-0.003043079050257802,0.9970852136611938
P001,P001_S01,P001_S01_ST1TR_TR05_R01,TR05,R01,Gridworld_Anytime_Keyboard,Study 1,Gridworld,Anytime Feedback,Keyboard,1,1787856687.5937848,1787856690.554494,2026-08-27T18:51:30.554494+00:00,2.9607090950012207,548417.328,259,839206697123,1,0,0.0,0.0,0.0,0.0,0.0,0.0,1,0.051664985716342926,-0.013397322036325932,-0.037404052913188934,0.08276712149381638,-0.13178744912147522,0.9878165125846863,1,0.05203951895236969,-0.08213803172111511,-0.03904235363006592,0.08520393818616867,0.0021502235904335976,0.996361255645752
P001,P001_S01,P001_S01_ST1TR_TR05_R01,TR05,R01,Gridworld_Anytime_Keyboard,Study 1,Gridworld,Anytime Feedback,Keyboard,1,1787856687.5937848,1787856690.56485,2026-08-27T18:51:30.564850+00:00,2.9710652828216553,548417.328,260,839206808236,1,1,0.051834966987371445,-0.0576222762465477,-0.03831525519490242,0.08528637886047363,-0.047163769602775574,0.9952396750450134,1,0.05160502344369888,-0.01346523966640234,-0.03723696991801262,0.08338427543640137,-0.14147792756557465,0.9864233136177063,1,0.05196239426732063,-0.08209091424942017,-0.03891277313232422,0.08601091802120209,0.005280474666506052,0.9962802529335022
P001,P001_S01,P001_S01_ST1TR_TR05_R01,TR05,R01,Gridworld_Anytime_Keyboard,Study 1,Gridworld,Anytime Feedback,Keyboard,1,1787856687.5937848,1787856690.5828576,2026-08-27T18:51:30.582858+00:00,2.989072799682617,548417.359,261,839206919350,1,0,0.0,0.0,0.0,0.0,0.0,0.0,1,0.051562048494815826,-0.01345798373222351,-0.037245407700538635,0.08065040409564972,-0.1392834484577179,0.9869627952575684,1,0.05192314460873604,-0.08213648200035095,-0.03891017287969589,0.08366747945547104,0.0016596702625975013,0.9964923858642578
P001,P001_S01,P001_S01_ST1TR_TR05_R01,TR05,R01,Gridworld_Anytime_Keyboard,Study 1,Gridworld,Anytime Feedback,Keyboard,1,1787856687.5937848,1787856690.5848587,2026-08-27T18:51:30.584859+00:00,2.9910738468170166,548417.359,262,839207030463,1,0,0.0,0.0,0.0,0.0,0.0,0.0,1,0.05149321258068085,-0.013428991660475731,-0.03729509562253952,0.07112472504377365,-0.1384706050157547,0.9878091812133789,1,0.051861461251974106,-0.08214465528726578,-0.038878925144672394,0.07368756085634232,-0.0014747726963832974,0.9972802996635437
P001,P001_S01,P001_S01_ST1TR_TR05_R01,TR05,R01,Gridworld_Anytime_Keyboard,Study 1,Gridworld,Anytime Feedback,Keyboard,1,1787856687.5937848,1787856690.6025143,2026-08-27T18:51:30.602514+00:00,3.0087294578552246,548417.375,263,839207141575,1,1,0.05174780264496803,-0.05362477898597717,-0.038211047649383545,0.07961032539606094,-0.054190438240766525,0.995352029800415,1,0.05146545544266701,-0.013444771058857441,-0.03728605434298515,0.06747576594352722,-0.14079225063323975,0.9877370595932007,1,0.05183601751923561,-0.08213691413402557,-0.038844309747219086,0.07014589011669159,-0.0008181390003301203,0.9975364208221436
P001,P001_S01,P001_S01_ST1TR_TR05_R01,TR05,R01,Gridworld_Anytime_Keyboard,Study 1,Gridworld,Anytime Feedback,Keyboard,1,1787856687.5937848,1787856690.6025143,2026-08-27T18:51:30.602514+00:00,3.0087294578552246,548417.375,264,839207252689,1,1,0.05163416266441345,-0.052054308354854584,-0.03814740106463432,0.060508616268634796,-0.06372670084238052,0.996131420135498,1,0.05142407491803169,-0.01345874834805727,-0.037266653031110764,0.058900900185108185,-0.14257511496543884,0.9880298376083374,1,0.05179797112941742,-0.08214716613292694,-0.038834117352962494,0.061498403549194336,-0.0019709914922714233,0.9981052875518799
P001,P001_S01,P001_S01_ST1TR_TR05_R01,TR05,R01,Gridworld_Anytime_Keyboard,Study 1,Gridworld,Anytime Feedback,Keyboard,1,1787856687.5937848,1787856690.6204364,2026-08-27T18:51:30.620436+00:00,3.026651620864868,548417.39,265,839207363801,1,1,0.051614586263895035,-0.052137695252895355,-0.0381476953625679,0.05730940401554108,-0.06418909132480621,0.996290922164917,1,0.05137939378619194,-0.013448929414153099,-0.0372685082256794,0.0497807078063488,-0.1432132124900818,0.9884390830993652,1,0.05176148563623428,-0.08215582370758057,-0.03882701322436333,0.05237370729446411,-0.00442090630531311,0.9986178278923035
P001,P001_S01,P001_S01_ST1TR_TR05_R01,TR05,R01,Gridworld_Anytime_Keyboard,Study 1,Gridworld,Anytime Feedback,Keyboard,1,1787856687.5937848,1787856690.6392112,2026-08-27T18:51:30.639211+00:00,3.045426368713379,548417.406,266,839207474912,1,1,0.05158703401684761,-0.05203918367624283,-0.03813468664884567,0.054571062326431274,-0.06691639125347137,0.996265172958374,1,0.051321841776371,-0.013404520228505135,-0.03733860328793526,0.048163291066884995,-0.15059493482112885,0.9874216318130493,1,0.05169731006026268,-0.08209972828626633,-0.03871485963463783,0.05083455145359039,-0.009699784219264984,0.9986600279808044
P001,P001_S01,P001_S01_ST1TR_TR05_R01,TR05,R01,Gridworld_Anytime_Keyboard,Study 1,Gridworld,Anytime Feedback,Keyboard,1,1787856687.5937848,1787856690.6392112,2026-08-27T18:51:30.639211+00:00,3.045426368713379,548417.406,267,839207586025,1,1,0.05145956948399544,-0.04866325110197067,-0.038054656237363815,0.04166397824883461,-0.07915795594453812,0.995991051197052,1,0.051264066249132156,-0.013361357152462006,-0.03740815445780754,0.04020881652832031,-0.15055228769779205,0.9877840876579285,1,0.05164460092782974,-0.08207398653030396,-0.03866652771830559,0.04284295439720154,-0.011211644858121872,0.9990189671516418
P001,P001_S01,P001_S01_ST1TR_TR05_R01,TR05,R01,Gridworld_Anytime_Keyboard,Study 1,Gridworld,Anytime Feedback,Keyboard,1,1787856687.5937848,1787856690.6588013,2026-08-27T18:51:30.658801+00:00,3.065016508102417,548417.421,268,839207697139,1,1,0.0514385960996151,-0.05073421075940132,-0.03807743638753891,0.040322110056877136,-0.07623858004808426,0.9962740540504456,1,0.05120139569044113,-0.013437424786388874,-0.03730430826544762,0.036097511649131775,-0.1521693617105484,0.9876949787139893,1,0.051578644663095474,-0.08212053030729294,-0.038692887872457504,0.0389535129070282,-0.00992551725357771,0.9991917610168457
P001,P001_S01,P001_S01_ST1TR_TR05_R01,TR05,R01,Gridworld_Anytime_Keyboard,Study 1,Gridworld,Anytime Feedback,Keyboard,1,1787856687.5937848,1787856690.6588013,2026-08-27T18:51:30.658801+00:00,3.065016508102417,548417.421,269,839207808252,1,1,0.051408883184194565,-0.050318941473960876,-0.038062844425439835,0.03693215921521187,-0.07731456309556961,0.9963226318359375,1,0.0511506088078022,-0.013444681651890278,-0.03730829432606697,0.02933993749320507,-0.1532631367444992,0.9877497553825378,1,0.051529593765735626,-0.08214124292135239,-0.03869079798460007,0.03190023452043533,-0.012453396804630756,0.9994134902954102
P001,P001_S01,P001_S01_ST1TR_TR05_R01,TR05,R01,Gridworld_Anytime_Keyboard,Study 1,Gridworld,Anytime Feedback,Keyboard,1,1787856687.5937848,1787856690.6800022,2026-08-27T18:51:30.680002+00:00,3.0862174034118652,548417.453,270,839207919366,1,1,0.05137978866696358,-0.05066453292965889,-0.03806694969534874,0.03227817639708519,-0.07646341621875763,0.9965498447418213,1,0.0510801263153553,-0.013414975255727768,-0.03736003488302231,0.022556478157639503,-0.15287692844867706,0.9879876971244812,1,0.05146127939224243,-0.08212261646986008,-0.03865071386098862,0.02516116388142109,-0.012857846915721893,0.9996007680892944
P001,P001_S01,P001_S01_ST1TR_TR05_R01,TR05,R01,Gridworld_Anytime_Keyboard,Study 1,Gridworld,Anytime Feedback,Keyboard,1,1787856687.5937848,1787856690.6800022,2026-08-27T18:51:30.680002+00:00,3.0862174034118652,548417.453,271,839208030477,1,1,0.05134804546833038,-0.05082036554813385,-0.03806804493069649,0.026578903198242188,-0.07709354162216187,0.9966695308685303,1,0.05101317539811134,-0.013480175286531448,-0.0372907929122448,0.015401684679090977,-0.15627646446228027,0.9875932335853577,1,0.05138937011361122,-0.08217758685350418,-0.03870521858334541,0.017922207713127136,-0.01515883207321167,0.9997244477272034
P001,P001_S01,P001_S01_ST1TR_TR05_R01,TR05,R01,Gridworld_Anytime_Keyboard,Study 1,Gridworld,Anytime Feedback,Keyboard,1,1787856687.5937848,1787856690.7022407,2026-08-27T18:51:30.702241+00:00,3.1084558963775635,548417.468,272,839208141590,1,1,0.051320042461156845,-0.050570592284202576,-0.03806367516517639,0.0213918536901474,-0.07941892743110657,0.9966118931770325,1,0.05097353085875511,-0.01347196102142334,-0.03730684518814087,0.011793836951255798,-0.15679149329662323,0.9875612854957581,1,0.051369283348321915,-0.08217873424291611,-0.0387154184281826,0.014212610200047493,-0.01668010838329792,0.9997599124908447
P001,P001_S01,P001_S01_ST1TR_TR05_R01,TR05,R01,Gridworld_Anytime_Keyboard,Study 1,Gridworld,Anytime Feedback,Keyboard,1,1787856687.5937848,1787856690.7022407,2026-08-27T18:51:30.702241+00:00,3.1084558963775635,548417.468,273,839208252703,1,1,0.05110514536499977,-0.05008219555020332,-0.038052354007959366,0.0014702118933200836,-0.08266699314117432,0.996576189994812,1,0.05089304968714714,-0.013462061993777752,-0.03732868656516075,0.00019217822409700602,-0.15712501108646393,0.9875786304473877,1,0.05129100754857063,-0.08217228204011917,-0.03868651017546654,0.002583383582532406,-0.017037415876984596,0.9998515844345093
P001,P001_S01,P001_S01_ST1TR_TR05_R01,TR05,R01,Gridworld_Anytime_Keyboard,Study 1,Gridworld,Anytime Feedback,Keyboard,1,1787856687.5937848,1787856690.7166877,2026-08-27T18:51:30.716688+00:00,3.1229028701782227,548417.484,274,839208363815,1,1,0.05099480226635933,-0.04609815403819084,-0.037980977445840836,-0.013940883800387383,-0.09036758542060852,0.9958110451698303,1,0.05080806091427803,-0.013446524739265442,-0.03734220191836357,-0.014816421084105968,-0.1556045562028885,0.9877083897590637,1,0.051201168447732925,-0.08218073099851608,-0.03868687525391579,-0.012903175316751003,-0.01782139018177986,0.9997579455375671
P001,P001_S01,P001_S01_ST1TR_TR05_R01,TR05,R01,Gridworld_Anytime_Keyboard,Study 1,Gridworld,Anytime Feedback,Keyboard,1,1787856687.5937848,1787856690.7306855,2026-08-27T18:51:30.730685+00:00,3.1369006633758545,548417.5,275,839208474928,1,1,0.05095074325799942,-0.047673407942056656,-0.038019564002752304,-0.018592635169625282,-0.0883466824889183,0.9959163665771484,1,0.05069422721862793,-0.01351250521838665,-0.03724810108542442,-0.02821861393749714,-0.15429042279720306,0.9876224398612976,1,0.051103029400110245,-0.08227413892745972,-0.038806747645139694,-0.026197629049420357,-0.01980118826031685,0.9994606971740723
P001,P001_S01,P001_S01_ST1TR_TR05_R01,TR05,R01,Gridworld_Anytime_Keyboard,Study 1,Gridworld,Anytime Feedback,Keyboard,1,1787856687.5937848,1787856690.7497187,2026-08-27T18:51:30.749719+00:00,3.1559338569641113,548417.515,276,839208586041,1,1,0.05090237781405449,-0.04806859418749809,-0.038037948310375214,-0.023086566478013992,-0.08638764917850494,0.9959940910339355,1,0.05060514435172081,-0.013500223867595196,-0.03729274496436119,-0.03207129240036011,-0.15127533674240112,0.9879712462425232,1,0.05099513381719589,-0.08227416127920151,-0.03881370648741722,-0.029850957915186882,-0.017984911799430847,0.999392569065094
P001,P001_S01,P001_S01_ST1TR_TR05_R01,TR05,R01,Gridworld_Anytime_Keyboard,Study 1,Gridworld,Anytime Feedback,Keyboard,1,1787856687.5937848,1787856690.7497187,2026-08-27T18:51:30.749719+00:00,3.1559338569641113,548417.515,277,839208697155,1,0,0.0,0.0,0.0,0.0,0.0,0.0,1,0.050486594438552856,-0.013497339561581612,-0.03730979934334755,-0.04072899743914604,-0.15418396890163422,0.9872024059295654,1,0.050877153873443604,-0.08225038647651672,-0.03878406807780266,-0.039036478847265244,-0.01832449808716774,0.9990698099136353
P001,P001_S01,P001_S01_ST1TR_TR05_R01,TR05,R01,Gridworld_Anytime_Keyboard,Study 1,Gridworld,Anytime Feedback,Keyboard,1,1787856687.5937848,1787856690.7797706,2026-08-27T18:51:30.779771+00:00,3.185985803604126,548417.546,278,839208808268,1,0,0.0,0.0,0.0,0.0,0.0,0.0,1,0.05037141963839531,-0.013506622985005379,-0.03730996325612068,-0.05104440450668335,-0.15395863354206085,0.9867578744888306,1,0.050772059708833694,-0.08224781602621078,-0.03881203010678291,-0.049396812915802,-0.016800761222839355,0.9986379146575928
P001,P001_S01,P001_S01_ST1TR_TR05_R01,TR05,R01,Gridworld_Anytime_Keyboard,Study 1,Gridworld,Anytime Feedback,Keyboard,1,1787856687.5937848,1787856690.781771,2026-08-27T18:51:30.781771+00:00,3.187986135482788,548417.546,279,839208919381,1,0,0.0,0.0,0.0,0.0,0.0,0.0,1,0.05030259117484093,-0.013470390811562538,-0.03737853839993477,-0.05292786285281181,-0.14909107983112335,0.9874058961868286,1,0.05065532773733139,-0.08226018399000168,-0.03884138539433479,-0.050576187670230865,-0.01717575080692768,0.9985725283622742
P001,P001_S01,P001_S01_ST1TR_TR05_R01,TR05,R01,Gridworld_Anytime_Keyboard,Study 1,Gridworld,Anytime Feedback,Keyboard,1,1787856687.5937848,1787856690.781771,2026-08-27T18:51:30.781771+00:00,3.187986135482788,548417.546,280,839209030494,1,1,0.050777554512023926,-0.04755036532878876,-0.038040243089199066,-0.033692438155412674,-0.08503909409046173,0.9958078265190125,1,0.05023016035556793,-0.013542904518544674,-0.037260301411151886,-0.05343123525381088,-0.14737443625926971,0.9876364469528198,1,0.05059642344713211,-0.08227792382240295,-0.038926806300878525,-0.05130678415298462,-0.010343422181904316,0.9986293911933899
P001,P001_S01,P001_S01_ST1TR_TR05_R01,TR05,R01,Gridworld_Anytime_Keyboard,Study 1,Gridworld,Anytime Feedback,Keyboard,1,1787856687.5937848,1787856690.8035254,2026-08-27T18:51:30.803525+00:00,3.20974063873291,548417.578,281,839209141606,1,0,0.0,0.0,0.0,0.0,0.0,0.0,1,0.05019071325659752,-0.01349741779267788,-0.03733521327376366,-0.05944811552762985,-0.14614786207675934,0.9874749183654785,1,0.05055031180381775,-0.08224871754646301,-0.03890988975763321,-0.05775720998644829,-0.010546380653977394,0.9982749223709106
P001,P001_S01,P001_S01_ST1TR_TR05_R01,TR05,R01,Gridworld_Anytime_Keyboard,Study 1,Gridworld,Anytime Feedback,Keyboard,1,1787856687.5937848,1787856690.8045256,2026-08-27T18:51:30.804526+00:00,3.210740804672241,548417.578,282,839209252718,1,0,0.0,0.0,0.0,0.0,0.0,0.0,1,0.05014326050877571,-0.01344502717256546,-0.037381045520305634,-0.05928657576441765,-0.1454700529575348,0.9875847101211548,1,0.05049070343375206,-0.08218495547771454,-0.038833972066640854,-0.05687646195292473,-0.008576746098697186,0.998344361782074
P001,P001_S01,P001_S01_ST1TR_TR05_R01,TR05,R01,Gridworld_Anytime_Keyboard,Study 1,Gridworld,Anytime Feedback,Keyboard,1,1787856687.5937848,1787856690.820485,2026-08-27T18:51:30.820485+00:00,3.2267003059387207,548417.593,283,839209363832,1,1,0.050678860396146774,-0.047890834510326385,-0.038061369210481644,-0.04505563899874687,-0.08033043891191483,0.9957495331764221,1,0.05011198669672012,-0.013407322578132153,-0.03740978240966797,-0.06540322303771973,-0.14331914484500885,0.98751300573349,1,0.05044202506542206,-0.08214937150478363,-0.038821421563625336,-0.06313609331846237,-0.006274435669183731,0.997985303401947
P001,P001_S01,P001_S01_ST1TR_TR05_R01,TR05,R01,Gridworld_Anytime_Keyboard,Study 1,Gridworld,Anytime Feedback,Keyboard,1,1787856687.5937848,1787856690.8680766,2026-08-27T18:51:30.868077+00:00,3.274291753768921,548417.64,284,839209474945,1,0,0.0,0.0,0.0,0.0,0.0,0.0,1,0.05007624998688698,-0.013379334472119808,-0.037423111498355865,-0.06606864929199219,-0.14870937168598175,0.9866713285446167,1,0.05040233954787254,-0.08209790289402008,-0.03874446451663971,-0.06398831307888031,-0.008583679795265198,0.9979137182235718
P001,P001_S01,P001_S01_ST1TR_TR05_R01,TR05,R01,Gridworld_Anytime_Keyboard,Study 1,Gridworld,Anytime Feedback,Keyboard,1,1787856687.5937848,1787856690.8680766,2026-08-27T18:51:30.868077+00:00,3.274291753768921,548417.64,285,839209586056,1,0,0.0,0.0,0.0,0.0,0.0,0.0,1,0.050038695335388184,-0.013336077332496643,-0.03746393695473671,-0.06614148616790771,-0.14810970425605774,0.9867567420005798,1,0.05036519467830658,-0.08205091953277588,-0.03868512809276581,-0.06374862045049667,-0.00764620304107666,0.9979367852210999
P001,P001_S01,P001_S01_ST1TR_TR05_R01,TR05,R01,Gridworld_Anytime_Keyboard,Study 1,Gridworld,Anytime Feedback,Keyboard,1,1787856687.5937848,1787856690.8690777,2026-08-27T18:51:30.869078+00:00,3.2752928733825684,548417.64,286,839209697170,1,0,0.0,0.0,0.0,0.0,0.0,0.0,1,0.05000323802232742,-0.01333563681691885,-0.0374593585729599,-0.07052283734083176,-0.1475343257188797,0.9865394830703735,1,0.05033724755048752,-0.08204448223114014,-0.038691360503435135,-0.06835852563381195,-0.00647395895794034,0.9976397156715393
P001,P001_S01,P001_S01_ST1TR_TR05_R01,TR05,R01,Gridworld_Anytime_Keyboard,Study 1,Gridworld,Anytime Feedback,Keyboard,1,1787856687.5937848,1787856690.8690777,2026-08-27T18:51:30.869078+00:00,3.2752928733825684,548417.64,287,839209808283,1,1,0.05059205740690231,-0.048671524971723557,-0.03807787969708443,-0.05395524576306343,-0.07502377778291702,0.9957210421562195,1,0.04997080937027931,-0.013384249061346054,-0.0373859629034996,-0.06851032376289368,-0.14869333803653717,0.9865072965621948,1,0.05029888451099396,-0.0820525586605072,-0.03874295949935913,-0.06684558838605881,-0.00356755661778152,0.9977570176124573
P001,P001_S01,P001_S01_ST1TR_TR05_R01,TR05,R01,Gridworld_Anytime_Keyboard,Study 1,Gridworld,Anytime Feedback,Keyboard,1,1787856687.5937848,1787856690.9000852,2026-08-27T18:51:30.900085+00:00,3.306300401687622,548417.671,288,839209919395,1,1,0.050118014216423035,-0.05420524999499321,-0.03822013735771179,-0.07181782275438309,-0.06161482632160187,0.9955129027366638,1,0.04992192983627319,-0.01340862363576889,-0.03731833025813103,-0.07261987030506134,-0.1447707563638687,0.9867966771125793,1,0.050252169370651245,-0.08211630582809448,-0.03883711248636246,-0.07097990810871124,-0.004475576803088188,0.9974677562713623
P001,P001_S01,P001_S01_ST1TR_TR05_R01,TR05,R01,Gridworld_Anytime_Keyboard,Study 1,Gridworld,Anytime Feedback,Keyboard,1,1787856687.5937848,1787856690.9310796,2026-08-27T18:51:30.931080+00:00,3.337294816970825,548417.703,289,839210030509,1,1,0.050108686089515686,-0.0538993664085865,-0.03821641951799393,-0.0723053589463234,-0.0616748183965683,0.9954739212989807,1,0.049902599304914474,-0.013413027860224247,-0.03731319680809975,-0.07395873218774796,-0.1440635770559311,0.9868008494377136,1,0.05023902282118797,-0.08211459964513779,-0.03885119780898094,-0.07237576693296432,-0.003127035219222307,0.9973725080490112
P001,P001_S01,P001_S01_ST1TR_TR05_R01,TR05,R01,Gridworld_Anytime_Keyboard,Study 1,Gridworld,Anytime Feedback,Keyboard,1,1787856687.5937848,1787856690.9310796,2026-08-27T18:51:30.931080+00:00,3.337294816970825,548417.703,290,839210141622,1,1,0.05010232701897621,-0.05467461049556732,-0.0382322296500206,-0.07387901842594147,-0.05929519236087799,0.9955030083656311,1,0.04987630620598793,-0.013418475165963173,-0.03731152042746544,-0.07756100594997406,-0.14412236213684082,0.9865155220031738,1,0.05021853744983673,-0.08209765702486038,-0.03883944824337959,-0.07596789300441742,-0.0007098100613802671,0.9971100091934204
P001,P001_S01,P001_S01_ST1TR_TR05_R01,TR05,R01,Gridworld_Anytime_Keyboard,Study 1,Gridworld,Anytime Feedback,Keyboard,1,1787856687.5937848,1787856690.9310796,2026-08-27T18:51:30.931080+00:00,3.337294816970825,548417.703,291,839210252734,1,1,0.05008844658732414,-0.05428806319832802,-0.03821985051035881,-0.07684303820133209,-0.059346411377191544,0.9952754974365234,1,0.049854427576065063,-0.013391128741204739,-0.03734136000275612,-0.08275048434734344,-0.14315685629844666,0.9862344861030579,1,0.050186887383461,-0.08206281065940857,-0.03879532217979431,-0.08136049658060074,0.001409138087183237,0.9966838359832764
P001,P001_S01,P001_S01_ST1TR_TR05_R01,TR05,R01,Gridworld_Anytime_Keyboard,Study 1,Gridworld,Anytime Feedback,Keyboard,1,1787856687.5937848,1787856690.9310796,2026-08-27T18:51:30.931080+00:00,3.337294816970825,548417.703,292,839210363847,1,1,0.05008384957909584,-0.054904259741306305,-0.03823002055287361,-0.07935731112957001,-0.05681819096207619,0.995225727558136,1,0.04984210804104805,-0.013390516862273216,-0.03734169155359268,-0.08447001129388809,-0.14498859643936157,0.9858210682868958,1,0.05019086226820946,-0.08206094801425934,-0.03879230096936226,-0.08274628221988678,-9.455302642891183e-05,0.9965706467628479
P001,P001_S01,P001_S01_ST1TR_TR05_R01,TR05,R01,Gridworld_Anytime_Keyboard,Study 1,Gridworld,Anytime Feedback,Keyboard,1,1787856687.5937848,1787856690.9310796,2026-08-27T18:51:30.931080+00:00,3.337294816970825,548417.703,293,839210474960,1,0,0.0,0.0,0.0,0.0,0.0,0.0,1,0.04982936754822731,-0.01342478021979332,-0.037291351705789566,-0.08910518139600754,-0.1469714492559433,0.9851190447807312,1,0.05016452819108963,-0.08206931501626968,-0.03880269080400467,-0.08751588314771652,0.0009191981516778469,0.9961627125740051
P001,P001_S01,P001_S01_ST1TR_TR05_R01,TR05,R01,Gridworld_Anytime_Keyboard,Study 1,Gridworld,Anytime Feedback,Keyboard,1,1787856687.5937848,1787856690.9510841,2026-08-27T18:51:30.951084+00:00,3.357299327850342,548417.718,294,839210586928,1,1,0.050073910504579544,-0.05480485036969185,-0.038225043565034866,-0.08285558968782425,-0.05718729645013809,0.9949193596839905,1,0.04982239380478859,-0.013415850698947906,-0.037291791290044785,-0.08935394138097763,-0.14444592595100403,0.9854701161384583,1,0.05016133189201355,-0.08208513259887695,-0.038817208260297775,-0.08785095810890198,0.0004732480156235397,0.9961335062980652
P001,P001_S01,P001_S01_ST1TR_TR05_R01,TR05,R01,Gridworld_Anytime_Keyboard,Study 1,Gridworld,Anytime Feedback,Keyboard,1,1787856687.5937848,1787856690.9560852,2026-08-27T18:51:30.956085+00:00,3.362300395965576,548417.718,295,839210740709,1,1,0.05006350949406624,-0.05474668741226196,-0.03821798413991928,-0.08648137748241425,-0.05693989247083664,0.9946249723434448,1,0.049792565405368805,-0.013407737948000431,-0.03732270002365112,-0.09279881417751312,-0.14556540548801422,0.9849869012832642,1,0.050141721963882446,-0.08204159140586853,-0.03875083476305008,-0.09147582203149796,0.003237602999433875,0.9958020448684692
P001,P001_S01,P001_S01_ST1TR_TR05_R01,TR05,R01,Gridworld_Anytime_Keyboard,Study 1,Gridworld,Anytime Feedback,Keyboard,1,1787856687.5937848,1787856690.9798474,2026-08-27T18:51:30.979847+00:00,3.3860626220703125,548417.75,296,839210847766,1,0,0.0,0.0,0.0,0.0,0.0,0.0,1,0.049751006066799164,-0.013378826901316643,-0.037361759692430496,-0.09583676606416702,-0.143302321434021,0.9850278496742249,1,0.05011313781142235,-0.08204177767038345,-0.038735345005989075,-0.09460922330617905,0.002790199127048254,0.9955106377601624
P001,P001_S01,P001_S01_ST1TR_TR05_R01,TR05,R01,Gridworld_Anytime_Keyboard,Study 1,Gridworld,Anytime Feedback,Keyboard,1,1787856687.5937848,1787856690.9848473,2026-08-27T18:51:30.984847+00:00,3.3910624980926514,548417.75,297,839210958337,1,1,0.05005085840821266,-0.05479475110769272,-0.03821732848882675,-0.0902157872915268,-0.05651663988828659,0.9943174123764038,1,0.0497429259121418,-0.013382854871451855,-0.03737208619713783,-0.0963597446680069,-0.14395521581172943,0.9848815202713013,1,0.050103817135095596,-0.0820588693022728,-0.03875496983528137,-0.09521298855543137,0.0007925197714939713,0.9954566359519958
P001,P001_S01,P001_S01_ST1TR_TR05_R01,TR05,R01,Gridworld_Anytime_Keyboard,Study 1,Gridworld,Anytime Feedback,Keyboard,1,1787856687.5937848,1787856690.9848473,2026-08-27T18:51:30.984847+00:00,3.3910624980926514,548417.75,298,839211069449,1,0,0.0,0.0,0.0,0.0,0.0,0.0,1,0.0497928261756897,-0.013568680733442307,-0.03739059343934059,-0.08985353261232376,-0.16603277623653412,0.982017993927002,1,0.050173308700323105,-0.08216799050569534,-0.03878016024827957,-0.08866795897483826,-0.01267409697175026,0.9959806203842163
P001,P001_S01,P001_S01_ST1TR_TR05_R01,TR05,R01,Gridworld_Anytime_Keyboard,Study 1,Gridworld,Anytime Feedback,Keyboard,1,1787856687.5937848,1787856690.9989357,2026-08-27T18:51:30.998936+00:00,3.405150890350342,548417.765,299,839211180561,1,1,0.05009063705801964,-0.04875651001930237,-0.0381782092154026,-0.0721588060259819,-0.11330658942461014,0.9909363985061646,1,0.04990542680025101,-0.013810358941555023,-0.03736327588558197,-0.07271421700716019,-0.1888190060853958,0.9793161153793335,1,0.05026918649673462,-0.08244495093822479,-0.03896382451057434,-0.07122457027435303,-0.03988581895828247,0.9966624975204468
P001,P001_S01,P001_S01_ST1TR_TR05_R01,TR05,R01,Gridworld_Anytime_Keyboard,Study 1,Gridworld,Anytime Feedback,Keyboard,1,1787856687.5937848,1787856691.0170572,2026-08-27T18:51:31.017057+00:00,3.4232723712921143,548417.781,300,839211291674,1,1,0.050112783908843994,-0.05325085669755936,-0.038301900029182434,-0.07901936769485474,-0.09562740474939346,0.9922759532928467,1,0.04990382492542267,-0.01381008792668581,-0.03733943775296211,-0.07959581911563873,-0.17758692800998688,0.980880856513977,1,0.050267722457647324,-0.08249374479055405,-0.0390155129134655,-0.07824268192052841,-0.0344369001686573,0.9963394403457642
P001,P001_S01,P001_S01_ST1TR_TR05_R01,TR05,R01,Gridworld_Anytime_Keyboard,Study 1,Gridworld,Anytime Feedback,Keyboard,1,1787856687.5937848,1787856691.018055,2026-08-27T18:51:31.018055+00:00,3.4242701530456543,548417.781,301,839211402787,1,1,0.05012643337249756,-0.05447670817375183,-0.0383296012878418,-0.07822327315807343,-0.09434506297111511,0.9924617409706116,1,0.049918338656425476,-0.013792157173156738,-0.0373346246778965,-0.07745128870010376,-0.17728808522224426,0.9811065793037415,1,0.05028187856078148,-0.08250246196985245,-0.03901127725839615,-0.07599394023418427,-0.03704388067126274,0.9964199662208557
P001,P001_S01,P001_S01_ST1TR_TR05_R01,TR05,R01,Gridworld_Anytime_Keyboard,Study 1,Gridworld,Anytime Feedback,Keyboard,1,1787856687.5937848,1787856691.0310016,2026-08-27T18:51:31.031002+00:00,3.4372167587280273,548417.796,302,839211513901,1,1,0.05012946203351021,-0.054485198110342026,-0.03832722082734108,-0.07790406793355942,-0.09525272995233536,0.9924001097679138,1,0.0499274916946888,-0.013805636204779148,-0.03730574622750282,-0.0779043510556221,-0.17978216707706451,0.9806167483329773,1,0.05027872696518898,-0.08251675963401794,-0.039022333920001984,-0.0767136737704277,-0.039717864245176315,0.9962617754936218
P001,P001_S01,P001_S01_ST1TR_TR05_R01,TR05,R01,Gridworld_Anytime_Keyboard,Study 1,Gridworld,Anytime Feedback,Keyboard,1,1787856687.5937848,1787856691.0502162,2026-08-27T18:51:31.050216+00:00,3.4564313888549805,548417.812,303,839211625013,1,1,0.05013301596045494,-0.05455022677779198,-0.038323961198329926,-0.07808855175971985,-0.09517131745815277,0.992393434047699,1,0.049930572509765625,-0.013801026158034801,-0.037294674664735794,-0.07898854464292526,-0.17891645431518555,0.9806883335113525,1,0.050288163125514984,-0.08250503242015839,-0.03900539502501488,-0.07790055871009827,-0.03780030831694603,0.9962443113327026
P001,P001_S01,P001_S01_ST1TR_TR05_R01,TR05,R01,Gridworld_Anytime_Keyboard,Study 1,Gridworld,Anytime Feedback,Keyboard,1,1787856687.5937848,1787856691.0542047,2026-08-27T18:51:31.054205+00:00,3.4604198932647705,548417.828,304,839211736128,1,1,0.05013547092676163,-0.054814085364341736,-0.03832728788256645,-0.07846855372190475,-0.0950397327542305,0.9923761487007141,1,0.04992840439081192,-0.013788267970085144,-0.03730057179927826,-0.07967859506607056,-0.1795365810394287,0.9805190563201904,1,0.05028261989355087,-0.08251313865184784,-0.038999076932668686,-0.07868218421936035,-0.04084029793739319,0.9960628747940063
P001,P001_S01,P001_S01_ST1TR_TR05_R01,TR05,R01,Gridworld_Anytime_Keyboard,Study 1,Gridworld,Anytime Feedback,Keyboard,1,1787856687.5937848,1787856691.0644765,2026-08-27T18:51:31.064476+00:00,3.470691680908203,548417.828,305,839211847240,1,1,0.05013731122016907,-0.055028434842824936,-0.03832493722438812,-0.07827651500701904,-0.09494517743587494,0.9924003481864929,1,0.04993030056357384,-0.013758718967437744,-0.037338607013225555,-0.07818765193223953,-0.18173104524612427,0.9802349805831909,1,0.05028112977743149,-0.08246447890996933,-0.038920000195503235,-0.07751242071390152,-0.04032718390226364,0.9961755275726318
P001,P001_S01,P001_S01_ST1TR_TR05_R01,TR05,R01,Gridworld_Anytime_Keyboard,Study 1,Gridworld,Anytime Feedback,Keyboard,1,1787856687.5937848,1787856691.0821962,2026-08-27T18:51:31.082196+00:00,3.4884114265441895,548417.859,306,839211958354,1,1,0.05013896897435188,-0.05533168837428093,-0.038326043635606766,-0.07833266258239746,-0.09387991577386856,0.9924972653388977,1,0.049918342381715775,-0.013737009838223457,-0.03735542297363281,-0.07903909683227539,-0.18047985434532166,0.9803977608680725,1,0.05028331279754639,-0.08245184272527695,-0.038902245461940765,-0.07788284868001938,-0.04002371057868004,0.9961588382720947
P001,P001_S01,P001_S01_ST1TR_TR05_R01,TR05,R01,Gridworld_Anytime_Keyboard,Study 1,Gridworld,Anytime Feedback,Keyboard,1,1787856687.5937848,1787856691.0861979,2026-08-27T18:51:31.086198+00:00,3.49241304397583,548417.859,307,839212069467,1,1,0.05013851448893547,-0.05543506145477295,-0.03832326829433441,-0.07846198976039886,-0.09376013278961182,0.9924983978271484,1,0.049910981208086014,-0.01372689288109541,-0.03736871853470802,-0.0792987123131752,-0.18068021535873413,0.9803398251533508,1,0.05027421563863754,-0.08243497461080551,-0.03888287395238876,-0.07810354977846146,-0.03945166617631912,0.9961643815040588
P001,P001_S01,P001_S01_ST1TR_TR05_R01,TR05,R01,Gridworld_Anytime_Keyboard,Study 1,Gridworld,Anytime Feedback,Keyboard,1,1787856687.5937848,1787856691.097123,2026-08-27T18:51:31.097123+00:00,3.503338098526001,548417.859,308,839212180578,1,1,0.050136614590883255,-0.05541180819272995,-0.038318898528814316,-0.07926687598228455,-0.09366517513990402,0.992443323135376,1,0.04990421235561371,-0.013730556704103947,-0.03735971450805664,-0.08119186013936996,-0.17890049517154694,0.9805113673210144,1,0.05026388540863991,-0.08243449777364731,-0.03888995572924614,-0.08020788431167603,-0.03735865652561188,0.9960778951644897
P001,P001_S01,P001_S01_ST1TR_TR05_R01,TR05,R01,Gridworld_Anytime_Keyboard,Study 1,Gridworld,Anytime Feedback,Keyboard,1,1787856687.5937848,1787856691.120801,2026-08-27T18:51:31.120801+00:00,3.5270161628723145,548417.89,309,839212291691,1,1,0.05013509467244148,-0.05544190853834152,-0.038317449390888214,-0.07965625822544098,-0.09345458447933197,0.9924319982528687,1,0.04990619793534279,-0.013723543845117092,-0.03735653683543205,-0.08056473731994629,-0.1776420921087265,0.9807918667793274,1,0.050258491188287735,-0.0824541226029396,-0.03890809789299965,-0.07988504320383072,-0.03909686207771301,0.9960371255874634
P001,P001_S01,P001_S01_ST1TR_TR05_R01,TR05,R01,Gridworld_Anytime_Keyboard,Study 1,Gridworld,Anytime Feedback,Keyboard,1,1787856687.5937848,1787856691.1228,2026-08-27T18:51:31.122800+00:00,3.529015302658081,548417.89,310,839212402805,1,1,0.050134047865867615,-0.055256716907024384,-0.03830684348940849,-0.07965324819087982,-0.09621481597423553,0.9921683669090271,1,0.04990348219871521,-0.013718380592763424,-0.03736273571848869,-0.0799594521522522,-0.17846348881721497,0.9806922078132629,1,0.050266046077013016,-0.08243045210838318,-0.03888198360800743,-0.07888422161340714,-0.03766442835330963,0.9961720705032349
P001,P001_S01,P001_S01_ST1TR_TR05_R01,TR05,R01,Gridworld_Anytime_Keyboard,Study 1,Gridworld,Anytime Feedback,Keyboard,1,1787856687.5937848,1787856691.1493444,2026-08-27T18:51:31.149344+00:00,3.5555596351623535,548417.921,311,839212513916,1,1,0.05012897402048111,-0.05468035116791725,-0.038287803530693054,-0.08007898181676865,-0.09890873730182648,0.9918691515922546,1,0.049898043274879456,-0.013715744949877262,-0.03736310452222824,-0.08114438503980637,-0.17741777002811432,0.9807845950126648,1,0.050260987132787704,-0.08243256062269211,-0.03888792544603348,-0.08010002970695496,-0.03729316592216492,0.9960889220237732
P001,P001_S01,P001_S01_ST1TR_TR05_R01,TR05,R01,Gridworld_Anytime_Keyboard,Study 1,Gridworld,Anytime Feedback,Keyboard,1,1787856687.5937848,1787856691.1503437,2026-08-27T18:51:31.150344+00:00,3.556558847427368,548417.921,312,839212625030,1,1,0.05012582987546921,-0.05457018315792084,-0.03827907517552376,-0.08044402301311493,-0.09768833965063095,0.9919606447219849,1,0.04989294335246086,-0.01371842436492443,-0.03735866770148277,-0.0814804807305336,-0.17706051468849182,0.980821430683136,1,0.05025849491357803,-0.08241485059261322,-0.03887607157230377,-0.08031800389289856,-0.034720636904239655,0.9961644411087036
P001,P001_S01,P001_S01_ST1TR_TR05_R01,TR05,R01,Gridworld_Anytime_Keyboard,Study 1,Gridworld,Anytime Feedback,Keyboard,1,1787856687.5937848,1787856691.1503437,2026-08-27T18:51:31.150344+00:00,3.556558847427368,548417.921,313,839212736143,1,1,0.050119850784540176,-0.054143209010362625,-0.03826524689793587,-0.08080525696277618,-0.09892727434635162,0.9918085336685181,1,0.04988938197493553,-0.013707318343222141,-0.037369489669799805,-0.08164244145154953,-0.17628006637096405,0.9809483885765076,1,0.05025283247232437,-0.08241471648216248,-0.038876358419656754,-0.08069173991680145,-0.035159021615982056,0.9961187839508057
P001,P001_S01,P001_S01_ST1TR_TR05_R01,TR05,R01,Gridworld_Anytime_Keyboard,Study 1,Gridworld,Anytime Feedback,Keyboard,1,1787856687.5937848,1787856691.1643336,2026-08-27T18:51:31.164334+00:00,3.5705487728118896,548417.937,314,839212847255,1,1,0.050112638622522354,-0.05352263152599335,-0.038247447460889816,-0.08118896186351776,-0.1006157398223877,0.9916071891784668,1,0.049882445484399796,-0.0137090515345335,-0.03737238049507141,-0.08198211342096329,-0.17679950594902039,0.9808266162872314,1,0.05024692416191101,-0.08242075890302658,-0.038882456719875336,-0.08112159371376038,-0.036095745861530304,0.9960503578186035
P001,P001_S01,P001_S01_ST1TR_TR05_R01,TR05,R01,Gridworld_Anytime_Keyboard,Study 1,Gridworld,Anytime Feedback,Keyboard,1,1787856687.5937848,1787856691.1823301,2026-08-27T18:51:31.182330+00:00,3.588545322418213,548417.953,315,839212958368,1,1,0.05010402202606201,-0.05277247726917267,-0.038229428231716156,-0.08159340173006058,-0.10186546295881271,0.9914463758468628,1,0.04987214878201485,-0.013701656833291054,-0.03738121688365936,-0.08235739916563034,-0.17584101855754852,0.9809674024581909,1,0.0502425953745842,-0.08239755779504776,-0.038861170411109924,-0.08153790980577469,-0.033357564359903336,0.9961118102073669
P001,P001_S01,P001_S01_ST1TR_TR05_R01,TR05,R01,Gridworld_Anytime_Keyboard,Study 1,Gridworld,Anytime Feedback,Keyboard,1,1787856687.5937848,1787856691.1823301,2026-08-27T18:51:31.182330+00:00,3.588545322418213,548417.953,316,839213069481,1,1,0.0500967912375927,-0.05233757197856903,-0.0382198691368103,-0.0816413015127182,-0.10044767707586288,0.9915871024131775,1,0.04986647516489029,-0.013703471049666405,-0.03738822415471077,-0.08178804069757462,-0.17645584046840668,0.9809046387672424,1,0.05023583397269249,-0.08242500573396683,-0.03888025879859924,-0.08095185458660126,-0.03684694692492485,0.9960367679595947
P001,P001_S01,P001_S01_ST1TR_TR05_R01,TR05,R01,Gridworld_Anytime_Keyboard,Study 1,Gridworld,Anytime Feedback,Keyboard,1,1787856687.5937848,1787856691.2018902,2026-08-27T18:51:31.201890+00:00,3.608105421066284,548417.968,317,839213180593,1,1,0.050090331584215164,-0.052030496299266815,-0.03821432217955589,-0.08197514712810516,-0.09884390980005264,0.9917207956314087,1,0.0498587004840374,-0.013700440526008606,-0.03738699480891228,-0.08268812298774719,-0.1750623881816864,0.9810788631439209,1,0.05022858455777168,-0.08242464065551758,-0.038889918476343155,-0.08180680125951767,-0.03579028695821762,0.9960054159164429
P001,P001_S01,P001_S01_ST1TR_TR05_R01,TR05,R01,Gridworld_Anytime_Keyboard,Study 1,Gridworld,Anytime Feedback,Keyboard,1,1787856687.5937848,1787856691.2168927,2026-08-27T18:51:31.216893+00:00,3.62310791015625,548417.984,318,839213291707,1,1,0.050084587186574936,-0.05165472254157066,-0.038207609206438065,-0.08179563283920288,-0.09868273138999939,0.9917516112327576,1,0.04985835403203964,-0.013688514940440655,-0.03739847615361214,-0.08158199489116669,-0.17410747706890106,0.9813413023948669,1,0.05023251846432686,-0.08241927623748779,-0.038887232542037964,-0.08058274537324905,-0.03550739213824272,0.9961153268814087
P001,P001_S01,P001_S01_ST1TR_TR05_R01,TR05,R01,Gridworld_Anytime_Keyboard,Study 1,Gridworld,Anytime Feedback,Keyboard,1,1787856687.5937848,1787856691.2168927,2026-08-27T18:51:31.216893+00:00,3.62310791015625,548417.984,319,839213402819,1,1,0.0500786155462265,-0.05129747465252876,-0.03820040449500084,-0.08205343782901764,-0.09810249507427216,0.9917880296707153,1,0.04985787719488144,-0.013691903091967106,-0.037396129220724106,-0.08242287486791611,-0.17410647869110107,0.9812713265419006,1,0.05022222176194191,-0.08242268860340118,-0.03889100253582001,-0.08189825713634491,-0.0355454720556736,0.9960066676139832
P001,P001_S01,P001_S01_ST1TR_TR05_R01,TR05,R01,Gridworld_Anytime_Keyboard,Study 1,Gridworld,Anytime Feedback,Keyboard,1,1787856687.5937848,1787856691.2300446,2026-08-27T18:51:31.230045+00:00,3.6362597942352295,548418.0,320,839213513932,1,1,0.050073109567165375,-0.05110258236527443,-0.03819788619875908,-0.08219444751739502,-0.0994299054145813,0.9916440844535828,1,0.04985402151942253,-0.013691199012100697,-0.03739510476589203,-0.08249328285455704,-0.17406584322452545,0.9812725782394409,1,0.0502253994345665,-0.08241394907236099,-0.03888567537069321,-0.08161203563213348,-0.03462544456124306,0.9960625171661377
P001,P001_S01,P001_S01_ST1TR_TR05_R01,TR05,R01,Gridworld_Anytime_Keyboard,Study 1,Gridworld,Anytime Feedback,Keyboard,1,1787856687.5937848,1787856691.2462215,2026-08-27T18:51:31.246222+00:00,3.6524367332458496,548418.015,321,839213625046,1,1,0.05007019266486168,-0.05127144232392311,-0.03820320591330528,-0.08209201693534851,-0.09863236546516418,0.9917321801185608,1,0.04985387995839119,-0.01368393748998642,-0.03739781305193901,-0.08196467161178589,-0.1732189655303955,0.9814667701721191,1,0.0502275712788105,-0.08241347223520279,-0.03888726234436035,-0.08109349012374878,-0.03455529734492302,0.9961073994636536
P001,P001_S01,P001_S01_ST1TR_TR05_R01,TR05,R01,Gridworld_Anytime_Keyboard,Study 1,Gridworld,Anytime Feedback,Keyboard,1,1787856687.5937848,1787856691.26159,2026-08-27T18:51:31.261590+00:00,3.6678051948547363,548418.031,322,839213736158,1,1,0.05006486549973488,-0.05092934891581535,-0.03819834813475609,-0.0820114016532898,-0.09929472953081131,0.991672694683075,1,0.04985487833619118,-0.013684000819921494,-0.037395063787698746,-0.08185109496116638,-0.1729654222726822,0.9815208911895752,1,0.05022596940398216,-0.08241991698741913,-0.03889406844973564,-0.08111956715583801,-0.03501099720597267,0.9960892200469971
P001,P001_S01,P001_S01_ST1TR_TR05_R01,TR05,R01,Gridworld_Anytime_Keyboard,Study 1,Gridworld,Anytime Feedback,Keyboard,1,1787856687.5937848,1787856691.26159,2026-08-27T18:51:31.261590+00:00,3.6678051948547363,548418.031,323,839213847271,1,1,0.05006280168890953,-0.05104876682162285,-0.03820284456014633,-0.08166873455047607,-0.09826409816741943,0.9918036460876465,1,0.049855656921863556,-0.013675390742719173,-0.03740624338388443,-0.08114363253116608,-0.17264804244041443,0.9816355109214783,1,0.05023116618394852,-0.08240409195423126,-0.038879815489053726,-0.0802576020359993,-0.03381761536002159,0.9962003231048584
P001,P001_S01,P001_S01_ST1TR_TR05_R01,TR05,R01,Gridworld_Anytime_Keyboard,Study 1,Gridworld,Anytime Feedback,Keyboard,1,1787856687.5937848,1787856691.2801244,2026-08-27T18:51:31.280124+00:00,3.6863396167755127,548418.046,324,839213958383,1,1,0.050060782581567764,-0.051259011030197144,-0.03820927441120148,-0.08218216896057129,-0.09717012196779251,0.9918690919876099,1,0.04984563589096069,-0.013672325760126114,-0.0374050997197628,-0.08328695595264435,-0.17149797081947327,0.9816576242446899,1,0.05021970719099045,-0.08240418881177902,-0.03888775035738945,-0.08239826560020447,-0.033112525939941406,0.9960492253303528
P001,P001_S01,P001_S01_ST1TR_TR05_R01,TR05,R01,Gridworld_Anytime_Keyboard,Study 1,Gridworld,Anytime Feedback,Keyboard,1,1787856687.5937848,1787856691.2811217,2026-08-27T18:51:31.281122+00:00,3.6873369216918945,548418.046,325,839214069497,1,1,0.05006008222699165,-0.051583170890808105,-0.03821878507733345,-0.08212685585021973,-0.09677476435899734,0.9919121861457825,1,0.04984201490879059,-0.013680056668817997,-0.03739728778600693,-0.08228874206542969,-0.17282867431640625,0.9815084338188171,1,0.05022265762090683,-0.08240961283445358,-0.0388936772942543,-0.08112836629152298,-0.034103721380233765,0.996120035648346
P001,P001_S01,P001_S01_ST1TR_TR05_R01,TR05,R01,Gridworld_Anytime_Keyboard,Study 1,Gridworld,Anytime Feedback,Keyboard,1,1787856687.5937848,1787856691.298723,2026-08-27T18:51:31.298723+00:00,3.7049381732940674,548418.062,326,839214180610,1,1,0.050055600702762604,-0.051195528358221054,-0.03821021318435669,-0.08249159157276154,-0.09784108400344849,0.9917773604393005,1,0.04983656480908394,-0.01368330791592598,-0.03739076107740402,-0.08334127813577652,-0.17248177528381348,0.9814806580543518,1,0.050217121839523315,-0.08238264173269272,-0.03887353092432022,-0.08226349204778671,-0.030409209430217743,0.9961466193199158
P001,P001_S01,P001_S01_ST1TR_TR05_R01,TR05,R01,Gridworld_Anytime_Keyboard,Study 1,Gridworld,Anytime Feedback,Keyboard,1,1787856687.5937848,1787856691.3188472,2026-08-27T18:51:31.318847+00:00,3.725062370300293,548418.093,327,839214291722,1,1,0.050053734332323074,-0.051216453313827515,-0.03821093216538429,-0.08282916247844696,-0.09512127190828323,0.9920137524604797,1,0.04983913525938988,-0.013667553663253784,-0.03740167245268822,-0.08355133980512619,-0.17041194438934326,0.9818242788314819,1,0.05020831525325775,-0.08238708972930908,-0.03888232633471489,-0.08269838243722916,-0.030598333105444908,0.9961047768592834
P001,P001_S01,P001_S01_ST1TR_TR05_R01,TR05,R01,Gridworld_Anytime_Keyboard,Study 1,Gridworld,Anytime Feedback,Keyboard,1,1787856687.5937848,1787856691.3188472,2026-08-27T18:51:31.318847+00:00,3.725062370300293,548418.093,328,839214402835,1,1,0.050051748752593994,-0.05117645487189293,-0.03821113705635071,-0.08240671455860138,-0.09530921280384064,0.992030918598175,1,0.04984221234917641,-0.013662056997418404,-0.037408795207738876,-0.0817459300160408,-0.17021644115447998,0.9820101857185364,1,0.05021335184574127,-0.08240648359060287,-0.03889748454093933,-0.08076921850442886,-0.03312451392412186,0.9961822628974915
P001,P001_S01,P001_S01_ST1TR_TR05_R01,TR05,R01,Gridworld_Anytime_Keyboard,Study 1,Gridworld,Anytime Feedback,Keyboard,1,1787856687.5937848,1787856691.3487594,2026-08-27T18:51:31.348759+00:00,3.754974603652954,548418.125,329,839214513948,1,1,0.05005088448524475,-0.0511893555521965,-0.03821100294589996,-0.0818459689617157,-0.09433218836784363,0.9921706914901733,1,0.0498417504131794,-0.013673796318471432,-0.03739497810602188,-0.08112699538469315,-0.171305313706398,0.9818721413612366,1,0.050217971205711365,-0.08238852769136429,-0.038883455097675323,-0.07990516722202301,-0.030915169045329094,0.9963229298591614
P001,P001_S01,P001_S01_ST1TR_TR05_R01,TR05,R01,Gridworld_Anytime_Keyboard,Study 1,Gridworld,Anytime Feedback,Keyboard,1,1787856687.5937848,1787856691.352753,2026-08-27T18:51:31.352753+00:00,3.7589681148529053,548418.125,330,839214625061,1,1,0.05005070939660072,-0.05139923468232155,-0.03821612522006035,-0.08153799176216125,-0.0939500704407692,0.9922324419021606,1,0.049837976694107056,-0.013658899813890457,-0.03740312531590462,-0.08129294216632843,-0.16976946592330933,0.9821251034736633,1,0.05021439120173454,-0.08238809555768967,-0.03888839855790138,-0.08015552163124084,-0.030985867604613304,0.9963006377220154
P001,P001_S01,P001_S01_ST1TR_TR05_R01,TR05,R01,Gridworld_Anytime_Keyboard,Study 1,Gridworld,Anytime Feedback,Keyboard,1,1787856687.5937848,1787856691.352753,2026-08-27T18:51:31.352753+00:00,3.7589681148529053,548418.125,331,839214736174,1,1,0.05005034804344177,-0.05150170251727104,-0.038218505680561066,-0.08085993677377701,-0.09264488518238068,0.9924106001853943,1,0.049843788146972656,-0.013656086288392544,-0.03740646317601204,-0.07994469255208969,-0.16966183483600616,0.9822543859481812,1,0.05021873861551285,-0.08237463235855103,-0.03888212889432907,-0.07887145131826401,-0.02975478023290634,0.9964407086372375
P001,P001_S01,P001_S01_ST1TR_TR05_R01,TR05,R01,Gridworld_Anytime_Keyboard,Study 1,Gridworld,Anytime Feedback,Keyboard,1,1787856687.5937848,1787856691.3658493,2026-08-27T18:51:31.365849+00:00,3.772064447402954,548418.14,332,839214847286,1,1,0.050050146877765656,-0.05157111585140228,-0.038220398128032684,-0.08052027225494385,-0.09296968579292297,0.9924077987670898,1,0.049847207963466644,-0.01363924890756607,-0.037415988743305206,-0.08023572713136673,-0.1679498553276062,0.9825248122215271,1,0.050221413373947144,-0.08237666636705399,-0.0388813279569149,-0.07923038303852081,-0.03018363006412983,0.9963993430137634
P001,P001_S01,P001_S01_ST1TR_TR05_R01,TR05,R01,Gridworld_Anytime_Keyboard,Study 1,Gridworld,Anytime Feedback,Keyboard,1,1787856687.5937848,1787856691.3825912,2026-08-27T18:51:31.382591+00:00,3.788806438446045,548418.156,333,839214958399,1,1,0.05004981905221939,-0.05156431719660759,-0.03822058439254761,-0.08013561367988586,-0.09259368479251862,0.9924741387367249,1,0.049854058772325516,-0.01364090759307146,-0.03741274029016495,-0.07984224706888199,-0.16845951974391937,0.9824696779251099,1,0.05022688955068588,-0.08237218856811523,-0.038879312574863434,-0.07878410816192627,-0.030024275183677673,0.9964394569396973
P001,P001_S01,P001_S01_ST1TR_TR05_R01,TR05,R01,Gridworld_Anytime_Keyboard,Study 1,Gridworld,Anytime Feedback,Keyboard,1,1787856687.5937848,1787856691.3825912,2026-08-27T18:51:31.382591+00:00,3.788806438446045,548418.156,334,839215069511,1,1,0.05005040392279625,-0.051438529044389725,-0.038218311965465546,-0.07978546619415283,-0.09334225952625275,0.9924321174621582,1,0.0498591773211956,-0.01364356093108654,-0.03740216791629791,-0.07962408661842346,-0.16834396123886108,0.9825071096420288,1,0.05023146793246269,-0.08238629251718521,-0.03889760002493858,-0.07847761362791061,-0.03130233287811279,0.9964243769645691
P001,P001_S01,P001_S01_ST1TR_TR05_R01,TR05,R01,Gridworld_Anytime_Keyboard,Study 1,Gridworld,Anytime Feedback,Keyboard,1,1787856687.5937848,1787856691.4006786,2026-08-27T18:51:31.400679+00:00,3.806893825531006,548418.171,335,839215180624,1,1,0.05005280300974846,-0.05163070932030678,-0.03822227194905281,-0.07968053221702576,-0.09112296998500824,0.9926467537879944,1,0.049867063760757446,-0.013639082200825214,-0.0373929925262928,-0.07990482449531555,-0.16731692850589752,0.9826598167419434,1,0.050227295607328415,-0.08237729966640472,-0.038891520351171494,-0.07902392745018005,-0.02981444075703621,0.9964268207550049
P001,P001_S01,P001_S01_ST1TR_TR05_R01,TR05,R01,Gridworld_Anytime_Keyboard,Study 1,Gridworld,Anytime Feedback,Keyboard,1,1787856687.5937848,1787856691.4152255,2026-08-27T18:51:31.415226+00:00,3.8214406967163086,548418.187,336,839215291737,1,1,0.050053682178258896,-0.05170567333698273,-0.03822346404194832,-0.08157067000865936,-0.0958697572350502,0.992046058177948,1,0.04984869435429573,-0.013784479349851608,-0.037343721836805344,-0.08567622303962708,-0.18083970248699188,0.9797737002372742,1,0.050215840339660645,-0.08245169371366501,-0.03891186788678169,-0.08427348732948303,-0.03545115143060684,0.9958118796348572
P001,P001_S01,P001_S01_ST1TR_TR05_R01,TR05,R01,Gridworld_Anytime_Keyboard,Study 1,Gridworld,Anytime Feedback,Keyboard,1,1787856687.5937848,1787856691.4152255,2026-08-27T18:51:31.415226+00:00,3.8214406967163086,548418.187,337,839215402850,1,1,0.050052210688591,-0.051580071449279785,-0.03822292014956474,-0.0840044841170311,-0.09950489550828934,0.9914847612380981,1,0.04983450844883919,-0.01380371954292059,-0.03737802430987358,-0.08877243846654892,-0.18333317339420319,0.9790344834327698,1,0.050199031829833984,-0.08253024518489838,-0.03894546627998352,-0.08778256922960281,-0.04430460184812546,0.9951539039611816
P001,P001_S01,P001_S01_ST1TR_TR05_R01,TR05,R01,Gridworld_Anytime_Keyboard,Study 1,Gridworld,Anytime Feedback,Keyboard,1,1787856687.5937848,1787856691.4302292,2026-08-27T18:51:31.430229+00:00,3.83644437789917,548418.203,338,839215513964,1,1,0.05005322024226189,-0.05164147913455963,-0.03822442889213562,-0.08407364785671234,-0.1013404130935669,0.9912930130958557,1,0.0498490110039711,-0.01378176175057888,-0.037390194833278656,-0.08432823419570923,-0.18113592267036438,0.9798359870910645,1,0.05022111162543297,-0.08250288665294647,-0.038920123130083084,-0.08317174017429352,-0.04153433069586754,0.9956693649291992
P001,P001_S01,P001_S01_ST1TR_TR05_R01,TR05,R01,Gridworld_Anytime_Keyboard,Study 1,Gridworld,Anytime Feedback,Keyboard,1,1787856687.5937848,1787856691.4482334,2026-08-27T18:51:31.448233+00:00,3.8544485569000244,548418.218,339,839215626004,1,1,0.050052326172590256,-0.051372263580560684,-0.03822014480829239,-0.08392766118049622,-0.10380396991968155,0.9910504221916199,1,0.0498514249920845,-0.013764984905719757,-0.03739222511649132,-0.08367487788200378,-0.17925401031970978,0.9802379608154297,1,0.050221312791109085,-0.08250501751899719,-0.038919948041439056,-0.08268462121486664,-0.04175133630633354,0.9957007765769958
P001,P001_S01,P001_S01_ST1TR_TR05_R01,TR05,R01,Gridworld_Anytime_Keyboard,Study 1,Gridworld,Anytime Feedback,Keyboard,1,1787856687.5937848,1787856691.4686677,2026-08-27T18:51:31.468668+00:00,3.874882936477661,548418.234,340,839215780164,1,1,0.05005328729748726,-0.05139321833848953,-0.03822065517306328,-0.08375059813261032,-0.10371246933937073,0.9910750389099121,1,0.049851126968860626,-0.013771118596196175,-0.03738357126712799,-0.08354741334915161,-0.1798465996980667,0.980140209197998,1,0.05022012069821358,-0.08249010145664215,-0.03890940174460411,-0.08246593922376633,-0.04008088633418083,0.9957875609397888
P001,P001_S01,P001_S01_ST1TR_TR05_R01,TR05,R01,Gridworld_Anytime_Keyboard,Study 1,Gridworld,Anytime Feedback,Keyboard,1,1787856687.5937848,1787856691.4686677,2026-08-27T18:51:31.468668+00:00,3.874882936477661,548418.234,341,839215887128,1,1,0.050052084028720856,-0.051229264587163925,-0.038217585533857346,-0.08401050418615341,-0.10385216027498245,0.9910383820533752,1,0.04984712228178978,-0.013750536367297173,-0.03739431872963905,-0.08456636965274811,-0.17808577418327332,0.9803744554519653,1,0.05021129921078682,-0.08248474448919296,-0.038904815912246704,-0.08361794799566269,-0.03995337709784508,0.9956966042518616
P001,P001_S01,P001_S01_ST1TR_TR05_R01,TR05,R01,Gridworld_Anytime_Keyboard,Study 1,Gridworld,Anytime Feedback,Keyboard,1,1787856687.5937848,1787856691.489126,2026-08-27T18:51:31.489126+00:00,3.895341157913208,548418.265,342,839215997734,1,1,0.05005238577723503,-0.05134495720267296,-0.03822024166584015,-0.08384659141302109,-0.10382381826639175,0.9910551905632019,1,0.04984911531209946,-0.013749302364885807,-0.037394389510154724,-0.08359166234731674,-0.17902769148349762,0.9802864789962769,1,0.050215013325214386,-0.08249004185199738,-0.03890649601817131,-0.08269361406564713,-0.041583433747291565,0.9957071542739868
P001,P001_S01,P001_S01_ST1TR_TR05_R01,TR05,R01,Gridworld_Anytime_Keyboard,Study 1,Gridworld,Anytime Feedback,Keyboard,1,1787856687.5937848,1787856691.489126,2026-08-27T18:51:31.489126+00:00,3.895341157913208,548418.265,343,839216108847,1,1,0.05005093291401863,-0.051200982183218,-0.03821731358766556,-0.08360922336578369,-0.1043206974864006,0.9910231828689575,1,0.04984942078590393,-0.013733291998505592,-0.03740150108933449,-0.08327829837799072,-0.1773044466972351,0.9806262254714966,1,0.05021931231021881,-0.08247289061546326,-0.03889588266611099,-0.08227571845054626,-0.03971128910779953,0.9958181381225586
P001,P001_S01,P001_S01_ST1TR_TR05_R01,TR05,R01,Gridworld_Anytime_Keyboard,Study 1,Gridworld,Anytime Feedback,Keyboard,1,1787856687.5937848,1787856691.508247,2026-08-27T18:51:31.508247+00:00,3.914462089538574,548418.281,344,839216219960,1,1,0.05005007982254028,-0.051209233701229095,-0.038217686116695404,-0.08329051733016968,-0.10427328944206238,0.9910549521446228,1,0.04985402897000313,-0.013728250749409199,-0.037400729954242706,-0.08278592675924301,-0.176373690366745,0.9808357357978821,1,0.05022010579705238,-0.08247958868741989,-0.0389060378074646,-0.08190885186195374,-0.04012380912899971,0.9958318471908569
P001,P001_S01,P001_S01_ST1TR_TR05_R01,TR05,R01,Gridworld_Anytime_Keyboard,Study 1,Gridworld,Anytime Feedback,Keyboard,1,1787856687.5937848,1787856691.508247,2026-08-27T18:51:31.508247+00:00,3.914462089538574,548418.281,345,839216331072,1,1,0.050047725439071655,-0.05093354359269142,-0.038212742656469345,-0.08312591910362244,-0.10395246744155884,0.9911025166511536,1,0.04985649511218071,-0.013725189492106438,-0.03740319237112999,-0.08292917162179947,-0.17617928981781006,0.9808586239814758,1,0.05022037774324417,-0.08248016983270645,-0.03890639543533325,-0.08209604024887085,-0.04035094380378723,0.9958072900772095
P001,P001_S01,P001_S01_ST1TR_TR05_R01,TR05,R01,Gridworld_Anytime_Keyboard,Study 1,Gridworld,Anytime Feedback,Keyboard,1,1787856687.5937848,1787856691.5304809,2026-08-27T18:51:31.530481+00:00,3.9366960525512695,548418.296,346,839216442185,1,1,0.050049904733896255,-0.05105945095419884,-0.03821798413991928,-0.08259587734937668,-0.1034165769815445,0.9912028312683105,1,0.049864761531353,-0.013715878129005432,-0.03740796446800232,-0.08176220953464508,-0.17543379962444305,0.9810900688171387,1,0.05022978037595749,-0.08246700465679169,-0.038900233805179596,-0.08089527487754822,-0.03914802148938179,0.9959535002708435
P001,P001_S01,P001_S01_ST1TR_TR05_R01,TR05,R01,Gridworld_Anytime_Keyboard,Study 1,Gridworld,Anytime Feedback,Keyboard,1,1787856687.5937848,1787856691.5324805,2026-08-27T18:51:31.532480+00:00,3.9386956691741943,548418.296,347,839216553298,1,1,0.050053369253873825,-0.05093254894018173,-0.038214270025491714,-0.08172909915447235,-0.10286036878824234,0.9913326501846313,1,0.04987424612045288,-0.013709538616240025,-0.037408966571092606,-0.0803646370768547,-0.17453505098819733,0.9813658595085144,1,0.050241004675626755,-0.08246196806430817,-0.03890039399266243,-0.07942827045917511,-0.03838241100311279,0.996101438999176
P001,P001_S01,P001_S01_ST1TR_TR05_R01,TR05,R01,Gridworld_Anytime_Keyboard,Study 1,Gridworld,Anytime Feedback,Keyboard,1,1787856687.5937848,1787856691.5526423,2026-08-27T18:51:31.552642+00:00,3.958857536315918,548418.328,348,839216664410,1,1,0.05005619674921036,-0.05093630030751228,-0.038213592022657394,-0.08134286850690842,-0.10176704823970795,0.9914771914482117,1,0.04988093301653862,-0.013715277425944805,-0.03739584609866142,-0.08102842420339584,-0.1748114824295044,0.9812620878219604,1,0.05024554207921028,-0.0824599638581276,-0.038899630308151245,-0.0799778550863266,-0.037905625998973846,0.9960756301879883
P001,P001_S01,P001_S01_ST1TR_TR05_R01,TR05,R01,Gridworld_Anytime_Keyboard,Study 1,Gridworld,Anytime Feedback,Keyboard,1,1787856687.5937848,1787856691.553642,2026-08-27T18:51:31.553642+00:00,3.959857225418091,548418.328,349,839216775524,1,1,0.050061680376529694,-0.05135554447770119,-0.0382223017513752,-0.08089879155158997,-0.09996644407510757,0.9916966557502747,1,0.049891043454408646,-0.013717488385736942,-0.03738917037844658,-0.08055923134088516,-0.17537033557891846,0.9812009930610657,1,0.050247982144355774,-0.08247071504592896,-0.03891020268201828,-0.07949217408895493,-0.039371997117996216,0.9960575699806213
P001,P001_S01,P001_S01_ST1TR_TR05_R01,TR05,R01,Gridworld_Anytime_Keyboard,Study 1,Gridworld,Anytime Feedback,Keyboard,1,1787856687.5937848,1787856691.5687084,2026-08-27T18:51:31.568708+00:00,3.974923610687256,548418.343,350,839216886636,1,1,0.05006717890501022,-0.051512401551008224,-0.038226962089538574,-0.08003173023462296,-0.09963283687829971,0.9918005466461182,1,0.0499107651412487,-0.013720824383199215,-0.0373806394636631,-0.07887338846921921,-0.17600864171981812,0.9812237024307251,1,0.050256889313459396,-0.08248963207006454,-0.03893112391233444,-0.07793344557285309,-0.041803088039159775,0.9960817694664001
P001,P001_S01,P001_S01_ST1TR_TR05_R01,TR05,R01,Gridworld_Anytime_Keyboard,Study 1,Gridworld,Anytime Feedback,Keyboard,1,1787856687.5937848,1787856691.5888395,2026-08-27T18:51:31.588840+00:00,3.9950547218322754,548418.359,351,839216997749,1,1,0.050077591091394424,-0.05212932825088501,-0.038240186870098114,-0.07875293493270874,-0.09669817239046097,0.9921932220458984,1,0.04992632567882538,-0.013728845864534378,-0.03736815229058266,-0.07716744393110275,-0.17799325287342072,0.9810012578964233,1,0.05027799680829048,-0.08246773481369019,-0.038914117962121964,-0.07590121030807495,-0.04037713259458542,0.9962975382804871
P001,P001_S01,P001_S01_ST1TR_TR05_R01,TR05,R01,Gridworld_Anytime_Keyboard,Study 1,Gridworld,Anytime Feedback,Keyboard,1,1787856687.5937848,1787856691.5888395,2026-08-27T18:51:31.588840+00:00,3.9950547218322754,548418.359,352,839217108863,1,1,0.05008690431714058,-0.05236209183931351,-0.038244057446718216,-0.07734095305204391,-0.09641854465007782,0.9923315048217773,1,0.04994110390543938,-0.013703432865440845,-0.03740193322300911,-0.07549066096544266,-0.17709289491176605,0.9812946915626526,1,0.05028746277093887,-0.0824410542845726,-0.03887823596596718,-0.07434429973363876,-0.039147842675447464,0.9964639544487
P001,P001_S01,P001_S01_ST1TR_TR05_R01,TR05,R01,Gridworld_Anytime_Keyboard,Study 1,Gridworld,Anytime Feedback,Keyboard,1,1787856687.5937848,1787856691.6091821,2026-08-27T18:51:31.609182+00:00,4.015397310256958,548418.375,353,839217219974,1,1,0.05008716136217117,-0.052854567766189575,-0.03825601935386658,-0.0783088356256485,-0.09665214270353317,0.9922329783439636,1,0.04985623061656952,-0.013708437792956829,-0.03748216852545738,-0.08112704753875732,-0.18017640709877014,0.9802830815315247,1,0.050174862146377563,-0.08244873583316803,-0.03886256739497185,-0.07976975291967392,-0.042176563292741776,0.9959206581115723
P001,P001_S01,P001_S01_ST1TR_TR05_R01,TR05,R01,Gridworld_Anytime_Keyboard,Study 1,Gridworld,Anytime Feedback,Keyboard,1,1787856687.5937848,1787856691.6121838,2026-08-27T18:51:31.612184+00:00,4.018399000167847,548418.375,354,839217331088,1,1,0.04944058880209923,-0.05114234238862991,-0.0385984443128109,-0.16085028648376465,-0.11933411657810211,0.9797380566596985,1,0.04927060008049011,-0.013835951685905457,-0.03764791041612625,-0.16064871847629547,-0.17920711636543274,0.9706063270568848,1,0.049584925174713135,-0.0828179195523262,-0.03940551355481148,-0.16055828332901,-0.06815445423126221,0.9846705198287964
P001,P001_S01,P001_S01_ST1TR_TR05_R01,TR05,R01,Gridworld_Anytime_Keyboard,Study 1,Gridworld,Anytime Feedback,Keyboard,1,1787856687.5937848,1787856691.6451817,2026-08-27T18:51:31.645182+00:00,4.05139684677124,548418.421,355,839217442201,1,1,0.04876689985394478,-0.04550505056977272,-0.038720037788152695,-0.23979096114635468,-0.13678929209709167,0.9611395001411438,1,0.04865768179297447,-0.01407892256975174,-0.03779282793402672,-0.23868057131767273,-0.190726637840271,0.9521843194961548,1,0.04889721795916557,-0.08299943804740906,-0.039826296269893646,-0.24017734825611115,-0.0719015821814537,0.9680624604225159
P001,P001_S01,P001_S01_ST1TR_TR05_R01,TR05,R01,Gridworld_Anytime_Keyboard,Study 1,Gridworld,Anytime Feedback,Keyboard,1,1787856687.5937848,1787856691.6756954,2026-08-27T18:51:31.675695+00:00,4.081910610198975,548418.453,356,839217553314,1,1,0.04839019477367401,-0.048215653747320175,-0.038890331983566284,-0.27524533867836,-0.11638148128986359,0.9543036222457886,1,0.04833119735121727,-0.014172123745083809,-0.037793517112731934,-0.27403655648231506,-0.1836571991443634,0.94402015209198,1,0.04845035821199417,-0.08293173462152481,-0.040008820593357086,-0.2751646339893341,-0.04722139611840248,0.9602367877960205
P001,P001_S01,P001_S01_ST1TR_TR05_R01,TR05,R01,Gridworld_Anytime_Keyboard,Study 1,Gridworld,Anytime Feedback,Keyboard,1,1787856687.5937848,1787856691.6766973,2026-08-27T18:51:31.676697+00:00,4.082912445068359,548418.453,357,839217664427,1,0,0.0,0.0,0.0,0.0,0.0,0.0,1,0.04831649363040924,-0.014222799800336361,-0.03774315118789673,-0.2641215920448303,-0.19655023515224457,0.9442499279975891,1,0.048414718359708786,-0.08293940871953964,-0.04003943130373955,-0.2655998468399048,-0.055848024785518646,0.9624645113945007
P001,P001_S01,P001_S01_ST1TR_TR05_R01,TR05,R01,Gridworld_Anytime_Keyboard,Study 1,Gridworld,Anytime Feedback,Keyboard,1,1787856687.5937848,1787856691.6766973,2026-08-27T18:51:31.676697+00:00,4.082912445068359,548418.453,358,839217775539,1,0,0.0,0.0,0.0,0.0,0.0,0.0,1,0.048482079058885574,-0.014139031060039997,-0.037747398018836975,-0.24122750759124756,-0.19585980474948883,0.9504989385604858,1,0.04864540696144104,-0.08292042464017868,-0.03986189514398575,-0.24228546023368835,-0.06151476874947548,0.968252956867218
P001,P001_S01,P001_S01_ST1TR_TR05_R01,TR05,R01,Gridworld_Anytime_Keyboard,Study 1,Gridworld,Anytime Feedback,Keyboard,1,1787856687.5937848,1787856691.6766973,2026-08-27T18:51:31.676697+00:00,4.082912445068359,548418.453,359,839217886652,1,0,0.0,0.0,0.0,0.0,0.0,0.0,1,0.04866704344749451,-0.014070584438741207,-0.03772083297371864,-0.23280687630176544,-0.19318459928035736,0.9531425833702087,1,0.048848070204257965,-0.08287759870290756,-0.03968773037195206,-0.23363713920116425,-0.061396319419145584,0.9703834652900696
P001,P001_S01,P001_S01_ST1TR_TR05_R01,TR05,R01,Gridworld_Anytime_Keyboard,Study 1,Gridworld,Anytime Feedback,Keyboard,1,1787856687.5937848,1787856691.7076962,2026-08-27T18:51:31.707696+00:00,4.113911390304565,548418.484,360,839217997765,1,1,0.04868996888399124,-0.05254240334033966,-0.038881562650203705,-0.2538635730743408,-0.11528649181127548,0.9603449702262878,1,0.04889841005206108,-0.014063337817788124,-0.03765418753027916,-0.21288348734378815,-0.19446752965450287,0.957529604434967,1,0.04904523864388466,-0.08287341892719269,-0.03961309418082237,-0.21368280053138733,-0.06329771131277084,0.9748504161834717
P001,P001_S01,P001_S01_ST1TR_TR05_R01,TR05,R01,Gridworld_Anytime_Keyboard,Study 1,Gridworld,Anytime Feedback,Keyboard,1,1787856687.5937848,1787856691.7076962,2026-08-27T18:51:31.707696+00:00,4.113911390304565,548418.484,361,839218108878,1,1,0.04914199560880661,-0.05025804042816162,-0.038613054901361465,-0.20706705749034882,-0.12720294296741486,0.9700220227241516,1,0.049034200608730316,-0.014048697426915169,-0.03760683909058571,-0.2064790427684784,-0.1968793421983719,0.9584388136863708,1,0.04923899844288826,-0.08284145593643188,-0.03951852023601532,-0.20671312510967255,-0.06396132707595825,0.9763086438179016
P001,P001_S01,P001_S01_ST1TR_TR05_R01,TR05,R01,Gridworld_Anytime_Keyboard,Study 1,Gridworld,Anytime Feedback,Keyboard,1,1787856687.5937848,1787856691.7076962,2026-08-27T18:51:31.707696+00:00,4.113911390304565,548418.484,362,839218219991,1,1,0.049224212765693665,-0.049754153937101364,-0.038539085537195206,-0.20207345485687256,-0.12738654017448425,0.9710505604743958,1,0.04921281337738037,-0.014091421850025654,-0.037464700639247894,-0.19223280251026154,-0.19894655048847198,0.9609716534614563,1,0.049395810812711716,-0.0828167200088501,-0.039420235902071,-0.19237525761127472,-0.059095147997140884,0.9795404076576233
P001,P001_S01,P001_S01_ST1TR_TR05_R01,TR05,R01,Gridworld_Anytime_Keyboard,Study 1,Gridworld,Anytime Feedback,Keyboard,1,1787856687.5937848,1787856691.7166965,2026-08-27T18:51:31.716697+00:00,4.122911691665649,548418.484,363,839218331105,1,1,0.04944020137190819,-0.047206100076436996,-0.03831833228468895,-0.18026918172836304,-0.1310427039861679,0.9748492240905762,1,0.04934847354888916,-0.014086209237575531,-0.037385500967502594,-0.17973998188972473,-0.19909705221652985,0.963355541229248,1,0.04953876510262489,-0.08279114216566086,-0.039320603013038635,-0.1798805445432663,-0.05722741410136223,0.9820224642753601
P001,P001_S01,P001_S01_ST1TR_TR05_R01,TR05,R01,Gridworld_Anytime_Keyboard,Study 1,Gridworld,Anytime Feedback,Keyboard,1,1787856687.5937848,1787856691.7323165,2026-08-27T18:51:31.732316+00:00,4.138531684875488,548418.5,364,839218442217,1,1,0.04949630796909332,-0.047915924340486526,-0.03832259029150009,-0.17672525346279144,-0.13094651699066162,0.9755107760429382,1,0.04946030676364899,-0.014054505154490471,-0.03740023076534271,-0.16952435672283173,-0.2019224315881729,0.964618444442749,1,0.049643367528915405,-0.08276001363992691,-0.03924174606800079,-0.16987328231334686,-0.05983537435531616,0.9836477041244507
P001,P001_S01,P001_S01_ST1TR_TR05_R01,TR05,R01,Gridworld_Anytime_Keyboard,Study 1,Gridworld,Anytime Feedback,Keyboard,1,1787856687.5937848,1787856691.7333155,2026-08-27T18:51:31.733315+00:00,4.139530658721924,548418.5,365,839218553329,1,1,0.049551982432603836,-0.048430077731609344,-0.038316693156957626,-0.1715393364429474,-0.1302815079689026,0.9765250086784363,1,0.04955826699733734,-0.014063265174627304,-0.037338558584451675,-0.16170789301395416,-0.20098954439163208,0.966154158115387,1,0.04976224899291992,-0.08278258144855499,-0.03921470791101456,-0.16192355751991272,-0.06068470701575279,0.9849355816841125
P001,P001_S01,P001_S01_ST1TR_TR05_R01,TR05,R01,Gridworld_Anytime_Keyboard,Study 1,Gridworld,Anytime Feedback,Keyboard,1,1787856687.5937848,1787856691.7457705,2026-08-27T18:51:31.745770+00:00,4.1519856452941895,548418.515,366,839218664442,1,1,0.04971654713153839,-0.04650373011827469,-0.03819537162780762,-0.1513499617576599,-0.1359095424413681,0.9790924191474915,1,0.04962380230426788,-0.014080513268709183,-0.03728701174259186,-0.15073321759700775,-0.20166827738285065,0.9677858352661133,1,0.04982037469744682,-0.08279930055141449,-0.039212219417095184,-0.15124072134494781,-0.06157928332686424,0.9865769743919373
P001,P001_S01,P001_S01_ST1TR_TR05_R01,TR05,R01,Gridworld_Anytime_Keyboard,Study 1,Gridworld,Anytime Feedback,Keyboard,1,1787856687.5937848,1787856691.7626336,2026-08-27T18:51:31.762634+00:00,4.168848752975464,548418.531,367,839218775555,1,1,0.04974787309765816,-0.04728614166378975,-0.038197532296180725,-0.14802080392837524,-0.13618114590644836,0.9795635938644409,1,0.049676306545734406,-0.014089411124587059,-0.03726871684193611,-0.14130257070064545,-0.20676253736019135,0.9681336283683777,1,0.04988433048129082,-0.08278720825910568,-0.039150919765233994,-0.14163441956043243,-0.06436041742563248,0.987824559211731
P001,P001_S01,P001_S01_ST1TR_TR05_R01,TR05,R01,Gridworld_Anytime_Keyboard,Study 1,Gridworld,Anytime Feedback,Keyboard,1,1787856687.5937848,1787856691.763641,2026-08-27T18:51:31.763641+00:00,4.169856309890747,548418.531,368,839218886668,1,1,0.04976954311132431,-0.047677136957645416,-0.03819715976715088,-0.14405563473701477,-0.1359708160161972,0.9801836609840393,1,0.04970734193921089,-0.014077342115342617,-0.037265535444021225,-0.13652878999710083,-0.20568737387657166,0.9690471887588501,1,0.049918267875909805,-0.08278899639844894,-0.03912590071558952,-0.13676854968070984,-0.0648324266076088,0.9884792566299438
P001,P001_S01,P001_S01_ST1TR_TR05_R01,TR05,R01,Gridworld_Anytime_Keyboard,Study 1,Gridworld,Anytime Feedback,Keyboard,1,1787856687.5937848,1787856691.7836382,2026-08-27T18:51:31.783638+00:00,4.1898534297943115,548418.546,369,839218997780,1,1,0.049788493663072586,-0.04812809079885483,-0.0381997711956501,-0.13966548442840576,-0.1347644180059433,0.9809852838516235,1,0.049730632454156876,-0.01407097838819027,-0.037263862788677216,-0.13181912899017334,-0.2050878405570984,0.9698261618614197,1,0.049953214824199677,-0.08277657628059387,-0.03909498080611229,-0.13184188306331635,-0.06361661851406097,0.9892273545265198
P001,P001_S01,P001_S01_ST1TR_TR05_R01,TR05,R01,Gridworld_Anytime_Keyboard,Study 1,Gridworld,Anytime Feedback,Keyboard,1,1787856687.5937848,1787856691.8111308,2026-08-27T18:51:31.811131+00:00,4.217345952987671,548418.578,370,839219108893,1,1,0.049803756177425385,-0.048011817038059235,-0.03818736597895622,-0.13526517152786255,-0.13541162014007568,0.9815126657485962,1,0.049751318991184235,-0.014083584770560265,-0.03724045306444168,-0.12787064909934998,-0.20567269623279572,0.9702308773994446,1,0.049984317272901535,-0.08278100192546844,-0.039082568138837814,-0.12771405279636383,-0.06338690966367722,0.9897834062576294
P001,P001_S01,P001_S01_ST1TR_TR05_R01,TR05,R01,Gridworld_Anytime_Keyboard,Study 1,Gridworld,Anytime Feedback,Keyboard,1,1787856687.5937848,1787856691.8141305,2026-08-27T18:51:31.814131+00:00,4.220345735549927,548418.578,371,839219220005,1,1,0.049815937876701355,-0.047806091606616974,-0.03817319869995117,-0.13133496046066284,-0.13638204336166382,0.9819120168685913,1,0.049761541187763214,-0.014090458862483501,-0.03722446784377098,-0.12515658140182495,-0.20574595034122467,0.9705691337585449,1,0.050003863871097565,-0.08278412371873856,-0.03906936198472977,-0.12504221498966217,-0.06309281289577484,0.9901432991027832
P001,P001_S01,P001_S01_ST1TR_TR05_R01,TR05,R01,Gridworld_Anytime_Keyboard,Study 1,Gridworld,Anytime Feedback,Keyboard,1,1787856687.5937848,1787856691.8141305,2026-08-27T18:51:31.814131+00:00,4.220345735549927,548418.578,372,839219331119,1,1,0.049826014786958694,-0.04752771183848381,-0.0381585955619812,-0.1272951066493988,-0.13800358772277832,0.98221755027771,1,0.04976837337017059,-0.014091860502958298,-0.03722371533513069,-0.12127364426851273,-0.20652683079242706,0.9708961248397827,1,0.05002375692129135,-0.0827864333987236,-0.039055969566106796,-0.12104051560163498,-0.06395609676837921,0.9905850887298584
P001,P001_S01,P001_S01_ST1TR_TR05_R01,TR05,R01,Gridworld_Anytime_Keyboard,Study 1,Gridworld,Anytime Feedback,Keyboard,1,1787856687.5937848,1787856691.8285954,2026-08-27T18:51:31.828595+00:00,4.2348105907440186,548418.593,373,839219442233,1,1,0.049834251403808594,-0.04762601852416992,-0.03815627098083496,-0.12416001409292221,-0.1374012678861618,0.9827030301094055,1,0.04976072162389755,-0.014084580354392529,-0.0372302383184433,-0.12016802281141281,-0.20581205189228058,0.9711853861808777,1,0.05002409592270851,-0.08279655128717422,-0.03905649110674858,-0.11986027657985687,-0.06515632569789886,0.9906504154205322
P001,P001_S01,P001_S01_ST1TR_TR05_R01,TR05,R01,Gridworld_Anytime_Keyboard,Study 1,Gridworld,Anytime Feedback,Keyboard,1,1787856687.5937848,1787856691.845154,2026-08-27T18:51:31.845154+00:00,4.25136923789978,548418.609,374,839219553346,1,1,0.04983898252248764,-0.04762871563434601,-0.038153138011693954,-0.12071731686592102,-0.13688404858112335,0.9832040667533875,1,0.04974495247006416,-0.014068430289626122,-0.03725149482488632,-0.11639878898859024,-0.20354123413562775,0.9721225500106812,1,0.05001484230160713,-0.08279318362474442,-0.03904544934630394,-0.11600985378026962,-0.06420885771512985,0.9911704659461975
P001,P001_S01,P001_S01_ST1TR_TR05_R01,TR05,R01,Gridworld_Anytime_Keyboard,Study 1,Gridworld,Anytime Feedback,Keyboard,1,1787856687.5937848,1787856691.845154,2026-08-27T18:51:31.845154+00:00,4.25136923789978,548418.609,375,839219664457,1,1,0.049840305000543594,-0.04739725962281227,-0.038146134465932846,-0.11759817600250244,-0.13851240277290344,0.9833540320396423,1,0.04972385987639427,-0.014056973159313202,-0.03728371486067772,-0.11413920670747757,-0.2036060094833374,0.9723768830299377,1,0.050006113946437836,-0.08280040323734283,-0.03904181718826294,-0.11365208774805069,-0.06619064509868622,0.9913132786750793
P001,P001_S01,P001_S01_ST1TR_TR05_R01,TR05,R01,Gridworld_Anytime_Keyboard,Study 1,Gridworld,Anytime Feedback,Keyboard,1,1787856687.5937848,1787856691.8610647,2026-08-27T18:51:31.861065+00:00,4.267279863357544,548418.625,376,839219775571,1,1,0.04985302686691284,-0.0476282462477684,-0.03814548999071121,-0.11590184271335602,-0.13755597174167633,0.9836896061897278,1,0.04970022290945053,-0.014059670269489288,-0.037300955504179,-0.11531395465135574,-0.20407254993915558,0.9721404314041138,1,0.04998425766825676,-0.0828150138258934,-0.03905767947435379,-0.1147647276520729,-0.06789711117744446,0.9910696744918823
P001,P001_S01,P001_S01_ST1TR_TR05_R01,TR05,R01,Gridworld_Anytime_Keyboard,Study 1,Gridworld,Anytime Feedback,Keyboard,1,1787856687.5937848,1787856691.882535,2026-08-27T18:51:31.882535+00:00,4.288750171661377,548418.656,377,839219886684,1,1,0.049854036420583725,-0.04775507003068924,-0.03814905509352684,-0.11844906210899353,-0.14133179187774658,0.9828506112098694,1,0.04964651167392731,-0.014246270060539246,-0.037244923412799835,-0.12544286251068115,-0.21893927454948425,0.967641294002533,1,0.04992608726024628,-0.08296912908554077,-0.0391845628619194,-0.12544944882392883,-0.07970798760652542,0.9888929128646851
P001,P001_S01,P001_S01_ST1TR_TR05_R01,TR05,R01,Gridworld_Anytime_Keyboard,Study 1,Gridworld,Anytime Feedback,Keyboard,1,1787856687.5937848,1787856691.882535,2026-08-27T18:51:31.882535+00:00,4.288750171661377,548418.656,378,839219997797,1,1,0.049850594252347946,-0.04801289737224579,-0.03816167637705803,-0.11989207565784454,-0.14558979868888855,0.9820537567138672,1,0.049632031470537186,-0.014294653199613094,-0.03729010000824928,-0.12430404871702194,-0.2255534678697586,0.9662681818008423,1,0.04990605637431145,-0.08304531127214432,-0.0392221100628376,-0.12465102970600128,-0.08916128426790237,0.9881864190101624
P001,P001_S01,P001_S01_ST1TR_TR05_R01,TR05,R01,Gridworld_Anytime_Keyboard,Study 1,Gridworld,Anytime Feedback,Keyboard,1,1787856687.5937848,1787856691.8988397,2026-08-27T18:51:31.898840+00:00,4.3050549030303955,548418.671,379,839220108910,1,1,0.04984531179070473,-0.04795049503445625,-0.03816657513380051,-0.11885908246040344,-0.14849615097045898,0.9817441701889038,1,0.04964219406247139,-0.01424502208828926,-0.037315621972084045,-0.11859563738107681,-0.22025248408317566,0.968206524848938,1,0.049940817058086395,-0.08301746845245361,-0.0391853041946888,-0.11868514120578766,-0.08603198081254959,0.989197850227356
P001,P001_S01,P001_S01_ST1TR_TR05_R01,TR05,R01,Gridworld_Anytime_Keyboard,Study 1,Gridworld,Anytime Feedback,Keyboard,1,1787856687.5937848,1787856691.8988397,2026-08-27T18:51:31.898840+00:00,4.3050549030303955,548418.671,380,839220220023,1,1,0.049836594611406326,-0.047778692096471786,-0.03816976398229599,-0.11863328516483307,-0.15273362398147583,0.9811211228370667,1,0.04964154586195946,-0.014249715022742748,-0.03729402646422386,-0.11991739273071289,-0.22023408114910126,0.9680479764938354,1,0.049938008189201355,-0.08303221315145493,-0.03920124098658562,-0.1199074238538742,-0.08723988384008408,0.9889446496963501
P001,P001_S01,P001_S01_ST1TR_TR05_R01,TR05,R01,Gridworld_Anytime_Keyboard,Study 1,Gridworld,Anytime Feedback,Keyboard,1,1787856687.5937848,1787856691.9368417,2026-08-27T18:51:31.936842+00:00,4.343056917190552,548418.703,381,839220331136,1,1,0.04982709512114525,-0.047812964767217636,-0.038179393857717514,-0.11865250766277313,-0.15471522510051727,0.9808082580566406,1,0.0496436282992363,-0.014256159774959087,-0.0372830294072628,-0.12023301422595978,-0.22064916789531708,0.9679142236709595,1,0.04993286728858948,-0.0830293521285057,-0.039199091494083405,-0.1203889548778534,-0.08668147772550583,0.9889352321624756
P001,P001_S01,P001_S01_ST1TR_TR05_R01,TR05,R01,Gridworld_Anytime_Keyboard,Study 1,Gridworld,Anytime Feedback,Keyboard,1,1787856687.5937848,1787856691.9368417,2026-08-27T18:51:31.936842+00:00,4.343056917190552,548418.703,382,839220442249,1,1,0.049815889447927475,-0.04786450043320656,-0.03818867728114128,-0.11947308480739594,-0.1558496356010437,0.9805290102958679,1,0.04964068904519081,-0.014256779104471207,-0.0372718907892704,-0.12235681712627411,-0.21968306601047516,0.9678678512573242,1,0.04992695152759552,-0.0830099806189537,-0.03918127715587616,-0.1226767748594284,-0.0834989994764328,0.9889279007911682
P001,P001_S01,P001_S01_ST1TR_TR05_R01,TR05,R01,Gridworld_Anytime_Keyboard,Study 1,Gridworld,Anytime Feedback,Keyboard,1,1787856687.5937848,1787856691.937843,2026-08-27T18:51:31.937843+00:00,4.344058275222778,548418.703,383,839220553361,1,1,0.04980261251330376,-0.0475471094250679,-0.03818974643945694,-0.12123693525791168,-0.15757830440998077,0.980036199092865,1,0.049624647945165634,-0.014224783517420292,-0.03730617091059685,-0.12558208405971527,-0.21850936114788055,0.9677204489707947,1,0.0499238520860672,-0.08300831913948059,-0.039185166358947754,-0.12620748579502106,-0.08585067093372345,0.9882819652557373
P001,P001_S01,P001_S01_ST1TR_TR05_R01,TR05,R01,Gridworld_Anytime_Keyboard,Study 1,Gridworld,Anytime Feedback,Keyboard,1,1787856687.5937848,1787856691.968356,2026-08-27T18:51:31.968356+00:00,4.374571084976196,548418.734,384,839220665410,1,1,0.04979012906551361,-0.047310762107372284,-0.03819018229842186,-0.12279056012630463,-0.15862153470516205,0.9796743392944336,1,0.04961622133851051,-0.014264566823840141,-0.03726346790790558,-0.1266796588897705,-0.21996943652629852,0.9672464728355408,1,0.04991719499230385,-0.08301889896392822,-0.039189454168081284,-0.12686772644519806,-0.08385607600212097,0.9883686900138855
P001,P001_S01,P001_S01_ST1TR_TR05_R01,TR05,R01,Gridworld_Anytime_Keyboard,Study 1,Gridworld,Anytime Feedback,Keyboard,1,1787856687.5937848,1787856691.999354,2026-08-27T18:51:31.999354+00:00,4.405569076538086,548418.765,385,839220819336,1,1,0.04978032782673836,-0.04771259427070618,-0.03820681571960449,-0.12472113966941833,-0.15594279766082764,0.9798604846000671,1,0.04960060492157936,-0.014252567663788795,-0.03727870061993599,-0.12902900576591492,-0.217778280377388,0.9674317240715027,1,0.04990167170763016,-0.0830189436674118,-0.039181649684906006,-0.12931327521800995,-0.082891546189785,0.9881331324577332
P001,P001_S01,P001_S01_ST1TR_TR05_R01,TR05,R01,Gridworld_Anytime_Keyboard,Study 1,Gridworld,Anytime Feedback,Keyboard,1,1787856687.5937848,1787856692.0053535,2026-08-27T18:51:32.005353+00:00,4.411568641662598,548418.781,386,839220926293,1,1,0.04976821690797806,-0.04735136032104492,-0.038201767951250076,-0.12645992636680603,-0.15635329484939575,0.9795722365379333,1,0.04958483576774597,-0.014231701381504536,-0.03729964792728424,-0.13016493618488312,-0.2156641185283661,0.9677531719207764,1,0.04989100992679596,-0.08300988376140594,-0.039162494242191315,-0.1305270493030548,-0.08192984014749527,0.9880536794662476
P001,P001_S01,P001_S01_ST1TR_TR05_R01,TR05,R01,Gridworld_Anytime_Keyboard,Study 1,Gridworld,Anytime Feedback,Keyboard,1,1787856687.5937848,1787856692.0053535,2026-08-27T18:51:32.005353+00:00,4.411568641662598,548418.781,387,839221036879,1,1,0.04976147785782814,-0.047158777713775635,-0.03819902613759041,-0.12773233652114868,-0.15528307855129242,0.9795773029327393,1,0.04957205057144165,-0.014224524609744549,-0.037321411073207855,-0.13036909699440002,-0.215481698513031,0.9677662253379822,1,0.04988255724310875,-0.08301644027233124,-0.03915891423821449,-0.13070058822631836,-0.0831991508603096,0.9879247546195984
P001,P001_S01,P001_S01_ST1TR_TR05_R01,TR05,R01,Gridworld_Anytime_Keyboard,Study 1,Gridworld,Anytime Feedback,Keyboard,1,1787856687.5937848,1787856692.0053535,2026-08-27T18:51:32.005353+00:00,4.411568641662598,548418.781,388,839221147992,1,1,0.049754392355680466,-0.04672473296523094,-0.038185667246580124,-0.12851311266422272,-0.1549231857061386,0.9795322418212891,1,0.049561794847249985,-0.014222418889403343,-0.03732916712760925,-0.12999431788921356,-0.21544195711612701,0.9678255915641785,1,0.04987074062228203,-0.0830109715461731,-0.03915071114897728,-0.13051994144916534,-0.08272291719913483,0.9879886507987976
P001,P001_S01,P001_S01_ST1TR_TR05_R01,TR05,R01,Gridworld_Anytime_Keyboard,Study 1,Gridworld,Anytime Feedback,Keyboard,1,1787856687.5937848,1787856692.009355,2026-08-27T18:51:32.009355+00:00,4.415570259094238,548418.781,389,839221259103,1,1,0.04974573850631714,-0.046613987535238266,-0.03818153217434883,-0.12915551662445068,-0.15383906662464142,0.9796185493469238,1,0.04955423250794411,-0.01422513835132122,-0.03732681646943092,-0.13024315237998962,-0.2152496725320816,0.9678348302841187,1,0.049865465611219406,-0.08301109820604324,-0.039149750024080276,-0.13081905245780945,-0.08229069411754608,0.9879850745201111
P001,P001_S01,P001_S01_ST1TR_TR05_R01,TR05,R01,Gridworld_Anytime_Keyboard,Study 1,Gridworld,Anytime Feedback,Keyboard,1,1787856687.5937848,1787856692.0241957,2026-08-27T18:51:32.024196+00:00,4.430410861968994,548418.796,390,839221370217,1,1,0.049737945199012756,-0.046786338090896606,-0.03818505257368088,-0.1302797496318817,-0.15342767536640167,0.9795342087745667,1,0.049545951187610626,-0.01423451118171215,-0.03732123598456383,-0.13222941756248474,-0.21639597415924072,0.9673097133636475,1,0.04986335337162018,-0.08301021158695221,-0.039145175367593765,-0.13268518447875977,-0.08229395747184753,0.9877359867095947
P001,P001_S01,P001_S01_ST1TR_TR05_R01,TR05,R01,Gridworld_Anytime_Keyboard,Study 1,Gridworld,Anytime Feedback,Keyboard,1,1787856687.5937848,1787856692.029195,2026-08-27T18:51:32.029195+00:00,4.435410261154175,548418.796,391,839221481330,1,0,0.0,0.0,0.0,0.0,0.0,0.0,1,0.049520280212163925,-0.014244823716580868,-0.03730417788028717,-0.13757653534412384,-0.21565544605255127,0.9667292833328247,1,0.04983091726899147,-0.08304721117019653,-0.039230357855558395,-0.1382637470960617,-0.08463935554027557,0.9867721796035767
P001,P001_S01,P001_S01_ST1TR_TR05_R01,TR05,R01,Gridworld_Anytime_Keyboard,Study 1,Gridworld,Anytime Feedback,Keyboard,1,1787856687.5937848,1787856692.0401952,2026-08-27T18:51:32.040195+00:00,4.446410417556763,548418.812,392,839221592443,1,1,0.04972293972969055,-0.04658497869968414,-0.03818454220890999,-0.13465477526187897,-0.15439178049564362,0.9787907004356384,1,0.04948971047997475,-0.014223429374396801,-0.03734097257256508,-0.1425391137599945,-0.21338294446468353,0.966514527797699,1,0.04980634152889252,-0.08303583413362503,-0.03924064710736275,-0.14296694099903107,-0.08338962495326996,0.9862083196640015
P001,P001_S01,P001_S01_ST1TR_TR05_R01,TR05,R01,Gridworld_Anytime_Keyboard,Study 1,Gridworld,Anytime Feedback,Keyboard,1,1787856687.5937848,1787856692.0579703,2026-08-27T18:51:32.057970+00:00,4.464185476303101,548418.828,393,839221703556,1,1,0.049710437655448914,-0.04659847170114517,-0.03819022327661514,-0.13708928227424622,-0.15462470054626465,0.9784160852432251,1,0.04950176924467087,-0.01422170177102089,-0.03733900934457779,-0.14082355797290802,-0.21430858969688416,0.9665611982345581,1,0.049816422164440155,-0.0830455794930458,-0.03921834006905556,-0.14152929186820984,-0.08549202233552933,0.986235499382019
P001,P001_S01,P001_S01_ST1TR_TR05_R01,TR05,R01,Gridworld_Anytime_Keyboard,Study 1,Gridworld,Anytime Feedback,Keyboard,1,1787856687.5937848,1787856692.0589707,2026-08-27T18:51:32.058971+00:00,4.465185880661011,548418.828,394,839221814668,1,1,0.04970015212893486,-0.04664819315075874,-0.03819316253066063,-0.13809557259082794,-0.155095174908638,0.9782000184059143,1,0.04951043054461479,-0.014217088930308819,-0.037333037704229355,-0.13893821835517883,-0.21377816796302795,0.9669514298439026,1,0.0498298816382885,-0.08303819596767426,-0.039188362658023834,-0.13972130417823792,-0.08462181687355042,0.9865683317184448
P001,P001_S01,P001_S01_ST1TR_TR05_R01,TR05,R01,Gridworld_Anytime_Keyboard,Study 1,Gridworld,Anytime Feedback,Keyboard,1,1787856687.5937848,1787856692.0790503,2026-08-27T18:51:32.079050+00:00,4.485265493392944,548418.843,395,839221925781,1,1,0.04969029128551483,-0.04658812656998634,-0.03819476440548897,-0.13842569291591644,-0.15607048571109772,0.9779981374740601,1,0.04950932413339615,-0.014214853756129742,-0.037334393709897995,-0.1380210667848587,-0.21395494043827057,0.9670436382293701,1,0.0498347282409668,-0.08303486555814743,-0.03917299956083298,-0.13864834606647491,-0.08468866348266602,0.9867139458656311
P001,P001_S01,P001_S01_ST1TR_TR05_R01,TR05,R01,Gridworld_Anytime_Keyboard,Study 1,Gridworld,Anytime Feedback,Keyboard,1,1787856687.5937848,1787856692.0803518,2026-08-27T18:51:32.080352+00:00,4.48656702041626,548418.843,396,839222036895,1,1,0.049679677933454514,-0.045933499932289124,-0.038178231567144394,-0.13840827345848083,-0.15801356732845306,0.9776886105537415,1,0.04950935021042824,-0.014226044528186321,-0.03732523322105408,-0.1374572515487671,-0.21498270332813263,0.9668960571289062,1,0.049843449145555496,-0.08302601426839828,-0.03915338218212128,-0.13785676658153534,-0.08348806202411652,0.9869272708892822
P001,P001_S01,P001_S01_ST1TR_TR05_R01,TR05,R01,Gridworld_Anytime_Keyboard,Study 1,Gridworld,Anytime Feedback,Keyboard,1,1787856687.5937848,1787856692.1013637,2026-08-27T18:51:32.101364+00:00,4.5075788497924805,548418.875,397,839222148007,1,1,0.049674972891807556,-0.046280477195978165,-0.038188908249139786,-0.13903535902500153,-0.15572209656238556,0.9779672622680664,1,0.04950621351599693,-0.014227751642465591,-0.03731832280755043,-0.13906414806842804,-0.21516841650009155,0.9666249752044678,1,0.04984476417303085,-0.08304090052843094,-0.039170168340206146,-0.13986271619796753,-0.08521504700183868,0.986497163772583
P001,P001_S01,P001_S01_ST1TR_TR05_R01,TR05,R01,Gridworld_Anytime_Keyboard,Study 1,Gridworld,Anytime Feedback,Keyboard,1,1787856687.5937848,1787856692.1143546,2026-08-27T18:51:32.114355+00:00,4.520569801330566,548418.89,398,839222259121,1,1,0.049670200794935226,-0.046372462064027786,-0.038191959261894226,-0.13953334093093872,-0.1545766443014145,0.9780780673027039,1,0.04950627684593201,-0.01422868948429823,-0.03731689974665642,-0.13923214375972748,-0.21550627052783966,0.9665254354476929,1,0.04984501749277115,-0.08304651081562042,-0.039176423102617264,-0.14015454053878784,-0.08608146756887436,0.9863806366920471
P001,P001_S01,P001_S01_ST1TR_TR05_R01,TR05,R01,Gridworld_Anytime_Keyboard,Study 1,Gridworld,Anytime Feedback,Keyboard,1,1787856687.5937848,1787856692.116769,2026-08-27T18:51:32.116769+00:00,4.522984266281128,548418.89,399,839222370234,1,1,0.0496649444103241,-0.04613666236400604,-0.038185179233551025,-0.13970236480236053,-0.1562982201576233,0.977780282497406,1,0.049506887793540955,-0.01422495674341917,-0.037318047136068344,-0.13892905414104462,-0.21553181111812592,0.9665634036064148,1,0.049845460802316666,-0.08303650468587875,-0.0391535647213459,-0.1396089792251587,-0.08531928062438965,0.9865241646766663
P001,P001_S01,P001_S01_ST1TR_TR05_R01,TR05,R01,Gridworld_Anytime_Keyboard,Study 1,Gridworld,Anytime Feedback,Keyboard,1,1787856687.5937848,1787856692.1311314,2026-08-27T18:51:32.131131+00:00,4.537346601486206,548418.906,400,839222481345,1,1,0.04966152459383011,-0.04606864973902702,-0.038183193653821945,-0.1394352912902832,-0.15566231310367584,0.9779198169708252,1,0.04950953274965286,-0.014219241216778755,-0.03731739521026611,-0.1378718912601471,-0.21491973102092743,0.966850996017456,1,0.049849364906549454,-0.08304273337125778,-0.039156876504421234,-0.13848251104354858,-0.08606719970703125,0.9866180419921875
P001,P001_S01,P001_S01_ST1TR_TR05_R01,TR05,R01,Gridworld_Anytime_Keyboard,Study 1,Gridworld,Anytime Feedback,Keyboard,1,1787856687.5937848,1787856692.1501317,2026-08-27T18:51:32.150132+00:00,4.556346893310547,548418.921,401,839222592459,1,1,0.049660004675388336,-0.04619833081960678,-0.03818769007921219,-0.13941308856010437,-0.15443021059036255,0.9781183004379272,1,0.04951100051403046,-0.014217465184628963,-0.037316933274269104,-0.138315811753273,-0.21534745395183563,0.9666923880577087,1,0.04985583946108818,-0.08305259793996811,-0.03917112201452255,-0.13897721469402313,-0.08781245350837708,0.9863946437835693
P001,P001_S01,P001_S01_ST1TR_TR05_R01,TR05,R01,Gridworld_Anytime_Keyboard,Study 1,Gridworld,Anytime Feedback,Keyboard,1,1787856687.5937848,1787856692.152132,2026-08-27T18:51:32.152132+00:00,4.558347225189209,548418.921,402,839222703572,1,1,0.04966429993510246,-0.046417124569416046,-0.0381883941590786,-0.13952621817588806,-0.15430845320224762,0.9781213402748108,1,0.04951087012887001,-0.014212929643690586,-0.03731260076165199,-0.13871550559997559,-0.21463511884212494,0.9667935371398926,1,0.04985193908214569,-0.08304702490568161,-0.039160266518592834,-0.13938336074352264,-0.08694420754909515,0.9864142537117004
P001,P001_S01,P001_S01_ST1TR_TR05_R01,TR05,R01,Gridworld_Anytime_Keyboard,Study 1,Gridworld,Anytime Feedback,Keyboard,1,1787856687.5937848,1787856692.1694708,2026-08-27T18:51:32.169471+00:00,4.575685977935791,548418.937,403,839222814683,1,1,0.04966913163661957,-0.04684415087103844,-0.038196124136447906,-0.13929830491542816,-0.15212759375572205,0.9784955382347107,1,0.049513060599565506,-0.014212614856660366,-0.03730807080864906,-0.1378278285264969,-0.21484927833080292,0.9668728709220886,1,0.04986061528325081,-0.08305097371339798,-0.03917158767580986,-0.13850536942481995,-0.08770117163658142,0.9864708185195923
P001,P001_S01,P001_S01_ST1TR_TR05_R01,TR05,R01,Gridworld_Anytime_Keyboard,Study 1,Gridworld,Anytime Feedback,Keyboard,1,1787856687.5937848,1787856692.1714706,2026-08-27T18:51:32.171471+00:00,4.577685832977295,548418.937,404,839222925796,1,1,0.04967165365815163,-0.047078654170036316,-0.0382004976272583,-0.139278382062912,-0.15229055285453796,0.9784729480743408,1,0.04951262101531029,-0.014203236438333988,-0.03731229528784752,-0.13825416564941406,-0.213969424366951,0.9670071601867676,1,0.04985690489411354,-0.08305077999830246,-0.03917013108730316,-0.13895881175994873,-0.0877644270658493,0.9864014387130737
P001,P001_S01,P001_S01_ST1TR_TR05_R01,TR05,R01,Gridworld_Anytime_Keyboard,Study 1,Gridworld,Anytime Feedback,Keyboard,1,1787856687.5937848,1787856692.1891835,2026-08-27T18:51:32.189183+00:00,4.595398664474487,548418.953,405,839223036909,1,1,0.049674879759550095,-0.04765218123793602,-0.03821474313735962,-0.13982036709785461,-0.1507781445980072,0.9786298274993896,1,0.04950648173689842,-0.0142058739438653,-0.03730699047446251,-0.13974492251873016,-0.21392028033733368,0.9668036699295044,1,0.04984704777598381,-0.08305110782384872,-0.03917752951383591,-0.14061129093170166,-0.08752255886793137,0.9861888289451599
P001,P001_S01,P001_S01_ST1TR_TR05_R01,TR05,R01,Gridworld_Anytime_Keyboard,Study 1,Gridworld,Anytime Feedback,Keyboard,1,1787856687.5937848,1787856692.1906893,2026-08-27T18:51:32.190689+00:00,4.596904516220093,548418.953,406,839223148022,1,1,0.04967726394534111,-0.04814659059047699,-0.03822727128863335,-0.14032723009586334,-0.15119881927967072,0.9784923791885376,1,0.04950089752674103,-0.014208747074007988,-0.03730073198676109,-0.14027449488639832,-0.21377941966056824,0.966758131980896,1,0.04985201358795166,-0.08304198831319809,-0.03916654363274574,-0.1409478634595871,-0.08605505526065826,0.9862699508666992
P001,P001_S01,P001_S01_ST1TR_TR05_R01,TR05,R01,Gridworld_Anytime_Keyboard,Study 1,Gridworld,Anytime Feedback,Keyboard,1,1787856687.5937848,1787856692.208746,2026-08-27T18:51:32.208746+00:00,4.61496114730835,548418.984,407,839223259135,1,1,0.04967525601387024,-0.04790467396378517,-0.0382186621427536,-0.14092138409614563,-0.15196186304092407,0.9782887697219849,1,0.049493979662656784,-0.014206013642251492,-0.03729880228638649,-0.1410527378320694,-0.21296116709709167,0.9668256044387817,1,0.04984103888273239,-0.08302857726812363,-0.03914649412035942,-0.14163607358932495,-0.0840461477637291,0.9863445162773132
P001,P001_S01,P001_S01_ST1TR_TR05_R01,TR05,R01,Gridworld_Anytime_Keyboard,Study 1,Gridworld,Anytime Feedback,Keyboard,1,1787856687.5937848,1787856692.228745,2026-08-27T18:51:32.228745+00:00,4.634960174560547,548419.0,408,839223370249,1,1,0.04967359080910683,-0.04778295010328293,-0.03821343183517456,-0.14151377975940704,-0.1519799530506134,0.9782004356384277,1,0.04948803037405014,-0.014211542904376984,-0.03729116916656494,-0.14159156382083893,-0.21291106939315796,0.9667578339576721,1,0.04984256625175476,-0.08303853124380112,-0.03916323930025101,-0.14219245314598083,-0.08446528017520905,0.9862286448478699
P001,P001_S01,P001_S01_ST1TR_TR05_R01,TR05,R01,Gridworld_Anytime_Keyboard,Study 1,Gridworld,Anytime Feedback,Keyboard,1,1787856687.5937848,1787856692.228745,2026-08-27T18:51:32.228745+00:00,4.634960174560547,548419.0,409,839223481361,1,1,0.04967443645000458,-0.04836469143629074,-0.03822854161262512,-0.1424262523651123,-0.1498403698205948,0.9783981442451477,1,0.049481578171253204,-0.014207184314727783,-0.03729125112295151,-0.14289341866970062,-0.21216315031051636,0.9667306542396545,1,0.049829915165901184,-0.0830395370721817,-0.039169907569885254,-0.14376802742481232,-0.08429897576570511,0.9860144853591919
P001,P001_S01,P001_S01_ST1TR_TR05_R01,TR05,R01,Gridworld_Anytime_Keyboard,Study 1,Gridworld,Anytime Feedback,Keyboard,1,1787856687.5937848,1787856692.2597468,2026-08-27T18:51:32.259747+00:00,4.665961980819702,548419.031,410,839223592474,1,1,0.04967429116368294,-0.04892426356673241,-0.038243845105171204,-0.14344370365142822,-0.14735454320907593,0.9786269664764404,1,0.049477118998765945,-0.014224747195839882,-0.03727566450834274,-0.14401428401470184,-0.21390914916992188,0.9661794304847717,1,0.049822986125946045,-0.08305574953556061,-0.039196550846099854,-0.14488691091537476,-0.08599232137203217,0.9857044219970703
P001,P001_S01,P001_S01_ST1TR_TR05_R01,TR05,R01,Gridworld_Anytime_Keyboard,Study 1,Gridworld,Anytime Feedback,Keyboard,1,1787856687.5937848,1787856692.2597468,2026-08-27T18:51:32.259747+00:00,4.665961980819702,548419.031,411,839223703587,1,1,0.04966888576745987,-0.04872329533100128,-0.038237012922763824,-0.1443827599287033,-0.1490936130285263,0.9782253503799438,1,0.0494670495390892,-0.014215792529284954,-0.03728117793798447,-0.14494681358337402,-0.21327176690101624,0.9661808609962463,1,0.049811676144599915,-0.0830397680401802,-0.03918046876788139,-0.14552225172519684,-0.08455631881952286,0.9857350587844849
P001,P001_S01,P001_S01_ST1TR_TR05_R01,TR05,R01,Gridworld_Anytime_Keyboard,Study 1,Gridworld,Anytime Feedback,Keyboard,1,1787856687.5937848,1787856692.2902536,2026-08-27T18:51:32.290254+00:00,4.696468830108643,548419.062,412,839223814700,1,0,0.0,0.0,0.0,0.0,0.0,0.0,1,0.049454811960458755,-0.01421960536390543,-0.03727113828063011,-0.1474488228559494,-0.21268247067928314,0.9659321904182434,1,0.049801427870988846,-0.08308238536119461,-0.03922787681221962,-0.14829008281230927,-0.08829113095998764,0.9849948287010193
P001,P001_S01,P001_S01_ST1TR_TR05_R01,TR05,R01,Gridworld_Anytime_Keyboard,Study 1,Gridworld,Anytime Feedback,Keyboard,1,1787856687.5937848,1787856692.2902536,2026-08-27T18:51:32.290254+00:00,4.696468830108643,548419.062,413,839223925812,1,1,0.04966505244374275,-0.049119602888822556,-0.03824867680668831,-0.1460845023393631,-0.1482122540473938,0.978106677532196,1,0.04944959655404091,-0.014226912520825863,-0.0372663214802742,-0.14785832166671753,-0.2138601392507553,0.9656095504760742,1,0.049797046929597855,-0.08308016508817673,-0.039220355451107025,-0.14866265654563904,-0.08836439251899719,0.9849321246147156
